Temperature,Humidity,Wind Speed,Zone 1 Power Consumption,Zone 2  Power Consumption,Zone 3  Power Consumption
22.76,29.73,0.085,32985.1,19396.7,17623.3
15.92,54.44,0.085,34737.6,29803,14417.3
15.08,57.23,0.076,27894.7,20808.5,16458.8
12.42,72.3,0.081,42476.9,23634.1,25089.7
14.58,80.6,0.08,21341.1,12006.1,11531.6
14.99,69.14,0.074,22043.5,13200,14810.6
11.16,70.8,0.08,32509.8,18302.7,15844.3
19.21,89.4,4.923,21390.7,13222.3,10593
14.66,65.92,0.075,37286.7,30716.2,15834.8
14.2,81.6,0.079,24966.3,15169,14913
23.9,64.15,0.264,35012.4,24290.6,12067.2
13.68,82.4,0.074,22031.4,13367.8,14359.5
21.03,86.5,0.068,40993.9,25383.4,24960
16.38,69.26,0.074,31081.4,25539.1,10130.1
27.06,47.58,4.905,37475.2,24276.2,25140.6
11.86,60.8,0.088,34004.7,18893.6,16938.5
11.83,80.6,0.08,31434.9,18815.9,19358.7
9.38,84.9,0.082,20806.1,16193.9,8608.88
9.39,67.74,4.92,25724.7,16599.4,12434.7
19.2,65.81,4.924,40676,24754.7,25095.9
19.74,47.91,0.078,29593.8,24605,10039.5
27.11,43.35,4.906,40256.1,27416.3,25453.5
16.66,67.21,4.919,43334.8,25452.4,25368.4
12.11,76.6,4.916,22710.5,13437.1,14090.3
23.96,63.4,4.922,28532.1,19507.6,17442.7
26.92,70.2,4.909,36511.9,25906.3,25654.9
16.98,56.04,0.086,23753.8,18628.5,10704.6
25.37,77.8,4.918,29393.2,24421.5,20226.3
16.32,53.54,4.921,40137.7,23463.8,24659.3
24.6,91.3,4.918,27061.1,16540.2,12669.6
15.9,62.58,0.084,36605.3,29736.7,16595.4
27.12,32.78,4.905,28723.3,20269.5,20752.9
21.33,75.2,4.911,32156.3,21945.9,22540.4
17.22,62.59,4.921,26361.1,15427,12214.5
20.53,47.5,0.079,29421.5,23920.7,9351.33
10.95,47.63,0.078,21937.6,18815.6,7398.8
12.73,74.1,0.081,32795.2,17517.1,16751.6
11.88,85.7,0.072,39572.4,22972,23945.8
18.43,71,0.081,33359,17989,22000.6
18.94,81.5,0.071,29146.2,21287.9,14936.4
26.64,53.55,4.907,37782,24569,22877.5
8.7,87.2,0.089,23321.9,13591.5,15044.5
28.72,26.19,0.075,31248.8,22662.5,17431.6
13.87,86.5,4.915,22989.6,17626.6,10282.8
9.89,73.2,0.077,38666.4,23409.1,23317.9
5.593,73.4,0.087,23550.4,14341.6,15452.5
14.1,63.55,0.083,41058.3,24583.6,25390.3
18.47,91.1,0.079,44655.8,28508.7,19392.6
13.66,65.01,0.087,34256.2,22030.4,16736.4
15.81,83.7,0.083,22097.6,12926.3,11112.7
19.6,67.65,0.073,38153.8,31805,20483.9
12.4,67.54,0.087,30387.8,21728.1,9334.93
22.79,62.78,0.07,48349.5,32449.4,35757.7
28.01,31.89,4.915,33903,23962,23901.6
26.6,73.1,4.91,36369.2,25496.5,22721
8.34,77.9,4.916,23827.7,19156.6,10502.2
14.41,85.7,0.072,25978.9,16097.4,12904.7
27.98,35.7,4.918,35151.7,23238.4,18002.9
13.84,71.4,0.083,22905.8,11799.4,13679.3
20.32,64.15,0.081,42875.8,25286.1,27323.1
22.17,89.6,0.329,27729.6,16694,14032.3
10.4,90.6,0.071,23467.1,13203.6,14455
22.27,51,0.077,32486.2,23950.4,17459.3
16.71,56.34,0.084,35402,18700.3,14848.6
21.28,84.5,0.283,27697.7,16881.1,12208.4
7.29,61.94,0.088,21648.8,12813.4,14373.9
14.32,85.7,0.069,21024.9,12167.4,11287.3
20.75,70.9,0.082,37893.7,30902.5,18704
12.96,85.8,0.07,33498.3,18725.8,18345.2
28.8,75.8,4.907,38971.1,29822.6,29413.9
13.98,69.28,0.072,36103.7,22570.2,16811.1
26.18,84.5,4.914,38670.6,27484.7,31189.5
26.1,31.29,0.079,31538.4,21302.8,16481.3
18.66,62.86,0.076,32898.5,28178.9,9172.05
21.64,51.43,0.084,32030.8,24887.6,12566.7
11.18,65.55,0.087,34231.9,21552.6,20830.8
28.09,78.2,4.902,42615,29503.3,33554.9
13.77,81.1,0.082,35013.4,21106.1,22465.2
23.88,65.26,4.926,34451.7,19167.6,14685.4
26.56,69.8,4.911,35650.8,26643,26859.9
14.42,89.9,0.069,42824.9,21684.3,28509.1
35.98,29.84,4.907,41512.8,29954.4,32553.6
21.62,77.7,4.915,36044.6,24444.1,10825.7
6.003,86.3,0.085,19746.8,13524.6,13827.5
9.86,69.39,0.085,33648.7,28525.3,14613.2
32.99,14.01,3.97,29788.3,20403.7,17530.7
27.96,33.64,4.907,32802,23911.3,26127.6
15.39,89.5,0.071,31397.9,17739.7,21009.5
25.51,51.27,0.072,35958.7,20600.8,18089.4
4.408,76.7,0.082,21466.3,13539.2,14319
13.75,70.4,0.074,30172.9,20276,19288.8
20.47,89.1,0.066,43371.7,26910.2,25491.7
27.35,35.41,4.91,39508.1,28359,31364
10.95,82.4,0.086,32340.7,26518.6,13529.9
15.47,68.49,4.914,32779.7,20126.4,15735.9
25.02,85.6,4.91,35806.6,25891.9,28011.5
27.56,45.12,4.924,27379.1,15436.6,13761.6
26.59,70.2,4.922,37385.8,25177.2,25112.6
8.89,85.9,0.085,22460.8,18274.3,10170.5
15.84,54.61,0.082,27512.5,16778.1,16706.9
24.46,58.32,0.07,35335.6,22180,17829.4
11.4,79.4,0.076,25699.4,15932.9,11223.9
16.37,68.79,0.077,42167.1,25645,25677.1
34.56,25.11,4.924,38527.6,26145.6,32222.3
14.04,62.57,0.082,25181.7,12601.8,13760.3
10.91,88.4,0.088,27145.5,17367.1,12391
20.41,76.9,4.919,22600.4,11986.3,9590.19
14.47,85.6,4.909,24185.9,13331.7,14603.2
27.25,50.17,0.068,35642.8,21926.9,18154.5
26.67,41.58,4.908,37328.1,27747,30413
17.53,47.63,0.082,33571.5,22121.6,17222.1
20.98,81.9,0.064,42774,25731.4,27145.8
18.66,44.41,0.085,35817.7,22205.5,16759.5
20.06,78,4.913,32795.4,20576.8,14391.2
23.47,61.55,4.921,27022.8,16218.7,12949.8
15.74,87.1,0.071,31664.5,17879,18042.2
14.97,68.97,0.072,22086.1,13404.3,14880
8.49,84.5,0.077,30063.8,20250.5,19575.9
21.58,52.96,0.087,33646.2,20838.2,10743.8
10.51,59.35,0.077,38010.6,32737.6,16716.4
12.22,71.7,0.086,32657,26433.9,9842.02
20.55,82,0.066,24680.3,13887.3,13363.2
8.07,86.1,0.089,22037.5,14235.9,14122.4
13.43,59.45,4.921,40779.6,23337.8,23928.4
28.87,40.51,4.905,41176.6,26994.3,23684
34.8,25.51,4.908,39210.1,28496.2,27486.5
11.7,75.7,0.082,27027.7,21057,14590.8
15.25,64.02,0.082,35884.1,27559.9,24290.4
22.58,48.35,0.076,33493.8,21029.3,15985.2
17.24,77,0.076,31027.7,25471.5,14862.7
24.58,56.15,4.919,34349.7,20746.8,12849.7
17.8,57.14,0.083,27169.6,21765,9939.98
14.09,71.2,0.081,22971.9,17482.7,10913.8
15.15,65.51,0.079,33506,20904.9,15816.8
18.53,85.3,4.918,24938.8,15960.5,10143.2
28.58,35.29,4.922,38400,23111.9,19979.8
18.21,52.15,0.078,27944.6,22752.9,9033.25
20.52,67.37,4.91,23996.8,15182.3,17093.2
12.35,75.8,0.083,23483.1,18543,12393.3
11.6,71.7,4.922,21059.2,12207.9,14162.9
10.61,89.3,0.067,27304.9,16474.4,11612.9
20.92,78.7,4.917,46526,31655.3,16809.3
29.54,61.12,4.904,40735.5,28157.6,27692.5
27.53,64.45,4.92,37404.8,23337.3,21378.8
15.49,60.48,0.095,40590.1,34685.5,16341.9
16.49,68.56,0.074,30941.4,25487.6,10274.2
19.27,57.47,4.917,38234.7,22962.2,23158.2
15.53,62.45,0.084,22795.9,13696,14373.9
21.37,41.51,4.918,29175.4,22143,10756.6
14.08,89,4.916,20509.4,12479.3,10243.2
22.43,77.9,4.918,44971.3,26524.7,19456.9
18.97,80.2,0.068,21261.5,16497.5,8836.63
20.75,64.81,0.071,28289.2,20785.5,17760
21.14,60.22,0.272,30087.1,17850.3,14673.6
31.26,14.04,4.905,37098,25880.5,28077.7
20.18,27.47,0.085,32285.9,26691.6,10014.9
18.9,54.41,0.08,24815.2,16870.6,11420.9
13.79,74.5,0.083,20694.7,13127.1,14330.6
10.41,87.9,0.074,25368.5,14432.9,15567.1
15.29,82.9,0.075,32299.7,21636.5,13376.4
25.57,33.6,0.081,35233.9,19818.7,16878.3
21.25,75.9,0.068,26078.9,14542.2,14320.2
11.41,70.6,0.09,39482.9,33632.4,16146
21.21,65.88,0.075,29372.3,23098.8,11294.5
17.33,76.8,0.071,36649.5,20569.9,19636.4
15.35,82,0.069,32901.3,21964.7,13515.2
13.14,65.28,0.08,22924.6,14301.5,15446.7
20.45,59.34,0.072,30344.6,25557,17690.6
13.82,81.5,0.08,22928.4,13479.8,14795.6
24.95,40.58,4.923,34125.2,20935.3,13515.9
23.56,75.4,4.92,39607.9,21266.9,24469.7
13.96,68.18,0.081,40133.8,34317.3,14970.5
20.38,62.79,0.095,33892,21222.8,15132.4
15.6,76.3,0.073,32881,20257.3,15828.4
23.51,67.8,0.069,34992.3,19766.3,17197.3
24.02,85.8,4.913,23875.6,16089.9,18316.3
27.18,53.8,4.922,31133.2,18699.8,22567.4
22.21,55.22,0.268,47551.9,28066.5,21604.4
27.16,48.37,4.923,44868,28230.4,35349.3
24.11,60.82,4.924,36433.3,21184.6,14338.2
8.99,63.3,4.917,23961.4,14122.8,14889.2
16.46,76.5,0.073,34727.4,20009,17902.5
16.52,74.3,0.071,34510.4,20507.5,18996.4
14.43,56.99,0.084,45053.2,29631.6,27626
12.15,83.6,0.072,25907.7,20744.6,10918.6
13.71,85.7,0.084,26735,16814.6,12042.6
26.08,62.28,0.068,50126.7,33593.7,40308
26.7,63.99,4.905,41036,30301.6,31905.7
21.01,41.65,4.91,26185.3,19851.3,15233.6
27.19,79.2,4.927,37072.4,22979.9,17881.9
9.64,87.4,0.087,23248.3,13613.4,14794.8
27.87,72.3,4.917,34662.1,22010.1,30005
25.83,54.65,4.929,48701.1,32069.3,35787.8
13.63,68.93,4.91,30691.5,18842.6,14680.8
16.25,73.8,0.072,33481.2,20258.2,18618.2
29.29,27.75,0.075,44657.3,24876.8,26059.9
15.25,58.11,0.079,30880.6,24633.3,9588.48
14.58,91,0.07,23089.6,10778,12677.8
21.84,84.2,4.916,48089,28017.9,33224.9
18.43,74.8,0.072,37015.4,29967.8,17031.3
22.99,75.9,4.92,38344.8,23242.8,15144.3
21.87,65.33,0.083,41662.3,34020.7,19649.4
14.09,90.5,0.07,25978.9,16222,12858.2
18.38,73.4,4.916,23957.5,13281.1,9519.59
22.37,53.52,4.906,32693.3,23246,17280
33.11,23.48,4.916,46902.9,30239.2,38867.9
8.96,92.7,0.082,22643.3,18635.2,8343.82
21.52,49.93,0.079,36259.7,22305.9,21833.2
24.95,41.57,0.072,31538.4,19326.3,18008.7
31.16,38.91,4.934,34918,20246.7,16636
15.16,63.61,0.081,32476.6,20315.9,15625.2
28.25,52.58,4.91,49907.2,31131.6,43332.6
14.69,55.07,0.082,21864.6,16824.8,9837.11
26.23,80.7,4.918,38018.6,25291.2,29498.2
20.29,51.4,0.089,33468.8,19591,18286.5
16.86,90,4.914,23033.7,13208.7,9197.33
23.03,74.1,4.91,25648.9,15858.2,19738.2
16.69,62.82,4.92,22104.3,13294.8,14469.4
24.27,76.8,4.911,29081.3,19338.1,18658.3
20.95,67.25,0.079,32256,20244,19880.2
21.4,67.47,4.923,35252.5,22703.4,17670.6
17.3,64.93,4.923,30690.6,19083,11204.9
25.14,54.05,4.924,37395.4,22011.6,16544.6
24.46,82.9,4.919,42724.8,27064.6,32866.9
22.34,71.2,4.905,41592.2,28400.8,29377.8
22.2,57.63,4.904,28978.6,19632.9,21334.9
19.47,87.4,0.073,31932.1,23963.9,11677.6
13.05,55.01,0.083,43633.2,25641.3,24695.6
18.38,84.1,0.172,31037.2,19262.2,13597.6
23.69,38.52,4.924,36866.5,22716.6,13854.3
22.07,75,4.918,28501.2,17479.8,20936.9
22.76,84.2,4.919,38406.4,22269.9,29721.6
18.22,70.1,0.081,29789.4,25745.2,16112.8
13.95,64.85,0.081,31527.5,19123.4,14721.3
19.14,66.01,0.083,38990.8,32723.6,17407.2
19.85,84.7,4.911,26168.5,18430.4,8019.28
18.74,90.3,4.914,22221.6,12564.7,9893.44
21.79,46.03,4.922,44544,24824.8,26298.9
21.45,74.4,4.912,35288.8,23687,24653
14.97,56.71,0.08,22442,12036.5,12897.8
17.3,87.5,4.918,28869.2,18583.3,12977.5
15.24,64.65,0.081,22886.7,18716.2,6978.15
24.52,88.7,4.918,29822.9,18460,18574
16.58,71.6,0.073,32658.2,20538.6,15452.5
13.83,68.78,0.077,34126.8,20214,19595.6
16.93,73,0.074,35052.2,20447.4,16649.6
23.92,50.65,0.073,35088.8,21154.2,17898
20.11,69.65,4.917,43257.2,26356.3,27275.8
18.74,85.1,4.915,25541.9,16405.4,11175.7
18.03,66.89,0.114,26966.1,16394.2,11881.8
12.55,69.59,4.923,41401.5,25265.7,25573
13.63,74.7,0.087,38518.5,22964.6,23254.8
14.38,65.87,4.916,31759.3,19973.3,15566.5
10,82.1,0.071,23052.3,13423.2,14011
13.7,69.41,0.071,25999.3,17135.6,12266.8
29.65,49.62,4.911,40371,27968.4,29703.8
20.68,67.37,4.91,24736.7,16465.8,19997.3
17.42,72.3,0.076,22544.1,13846.2,11756.3
22.52,50.76,4.912,28130.2,19344.3,20328.7
7.9,87.3,0.084,24081.7,14326.8,14620.6
20.69,79.4,4.923,45563.9,30753.4,16626.9
11.76,56.99,0.09,22918.5,13885.7,13995.2
20.37,78.3,0.081,45078,28064.3,19357.6
14.13,83.5,0.079,21329.3,16926.7,9478.99
18.25,72.3,0.072,38344.6,31619,21808.2
22.06,75.8,4.92,39859.7,23569.2,21047.8
15.17,57.28,0.079,24406.8,14629.8,14906.5
21.22,57.94,0.085,27085.9,21122,9979.33
26.4,63.39,4.905,28052,21094.4,17912
9.21,76.7,0.081,22067.8,13750.8,14012.5
26.03,41.98,4.927,39188.5,26644.6,24279.9
11.72,82.8,0.085,24826.3,16154.4,11629.9
22.26,71.4,4.917,35877.1,23228.2,12249.5
6.817,87,0.09,21262.4,15807.3,9352.22
25.32,36.08,4.918,34364.6,21047.3,13381.6
11.83,49.45,0.087,24789.9,15297.3,11722.4
7.2,78.8,0.085,21225.9,16867.8,9709.48
18.77,42.44,0.086,35325.6,22263.8,16580.2
19.47,58.74,0.071,33915.2,20764.2,17960.7
14.79,71.1,0.072,25293.6,15187.6,15262.8
21.57,64.38,0.073,30824.6,25687.2,10907
31.84,54.19,4.91,37653.7,25720.3,31625.8
26.35,61.12,4.901,29950.7,24382.7,21691.8
22.05,43.39,4.909,29611.9,20782.7,20415.8
33.73,22.08,0.639,31752.4,17892.3,17052.6
20.87,62.31,0.074,29175.4,23876,11635.7
21.97,77.3,0.069,28990.7,17820.4,13469.5
34.94,24.01,4.906,41442.7,30057,31167.9
10.31,82.9,0.075,28360.7,16566.6,16851.6
14.97,78.3,0.082,37974.1,31485.7,15731.1
10.73,65.84,0.079,33419,20772,16405.9
8.87,81.1,0.084,24473.9,14403.6,14452
15.86,86.4,0.077,33351,18289.6,18688
9.14,87.7,0.084,26937.2,16320.7,12727.7
9.88,86.9,0.076,22710.5,12368.4,13650.3
16.02,85,0.067,28539.6,16016.7,19322.2
25.07,75.3,0.321,32278.9,20675.7,16750.5
6.243,63.37,0.081,21111.9,13258.4,11022.2
25.84,74.3,4.921,37207.2,24413.9,23576.2
25.47,46.35,4.908,32040.4,22374.7,27938.4
12.81,56.76,4.918,34791.9,21176.9,16845.8
19.64,88.9,4.912,27646.7,17214.1,9631.38
19.31,91.4,4.917,23480.7,15113.3,10610.5
23.85,45.87,0.08,35857,21817,21628.1
9.52,74.8,4.924,22849.2,19885.5,7390.84
15.17,87.1,0.072,22615.4,16720.7,10305.5
19.94,85.2,0.066,25214.3,13958.4,15572.7
10.58,81.6,0.082,38321,24977.5,24532
5.514,93,0.081,23781,16514.3,7681.15
21.34,81.2,0.081,31295.6,26637.8,12529.6
14.72,84.4,0.071,39464.4,21684.3,26141.1
15.55,55.59,0.085,34118.8,20089,16443.9
20.55,88.3,4.92,32023.3,19661.5,24818.2
13.78,69.62,0.076,34248.8,20801.2,19375.6
29.05,50.88,4.907,49442.7,36201.5,37960.6
23.44,63.68,4.904,35819.4,23759.2,25802.6
15.72,58.01,0.082,43499,26531.3,25234
15.93,60.71,0.083,37268.4,29887.7,16336.1
10.36,77.6,0.083,31643.4,19262,15595.4
17.24,58.82,4.919,35000.7,21919.5,21314.3
12.27,78.8,0.077,34293.5,28819.9,14538.3
20.67,70.6,4.925,29600.4,21349.8,11204.9
16.6,83.5,0.065,24242.8,13340.5,14528
25.87,87.8,4.91,22873.8,16791.1,16551.7
11.7,83.2,0.082,24670,14959.8,14835.5
13.45,61.75,4.917,33524.4,19737.8,20514.2
12.33,76.6,0.087,26276.5,17090.8,13114.2
12.97,81.7,0.083,40418,22803.7,24201.3
24.11,56.32,0.07,36238.4,23688.1,18160.2
11.79,78,0.086,31507.2,24364.5,9092.92
20.47,72.8,0.072,39003.1,32414.9,17418.8
10.63,81.2,0.073,42449.5,25185.4,24736.2
27.74,72.8,4.906,31024.7,21318.7,21908.5
27.11,51.28,4.906,39699.9,25523.1,23274.7
12.54,66.19,0.076,40401.5,34052.2,16578.2
15.55,71.9,0.074,31298.7,17259.5,22062.5
13.64,86.4,0.081,23606.2,18401.7,8582.17
25.81,88.8,4.907,35634,25268.4,27975.4
23.1,64.48,0.068,40575.7,28450.3,31291.8
22.81,77,0.068,29423,21959.3,15560.9
17.79,68.26,0.076,31884.4,25955.2,9657.62
24.32,86.6,4.919,37436.8,24649.4,29938.7
13.67,80.2,0.079,22479.1,17604.2,6914.77
24.16,86.7,4.915,29246.5,19708.9,23136.4
14.74,69.56,4.919,33575.4,27119,14683.4
26.85,61.85,0.325,32259.8,21330.6,16173.9
13.52,55.04,0.08,20696.6,15689.5,9588.48
23.33,56.55,4.923,28742.5,18536,19001.4
15,54.92,0.085,31397.7,26076.7,9588.48
13.43,66.96,4.914,38788.9,23664.4,24543.6
27.62,33.89,4.916,35793.4,22995.8,18337.5
13.22,75.6,0.083,43133.2,27311.9,25555.7
11.23,66.01,0.089,35714.4,22953.2,17950.8
13.84,66.49,0.083,30886.8,19032.2,18733
20.18,55.86,0.09,32045.5,19206.2,9436.6
27.39,37.98,4.921,44804.3,29088.6,38777.6
26.59,77.9,4.925,35122.6,22333.7,26819.8
19.61,44.05,4.909,24280.2,15806.5,16244.8
14.84,58.85,0.078,21451,17493.7,9611.52
8.96,76.5,0.082,22310.9,14148.3,14920.5
20.44,89.3,0.063,37077.6,22262.4,23116.8
16.47,77.5,0.073,32699.9,15074.5,17786.2
21.53,75.7,4.914,26225.8,14890.2,12767.3
8.58,87.2,0.075,22788.8,13463.4,13999.4
19,70.2,0.073,23883.1,18769.8,11508.4
24.12,52.03,4.924,33292,18621.2,14191.1
20.55,78.3,4.915,27621.2,17476.1,8131.07
11.87,83.2,4.919,30508.5,21085.7,15844.3
8.88,51.48,0.096,34376.9,20939.8,22698.5
16.34,50.08,4.915,30320,25657.4,9958.55
21.28,77.1,4.912,26149.4,14875.3,12549.6
9.98,75.1,0.084,22298.7,13845.6,14105.1
21.57,87,4.911,33432.2,21618.7,12837.9
20.03,73.1,0.08,40370.9,24758.4,24381
20.12,70.8,4.917,25857,14575.5,12395.4
25.18,26.63,4.923,31639.1,20355.4,15577.7
29.1,47.88,4.91,37302.9,26005.1,27685.4
20.45,66.34,0.073,28609.2,21901.2,16441.4
21.39,67.37,4.902,25432,16355.7,17424.6
20.03,73.1,0.071,27403.1,19848.3,15730.1
18.17,79.9,0.07,20215.4,14426,7645.3
22.34,67.96,0.068,32193,20600.6,16213.1
22.05,70.6,0.065,44567.5,25786.3,19468.4
19.26,82.5,4.917,31827.9,20875.5,14761.5
17.75,80.1,0.082,41359.8,34095.4,19789.4
12.05,83.5,0.077,20978.5,14582.2,9617.35
16.04,65.13,0.082,38776.1,21746.6,25041.5
11.02,58.11,0.077,20245.8,12102.4,10248.4
19.99,87.9,0.068,27262.3,16685.5,11391.6
8.47,85,0.089,24291.6,15005.5,11589.4
21.3,72.2,0.069,26141.5,21183.5,11363.9
9.4,84.4,0.077,23258.7,15176.9,14712.3
23.2,69.83,0.073,34776.2,18741,16653.8
22.86,25.59,0.088,32699.9,18399.6,17704.7
26.89,77,4.908,31779.1,21364.3,21890.4
9.26,86.8,0.083,29733.6,18795.1,18924.1
10.68,80.5,0.084,21946.3,13918.5,14099.3
17.44,71.4,0.087,40282.8,22325.9,26123.6
13.36,85.7,0.084,23209.1,19386.3,10072.5
20.57,53.94,0.079,28313.8,21663.2,11230.8
24.12,37.95,4.919,32519.5,22112.2,15979.4
6.536,87.4,0.082,25393.2,20122.7,7854.02
19.01,81.8,0.07,22953.8,17933.1,10114.7
19.79,74.7,0.066,36578.5,29588.4,17170.1
22.46,49.7,0.087,31987.7,26624.4,11068.9
14.29,49.08,0.082,38606.6,24167.8,19408.2
16.75,54.71,4.918,29359,16756.2,16481.9
21.14,81.2,4.917,22092.7,12974.2,13717.7
26.97,82.4,4.908,31184.6,22683.4,24261.8
18.13,79.3,0.074,36655.7,17039.5,17448.7
16.01,69.95,4.916,43114.2,25350,25083.9
26.53,53.68,0.071,49730.3,33160.3,38995.9
19.6,57.89,4.918,32006.2,26706.2,10560
18.86,90.8,4.919,22574.2,13434.1,10610.5
22.04,72.4,0.068,24985.4,13861.1,13959.9
34.73,29.38,4.907,37353.9,25169.6,27528.7
9.96,76.9,0.083,31787.1,27295.5,13449.2
26.43,77.8,4.913,49046.1,31572.2,43971.2
21.67,72.2,0.067,45071.7,25887.1,19526.8
12.1,82.3,0.084,34584.5,20773.2,20647.7
19.74,67.71,4.922,28935.4,21860.3,18777.8
24.8,89,4.92,44859,27020.9,25062.3
10.56,67.31,0.083,22598.8,12885.4,13482.6
19.55,69.25,4.921,28929.2,21607.4,18737.3
18.54,72.3,0.075,26389,16019.8,15851.7
26.77,74,4.902,41342.9,29799.8,26783.7
13.64,67.42,0.084,40899.7,24787.8,25372.9
24.69,35.34,0.083,34547.3,19541.8,16647.9
24.87,66.03,0.072,34445.6,21521.4,16854.6
23.1,71.2,0.075,37288.8,23560.6,12395.4
27.41,63.2,4.908,40785.6,27330.4,27570.9
14.67,68.58,0.083,35479.1,21556.1,19718.7
22.44,75.6,4.911,25494.9,16327.3,14986.8
20.3,73.5,0.076,24399.7,15183.9,15047.1
20.48,85.6,0.065,44846.6,25589.2,25657.1
12.6,65.98,0.083,29322.5,13889.4,14648.7
19.19,69.18,0.076,36529.2,29941.7,17112.3
27.21,35.58,4.925,46264.8,26928.9,19815.8
15.37,37.97,4.914,29563.1,24902.5,9333.98
26.31,73.7,4.908,34802.9,23960.7,22052.9
15.44,64.93,0.074,32336.2,21443.2,16632.3
5.572,85.7,0.084,20848.7,16278.6,9490.52
18.84,55.86,0.082,38565.3,21119.8,25146.2
16.62,66.89,0.073,38444.9,22876.8,18174.2
21.51,70.7,4.921,36266,22744.3,18346.9
9.87,88,0.084,23236.1,12468.3,13796.1
14.9,85.2,0.076,36412.3,29904.5,21443.9
16.35,73.5,0.075,33733.7,20925.2,16158.1
18.29,45.13,0.078,37489,22679.3,18063.9
21.42,71,4.915,40205.6,25342.2,30206
13.82,66.62,0.085,37665.8,23679,23034.2
23.71,76.6,0.273,46054.5,28313.5,23440.1
15.36,81,0.074,21753.8,15958.3,10484.8
22.29,50.22,0.079,40243.7,24522.7,22573.3
18.3,80.6,4.925,33100.9,19564.2,15238.4
23.74,57.21,0.07,35170.3,21139.7,17870.8
23.88,64.73,4.923,32635.8,22704,13443.9
18.7,58.49,4.918,31667.7,25594.2,9837.11
22.02,78.7,0.084,45863.8,25596.7,27476.7
15.56,64.22,0.077,23601.4,14235.9,14663.4
13.68,74.3,0.073,42791.2,24459.6,25413.5
19.36,69.79,4.92,24524.6,13150.1,9619.61
27.36,34.41,4.927,32221.6,18131,16215.1
27.51,73.2,4.905,40876.2,31544.7,27873.1
8.3,86.7,4.918,25867.7,20340,7663.87
29.97,40.85,4.907,47808.6,31963.3,42796.3
14.69,73.2,0.076,44603.5,27133.1,25856.4
20.87,70.9,4.917,28997.7,19131.6,21636.2
17.26,52.82,4.921,37778.5,32511.6,15585.5
10.04,84.8,0.078,23272.9,13803.7,14225.8
17.97,86.9,4.915,24836.1,13836.1,11870.2
27.72,46.12,4.903,48038.3,32612.7,37217.1
11.83,65.41,4.916,32424.4,20028,15132.3
14.77,57.64,0.079,22454.2,13480.9,14466.6
15.25,72.7,0.07,23362.4,12724.6,16011.6
15.26,56.34,0.081,33149.8,26883.1,14866.7
29.39,33.38,4.909,50755.6,35008.9,47429.6
13.32,55.71,4.919,25062.1,13192.7,12611.6
6.845,85.3,0.093,28368.6,18496,13283.9
24.62,87.1,4.92,38932.7,24185,23124.3
12.73,83.5,4.916,18526.2,10253.8,10164.4
24.33,85.4,4.914,33092.9,21877.2,26474.3
17.16,61.32,0.074,34057.5,20732.9,17761.9
20.7,89.7,0.067,23179.9,14332.6,12819.7
11.25,67.75,0.089,31643.5,18860.8,16603.4
21.42,69.6,4.92,34578.9,22275.9,12838.9
18.52,66.81,0.075,31433.8,24515.7,17482.4
22.87,51.68,4.92,31025.9,17897.4,17832.7
20.57,70.9,0.078,26766.7,16450.8,16265.6
19.79,60.79,4.924,36889.2,23442.7,19483.7
19.64,75.3,0.104,27684.6,18362.2,9815.93
25.85,51.2,4.92,30330.9,20327.8,20961.3
13.61,75.2,0.072,42571.5,24766,25205.1
17.35,61.93,4.924,29889.6,15769.6,14667.7
10.35,77.4,0.088,32584,25800.6,9674.91
9.91,85.7,0.087,36195.3,23022.5,22762.1
19.06,44.06,0.083,33370.2,20947.1,16047
17.89,87.8,0.072,23489.2,16988.4,8934.94
9.51,62.4,0.081,22025.3,13550.2,14313.3
21.51,77.3,4.917,41006.6,23115.6,27990.6
19.01,87.2,4.914,43184.3,26192,24485.8
17.77,67.06,0.079,23707.3,14095.4,15414.4
24.81,62.29,0.072,33720.8,21106,16281.6
8.65,89.4,0.081,24492.2,14753.8,13719.8
28.08,41.11,4.903,39591.2,26370.9,24809.5
14.27,77.3,4.915,23078.2,11761.7,10672.8
5.524,87.7,0.088,24443.5,16117.9,13301.2
14.13,89.8,0.258,29339.4,17442.8,14801.5
27.19,65.99,4.921,37737.3,23428.5,21764
15.34,66.83,0.071,31874.4,21045.6,16458.8
28.65,62.85,4.908,39139.9,28070.9,33529.7
20.46,69.02,0.275,25677.9,16061.5,10502.1
15.17,58.21,0.08,22765.4,13178.1,13858.7
16.19,82,0.072,24304.8,13373.5,15447.3
27.62,34.94,4.907,39482.5,25990.7,22787.2
30.06,51.77,0.068,35386.5,20020.8,22803.7
14.4,86.4,0.07,23790.2,13113.2,15429.8
28.23,42.51,4.909,38642.4,24835.4,33511.6
11.39,85.2,0.082,22156.7,16790.4,8280.43
18.56,60.65,0.081,32672.7,21032.9,16182.6
18.31,86.2,4.922,35856.8,22057,21757.4
20.04,78.5,4.909,28282.2,17977.2,18188.8
13.68,78.4,0.084,20781.7,15339.7,9732.53
10.93,53.59,0.086,36723,23963.5,23334.9
22.64,75.2,4.917,29130.6,16080.2,15330.5
11.81,71.9,0.081,20282.6,10920.7,10892.9
23.22,47.37,0.071,46550.5,28395.8,28935.9
10.9,76.1,0.082,29796.5,19772.6,14035.7
18.84,63.45,0.083,24147.9,14455.7,14557.4
28.7,74.8,4.903,38005.8,29020.5,29341.7
8.36,90.1,0.083,21025.1,15431.7,9455.94
13.34,74.6,0.085,42130.6,26618.8,25573
16.49,60.45,0.087,31914.8,25561.2,9553.9
20.44,81.7,0.068,22417,11885.2,11543.6
22.52,52.84,0.084,30443.1,26315.7,11311.8
19.82,61.19,0.085,34808,19400.4,19275.6
8.22,86.3,4.915,24815.2,19636.7,7243.22
19.24,68.06,0.15,26837.5,15885.7,14385.3
10.37,89.3,0.072,22892.9,12841.5,14609
20.57,67.76,4.923,34081.6,21120.7,17151.7
7.37,59.83,0.086,22356.6,13521,13088.8
25.65,89.3,4.912,28870.3,20155.4,22335.8
25.28,60.09,4.905,46501,30740.5,43386.8
6.573,63.64,0.084,22631.2,13506.4,13980.3
18.92,75.7,4.918,30065.3,19597.5,13846.2
15.52,86.4,0.073,23455.4,12937.3,15156.4
8.56,88.5,0.087,26177.4,16500,11218.1
19.56,57.99,4.905,28710.5,19718.3,21306.6
30.92,34.68,4.915,45046.6,28484.8,34192.5
7.66,88.6,0.085,21758.6,12627.4,13887.7
15.18,69.66,0.075,24590.1,13905.1,16535.3
19.24,88.8,0.079,37263.5,25162.7,12197
22.18,60.85,4.92,40899.8,22617.9,21292.6
24.59,51.65,0.287,40154.3,26794.2,13402.7
15.76,87.4,4.917,25457.3,15778.3,15379.4
22.23,71.5,0.068,33104.2,18336.1,12272.8
10.63,79.4,4.916,36299,22201.8,22681.1
20.74,54.51,0.076,31447.5,16196.3,19083.6
16.43,89.4,4.91,26162.4,17283,11840.6
12.98,70.6,0.079,35090.8,20936.2,21870.6
24.74,65.55,4.904,31472.2,22181.6,22077
35.44,28.61,4.908,41899,29784.6,28053.7
23.13,42.84,0.085,34721.2,22160.9,17931.6
10.13,84.2,4.914,22460.3,13823.7,10524.3
34.25,34.62,4.91,42342.1,30026.6,33945.4
12.57,49.44,4.922,42620.3,25258.4,24655.1
16.2,85.8,0.069,34938.2,19143.8,20101.8
14.18,74.8,0.073,46165.8,24954.9,24752.9
9.77,85.9,0.079,22272.2,17799.3,10066.7
19.77,69.41,0.07,36800,29402.5,17522.9
22.91,74.8,4.911,36001.6,24319,30499.1
21.8,79.1,0.072,29791.8,19695.2,14166.6
24.49,75.5,4.909,29893.2,20068,19892.2
18.6,80.5,4.914,25214.2,15718.3,10784.7
20.44,43.1,0.087,32381.5,24582.6,13364.8
20.98,86.5,0.066,42507,26345.1,25485.8
20.28,68.55,4.917,46205.9,27666.9,26234.8
18.28,70.8,0.078,25545.4,14990.7,14977.2
15.48,87.3,0.074,19390.8,13340.1,7240.48
24.22,87.4,4.914,30669,20924.1,24305.3
28.63,42.85,4.907,39335.5,26906.9,26801.8
14.96,69.84,0.082,29661.8,16863.5,19578.2
27.13,64.09,4.926,37213.1,23135.8,21414.9
15.96,72.9,0.081,37661.5,30101.7,16221.7
12.4,78.5,0.072,34578.5,28911.6,14920.5
24.01,54.38,0.086,45109.5,29027.8,19806.9
16.22,53.12,4.917,30898.5,24132.6,11236.6
17.79,63.72,4.916,35392.4,20899.7,17199
11.95,82.3,0.076,43272.9,26294.2,25035.2
13.16,53.67,0.087,34645.8,20495.1,20972.9
11.48,88.2,0.081,19716.7,10103.5,11269.8
20.62,88.4,0.069,37471.8,23467.4,22833.2
15.05,66.66,0.082,41461,23883.3,25668.2
9.21,85,0.08,19747.5,15324.9,8147.9
21.49,48.95,4.902,24056.5,15916.8,16798.5
16.11,68.28,0.085,37991.5,23224.4,21582.6
15.57,81.2,4.91,44364.3,26261,25623.9
14.55,62.88,0.081,30953.9,18944.7,15277
31.41,38.28,4.928,34662.3,20269.5,16738.3
20.31,89.1,0.077,46729.1,28986.7,19474.3
15.35,82.8,0.073,37598.1,20122.6,23994.2
21.73,90.2,0.313,24403.5,14478.6,9843.19
12.43,76.4,0.083,27605.1,16580.5,11746.5
23.03,69.68,4.92,32054.6,20043.3,15175.4
20.3,66.94,0.069,34061.5,26773.1,19159.5
12.87,70.4,0.083,18500.4,13837.4,7998.08
23.1,48.45,4.924,32104.7,18813.8,18717.1
13.78,82.8,0.084,23483.1,16583.1,13769.6
25.1,69.95,0.067,49027.1,32400,38682.9
12.93,56.53,0.082,33782.3,21756.8,17788.9
14.15,83.7,0.085,22892.9,13704.9,13970.3
16.37,79.3,0.075,34113.6,16636.3,18647.3
25.42,69.06,4.911,46928.4,30148.1,38199.2
16.24,86.6,4.921,26137.2,16398.8,15595.1
7.44,89.1,0.082,21270.5,13302.1,13424.6
13.01,53.92,0.082,33016.7,20739.2,17465.1
13.1,77.9,0.077,36364.6,23059,23635.7
27.06,39.53,0.078,31135.5,18312.1,18311.9
21.22,78.7,4.918,44430.7,27072.4,26333.9
25.75,44.78,0.294,36904.8,19889.8,15603.2
8.24,54.46,0.091,22496.9,13327.7,14918.1
22.76,83.7,0.057,31625.8,20946.8,25004.2
26.17,57.73,4.908,49570.5,33323.8,36299.4
24.21,85.9,4.915,30082.1,19678.5,23570.2
13.66,75.6,0.073,26054.2,15399.4,16637.4
15.83,58.16,0.078,32047.7,19752.4,15578.7
24.51,68.65,4.922,35882.4,20488.6,23412.2
23.11,57.13,4.919,33381.2,18303.1,13761.6
25.07,93.1,4.908,24881.2,16095.5,16497.6
25.45,80.7,4.916,36875.5,27474.7,35493.9
25.4,67.89,0.27,35203.5,21469,15809.1
9.03,85.4,0.083,18263.1,13185.6,6223.29
12.75,72,0.081,25491.1,15168.3,16734.2
23.91,45.57,0.069,46080,28118.9,28752.7
18.38,83.4,4.916,21478.8,13062.5,11560.8
9.7,79,0.084,27625.9,23484.5,12112.4
25.65,84.6,4.924,38472.5,24029.1,19657.4
21.47,66.7,4.918,35277.6,22878,17845.5
4.785,86.4,0.083,25423.6,20196.4,8084.51
18.37,74.5,0.068,47036.9,27804.3,26392.2
24.88,85.4,4.916,28481.1,20559.5,25389.8
25.96,39.41,4.918,30766.2,21674.7,12763
18.72,87.5,0.067,25281,14752.9,15490.2
15.15,75.7,4.916,29363.7,17282.9,13889
9.37,84.6,0.089,21332.7,13739.8,13948.9
21.79,41.84,0.073,32699.9,20393.9,16750.5
18.08,65.78,0.087,22529.5,18997.1,8800.49
10.97,54.72,0.086,39214.2,25925.8,24520.5
19.57,44.96,0.083,31756.7,24563.4,9490.52
25.01,46.28,0.072,31412.5,19530.7,17909.6
17.44,87.1,4.914,29020.6,19404.1,9115.62
19.96,89.2,0.276,26443.1,16476.3,12056.9
14.29,51.11,0.092,39847.9,34457.2,16174.8
20.03,58.19,0.072,33363.9,18969.7,18580.1
26.9,60.79,0.307,32387.3,21644.9,16309.2
22.87,81.2,0.276,31291.3,18778.4,13955.8
15.41,87.2,0.068,25583.2,15811.8,11799.8
23,60.79,4.923,26140.6,16658.1,14890.5
15.61,72.2,0.073,36407.7,19939.3,25262.5
16.2,70.8,0.081,44915.7,21954.9,25734.2
34.02,30.18,4.907,40237.1,27030.4,27775.7
31.19,45.46,4.92,41111,28386.1,30794.3
14.68,78,0.072,39809.2,33954.5,16522.4
10.31,79.2,0.076,24972.2,16785.4,16586
25.79,61.07,4.92,41992.1,26715.6,32882.2
12.04,86.6,0.087,23260.6,13858.5,14388.4
14.3,64.65,0.083,22570.2,13914.9,13789.3
22.01,53.01,0.082,43687.9,24828.5,26007.4
16.39,77.6,0.07,30910.7,19313.5,18538.3
27.3,53.69,4.904,38342.6,31363.3,26118.8
29.03,48.12,4.923,38926.3,26363.3,25507.7
27.75,79.1,4.903,41023.2,32734.5,38628.7
9.86,86.7,4.921,33144.4,20031.6,15942.8
27.31,74.7,4.921,37513.5,24082.4,26687.4
23.03,59.92,4.923,44744,24927.4,19427.6
23.45,40.49,4.921,42844.3,24256.3,25476.9
22.13,80.4,4.911,21719.6,12611.4,15611
27.25,70.4,4.912,33603.2,24383.5,29155.5
26.69,43.81,0.303,37949.7,23931.4,14726.5
13.57,60.31,4.926,39762.4,23268.3,23783.2
19.97,76.1,4.922,46155.5,27429.1,26194
14.98,69.8,0.076,22116.5,13583,14955.2
13.02,57.04,0.081,24083.4,14458.4,14808.1
24.58,50.42,4.978,36501,22010.8,12004.4
18.25,70.5,4.915,44915.7,22507.3,24363.9
21.82,61.06,0.104,37900,23769.7,17385
32.15,35.05,4.907,40428.4,30550.6,31300.4
18.24,63.42,4.918,34231.9,20615.2,16620.7
24.9,60.72,4.907,25566,17024.1,18292.2
12.58,85.7,0.079,23982.4,12680.7,16570.2
10.52,87.6,0.074,25956.8,14904.9,16008.4
15.43,61.66,0.081,31298.7,18733.2,19857.5
25.78,37.44,4.918,29178.2,17211.8,17355.6
21.56,45.55,4.921,26780.2,14527.2,12826.1
21.1,82.6,0.07,45431.5,27737.2,27264
16.04,86.3,0.082,24658.3,13523.8,16232.7
14.15,41.52,0.076,29712.5,26430.2,12077.8
22.13,88.9,0.285,29551.9,18291.9,12979.1
11.14,83.1,0.077,23735.4,17988.8,10450.1
14.28,46.6,0.084,42516.6,24383,25315.1
24.27,93.5,4.922,25271.1,15875,17599
18.61,87.8,4.916,26302.3,14942.6,11914.2
14.17,69.53,0.083,42217.6,24623.7,25847.6
22.58,82.9,4.915,27878.1,17307.7,20298.8
22.3,70.3,4.921,27112.3,15818,14992.9
10.98,85.8,0.079,23089,13361,14225.8
19.06,85,0.068,26401.6,15856.3,12557.7
11.67,88.7,0.085,22953.2,12207.7,13218.9
24.96,53.61,4.92,33729,21187.6,17175.1
17.23,86.1,4.916,26136.6,17842.8,7601.55
11.49,75.8,0.08,23662.4,14688.1,11548.9
19.42,79.3,0.071,29228.5,22981.7,9570.82
24.25,85.9,4.917,28991.4,19139.2,22654.4
24.9,41.34,4.218,29284.7,17234.7,16662
24.34,41.04,4.92,36851.7,19672,16031.6
26.84,74,4.913,37455.9,25427.8,33174.2
25.44,39.73,0.081,45098,26544.9,25284.5
29.28,38.83,4.923,33046.9,20533.5,19755.3
9.98,72.7,0.086,26600.5,17376.3,17251.1
17.8,75.6,0.067,32054.6,19813,19343.8
14.23,38.25,0.078,30576.4,26360.2,10130.1
15.02,87.2,0.07,22916,10968.6,15051.6
21.71,67.26,0.297,34165,20780.5,16685.8
13.36,73.7,0.1,20664.3,12904.6,14267
13.62,61.5,4.918,31972.9,19433.4,15595.4
17.1,78.3,0.082,27193,17652.7,9197.33
25.06,77.1,4.911,32774,21994.9,21822.9
20.87,89.6,4.917,30287.7,18703.5,22975
24.57,41.25,4.919,31667.7,21625.6,15456.8
14.38,89.1,0.076,21992.2,12585.3,11345.5
26.7,66.12,4.974,43257.3,26225.4,18974.5
14.25,74.5,0.071,44597.1,26608.5,24903.9
14.13,68.98,0.073,35676.6,21931.9,16440.6
30.3,65.22,4.904,41649.7,32004.6,29341.7
13.61,52.44,4.921,25681,13434.1,12971.6
15.57,85.9,0.081,23495.4,19015.3,11022.7
20.3,80.4,4.916,40509.1,25117.8,17945.3
14.41,91.1,0.068,21138.9,12817.3,11088.6
23.98,78.1,4.924,37045,23209.1,14214.7
19.17,79.6,4.915,26525,16431.5,11549.2
12.02,71.8,4.918,18996.9,12905,6610.12
28.44,36.46,4.92,38438.1,23437.4,19968
17,29.62,0.087,35957.5,21702.1,16933
16.84,37.18,0.082,31606.8,18167.8,16093.3
15.16,60.79,4.921,25920,13759.8,14614.8
15.32,65.52,0.08,23717.3,14370.8,14947.1
15.9,83.4,4.915,23361.4,16760.2,10703
24.89,67.66,4.912,34016.6,22280.5,19621.3
16.52,63.75,4.923,23969.6,14742.9,15007.2
17.78,88.5,4.916,28749.6,16924.5,12669.7
28.98,58.83,4.911,40479.5,28351.9,29667.6
20.29,65.72,4.922,28658.5,21045.9,11930.6
10.62,80.9,0.087,38242,24269.9,23583.6
25.25,61.12,4.903,26873.6,18121.5,21618.1
17.23,72,0.083,29547.6,19093.9,13680
11.51,85.9,0.072,26545,15409.8,16124.5
13.96,87.4,0.082,20670.8,16244.6,7974.94
15.64,75.2,0.075,32955.1,27078.2,12429.3
15.37,77.3,4.912,26084.1,16030.4,11849.6
14.71,63.97,0.08,27919,18835.3,17829.4
24.84,65.53,0.069,34165.8,21304.4,16435.2
10.34,66.58,0.084,21508.1,12614.6,12942.6
21.94,69.54,4.925,34685.9,22484.2,16796.1
23.07,75.4,4.916,32578.4,17943.9,13443.9
15,86.7,0.077,44678.8,24140.5,28637.1
12.73,74.5,0.073,26067.7,21878.9,11225.1
25.65,78.2,4.914,43069.2,30292.4,40416.4
21,71,0.084,40364.1,33109.5,19468.4
23.1,49.46,4.914,23626.8,15030.4,14574.7
18.01,88.3,0.224,25923.1,15696.6,15968.3
14.64,86.6,0.074,22098.5,16404.5,10288.2
20.76,72.6,4.916,30299,20301.3,23299.1
10.5,78,4.919,25454.3,14593.9,12751
26.29,35.91,4.921,42957.9,24477.8,19186.3
20.65,83.8,0.066,42685,25001.7,26903.6
3.778,78.8,0.081,25409.6,15614.6,15117.1
15.85,76,0.081,39086.2,20738.5,26926.5
14.87,87.1,0.075,25954.1,13934.4,16878.5
13.03,74.6,0.084,25169.5,15672.9,11195.8
17.48,86.6,4.919,28164.2,17557.9,17035.1
25.62,64.72,0.261,34872.2,21139.7,15691.4
25.5,42.95,0.273,36165.7,22636.6,15456.1
13.9,49.85,0.078,36309.9,22599.4,17748.4
23.19,58.86,0.072,33275.8,22298.5,16895.2
7.16,80.9,0.085,31430.9,18124,15996.1
21.19,62.54,4.918,45736.7,27651.1,27831.1
23.56,65.79,0.054,35577.2,18621.2,23359
16.99,86.1,4.917,25444.7,15596.3,15047.1
27.42,57.72,4.914,47317.5,30691.1,42187.8
12.08,62.7,0.082,33211.9,20568.3,16478.7
7.84,86.3,0.09,31898.7,20491.2,14787.5
14.04,64.59,0.075,44419.4,26480.5,25304.5
17.75,56.13,0.082,32457.7,21749.5,16817.3
12.15,54.75,0.087,25095.4,21455,11456.4
16.27,56.09,0.08,32955.3,21687.5,16753.2
13.71,74.1,0.072,30819.7,17817.6,14507.1
21.4,83.7,4.919,27691.3,15111,13320.4
26.44,33.64,4.922,45137,25824.9,21280.8
17.29,49.71,4.916,31114.9,17317.9,16528.2
14.54,89.8,0.068,20361.5,9491.24,13399.3
22.51,67.18,0.071,35768.3,25606.8,27794.9
20.39,63.25,4.921,29827.2,16961.8,13620.9
18.98,67.89,0.08,24082.6,12596.3,14444.3
14.38,78.4,0.071,23215.2,18314.8,7577.43
14.58,65.38,0.087,27117,18426.7,17436.1
20.63,63.41,0.082,31856.5,25308.3,9144.8
18.68,78.2,0.069,42882.1,26121.4,26421.4
14.87,79.3,0.081,20925.7,11522.2,12677.8
20.83,53.34,0.084,34057.5,19909.8,18110.3
24.47,92,4.918,24030.9,14107.3,11508
23.39,89.3,4.915,29801.5,19716.5,24124.5
8.62,88.6,0.081,23396.9,18435.1,7575.9
24.48,52.55,4.903,25283.9,17273.9,16166.5
25.98,89,4.91,32111.5,22588.4,21571.4
24.48,68.59,0.318,33476.8,18744.7,15891.5
18.53,63.78,0.07,24996.9,19030.2,12462.7
14.81,72.1,0.073,19576.7,12499.7,13694.5
10.15,73.4,0.079,22821.3,13966,14232.3
19.24,73.4,0.073,28153.8,23801.7,16285.3
30.19,53.42,4.906,40626.9,32190.9,24478.5
20.26,74,4.92,45425.3,26834.7,25785.9
13.33,79,0.079,31692.3,25921.5,13844.8
27.12,77.1,4.926,37532.7,23778.2,26266.1
14.94,76.8,0.085,34871.5,28101.9,15074.2
25.94,88.7,4.908,29337,19687.9,18694.4
21.05,61.84,0.072,29950.8,24419,16343.1
23.82,66.03,4.922,31316.8,22273.6,13844
12.7,85.1,0.086,24902.8,12804.9,14765.8
13.18,55.77,4.915,39166.8,23777.5,24591.4
15.65,83,0.072,29438.6,20577.2,17623.3
25.71,74.5,4.923,40147.8,25313.9,29824.3
23.39,86.3,4.922,30871.3,19322.9,20644.5
20.47,72.7,4.922,34232.7,19478.6,16848.6
15.27,56.28,0.081,34529.5,20713.7,20133.9
17.39,52.72,0.077,27950.8,23054.1,12370.1
20.94,84.4,0.071,45024.6,26434.9,28587.3
25.74,49.85,4.921,32108.5,17615.4,12914.8
21.02,56.47,0.071,31600,25910.3,17268.4
17.47,70.2,0.068,37002.5,22625.4,17449.1
11.45,68.08,0.089,44129.6,27767.8,26747
19.84,67.04,0.068,36276.9,29380.2,17181.7
20.41,53.54,0.09,34051.6,19660.7,20160
23.07,69.79,0.268,30953.6,18763.4,16668.1
20.97,64.55,0.271,27640.4,17244.1,13596.9
18.26,66.24,0.077,32116.9,27424,12977.3
24.94,53.89,4.923,32742.1,22177.2,28372.2
18.94,52.6,0.081,35441.3,21117,21600
21.62,57.12,0.072,32023.1,20103.7,14667.1
20.74,63.88,0.074,27169.2,20261.2,13220.2
12.93,69.94,0.084,25061.3,14154.4,16418.9
23.64,61.02,0.07,36594.4,20791.7,18827.8
14.75,89.6,0.072,28483.8,16786.6,17559.3
19.44,72,0.102,32650.5,20427.4,14449.6
16.43,84.9,0.075,35496.2,19180.4,20567.3
8.75,75.1,0.083,23799.2,19349.5,10838.9
23.98,46.66,4.919,48953.6,26775.5,29627.1
17.03,47.5,0.086,30211.4,25749,9761.34
8.33,84.7,0.076,29298.2,19728.9,19113.3
16.14,78.6,0.071,34646.8,18472.9,18461.1
24.38,90,4.921,28058.4,17133.3,16190.6
20.47,55.65,0.081,30790.3,18931.2,20608
13.95,57.5,0.083,26023.7,17018.8,12452
10.62,87,0.089,27880.9,17912.2,12443.2
19.63,61.89,4.902,29196.4,20204.9,22251.5
8.47,82.4,0.088,23403.8,17876.6,10452.8
30.23,42.45,4.919,34297.9,20007.2,16985.1
8.28,88,0.077,21814.5,13372,11055.5
14.65,81.6,0.083,30528,21552.4,15120
16.31,58.09,0.085,32923.1,19976,20800
19.34,49.86,0.09,34522.8,20335.2,17227.6
10.38,76.5,0.076,34651.5,21166,16168.5
14.32,65.42,0.082,36183.1,21738.6,20869.1
12.4,75,4.915,22167.5,13174.5,13771.9
12.52,48.1,0.078,22387.8,17957.7,9813.21
26.42,38.33,0.081,30631.9,17751.1,17495.7
13.13,49.02,0.087,32810.1,20589.7,17418.8
16.25,74.3,0.081,30033.8,16551.9,19636.4
11.79,64.04,0.09,31708,26783.7,8827.85
18.94,76.8,4.919,39002.9,30973.4,17921.9
11.35,66.04,4.917,22027.1,13046.8,14148.2
22.54,69.75,4.91,44277.2,29681.9,30894.5
25.29,66.41,4.923,26918.1,15975.5,20133.4
29.93,58.82,4.906,39331.3,28215.2,33565.9
13.97,62.12,0.079,25608.8,15782.4,15722.8
10.32,84.9,0.073,22672.3,13511,14005.2
13.74,70.8,0.071,20782.4,12226.1,13436.1
22.94,80.2,4.908,32463.1,20949.9,22666.8
19.34,75.4,0.079,25595.8,16776.3,15661.3
14.63,76.3,0.079,24193.2,15279.8,15057.5
26.2,29.79,0.083,31676.9,21388.2,16323.9
20,74.7,0.083,44302.8,26189.6,19351.7
20.12,72.2,0.294,27162.5,15702.3,12302.5
22.4,80.1,0.254,26620.9,16286.1,13855.8
12.32,73.8,0.078,23603.7,13587.8,13813.5
15.26,88.2,0.069,23988.6,13358.9,16000
15.43,60.01,0.073,36680.2,21461,16641.3
22.11,72,4.923,33829,21939.8,12704.7
27.31,43.08,4.925,38158.4,23153.5,12728
20.85,83.9,0.064,35738.5,23377.6,12523.8
13.71,59.43,4.922,31820.3,19378.7,15624.4
16.88,90.2,4.911,22126.2,12891.3,8462.01
7.62,85.4,0.084,24601.5,15443.2,14961
21.22,63.35,4.923,30125.3,19220,12679.1
8.26,79.9,0.087,23021.8,15034.7,15383.1
8.8,65.49,0.082,36343.7,31345.8,16877.8
19.67,89.1,4.909,28857.3,17925.2,10013.8
20.61,74.4,0.072,29611.9,19954,19874.1
21.66,54.56,4.92,24991.9,16048.1,18213.9
11.26,84.8,0.082,24474.5,20292.1,10694.8
14.97,87.6,0.073,22510.8,16575.6,10282.4
8.69,86.7,0.079,23495.7,17668.1,13110.4
18.5,50.74,0.083,31698.2,18065.7,17534.5
26.02,85.3,4.917,47094.2,30060.8,41187.6
14.59,90.9,0.073,23709.6,11221.6,12997.8
23.95,75.9,0.258,46921.1,28253.6,23763.7
20.73,72,4.918,26646.4,14531,12937.9
12.32,86.6,0.085,21244.1,16864.1,8925.81
11.81,68.38,4.916,22505.3,12401.2,12138.8
21.12,92.2,0.082,37465.2,22182.6,11164
24.29,61.42,4.922,46591.4,27119.7,22173.3
14.4,77.4,0.074,34327.1,21567.1,16716.8
18.65,84.6,4.918,25394.4,15258.2,14913
11.63,60.73,0.086,25687.1,15150,12048.4
15.12,44.74,4.92,31193.8,25750.4,10311.3
11.42,83.5,0.082,27427.4,16152.4,16461.3
20.64,69.06,4.924,36133.8,21733.7,19437.1
22.84,59.92,4.901,30072.2,21033.6,22931.7
10.67,70.6,4.919,35723.1,30071.9,15678.1
21.78,79.6,0.067,35767.9,22674,18591.5
14.7,80.5,0.081,24813.3,13281.9,15610.2
14.36,62.45,0.081,24443.4,14936.2,14148.2
17.38,90.4,0.069,25495.1,14459.4,15880.8
17.96,50.78,0.081,31661.8,21093,15822.7
23.89,65.8,4.924,31425.1,21446.6,13649.8
27.78,30.79,0.074,30845.9,22276.2,16982.7
17.06,80.6,0.076,32724.7,18619.6,18077.1
8.63,81.4,0.082,23075.3,18675.7,10925.3
28.25,65.62,4.905,38760.1,27632.9,29305.6
19.61,84.2,0.069,38765.1,24256.3,24031.1
16.99,90.3,4.913,25390.6,14672.6,11607.5
18.74,63.53,0.084,40741.6,20401.2,26368
13.61,84.5,0.089,30276.8,18918.3,18493.5
17.65,74.9,0.074,38233.8,31395.9,21883.4
27.36,36.64,4.92,36045.6,23245.8,18556.8
22.58,83.7,0.098,38650,22417.8,12284.5
39.6,14.31,0.072,37692,26513.9,29083.2
13.79,82.4,0.079,38485.2,33054.3,16486
27.96,44.61,4.924,28111.9,15926.8,14250
29.95,31.58,4.908,33622.3,22557,30324.4
22.38,71.5,4.917,24781.4,16139.2,15141.1
17.74,67.02,0.08,28850.9,17947.6,17622.6
14.83,87.3,0.073,24366.8,13307.5,16081.5
16.09,83.2,0.073,32030.3,16966.2,17623.3
24.89,60.23,4.908,34183.7,24824.1,27137.1
23.4,64.96,0.071,36225.7,20821.6,18006.6
22.82,52.22,0.073,33542.8,21022,16374.2
12.49,85.1,4.919,32644.1,20965.3,16411.7
12.41,67.17,0.092,31385.6,22663.4,9450.18
20.97,54.18,0.289,28226.5,17034.5,13667.5
8.99,51.29,0.086,39233.9,22635.9,25083.5
20.33,56.22,0.08,24727.1,15436.5,13560.5
15.11,87.2,4.917,21496,14866.8,8321.95
24.6,41.35,4.921,27892.5,16420.3,12541.3
17.29,90.2,0.073,26451.9,15087.3,16090.7
18.65,89.3,4.916,27015.9,15552.6,12849.7
17.17,73.1,4.918,29316.9,20380.2,11514.2
17.4,71.8,0.082,39656.6,22171.9,26053.8
31.46,39.71,0.07,42635.5,29350.6,39838
14.99,68.87,4.921,27068.9,18665,12242.9
13.33,70.7,4.919,41498.7,24802.4,25324.3
23.81,61.49,4.918,35165.3,20990,14438.2
21.64,67.44,4.927,42378.5,26136.2,24689.9
14.76,79.7,0.087,39866.2,33776,15777.2
24.45,40.61,4.922,32613.1,18931.2,18589.1
17.05,56.17,0.087,26488.2,21753.9,10712.1
24.87,88.6,4.917,37558.3,26291,29811.2
21.41,83,0.066,45711.3,27898.1,27713
19.01,86.5,4.919,40641,24613,23710.4
15.67,67.71,0.079,34443.1,27632.2,15944.1
15.99,82.6,0.071,35043.6,20921.8,19298.9
16.71,73.7,0.086,32758.5,20389,14249
14.85,85.1,0.074,24900.1,14029.7,16058.2
24.33,52.42,4.929,40313.6,22868.6,21910.4
18.11,56.86,0.08,43813.8,26351.7,25541.1
17.24,64.84,0.085,35246.9,28856,15505.9
24.07,93,4.924,22816.2,15042.4,11261.2
13.64,72.1,0.083,43834.6,25907.6,25824.5
16.23,67.02,4.918,23027.7,19149.2,7338.8
25.06,58.75,0.074,50893.9,34163.9,38400
20.83,67.87,0.074,38941.5,32318.2,17430.4
9.75,79.5,0.089,29384,23620.7,10228.1
14.77,85.4,0.068,24949.7,14088.4,16546.9
9.45,89.4,0.082,21183.3,16665.2,9012.24
21.81,85.4,4.918,46016.4,26768,32391.9
23.8,54.93,4.918,30216.1,19788.6,24016.1
16.77,62.41,0.084,35064.6,28930.2,15626
12.5,78.2,4.918,21073.8,17585.8,7877.07
16.24,75.7,0.069,39124,33437.3,16001.9
10.38,90.3,0.081,27587.7,24076.9,10565.8
13.59,87.3,0.068,34677.8,20342.6,18816
26.9,73.3,4.916,36594.8,24846.8,31927
21.48,77.2,4.919,43763.4,26678.6,27208.4
23.95,93.3,4.927,24951.5,17076.2,12531.2
19.33,86.6,0.073,38801.2,31694.2,17180.8
25.91,88.2,4.911,37219.4,27089.3,30112.1
14.71,62.47,0.078,32573.2,20684.5,17256.9
10.23,72.4,4.925,33864.6,28000.4,14660.2
15.55,71.3,0.085,28118.6,22773.9,12279.5
16.42,74.1,0.071,33490.6,20753.8,16175.4
14.86,60.39,4.924,25569.2,17996.3,8506.99
22.72,74,4.916,36299.5,22662.8,12849.7
8.96,81,0.086,25575.7,21157.4,11000.2
25.02,60.42,4.924,44996.1,26671.4,19503.5
11.26,66.48,4.918,24144.4,14451.1,13881.9
11.88,68.18,4.919,24772.9,14480.2,15416
27.45,37.32,4.915,35044.8,24140.5,26474.3
16.29,75.9,0.066,23710.8,17702.5,11201.9
23.92,54.49,0.082,33658.8,21898.8,11741.8
21.87,67.02,0.281,28819.1,17420,14026.4
12.8,77.3,0.075,27243.6,16141.5,16281.3
9.83,87.9,0.07,23407.7,13529.3,13761.3
17.85,71.8,0.073,24464.2,19266,12500.4
12.29,65.58,4.913,31838.6,19072.3,15965.9
15.99,79.7,0.069,35440.4,19400.4,19514.2
22.61,68.67,4.924,23728.9,15763.3,14604.9
22.17,56.91,0.085,37550.3,19481.7,16385.8
21.18,71.3,0.067,32595.9,21392,16090.7
19.02,86.3,0.065,40968.4,24891.6,24340.1
16.61,84.8,0.074,35434.2,20613.8,18536.7
9.45,76,0.083,29225.3,18091.2,13110.4
9.47,84.4,0.086,21557.5,13878.4,14122.4
11.98,74.6,4.921,28236.3,16818.3,14400
10.34,53.67,0.081,41796.6,23883.3,25980.8
19.7,84.8,0.065,35081.3,21540.1,21415.4
19.19,89.2,4.922,21579.5,13515.8,10744.6
17.55,50.04,0.075,31878.3,25778.5,10084
24.88,72.7,0.327,35509.4,23508.5,15579.7
22.71,75.9,0.073,46842.9,26217.9,27848.9
21.07,79.4,4.905,24430.6,16017.7,16828.1
15.9,58.32,0.077,38813.2,25163.5,23664.6
16.59,70,0.074,37517.9,32023.3,14947.4
25.58,61.22,0.303,34757.5,19440.7,15891.5
19.79,57.82,0.07,37342.4,20949.8,23220.7
20.74,85.8,0.066,26613,17027,16783.8
10.85,77.8,0.076,24692.7,15592.7,11479.5
28.13,64.53,4.911,40741,22951.9,28167.4
23.69,60.65,0.069,35284.8,22067.8,17516.3
26.28,43.35,4.963,28296.6,15762.2,15544.4
13.7,78.5,0.084,30914.4,19809.1,20686.3
24.29,84.1,4.918,38297.9,25241.8,30631.6
18.55,81.6,4.912,21642.5,13957.9,10779.6
20.24,85.4,0.067,41896.7,23841.6,23955.7
11.86,85.8,0.087,34988.9,20034.1,17169.7
15.73,72.1,0.072,31575.4,26509.1,8321.93
21.07,77,0.078,27757.4,15552.6,12914.2
16.41,77.9,0.07,32774.3,15048.9,17739.6
14.84,71.6,0.073,25444.7,15470,15169.6
15.19,84.9,0.096,25132.3,15897.5,8170.21
23.37,62.76,4.908,44332.2,29301.3,34433.5
15.84,86.5,0.078,32997.5,18220,18548.4
17.08,89.8,4.92,25775.1,17861.8,8794.65
30.5,25.11,4.914,42948,28819,37771.4
8.22,50.45,0.089,26694.9,16085.1,17442.1
18.33,78,0.08,36284.9,23060.1,16889.4
21.16,78,4.917,44554.9,27907.5,18768.1
23.01,61.32,4.911,43938.4,30670.3,33843.8
20.32,59.75,0.08,34242.1,18411.6,20623.8
23.46,57.65,4.908,29986.4,20157,25600.7
13.37,76.3,0.084,24205.6,13637.5,15650.9
15.81,68.32,0.073,33587.8,20819.5,16620.7
13.06,87.3,4.909,24199.6,19097.9,11181.5
10.83,74.4,0.079,36136.9,31758.2,15419.9
20.07,73.1,0.083,40777.7,24848.2,24729.6
15.78,82.1,0.074,31100.3,15510.8,18856.7
21.03,76.5,4.917,40609.9,23915.4,18079.5
11.49,78.8,0.085,23720.2,13503.7,13349
26.17,84.7,4.909,31932.5,22493.3,25610
22.12,50.88,0.081,32029.7,20881.5,17285.9
30.28,27.11,4.916,34878.9,22105.1,22997.8
22.84,50.13,0.084,30523.1,26152.1,11207.7
23.02,41.59,4.918,43272.4,24453.3,25803.4
14.12,89.7,0.079,24317.2,13784.1,11636.4
18.86,78.8,4.916,25192.9,16283.6,11782.3
15.07,71.8,0.072,24180.8,13696.1,15936
24.16,93,4.92,27329.6,17981,20132.9
15.61,73,0.072,40806.2,34895.5,17511.3
26.37,36.14,0.082,31324.6,18347.6,16850.3
14.58,72.4,0.072,36320.9,20368.2,19147.6
21.28,62.12,0.082,45009.8,26975.9,26089.1
16.18,65.95,0.079,30752.9,24324,8729.89
24.89,62.94,0.069,35882.4,21237,20588.3
15.16,84.3,0.071,31912.5,18876.2,15901.1
15.89,86.3,0.071,36544.1,21776,18885.8
27.91,46.9,4.925,31057,19665.3,19111.4
18.22,63.25,4.917,34493.2,20728.3,16690.1
16.23,75,4.92,25011.7,15316.5,15057.5
24.82,89.1,4.913,44430.6,26815.6,24809.5
17.04,74.1,0.076,35702.3,22220.1,15215.4
13.65,65.83,4.921,33113.8,22593,10213
21.04,81.6,0.069,44439.7,26584.6,27949.3
20.84,77.2,0.278,36420.5,20806.7,19821.7
17.7,88.2,4.918,37141,22751.7,21739.9
15.13,66.39,0.075,23672.4,13967.4,12765.1
25.52,55.72,4.922,42109.8,28747.7,19375.1
34.81,25.68,4.909,39254.8,28568.4,27510.6
20.72,68.3,0.082,27892.5,22332,13486.7
15.72,83.6,0.077,38081.7,21006.1,25163.6
18.78,87.8,0.07,26880,16614.2,16259.8
18.4,62.4,0.082,26390.9,20579.3,8879.71
9.74,82.8,0.081,20712.9,13736.2,13931.6
20.54,78.4,0.068,41069.9,33483,17490.1
13.11,48.93,0.082,33545.3,21253.5,16672.8
25.4,68.89,0.264,33820.9,20990,15744.4
11.81,86.3,4.916,31606.8,20954.4,16857.4
15.81,64.56,0.083,31422.1,23871.1,8752.94
12.99,52.77,0.077,24991.6,20837.1,11109.7
13.48,70.2,0.082,34445.6,29788.3,14163.7
7.26,89.2,0.085,23113.2,14538.6,14287.1
24.9,65.78,0.067,39862.3,22823.7,22023.9
16.86,77.5,0.085,27564.8,19400.4,11677.6
21.41,70.6,0.068,32872.9,20296,16277.2
12.56,77.3,0.083,32905.5,17875.6,16757.4
35.08,19.04,4.911,47502.5,31735.4,43314.5
27.06,64.92,4.924,38408.5,24428.3,21529.3
29.11,48.56,4.911,39650.2,27296.2,33174.2
20.25,62.8,0.082,34603.4,20962.1,18368
15.46,57.01,0.081,43736.9,25995.1,25477.1
18.98,59.95,0.086,34131.1,19884.1,17645.8
18.66,88.2,0.301,27066.9,15904.4,13608.7
11.62,79.4,0.075,43389.2,26370.8,25390.3
16.51,66.92,0.081,20848.7,16396.4,8764.47
12.21,77.8,4.915,23155.9,13535.6,14709.7
11.83,49.65,0.083,24473.9,14928.9,11340.7
18.81,84.1,4.916,25885.4,15949.2,15507.7
20.97,43.12,0.085,36258.9,21292.1,18036.4
21.26,88.8,4.913,38031.3,22120.2,28002.5
20.32,69.72,0.277,26971.3,16117.7,10308
26.17,66.06,0.322,33164.6,22079,16656.3
18.61,85.4,0.068,22209,12445.8,10948.7
17.41,48.3,0.084,22146.8,13010.3,13908.4
21.47,87.1,0.36,31335.9,19268.6,17115.3
14.18,49.97,0.082,20654,15693.2,9288.84
30.13,26.31,4.903,42048.6,28462,37186.9
5.801,90.2,4.922,27433.2,17401.8,12845.7
26.54,70.9,4.919,35701.8,23111.4,25046.4
17.95,56.88,0.075,32413.7,25793.2,9726.77
10.15,74.1,0.086,22420.3,13535.6,14324.8
9.82,87.5,0.081,22363.1,17140.9,9605.78
12.85,85.7,0.073,33663.1,18952,18235.2
9.92,80.9,0.09,30555.9,19116.1,14301.7
13.84,72.1,0.084,43077.4,26180.5,25223.2
23.08,78.6,4.914,28296.1,17312.7,21883.2
23.71,47.57,0.08,39010.3,24137.2,23873
26.85,36.01,4.926,31061.9,17614.6,15920.9
21.29,58.91,0.082,32360.2,20546.3,15851.6
26.22,85.7,4.907,39731.9,28400.8,31063.1
20.33,89.1,4.916,25214.3,14037,17528.1
8.8,81.6,0.085,26257,22044.8,11576.5
17.51,75.5,4.915,33691.1,20498.5,16348.9
26.72,41.28,4.93,30998.2,17498.5,15756.2
21.01,26.64,0.088,30594.7,26308.7,9415.61
25.28,55.75,4.902,49455.4,32194.7,35342.4
20.14,68.58,0.071,36676.9,30585.1,17066
18.95,58.36,0.082,39442.6,22958.4,24286.5
10.08,79.7,0.092,31838,20057.1,15290.6
17.39,78.3,0.075,35111.8,18887.2,21009.5
11.55,81.8,0.081,35510.3,29394.3,15103
17.78,61.82,0.074,33873.7,21032.9,16629.7
14.51,71.2,0.081,26970.9,15118.5,17728
28.92,28.61,4.908,42813.2,30544.9,33127.5
16.65,68.16,0.073,32660.4,20246.3,16676.1
22.22,84.9,4.915,26997.2,16874.8,15004.9
28.09,70.3,4.928,37277,21999.2,17502.7
12.5,74.2,0.085,23568.1,19331.1,7145.26
19.75,74.3,0.07,36596.9,29789.3,17251.1
16.51,78.4,0.087,30602.4,18534,11105.7
17.97,86.3,4.922,29838.7,18297.2,17262.5
16.58,58.04,0.084,33265.4,27538.5,13385.8
13.67,86.8,0.07,33078.1,19554.4,18222.5
18.95,85,4.91,28655.2,18902.8,12866.7
12.88,76.8,0.082,31732.3,24920.5,9225.45
18.26,40.73,0.088,34839.5,21198.8,16268
13.69,84.7,4.923,24478.4,13615.5,16145.5
27.47,55,4.923,33778,22243.7,22313.4
13.59,86.9,0.079,21956.9,17278.5,8304.58
13.15,86.4,0.085,36218.7,22603,22733.5
12.03,83.3,0.078,21661.5,15002.5,10641
21.22,67.43,4.927,36687.7,23231,18125.3
18.53,64.32,4.923,26953.5,16289.6,8853.01
28.02,43.18,4.906,47700.2,31158.2,47279
14.26,89.5,0.07,31106.5,16170.7,18496
12.14,83.2,0.077,37781.7,23226.7,17743.1
27.03,59.42,4.903,33498.8,26838.4,23744.2
9.29,81.2,0.09,23562.5,14115.5,14932
23.76,63.42,4.919,28768,17319.5,14475.2
20.75,89,0.066,25316,15997.9,12181.7
21.17,73.2,4.923,45939.8,27916.8,20104.1
18.11,74.3,0.074,41604.2,25469.4,25474
18.12,88.6,4.918,24047.2,15209.9,10948.7
18.8,81,0.069,35227.3,21845.2,17361.6
17.75,79.1,0.067,21302.6,13211.1,10703.8
20.11,80,0.067,35144.6,29644.2,18407.7
15.54,57.61,0.08,29843.4,16150.8,13974.5
14.15,72.3,0.086,30454.8,23919,9357.98
20.74,61.67,0.073,30252.3,24642.1,11745.5
13.56,51.32,4.922,35865.8,21089.4,17170
19.58,80.7,4.909,28301.4,17631.3,16942.9
30.23,51.7,4.92,40211.6,21565.8,25052.4
20.41,86.4,0.076,22734.8,14736.8,11100.6
12.96,75.7,0.078,33040.3,17992.7,16751.6
17.51,49.23,0.084,29827.7,21733.9,9871.81
18.08,62.12,0.091,32719,19641.3,18066.5
23.04,64.33,4.919,36192.2,23448.5,12634.7
13.24,47.35,0.083,25081.5,16183.6,12219.8
20.04,74.3,0.07,31087.6,24173,9926.81
16.47,80,0.074,43128.7,21995.9,28375.3
26.8,77.3,4.906,33498.8,26682.6,28788
19.08,59.46,4.922,26008.2,15946.1,8893.86
10.63,78.4,0.07,24694.5,14685.4,15218.7
18.18,79.6,0.082,35831.6,23242.1,16761.1
21.6,72.4,4.919,25277.9,15163.4,18284.3
20.56,87.2,0.071,42317.7,27436.9,18190.4
11.23,83,0.074,36876.3,25609.8,23278.1
25.72,40.22,4.909,39003.1,26853.6,30545.5
23.88,58.87,4.92,43918.4,27707.3,32805.4
10.79,83.5,0.072,24326.8,14367.1,14347.7
14.43,63.27,0.081,30081.4,17026.1,12955.7
13.8,57.26,0.086,33332.7,14804.9,16811.6
25.25,70.2,0.246,33062.7,20836.6,15426.7
15.93,85.3,4.909,31943.5,19017.1,19869.7
17.46,89.7,4.937,25434.7,16599.6,11064.8
10.4,72.9,0.085,25616.2,16066.9,15967.2
20.68,77.4,4.913,28998.2,18669.1,19236.1
13.75,58.44,0.077,41643.6,24190.2,25292.9
16.88,64.91,0.084,32366.3,19917.1,15781.9
26.52,57.67,4.922,29995.2,18838.3,18579.7
14.24,66.34,4.919,32973.6,20571.4,16139.6
14.41,63.85,0.08,22509.2,13590.3,13777.7
16.88,56.92,0.076,31677.6,26080.4,10141.7
12.19,77.1,4.914,22252.9,13181.8,13951.4
21.66,34.47,0.085,33171.2,18494.9,18466.9
13.14,56.38,0.081,28702.4,17671.7,17442.1
29.07,50.76,4.91,37360.3,24998.7,27715.5
19.66,69.26,0.09,37698.4,23448.5,16328.8
14.93,57.34,0.082,22905.8,13608.5,14356.6
29.91,65.59,4.904,48918.4,35490.6,39916.7
21.06,61.87,0.069,32067.7,25482.6,18783.6
24.33,69.76,4.91,48223.3,32107.6,43585.6
10.39,82.2,0.086,22487.1,14327.1,14492.5
19.2,70.3,0.075,31757.5,18403.3,18874.2
18.69,86.3,0.166,27867.3,17432.4,12167.8
30.91,35.15,4.924,49294.9,31560.8,42223.9
15.5,66.61,0.081,32067.7,26059.1,14880
21.68,55.63,4.918,34241.4,20301.2,16832.9
28.28,76.4,4.905,43618.7,34559.2,37828.2
13.63,85,0.071,33996.3,21051.2,15944.5
21.9,70.1,0.277,27589.4,16798.8,13314.5
30.21,45.45,4.904,38811.3,28803.8,28264.3
12.51,71.9,0.084,26363.3,14784.9,17233.5
19.71,70.9,4.916,26474.6,18067.2,11239.9
15.02,77.4,4.911,23616,11890.2,14835.5
23.08,88.3,4.92,32066.8,20109.8,21679.7
24.94,38.98,4.915,30860.3,20783.5,25269.3
11.63,90.7,0.079,24032.7,13993.9,14911
14.56,61.05,0.083,20489.7,16878.8,9346.46
16.29,63.75,0.087,32669.2,28138.7,12873
20.53,74,4.924,33867.5,20344.3,16778.6
12.1,49.81,0.084,33547.1,19181.8,17575.2
24.39,91,4.916,33492.4,20467.2,19555.1
23.54,35.38,4.917,33169,22884.1,16188.4
23.1,78.3,0.272,44786.5,25686.5,22422.2
14.47,38.52,0.079,30661.6,26618,10199.3
13.9,70.4,0.076,30313.2,17719.1,16226.4
25.87,82.5,4.923,40025.9,27218.6,32838.6
32.21,24.35,4.916,39631.1,26908.9,27347.9
12.76,85.3,0.068,42602,24849.8,25980.8
20.61,55.71,0.079,31658.3,19818.3,21550.5
33.11,33.08,4.906,41793.5,31112.7,32360.8
7.21,87.9,0.087,23180.9,14590.2,10614.2
12.11,90.1,0.082,23040,13741.5,13854.2
20.41,75.8,0.068,29202.8,19733.5,20151
23.94,54.58,0.087,45298.6,29169.7,19859.5
20.78,82,0.271,32278.9,19747.6,17556.5
10.16,60.38,4.922,22228.5,13681.5,12984.6
28.79,50.63,4.907,40364.7,28055.7,32788.6
12.96,57.98,0.09,23872.2,19216.9,9749.82
9.85,85.3,0.089,23138,13232.9,14580
23.95,47.52,4.91,29686.6,19898.7,24437.8
21.28,78.1,0.071,45098,27024.1,27220.1
14.11,66.32,0.08,22979,14071.7,13910.8
17.61,89.2,4.923,35894.6,22183.3,21075.3
13.94,65.77,0.077,23998,14637.1,14958.6
24.68,92.4,4.917,34988.3,21524,16702.2
18.66,75.9,4.919,32871.1,25663.1,15494.2
12.08,86.5,4.919,21636.9,15445,10629.4
23.66,63.21,4.928,34459.2,25566,12412.9
16.92,58.58,0.077,34019.2,21220.7,16464.6
19.05,92.9,0.075,31144.3,20442.3,10142.7
21.07,57.53,0.085,31844.3,16493.3,18496
21.13,67.68,4.921,26473.1,16675.3,13664.5
14.25,77.1,0.087,31177.5,18508.5,15886.5
19.13,58.77,0.08,19011.1,11126.9,10779.6
31.37,18.47,4.921,34923.2,20773,13608.7
19.51,80.3,4.921,32167.9,21380.8,15146.2
20.18,69.47,4.912,26618.5,17491.1,17249.9
11.71,75.8,0.084,23374.8,12387.4,14429.1
20.6,70.8,0.079,37573.5,23632,23536.2
12.6,71.8,0.079,25883.2,15563.4,15863.2
18.79,84.8,4.922,44556.6,26790.1,25920
18.5,70.1,0.072,32377.5,19349.1,17152
16.94,69.92,0.088,42322.7,21589,28369.5
15.28,85.6,0.071,23169.2,17289.7,10750.8
21.18,77.3,4.922,47175.9,32340.1,16885.8
21.76,93.1,4.916,32693.1,22408.3,12743.8
15.59,66.66,4.917,27974.4,15792.9,13848.5
11.36,86.1,0.082,32562.4,19880.5,19637.4
13.84,85.2,0.082,30188.8,17380.4,21015.3
25.08,50.95,4.916,34859.8,23851.9,31571.5
8.67,86.9,0.084,24292,18377.4,7571.67
24.07,85.9,4.918,28040.9,18319,20654.1
9.41,85.7,0.082,21189.4,16801.5,9536.61
23.01,83.3,0.06,29858.9,19219,23208.7
9.9,86.1,0.084,29706.9,17593.9,13987.7
23.63,55.49,0.315,42989.7,25750.1,20027.6
14.06,50.38,0.08,37907.8,23985.4,19194.2
21,68.3,4.925,37556.5,22053.3,17589
24.88,50.38,0.068,36543.6,23111.9,18798.3
14.3,44.09,0.08,31124,25796.9,9732.53
26.04,67.16,0.259,36044.6,22352.2,16091.5
15.13,87.8,0.069,21272.9,12204.1,11403.6
26.85,52.44,0.067,35705.7,20035.9,19786.9
5.888,85.6,4.914,21507.7,16966.1,9761.93
22.79,71.1,0.067,46258,28811.2,29745.2
14.32,80.1,0.073,33245.6,19525.1,18251.6
9.27,68.45,0.082,23211.6,13646.3,14475.5
16.69,65.61,0.074,31434.2,26629,11830
16.46,81.1,0.073,36593.7,16933.2,19141.8
11.07,52.62,0.084,33705.8,19969.6,16087.5
16.52,81.9,4.914,24829.8,18840.2,11595.9
24.11,89.3,4.911,26095.8,17349.9,15654.9
11.66,55.54,0.077,37998.5,33094.8,16768.3
17.63,62.94,4.919,26180.7,16716.4,16098.5
21.6,84.1,4.92,26346.9,14418.7,12708.5
19.56,84.2,0.071,43108.7,25084.8,25634.3
31.89,40.39,4.929,39867.1,26829.1,28878.3
22.46,65.24,4.924,42844,26779.2,32267.8
34.03,33.18,4.906,41723.3,27763.3,28125.2
19.99,55.21,0.082,30662.8,15570.7,16211.6
17.51,70.8,4.925,44770.6,27388.2,25797.6
19.74,81,4.916,36746.8,23060.2,16550.5
21.04,52.16,4.903,28716.9,19311.5,18664.3
27.48,74,4.927,37673.3,24253.4,26934.2
28.65,34.87,0.085,36284.9,21978.9,18585.9
12.87,85.9,0.09,22335.3,13778,13790.3
13.57,60.13,0.087,35210.1,14575.1,16603.4
8.09,77.2,0.083,24777.7,15370.2,15614.5
13.21,64.47,0.081,23684.1,14819.5,15562.4
27.73,44.7,4.918,33422,21802.1,24369.2
25.11,70.7,4.905,45021.1,30843,35138.4
16.19,85.9,0.068,23622.8,12614.7,15546.2
29.33,60.79,4.905,40332.8,28032.1,27626.3
6.475,82.4,0.091,25014.7,15465,14521.4
35.22,32.88,0.069,34706.7,24049.4,24136.6
10.23,49.98,0.093,21850.2,12992.1,14032.4
16.51,80,0.071,37212.3,31012.8,21744.6
13.92,85.4,4.914,26894.3,16434.1,16542.6
12.46,69.96,4.923,41820.8,25243.8,25607.7
23.92,81.9,4.914,24889.8,17981,18195.8
22.6,78.9,0.069,35780.7,22606.7,18302
13.62,73.2,0.086,30276.9,23150.8,16198.6
26.68,38.28,0.272,37669.4,23923.9,14891.3
26.04,86.1,4.912,27476.7,19505.4,21017.7
12.79,67.21,0.082,38120.5,24339.2,24115.7
15.85,77.2,4.915,25495.1,15239.6,15140.4
20.76,61.53,0.072,31979,18323.2,17676.4
20.93,60.19,0.082,33512.2,19913.6,17757.1
23.31,58.28,0.072,34038.7,22928.5,16382
13.83,69.72,0.074,33455.6,20746.5,19508.7
14.4,81,0.085,23765.4,13802.4,11723.6
30.81,52.45,4.91,36384.3,25439.2,29095.2
14.94,85.2,0.083,24631.9,15078.4,15475.7
23.59,65.7,0.078,35165,24834,13580.1
23.69,54.98,4.919,40562.1,22988.4,22075.1
16.43,76.5,0.079,22181,17103.4,9790.16
14.37,69.69,0.074,39087.5,23704.6,19149.8
19.23,69.48,0.074,21698.5,16720.7,10473.3
22.76,77,0.066,27922.6,21779.6,15135.5
20.59,72.6,0.068,32166.2,23526.4,11878.6
13.99,86.8,0.07,28018.8,14480.7,19345.5
11.39,49.03,0.079,22217.5,18933.4,10003.4
13.62,74.8,0.071,42632.5,24973.9,25095.1
12.43,84.9,0.077,27402.9,17151.2,11996.1
18.22,76.8,0.087,33475,19932,17256.7
25.63,91.8,4.906,25840.1,17426,16389.2
9.93,84.4,4.932,22633.8,15162.4,9039.04
10.48,86,0.084,22010.6,13273.2,13656.8
12.56,67.49,0.084,34694.2,21465,23972
19.37,78.8,4.924,46344.4,27659.4,26456.4
20.56,56.27,4.92,40496.5,32833.2,17898.6
28.12,48.52,4.926,37730.9,24238.2,25808.7
26.11,31.22,0.083,41660.9,24516.4,25873.4
14.43,65.22,0.081,40795.9,25112.5,23653.6
18.76,87.7,0.071,27459.1,17130.7,16510.4
16.93,89.9,4.907,25510.4,14571.8,10557.1
13.05,65.77,0.083,39209.1,34251,16203.6
28.71,32.98,0.313,36057.3,23557.2,14503
25.83,49.22,0.337,32100.5,18984.2,16232.7
24.61,68.4,4.904,30094.9,20267.1,23262.9
13.28,64.51,0.082,34608.8,21173.3,15954.3
17.09,77,0.079,31774.5,26070.1,11485
8.08,94.3,0.079,21962,16403.8,7923.17
14.52,68.89,4.917,29409.2,23991.3,13093
20.03,81.6,4.919,22582.3,11645.7,13522.7
22.23,51.79,0.078,33034.2,20971.3,17522.2
27.07,72.3,4.914,32958.9,22439.2,24214.9
19.55,55.79,4.92,32683.1,26613.2,10652.5
27.31,32.48,4.911,42909.8,28302.5,39645.2
22.54,51.72,4.916,29603.7,19538,24257.1
13.46,72.4,0.077,21746.4,13342.2,13847.2
19.46,61.54,0.074,35936.4,21677,19368.7
21.75,81.1,0.084,30859.9,19594.2,14580.2
23.82,82.8,0.066,28946.7,19105.1,22654.4
10.75,78.7,0.082,23708.4,15906.4,11820.7
22.59,78.2,4.926,45799.6,27621.2,20192.4
13.74,71.7,0.08,43468.5,25506.4,25645
21.39,80.2,4.922,28410.9,17946.8,22208.5
24.9,42.88,0.083,31462.8,18653.9,18247.8
9.05,85.2,0.076,25907.7,15475.6,15973.5
15.87,79,0.089,29561.7,19382,13344.8
12.02,48.58,0.091,32930.8,20436.5,16272.7
20.37,86.7,0.069,23370.6,15099.8,13044.2
8.46,70.8,4.917,21913.8,17207.9,9652.05
12.84,67.56,0.085,21709.8,13750.8,11288.4
28.91,64.99,4.904,41317.3,28632.7,27223.1
15.35,59.3,0.077,30871.9,18649.2,19408.2
16.91,75.7,4.921,26162.4,16621.7,15356.1
22.58,70.1,4.912,43542,29016.7,30455.2
13.41,56.44,0.083,33858.3,21224.3,15120.7
29.44,51.19,4.907,37194.4,25260.8,28607.2
31.01,33.12,4.912,35682.7,20643,27637.2
16.4,60.31,0.081,28094.3,21938,10032.2
15.86,63.18,0.079,26042,20064.4,13922.4
19.84,89.1,0.273,27430.1,17116.8,14085.2
13.88,87.7,0.069,26884.1,13721.8,18664.7
16.32,86.2,0.071,34064,20269.2,17035.6
26.41,84.5,4.907,50606.2,35023,40163.5
19.02,61.25,0.095,26606.9,15994.6,11520
12.43,80.2,4.926,25162,19754.5,7283.55
22.78,58.26,4.908,30037.5,20081,25088.5
13.34,76.8,0.085,24813.3,13813.4,15936
21.19,67.34,0.07,39846.2,32969,17025.5
12.26,73,0.089,24453.6,13234.2,15581.1
18.45,67.47,0.074,42235.9,21647.7,28346.2
24.12,57.6,4.918,35382.9,26194.9,31704.1
24.49,52.95,0.095,33910.9,22653.1,12856.4
20.61,66.73,0.082,24987.3,19736.5,12366.2
19.07,51.82,0.082,34361.6,21237.1,17309.1
21.59,91,4.916,36337.7,23018.3,13785.2
22.7,84.3,0.33,38708,23605.8,20751.3
17.76,67.22,0.083,27437.3,20958.6,8781.75
25.81,43.25,4.912,29138.1,19234.2,22811
21.77,60.26,4.905,27358.4,17719,20310.6
8.83,51.07,0.092,33974.2,20721,22426.4
14.77,59.91,0.082,20733.1,17026.1,9559.66
14.17,76.8,0.083,22295.6,13531.9,13934
20.91,65.99,0.198,27879.9,16487.6,13124.9
23.86,72.9,0.301,34094.9,19343.5,16968.2
20.61,72.2,4.92,32910.7,20745.5,17396.6
22.76,59.8,0.095,36734.2,23597.9,12296.2
17.81,70.4,0.077,22569.5,14231.6,10817
15.16,82.9,4.92,25957.8,20188.4,12436.2
16.43,73.8,0.09,23040,13798.8,11857.5
12.29,71.8,4.918,22756.9,16988.4,9958.55
27.83,66.4,4.913,40683.6,23202.5,27992.6
11.17,62.75,0.086,25969,14919.5,15607.7
17.17,50.03,0.082,18902.3,13316.7,14139.8
14.7,87.7,0.088,23126.8,12182.1,13300.4
23.52,55.49,0.33,39886.7,23965.1,19386.3
19.49,77.7,0.077,20899.7,11795.7,10738.8
14.73,78.5,0.084,34406.2,29116.1,18031.8
14.09,64.87,0.078,39597,24000,25798.6
30.62,35.51,4.918,44778.7,28048.1,33668.3
23.24,57.65,0.273,45952.6,27647.4,21504.4
24.26,78.6,0.066,47352.2,31867.8,36269.3
24.13,93.3,4.922,27598.1,18726.1,13704.8
7.23,87.4,0.083,22784.8,14279.6,14330.6
15.04,76.9,0.075,40502.3,25258.4,24248.7
11.48,73.9,0.078,38491.3,32763.4,15909.7
15.31,69.59,0.085,27273,22206.8,9749.82
17.07,72,0.077,26225.3,15763.5,16079
26.52,40.05,4.906,35269.6,25222.8,28806
10.78,67.9,4.922,26658.5,21369.4,8692.05
35.97,21.31,4.921,39937.3,27638,28251.7
16.75,78.5,0.082,26430.5,15949.8,11870.2
17.88,72.8,0.08,25218.1,15009.3,15665.1
20.96,61.51,0.069,32024.6,25073.6,18997.6
23.8,67.69,4.921,31642.2,20278,11134.8
22.58,59.03,4.921,33955,19247.3,13819.3
17.03,55.76,4.925,28418.5,20458.3,9432.29
30.77,42.69,4.908,42335.7,34222.8,29342.3
14.38,47.06,0.088,42583.7,24397.6,25176.1
27.66,44.78,4.905,41400.4,28073.9,25423.4
28.26,37.55,4.909,38753.7,26659.8,26127.6
13.63,84,0.085,36654,32012.3,15137.6
16.25,53.16,0.083,32985.6,26960.4,10931.1
19,70.2,0.073,32538.7,19451.7,15325.1
14.51,54.89,0.084,30825.9,25734.3,9611.52
9.6,73.4,0.083,22430.4,17939.2,9893.88
21.09,65.52,4.923,33709.2,21383.4,11747.6
23.8,84.3,4.919,36477.9,23660.4,25200.8
21.08,72,0.071,33011.4,20845.8,16265.6
14.44,72.2,0.075,37110.5,23299.7,17332.1
13.66,68.67,0.08,39519.4,33680.3,15517.9
14.54,81.2,0.074,22684.6,13723.2,14934.2
15.91,69.37,0.071,31782.3,19558,21428.4
20.3,87.7,0.065,25608.5,16974.6,11904
11.82,76.8,0.086,35908.5,21931.9,21552.2
18.49,81.9,0.078,24500.5,14559.8,14306.7
22.57,86.6,4.916,36524.5,21835.8,28244.7
25.1,85.3,4.922,48912.1,29320.8,27301.3
35.95,25.08,4.91,40415.7,29441.8,32005.4
24.3,59.49,0.317,32221.6,19485.7,17397.7
22.87,68.52,0.069,27388.6,19811.2,17829.4
12.88,73.8,0.081,22959.7,18462.1,7289.32
10.46,85.4,0.077,22560,16899.2,10161
20.39,57.56,4.923,35176.9,22517.6,18276.9
25.37,51.3,0.072,36391,20889,18786.5
25.94,47.95,0.351,40026.9,24765.9,19515.8
8.87,85.6,0.084,25646.6,16037.7,15868.9
13.04,77.3,0.091,25193.8,20811.6,13335.9
18.25,76.1,0.073,34875.1,20860.6,16182.9
16.5,64.72,0.088,31458.6,24983.1,9334.93
25.6,41.25,4.917,35820.4,22944.4,13037.3
21.95,80.6,4.913,24621.9,16146.8,16870.3
14.44,66.22,0.082,43923,26735.6,25434.2
24.57,59.27,0.074,38717.9,22191.3,20665.1
21.52,77.1,0.072,29550.2,14358.8,13073.7
15.33,64.82,0.076,33922.4,29309.6,14803.4
18.42,60.11,0.088,30904.9,26352.9,9323.41
16.85,71.3,0.084,23672.4,13314.9,15243.6
16.42,86.6,4.919,25806.6,18332.4,9389.91
28.59,61.61,4.92,39975.5,21664.6,23208.7
11.62,51.95,0.083,23562.5,14407.3,14677.6
14.38,57.33,0.084,34851.6,21056.5,16574.5
27.04,66.23,4.909,49862.6,31557,41018.9
14.26,42.42,0.079,29128.5,25292.4,10781.3
27.77,54.75,0.064,38562,26903.1,26181.8
15.89,56.28,0.082,32304.2,27034.1,10147.4
23.04,79,0.264,43862.7,25581.7,21945.7
23.4,56.09,0.089,45128.4,29065.1,20104.6
23.77,59.45,4.922,37191.5,22314.8,12790.8
26.7,69.46,4.904,36843.6,25989.9,33662.3
17.68,90,4.918,26066.5,16345.9,9360.74
28.53,70,4.917,35535.9,21991.1,29878.5
15.27,77.8,0.078,28211,18099,17559.3
20.78,86.3,0.071,45317.1,27490.2,27370.3
20.42,47.13,4.923,32905.5,20956.1,18162.6
18.6,62.92,4.915,32861.5,27420.2,11745.5
20.31,86.4,0.068,40688.7,23587.1,26850.5
13.32,66.28,0.085,37489,20890.2,23109.7
15.17,78.4,0.086,40943,34306.2,15742.6
22.58,59.86,4.909,32461.4,23624.1,26185.1
13.02,74.4,0.082,28359.8,17351.1,13550.5
20.67,52.99,4.919,30734.7,19680.5,10918.9
6.136,87.6,0.084,22400,18082.8,9294.6
28.95,40.85,4.935,37206.8,23653.9,13218.2
18.76,70.4,0.076,33458.5,27513.2,15637.6
22.07,70.3,4.919,21026.2,11723.8,10069.5
25.25,39.65,4.918,46232.9,26128.1,21675
28.28,72,4.916,36524.7,22625.3,30270.1
20.25,60.12,0.083,31165,16896,19265
19.63,68.92,4.916,24766.7,15661.1,9196
27.59,56.45,0.072,47362.1,31336.7,41410.5
19.04,79.2,4.91,25367,15673.5,14228.5
31.46,23.67,4.906,39757.4,28047.3,27927.3
12.84,53.77,0.076,25648.7,22652.3,11835.8
26.28,86.8,4.91,41406.8,29351.2,33187.7
20.66,83.6,0.073,30003.7,17981.3,13918.5
12.12,63.68,0.075,39768.5,23963.4,23574.2
24.19,82.9,4.919,24334.9,15968.4,18027.1
12.97,49.52,0.085,34213.7,21505.2,19142.2
22.96,79.6,0.256,42926,25185,21445.6
15.45,77.9,0.083,19339.9,13723.2,6522.93
13.77,70.9,0.074,30868.5,20272.3,19821.3
27.79,74.5,4.917,34713.1,21744.3,30975.1
29.3,50.59,4.924,32888.8,22557,21063.8
15.75,68.56,0.075,37047.8,19522,16856.1
13.06,81.8,0.076,35799.5,22198.2,23132.5
22.74,72,0.272,42206,24979.2,21698.5
13.91,64.49,0.081,28037.3,17266.9,17390
14.7,87.4,0.077,22400,17728.5,10600.5
24.25,49.45,0.083,32586.9,19858.5,16263.9
23.63,84.8,4.907,36256.7,23198.7,29999
33.46,31.38,4.905,41295.9,28663.3,31029.3
11.37,63.22,4.922,24284.7,14633.4,15387
14.94,86.8,0.07,23548.4,13351.5,15400.7
21.76,72.5,4.912,26127.3,16913.9,16575.1
21.15,67.32,4.922,27407.3,18829,13813.5
19.46,81,0.07,34988.1,20816.1,21769.1
22.03,64.36,4.917,36650,20344.3,20288.3
18.33,85.6,4.921,33880.1,20147.4,19262.2
9.16,59.33,4.922,25704.6,21202.1,8472.29
18.6,79,0.068,19723.1,14176.9,9137.35
16.41,77.6,0.068,32352.7,14378,17943.3
20.08,69,0.069,35907.1,22662.5,17903.8
15.15,86.9,0.072,28161.4,15774.7,18792.7
15.14,76,0.068,42355.4,26057.1,25607.7
8.77,80.3,0.084,22639,13572,14440.5
19.36,85.3,0.068,21778.5,16943.8,11300.2
20.66,69.42,0.077,29259.5,18033.4,18026.2
12.98,86.4,0.102,31422.6,19452.4,14138.7
27.19,64.65,4.918,39584.8,24949.1,22702.9
18.27,68.78,4.92,37421.1,30021.2,17186.6
28.11,34.48,0.265,35133.5,21296.9,15773.8
14.35,75.7,0.073,35750.4,20533.2,18594.9
25.12,76.8,4.912,32933.4,22363.3,22304.9
24.09,80.8,0.317,46717.2,27748.4,23734.3
20.85,69.88,0.074,31169.2,26605.8,17667.5
12.53,77.5,0.086,37494.7,24452.3,23444.8
18.85,89.1,4.922,25554.5,16274.7,11169.8
24.17,58.62,4.916,27879.9,16502.5,11905.2
28.58,41.55,4.903,38996.7,26918.3,26464.7
20.11,57.11,0.082,30901.9,15826.1,18635.6
21.6,71.2,4.917,37556.5,22480.5,19168.9
15.1,84.6,0.074,32194.7,21128,15578.7
21.02,80.3,4.924,45752.3,29692.5,19071.6
23.32,53.65,0.071,34169.7,21313.9,17495.7
14.51,69.19,0.083,43798,25995.1,25274.5
28.11,46.3,4.919,31635.5,19848.6,19442.2
11.42,68.93,0.083,23227.4,18881.9,8539.74
20.46,83.6,0.068,22315.2,14194.2,11301.4
21.5,89.6,4.911,27984.4,16252.4,13832.2
10.1,86.4,0.083,22598.8,13240.2,13697.4
11,53.91,0.077,23190.9,19283.2,7439.14
15.86,67.57,0.08,21997.4,15417.9,11703.1
15.96,70.1,0.071,30953.6,24666.5,9369.51
13.85,53.97,0.084,22924.1,11595.1,15398.6
25.58,48.68,0.074,23524.8,15706.3,18153.6
19.63,86.6,4.919,32562.3,22055.6,10026
13.8,68.01,0.092,19430.9,11606.1,10901.2
10.18,70.9,0.081,41778.2,26917.9,25370.6
12.66,75,0.074,27412.9,23326.2,12164.2
11.64,53.12,0.08,45381.3,28818.2,26677.6
14.93,90.9,0.069,34671.6,20181.3,17908.4
27.03,71.6,4.911,38376.6,26268.2,24255.8
13.45,75.1,4.916,25787.7,13996.7,11625
27.08,40.81,4.912,43841.1,28636.7,37873.8
28.33,66.66,4.904,40786.7,28484.5,30100.1
17.44,54.55,0.078,23280,18814.5,10617.8
11.03,85.5,0.08,23346.4,13522,14533.5
28.08,79.3,4.91,43356.6,30472.7,28420.8
20.44,73.8,0.304,26015.6,14104.4,13038
8.28,50.62,0.096,25175.6,14877.8,16492.7
12.25,76.2,4.917,42437.3,25225.5,25297.7
22.33,40.81,4.92,35063.6,25018,14959.7
25.21,46.68,0.203,34477.2,19365.9,15456.1
20.79,73.2,4.914,22607.7,14478.6,14739.7
25.38,68.92,0.27,35980.9,21978,15891.5
13.53,77.3,0.082,34206.1,23690,17627.3
13.12,68.73,4.915,25297.6,14783,14900.7
21.97,57.03,4.923,36025.5,19433.3,13979.3
17.65,77.2,0.085,35212.3,29476.9,16169.6
21.97,56.49,0.073,34849.6,22064.4,18160.3
27.02,51.85,4.91,47642.8,31108.9,46158.3
15.02,49.3,4.917,31698.4,16990.2,16327.7
25.8,56.91,0.073,35157.6,22011.6,17179.6
9.59,75.5,0.084,29717.5,18401.2,17962.4
13.94,82,0.085,23812.1,14809.8,11938.1
22,68.57,4.919,35554.6,21678,18481
11.68,71.8,0.087,35987.8,22482.7,22421.2
24.23,82.8,4.917,23697,15975.9,16984.8
20.19,85.7,4.913,33280.7,21760.6,15272.5
17.15,72.6,0.071,40880,35036.8,17580.7
21.46,53.05,0.085,30647.7,15892.1,18274.9
24.26,52.85,0.09,46766.9,28755.2,19550.2
25.23,69.15,4.918,30196.9,18019,21955.5
17.73,73.4,0.071,33778.8,18245.6,21218.9
12.64,74,0.078,21377.9,15718.9,9640.34
30.9,48.99,0.068,39191,27425.3,30812.4
19.67,52.35,4.919,44699.9,25607.1,19637.7
14.63,81.3,0.073,22549.8,13463.4,14731
11.55,76.1,0.077,19989.9,13641.3,13625.1
11.22,69.74,4.923,21390.8,17356.6,10398.1
15.21,78.8,0.081,23771.6,12611,15424
14.05,49.35,0.088,33211.1,21118.5,16441.4
16.48,58.43,0.084,27353.9,22234.7,16724.3
21.45,59.02,0.268,32138.8,19268.6,15744.4
24.78,66.99,0.307,33604.2,18699.8,15732.6
16,73.2,0.073,40744.6,34821.1,17540.2
10.27,88.9,0.078,22880.7,13803.7,13772.9
17.17,46.4,0.083,29590.9,25307.1,9548.14
12.28,61.49,4.921,28701.5,22656.2,9096.87
10.17,83.1,0.074,42519.5,27253.5,26122.4
20.61,84.6,0.071,28869.3,17208.3,13632.6
3.681,82.7,0.086,23052.2,14093.6,14481
17.63,77.4,0.068,23568.8,11316.4,13566.3
23.82,38,4.921,36133.8,24304.6,17723.1
13.95,64.86,0.076,23107.7,17959.1,10184.1
27.78,30.24,4.908,40454.3,28948.3,31935.8
12.68,48,0.077,43254.8,31106.5,15950.1
9.87,87.6,4.926,18596.9,12309.9,8026.99
16.13,62.75,0.088,30552.1,25174.6,9715.25
8.9,63.62,0.076,37171.1,31997.5,17114
15.21,69.36,0.074,33812.4,18109.8,15590.3
27.17,30.54,4.908,31657.7,21850.6,28215.6
15.5,60.58,4.915,31827.1,18980.5,16513.5
14.37,82.3,0.07,40121.6,20397.6,27514.2
6.168,57.6,0.09,18933.6,10719.8,10883.2
23.96,76.5,0.064,34707,22729,27524
26.25,45.52,0.31,37312.6,23306.4,15173.7
14.55,91.1,0.07,21787.6,10528.7,12357.8
25.24,36.99,4.916,45635,27430.4,28941.8
15.99,70.6,0.082,43996.6,26432.9,24996.8
17.14,57.23,0.086,33211.1,21519.8,17042.9
15.19,68.68,0.08,32348.4,21457.8,16314.2
11.21,79.9,0.087,40101.3,25820.1,24624.6
29.5,35.98,4.917,42948,29806.3,39464.4
25.38,61.84,0.069,39137.5,20918.9,20198.4
26.47,51.85,4.905,37551.9,24397.9,23371
20.1,69.67,0.072,35743.5,23026.6,17554
18.98,76.2,0.082,22404.2,14239.1,11147.8
16.21,86.7,4.917,25352.8,16704.1,10119.4
22.73,46.75,0.081,25252.5,12626.2,13298.2
13.54,85,0.074,24379.2,13520.2,15581.1
27.72,67.93,4.913,36460.9,22473.4,28287.9
14.55,88.3,3.082,21569.2,17497.9,9478.55
21.2,81.7,0.069,29105.2,18943,13894.9
27.27,38.15,0.318,36497,23471.1,15032.5
16.24,62.42,0.081,41972.7,24631,25544.1
20.09,56.46,0.085,32030.3,19451.7,15621.8
21.96,58.26,0.071,32444.9,20667.5,17466.6
21.53,64.18,0.073,30664.6,23916.9,12052
15.86,83.6,0.068,32600.7,19305.1,17716.4
16.71,80.7,0.072,27312.7,15680.9,12552.9
20.67,83.5,0.066,41998.4,24687.3,26897.7
31.4,14.24,4.927,33954.7,20005.8,13190.9
13.83,89.9,0.067,21563.1,17419.8,9519.04
24.12,53.32,0.089,46640.9,28452.7,19410.1
21.55,63.3,0.08,35704.4,18741,18632.9
13.68,69.14,0.117,40170.3,34398.3,15316.2
25.78,83.3,4.924,40236.9,25158.2,19332.4
22.1,81.6,0.065,37192.1,22849.9,19873.5
25.52,61.52,0.315,34394.3,18845.7,15709.1
13.04,59.95,0.085,22539.7,11573.3,15404.4
16.72,79,4.921,21063.3,12980.8,10616.4
27.23,43.58,0.083,28819.1,19792.4,24504.1
17.91,69.34,0.085,43314.7,24012.2,27601.5
13.06,55.94,0.083,22339.2,17784.6,8228.57
13.49,71.7,0.086,42779,25546.5,25372.9
35.94,29.58,4.908,41748.8,29954.4,32879
23.47,45.25,4.918,34854.1,17967.1,16403.2
26.95,38.43,0.081,31009.6,18237.8,18154.5
19.62,77.2,0.068,22227.7,18018.6,7512.29
16.14,64.42,4.921,29663.4,17014.1,14712.2
17.28,80.8,0.086,40698.2,22461.5,27467.6
12.51,68.35,0.077,39991.9,24477.8,25989.4
22.47,84.8,4.913,38274.7,22584.2,18015.4
21.2,79.3,4.916,37641.7,24531.5,15004
14.03,43.02,0.08,34676.8,28724.1,11778.2
14.79,50.92,0.082,36698.7,25054.1,20131.1
25.84,66.12,0.314,34184.1,21985.4,16597.5
21.01,74.5,0.073,33722.5,24131.8,25905
21.02,72.8,0.07,33426.9,22435.9,16230.6
27.98,40.98,4.903,39118.1,26074.3,24514.6
14.07,40.69,0.076,33192.4,27372.8,10251.1
11.45,77.7,0.074,24540.8,16738,16476.1
15.99,68.13,0.086,23300.4,14517.3,11956.4
16.42,64.55,0.08,28185.6,22118.4,9438.66
18.96,73.1,0.072,36695.4,30495.9,17071.8
14.87,70.7,0.067,25293.6,15287.9,15105.4
19.12,56.92,0.083,38946.8,22730.1,24115.2
8.78,85.5,0.082,25707.3,16858.4,16481.9
22.73,84.9,0.277,33011.7,20316.4,17597.7
21.37,61.24,4.916,45965.6,27624.9,27736.6
21.52,60.85,0.284,33317.5,21622.5,13414.5
24.78,89.2,4.919,46994.2,28636.5,25880.9
15.23,77.6,4.912,23120,18688,9183.61
18.84,76.7,0.079,33488.7,19997.9,11024
10.74,68.4,0.079,24401.5,20277.4,11086.7
20.81,86,0.068,45914.7,27494,27630.3
19.26,84.9,0.071,45299.4,27061.3,26118.2
25.09,47.22,4.919,31906.4,22716.5,22485.7
20.51,71.9,0.072,34775.4,29287.2,21426.5
13.83,89.6,0.07,24404,13212.2,12712.7
27.65,51.33,4.919,33250.3,21424.1,22520.1
11.16,74.2,0.083,23162.6,14462.2,10660.6
25.3,67.91,0.067,49391.5,32552.1,39062.1
8.05,91.6,0.084,20641.8,15391.2,9571.19
19.12,86.7,0.069,39786,24227,25219.9
15.73,65.09,4.917,32354.4,19630.4,16967.7
24.06,82.2,4.92,28525.1,19053,20289.4
31.12,28.48,4.918,37127.8,22000.4,14508.8
22.09,60.72,4.923,39370.6,22045.3,20345.3
13.91,64.66,0.087,43831.9,27184.2,25792.8
22.78,62.74,4.919,43009.3,27089.8,32238.3
8.43,82.1,0.081,22351.3,17950.3,10493.2
25.14,92.1,4.916,34981.9,22865.9,14192.4
25.11,33.43,4.924,33880.1,23086.1,17384.9
19.14,85.6,0.068,43876.7,26530,25634.3
7.71,80.6,0.089,32433.4,18277.2,16082.9
24.05,54.32,0.081,35209.1,21775.5,13025.7
13.53,89.6,0.07,23895.6,11866.8,15569.5
19.21,58.11,0.076,36296.1,21750.3,19269.8
35.22,24.15,4.923,43196.8,27729.1,30752.1
16.32,89.1,4.919,30845.9,19133.1,18411
12.38,52.74,0.078,22108,19091.7,10141.7
20.62,64.5,0.073,32377.5,17046.8,19118.5
17.78,63.89,4.918,39212.3,33169.8,17083.4
22.36,51.95,0.078,36340.1,22273.6,19714
18.62,74.5,4.923,47313.8,28777.7,26363.1
16.83,37.33,0.09,43339.7,26859.6,24763.4
15.22,53.97,0.086,39920.9,33352.6,15886.7
6.442,65.74,0.088,20764.1,13061.4,10350.6
10.52,68.1,0.086,37475.3,32200.1,16341.9
11.75,83.2,0.086,32547.5,25211.4,8948.86
14.78,83.9,0.069,25048.9,13864.8,15936
28.26,63.7,4.908,35446.6,22583.5,27004.5
14.04,63.13,0.092,40225.1,34273.1,16042.3
20.79,63.21,0.071,30326.2,24709.1,13116.1
26.08,67.99,0.064,40614.1,28435.1,27566.1
15.73,59.33,0.076,30094.2,18331.9,17332
24.53,52.22,4.917,44069.7,24397.1,18488
21.83,81.9,4.916,33720.8,21648.6,25308.6
15.27,87.2,0.067,24794.7,13861.1,16546.9
16.33,68.79,0.074,35822.3,22748.8,20543.2
17.43,71.1,0.073,35307.6,21545.1,16484.5
25.54,72.7,0.262,37427.3,22909.8,16597.5
24.58,59.99,4.918,34885,19713.9,14867.7
8.43,86.5,0.088,23131.1,14535,15209.6
16.22,73.4,0.074,33295.2,20078.6,18507.6
18.17,65.41,4.924,23307,14452.4,12577.5
21.35,62.85,0.271,36057.3,21023.7,17709.5
23.16,41.86,0.078,23946.5,14288.5,15099.6
20.4,81.8,0.067,24565.8,13505.6,11277.8
15.08,47.36,4.92,31968,17491.5,16519.4
20.48,64.91,0.079,37078,21804.3,21448.4
22.36,89.5,4.919,25827.3,15247.7,16196.6
17.03,69.94,0.075,40016.2,24342.2,26414.5
17.35,86.5,0.072,40834.7,23235.4,24480
20.28,89.4,0.067,39099.3,24399.2,23701.7
19.23,52.71,2.461,38560,29882.2,16493.5
10.17,88.2,0.083,22954.2,12530.5,13842.6
26.01,42.21,0.279,35885.3,22082.7,14832.4
16.93,81.2,0.07,35527.2,20298.6,18624
10.07,73,4.918,33156.9,27334.7,14434.7
27.27,63.59,4.925,37686.1,23284.1,21836.2
21.4,82,4.925,46933.8,28077.8,21057.2
26.51,83.5,4.907,31133.4,21676,22034.9
20.63,41.79,0.083,30184.6,25326.4,13717.6
24.72,46.68,0.073,31399.9,18739.3,17344.1
12.99,69.52,0.082,29644.6,19105.2,19361.9
20.77,75.1,4.923,33993.4,21094.7,17145.9
20.92,78.7,0.066,25799.2,14336.4,14072.1
18.12,86.2,4.914,25920,17073.9,8421.16
16.37,80,0.069,35626.4,16790.2,19240.7
26.13,89.8,4.908,41272.5,28781,27770.8
23.25,62.03,4.905,35689,25412.7,24805.4
13.94,70.1,0.085,41711.2,24496,24933
12.92,80.6,0.082,43114.2,23762.2,25472.9
25.84,53.57,4.92,35315.4,22027.2,17501.5
24.04,82.8,4.916,22408.5,15098.7,14375.9
9.2,85.8,0.08,21274.5,16738.9,9767.11
19.49,68.78,0.07,30036.9,23943,17418.8
21.96,50.97,0.085,33254.8,20608.5,16281.3
22.12,53.1,0.075,32320,23742.1,17395.7
17.18,78.8,3.789,21176.7,13248.3,10598.9
15.53,67.25,0.072,23312.5,17298.6,7496.76
12.86,79.9,0.085,33836.9,20004.9,16403.2
11.87,65.32,0.082,21098.1,16875.1,8603.12
14.9,86.8,0.074,23267.7,17233.9,10519.5
17.35,70.2,0.081,21013,13136.8,11689.1
16.15,56.04,4.918,39183.8,23668.1,24294.9
9.42,45.24,0.085,38184.4,23069.9,24174.6
13.05,62.97,0.089,31714.1,25494.9,9824.73
29.09,29.58,4.922,36097.7,22851,13294.1
23.86,82.3,4.918,28416.4,18277.5,19007.4
11.82,63.95,0.075,36471.8,21808.5,21710.3
13.74,89.8,0.066,22010.8,11335.2,11997.1
20.47,69.44,4.911,25610.6,16067.1,16665.4
26.35,77.7,4.907,31977.3,24261,26422.6
14.27,66.32,0.076,34541.6,20436.6,15416.1
10.63,46.58,0.084,21679.3,12875.4,13968.7
29.96,43.1,4.927,33341.7,21729.1,24492.1
18.44,88.2,0.279,26121.7,15834,11928.5
23.26,64.15,0.069,34165.8,21794.6,18615.1
19.96,85.6,0.069,22849.3,14807.9,11366.4
8.51,88.8,0.073,34688.1,21293.6,21627.5
20.83,67.92,0.268,26684.6,15601.2,12843.8
18.97,73.2,0.08,33363.4,18586.6,18164.4
6.25,66.68,0.086,22246.8,13174.5,14206.1
19.76,69.55,0.073,30603.1,24850.4,18002.9
22.27,67.87,4.905,31281.3,20794.9,23106.3
24.13,48.58,4.917,45386.8,25237.3,19439.3
17.82,49.5,0.085,33065.1,18240.7,16892.1
20.91,73.4,4.92,34446.7,21076.2,17594.8
27.87,65.86,4.904,30097.8,22588.4,22600.6
21.15,61.94,0.072,29963.1,24270.2,16366.3
14.32,49.35,0.081,37397.5,24605.5,19153.7
22,58.31,0.071,30886.2,25382.2,17245.3
20.99,86.4,4.914,27261.5,15208.3,18178
22.43,46.99,4.931,24887.8,13943.5,12537.9
13.22,52.17,0.08,43346.4,25480.9,24666.7
20.45,61.17,0.091,36221.7,20789.8,18932.4
15.18,83.3,0.079,35671.9,22147.1,21744.6
12.65,71.6,0.085,36583.3,22748.9,22039.5
14.86,59.15,0.088,29371.9,23834.3,9329.17
13.6,86.2,0.074,45261.6,23590.6,29381.8
11.46,60.73,0.085,35076.5,22103.3,17361
13.2,52.42,0.082,32819.7,20524.4,14841.3
15.33,81.6,0.081,31683.7,25631.2,9404.08
11.22,63.82,0.085,21298.5,17494.2,8535.9
26.36,38.4,0.079,30820.7,17933.1,17524.9
24.16,59.32,4.92,35426.5,21551.4,13391
21.9,68.12,0.29,41963.9,25473.2,20245.3
24.03,51.35,0.301,28213.8,16664,13326.3
12.28,54.15,0.084,31464.6,26286,13827.5
12.51,59.91,4.922,23095.1,11919.5,11340
29.59,59.43,4.921,35491.3,23157,25407.9
22.86,47.9,4.916,32059.9,20787.8,15381.3
24.61,83.3,4.923,44472.6,27303.8,34861.3
28.01,72.6,4.915,34732.2,22063.3,29926.7
16.83,66.57,0.079,19250.4,11472.4,11706.6
8.61,86.6,0.086,24888.2,18996,7663.87
27.56,39.19,4.909,40089.9,27085.5,26819.8
17.97,42.17,0.087,35131.1,21724,16516.6
21.71,48.72,4.902,25117.7,16718.9,18297.2
14.11,89.7,0.07,23536,14231.4,11950.5
30.47,32.24,4.923,43190.4,27600,32969.4
28.43,43.12,4.926,47783.1,30854.4,40555
13.07,67.18,0.086,26029.4,16479,17123.9
11.24,87.4,0.088,24804.8,15841.5,10579.4
19.81,70.3,0.069,21550.8,17338,7674.22
18.74,79.3,4.915,40027.5,23905.2,24782.8
25.1,62.77,4.919,30050.2,20984.8,18918.8
21.72,52.91,0.07,31148.1,20221.7,17921.3
10.46,80.8,0.087,36808.1,23456.5,22577.3
17.58,93.3,0.094,25094.4,16401.7,11928.5
25.54,89.5,4.916,25776.5,14867.1,19286.4
16.14,77.1,0.079,34795.6,21622,20183.3
15.25,72.3,0.069,40508.4,23894.2,25399.5
18.28,49.1,0.074,35859.1,21863.4,16699.4
16.97,69.44,0.082,22816.8,14334,12288
15.66,85.4,0.067,34560,15851.7,22475.6
36.37,24.64,4.906,43617.8,30489.9,33499.6
20.97,66.89,4.917,42847.1,24322.4,18569.7
9.89,89,0.093,23426,15629.3,10753.5
8.63,87.5,0.089,23910.1,14458.5,11549
18.83,79.1,0.066,22584.6,16386,10895.4
27.35,37.48,4.925,34649.2,21102.3,12943.8
11.84,86.1,4.922,22006.2,16099.6,11057.3
26.54,54.48,4.907,49684,33129.1,40253.7
12.84,85.2,0.072,22203.1,15883.9,12589.9
26.16,50.84,4.923,35176.9,21577.7,17105.1
10.97,84.3,0.082,23370.9,13719.5,14510.3
10.58,90.6,0.078,28470.5,17613.4,17615.8
16.3,85.2,0.072,21926.2,17564.9,10600.5
14.91,59.18,0.082,23586.3,18082.8,10643
14.78,51.64,4.92,42679.1,24168.3,25200
29.31,38.78,0.269,36229.4,22554.3,14732.4
25.47,80.2,4.916,37947.1,28754.4,37301.4
12.76,49.82,0.083,21709.4,13546.5,13578.8
21.89,70.6,4.922,35139.1,23130.7,16889.4
13.47,49.77,0.079,38059.3,32859.2,16439.9
14.42,57.92,4.927,32166.2,24125.2,10236.1
12.22,76.7,0.087,30455.5,17094.5,14370.9
25.65,71.5,4.906,49218.3,33227.8,39042.7
18.05,65.44,0.077,19628.1,12040.9,10657.2
13.85,72.1,0.072,41808.8,24222.5,25060.3
14.99,85.8,0.066,23399.6,13868.4,12328.7
13.99,89.9,0.068,34157,18557.2,19525.8
10.25,84.2,0.072,27585.8,15877.2,16510.1
16.43,81.3,0.071,36519.3,17230.1,18833.5
27.14,35.55,0.27,37573.8,23471.1,14714.8
23.55,65.91,4.907,35423,23420.9,25152.6
22.98,69.48,0.069,38183.8,20829.1,18550.2
21.68,64.43,0.088,47126.1,28669.3,20157.1
15,58.04,0.082,24010.2,13152.6,12232
26.54,48.29,4.924,39733.2,26673.4,34547.9
15.11,57.91,0.083,23717.3,14199.4,14634.5
13.74,61.05,0.081,37121.4,21680.5,22825.2
23.49,69.32,4.92,44865.3,26241.6,23641.9
20.76,70.5,0.071,29070.8,21614.9,9559.52
19.23,89.3,0.083,36400.2,24901.2,12144.4
26.18,41.61,4.928,38760.1,26420.3,24490.5
17.07,70.2,4.922,25163.4,12936.8,13611.3
21.02,66.07,4.92,38475.5,23814.2,20836.3
16.76,65.02,0.08,29819,23000.6,17054.2
16.27,59.11,0.083,30619,25553.9,9404.08
19.29,74.7,4.922,40427,24776.5,24415.9
13.74,47.4,0.083,42547.1,24189.7,25286.1
12.96,84.6,0.077,21034.9,13951.4,14214.9
15.08,77.8,0.083,35463.1,22209.1,17465.2
18.5,82.1,4.923,38022.3,22729.4,22981.7
12.21,86,0.078,39622.8,33746.5,15661.9
22.99,78.2,4.919,41699.6,26214.1,30430.5
22.82,85.5,4.915,36012.7,22453.2,13026.2
25.3,49.76,0.079,36072.5,21771.8,13037.3
18.94,90.7,4.916,22737.8,13909.6,10762.1
18.37,64.89,0.08,24651.5,14961,16189.8
21.42,67.65,4.918,29461.7,22078,12313.7
25.64,66.28,4.922,30351.3,17191.7,20801
13.14,83.7,0.078,27954.4,18131.7,13680
13.53,86.3,0.08,25938.4,16382.9,11647.7
10.47,63.07,0.085,22794.9,12731.7,10318.1
16.58,68.06,0.073,38383.7,22931.7,18040.6
13.48,84.5,0.086,24503.3,13116.9,16942.5
18.14,68.01,0.072,34861.5,27721.5,19176.9
18.73,88,0.069,26086.8,16421.1,16003.2
15.74,49.2,4.916,29896.9,17143.9,16287.1
12.58,89.3,0.081,32280.5,20220.7,14446.5
23.01,52.13,0.078,30892.3,26077.7,10907
23.7,59.91,0.082,29499.3,19021.6,13002.8
21.22,80.3,0.267,30303.7,17266.5,16432.8
15.16,82.3,0.082,22196.9,17479.3,10056.9
21.13,74.8,4.92,22039.6,11952.6,10031.5
9.13,86.5,0.087,27047.9,21393.1,8464.83
12.66,81.7,0.07,42366.6,23059.8,27098.7
16.01,63.68,0.074,35775.2,21235.3,16412.5
28.52,40.65,4.953,27200.7,14968.8,14938.3
21.14,75.9,4.918,35353.2,22473.1,17431.6
21.19,77.8,4.929,31916.1,20474.3,15187
21.92,93,4.914,34381.6,22442,12690.8
20,65.28,0.082,44401.6,24039.9,26389.7
24.43,52.69,4.912,33564.9,23088.6,29794.1
23.19,67.56,0.288,40957.2,25495.6,23316.5
21.04,69.11,0.074,31427.7,26308.3,17233.7
21.78,65.35,0.07,35227.3,21035.3,19233
16.32,66.74,0.081,25396.1,16317.3,12346.2
13.4,59.65,0.076,33618.3,28867.8,14359.7
20.4,74.9,4.918,24830.4,13625.4,11014
26.65,79.5,4.921,36733.6,22261.5,17508.7
15.19,68.98,0.081,30190.8,24709.1,13630.8
10.47,89.6,0.075,31716.8,19185.4,19329.7
22.98,76.7,4.908,30375.5,20681,24757.2
17.79,93.3,0.103,24999.9,16465.1,11881.8
14.59,35.73,0.078,41395.4,25097.9,24144.6
19.5,87.5,4.919,35781.2,22168.4,21885.7
23.19,71.5,4.925,30698.8,20851.6,13526.3
18.51,62.55,4.919,35378.5,29912,14845.3
20.91,84.8,0.07,44185.4,26685.7,26171.1
22.2,48.39,0.087,33791.2,20001.6,18338.9
25.61,92,4.91,26249.2,17456.4,16413.3
11.64,50.55,0.086,20937.7,13043.2,11115.2
23.67,59.59,4.927,37057.7,22370.9,12673.2
19.51,90.1,0.317,24135.9,15163.4,10631.6
24.44,53.42,0.089,34887.7,22824.9,13340.8
24.36,73.4,4.916,38215.6,23748,31677
32.05,40.62,0.067,37519.7,25834.2,31270.3
24.39,55.29,4.917,30758.3,20768.4,26185.1
13.53,65.01,0.083,32596.2,25598,9496.28
24.11,92.6,4.921,27815.5,17426,16190.6
23.93,55.42,4.922,32188.2,22215.8,20367.6
13.94,62.72,0.082,38904.9,33551.4,16411
13.67,87.4,0.083,21421.5,16743,7922.89
33.21,17.14,4.904,40217.7,28632.7,26181.8
24.32,90,4.918,29816.5,18889.5,18140.7
21.44,74.1,4.919,44213.1,25570.5,19733.4
13.97,79.2,0.083,27619.8,22236.3,11490
13.27,86.9,4.915,23405.5,18515.4,10738
13.48,72,0.075,23717.3,14633.4,14657.6
14.96,61.35,0.083,41275.9,23385.4,24480
20.25,75,0.072,31101.5,23463.2,17031.3
12.96,71.2,0.074,25509.4,14297.6,14905.2
21.51,42.68,0.086,36457.3,21435,19432.7
23.56,69.96,4.957,35968.1,22704,13620.4
9.74,62.12,0.085,22892.9,12793.9,14098.1
21.05,44.15,4.919,44945.8,25862.4,21533.8
23.23,77.9,4.911,29099.8,17924.1,22407.4
10.13,69.4,4.916,26443.1,21068.2,8443.37
16.15,40.03,0.088,30724.1,19767.1,14585.8
13.32,47.41,0.087,25051.1,15713.1,12017.3
21.05,62.34,0.073,29163.1,21339.7,17690.6
15.21,63.72,0.083,38217.5,33109.5,16359.2
24.41,60.37,0.072,40841.3,23444.9,21893.9
13.9,62.62,0.081,22265.1,13119.8,13777.7
16.7,65.3,0.079,27181.7,15631.8,17978.2
16.24,85,0.085,29975.4,25505,14596.6
20.64,49.62,0.082,31686.4,17955.1,15005.5
24.78,59.51,4.924,33452.1,20548.6,16306.4
27.29,67.93,4.908,39331.3,27573.4,24877.7
13.25,88.1,4.923,23598,14026.1,12328.7
22.41,59.03,4.925,34843.6,19859.8,14216.2
18.5,91.1,0.076,45059.1,28706.6,19521
15.65,47.83,4.917,29909.1,17323.2,16484.5
12.92,70.4,0.083,19631.9,14415.5,8637.7
26.02,43.51,4.93,29800.4,17274,15385.5
16.8,77.9,0.075,38916.9,32995,20310.4
10.05,51.89,0.085,20440.7,12714.9,10553.2
15.07,67.29,0.087,39111.8,32479.9,15581.3
21.88,78.2,0.067,37293.8,22651.6,20659.2
5.921,75.7,0.081,27335.7,17872.3,18442.4
14.3,90.3,0.068,23350,10246.4,12480
9.39,83.4,0.085,23946.9,14286.6,14458.1
10.44,78.6,0.091,32299.7,20093.6,15608.7
21.03,78,4.915,38255.6,21847,18027.2
26.67,71.1,4.923,37653.7,25219,25100.6
22.46,79.6,4.908,21623.9,12668.4,15960.5
21.86,75.6,0.068,30745.4,14602.1,14450.2
21.16,70.7,4.921,37312.8,24024.9,28569.6
10.11,74.8,0.083,23137.2,13914.9,14556.1
25.99,39.03,0.071,35869.7,22767.6,19359.5
14.34,86.6,4.913,20962.7,11429.3,10451.6
18.16,54.01,0.083,30294.9,17299.7,16353.8
17.61,58.98,0.083,28873,22394.6,10326.1
17.62,82.2,4.919,28628,17015.8,13196.8
14.25,90.4,0.068,21899.2,10987,12253.1
16.2,54.92,0.083,30734.6,27070.9,9196.64
25.7,51.36,4.913,41104.6,30246.8,37271.3
19.49,66.72,4.915,24142.3,17468.6,9607.84
17.18,47.91,0.088,39742.8,23795.7,21617.3
9.24,67.27,0.084,27785.3,16891.2,13353.3
16.8,67.82,0.076,34118.8,21161,17036.1
19.98,66.76,0.195,41505.1,23415,20857.2
20.68,86.6,0.221,30967.9,20311.6,9594.16
7.76,92.7,0.087,32249.4,22781.2,11271.1
27.51,62.39,4.904,50041.2,34074.7,46266.8
19.01,85,0.076,31314.5,17253.1,11129
17.96,90.2,4.914,25743.5,14930.3,11724.3
31.71,40.66,4.926,34713.1,22963.3,25444
12.95,58.86,0.085,33089.6,19904,16215.9
11.23,90.9,0.079,32570.8,19951.4,20035.5
24.42,60.71,4.923,27660.6,20689.8,15863.3
22.82,48.49,4.922,35197.2,19171.3,15420.8
21.97,87.4,4.921,28883.1,18148.3,17659.2
22.67,53.65,0.071,35126.6,21533.1,17985.4
11.54,73.9,4.915,22566.1,13327.7,15498.8
16.75,52.57,4.917,40101.3,24113.1,24855.9
30.91,58.72,4.906,38310.7,27110.1,31589.6
16.87,49.02,4.916,31844.1,17686.3,16840.5
15.84,87.8,0.069,34073.8,28223.6,17453.5
22.43,42.04,0.073,32823.9,21134.4,18437.8
28.94,43.11,0.07,40307.2,27594.9,26121.6
20.49,88.3,0.075,46842.5,29158.5,19486
18.09,64.48,4.919,23739.3,14879,12583.4
17.95,78.5,0.075,33623.8,20283.9,18722.9
21.97,90,0.287,26977.7,16854.9,11520
6.244,83.6,0.084,20678.3,16967.2,9772.87
23.12,62.09,0.272,47462.7,29215.4,22334
20.64,41.99,0.079,31267.7,26862.4,14608.2
17.3,85.1,4.917,29863.9,19159.1,17868.8
17.04,69.77,0.085,42304.1,22476.2,27275.6
25.09,61.72,4.926,35725.9,22574.7,13200.7
28.4,29.15,4.92,41718.7,26139.3,24073.8
18.13,73.2,0.077,20824.6,16051.2,9027.47
23.07,69.32,0.069,37878.7,21005,18851.4
9.9,89.4,0.067,24792.5,16145.1,10956.8
10.09,88.5,0.1,22863.1,12463.2,13644.5
24.22,79.9,0.312,38841.8,23890.2,21663.2
19.76,82.7,4.912,28946.5,19747.6,8125.19
15.02,89.2,0.07,23446.2,18952.1,12173.5
30.77,26.95,4.919,35274.4,22211.4,23503.9
18.09,93.2,0.068,25075.5,17350.2,9477.45
21.69,72.1,4.92,35214.7,22131.3,17670.6
16.67,79.9,0.069,23672.4,12867.6,14237.1
35.3,32.72,0.068,35044.8,23931.6,24112.5
34.32,25.85,4.923,38648.8,26126.6,32378.9
16.51,62.73,0.077,18910.4,11160.4,10208.3
29.58,44.65,4.92,37622.2,24709.6,25098.4
13.02,65.88,0.083,45028.9,27621.9,26405.8
19.53,58.53,0.098,29631.9,17637.8,8572.89
17.09,73.2,0.072,36613.7,21220.7,16950.4
13.22,56.48,0.084,38898.9,33256.8,16497.5
17.4,43.68,4.92,30861.5,23924.4,11340.7
15.07,63.66,0.08,24229.8,12791.5,14240.8
28.83,33.54,4.904,35857.8,26074.3,23672
24.44,58.25,4.903,33341.7,23058.2,30818.4
19.34,67.21,0.073,22806.2,17951.7,10774
9.86,90.7,0.081,23272.9,12662.2,14283.9
34.93,26.95,4.929,41736.1,29324.1,31300.4
25,54.74,0.073,35857,22483.2,19282.7
15.42,83.2,0.077,40251.8,21768.6,27392
16.39,77,0.081,23665,12589,15271
13.94,73.9,0.075,33224.2,19993.9,15991
20.38,75.6,4.919,27685,16282.3,13496.9
16.09,55.47,0.078,44070.1,25631.7,25414.8
22.17,83.5,4.917,29232.3,18576.3,21693
23.91,66.78,0.068,32945.2,20406.2,18219.3
16.52,58.33,0.081,27817.6,23139.2,16463.8
8.54,81.2,0.082,21922,13335,14070.4
27.81,72.3,4.927,39297.1,25272.2,26651.3
13.3,54.54,0.076,32413.7,28536.4,14077.3
12.64,82.6,0.085,24094,12809,16093.1
24.63,47.38,0.073,31122.9,18635.3,17239.2
23.93,43.35,4.921,32304.4,18018.7,13838.1
12.45,58.91,0.081,32261.6,26168.8,9409.84
12.18,57.03,0.087,44397,27705.8,26596.6
29.32,42.95,0.073,39815,26659.8,26043.4
30.29,44.6,4.917,34247.4,22636.7,25064.4
18.5,89.9,4.916,27124.2,16447,11949.5
11.42,90.6,0.08,24939.6,14590.2,15387.1
12.62,88.3,0.073,27599,15735.4,16594.8
13.39,76,4.913,30111.9,18714.9,14553.4
11.22,87.1,0.073,33175.1,17751.2,21721.9
35.66,22.31,4.908,42112.4,30224.1,32137.9
9.4,85.8,0.084,27327.8,22129.5,11639.9
25.38,57.1,0.078,34852.5,20084.4,15915.3
16.76,65.77,0.079,24082.6,12996.7,11106.5
18.38,70.4,0.071,43826.4,24806.2,25809.2
9.98,90.3,0.076,24614.2,13783.6,14900.7
21.95,41.84,0.086,36792.1,24320.2,18501.8
20.4,80.2,0.074,25061.7,13995.8,12423.9
16.04,71.6,0.074,22174.9,18602,6534.45
15.26,71.9,0.076,23164,12783.3,16128
20.62,58.39,4.912,44339.7,26454.9,25560
17.69,80.7,4.922,39072.2,29744.8,17367.5
14.14,89.6,0.09,23436.8,13597.1,11613.1
26.04,59.75,0.262,35808.8,21117.3,17656.5
16.06,70.4,0.07,23647.1,19025.5,6672.75
34.48,36.68,4.908,42960.8,29377.2,32879
21.6,78,4.917,41858.5,22636.6,28634.6
13.74,67.99,0.084,36500.3,22333.1,21783.8
20.75,87.2,0.065,44516,26966.3,26637.8
23.55,82.6,0.273,46105.5,27490.2,23475.4
9.21,90.9,0.08,23540.3,13831,14999.2
16.06,58.21,0.083,33980.3,21446.8,16174.3
24.97,56.28,4.928,46578.6,27294.6,22612.7
12.41,77.5,4.916,23082.7,13386,14605.5
27.55,68.67,4.906,40294.5,27672.2,27854.1
16.85,64.86,4.923,27417.3,14459.9,13708.7
26.39,58.32,0.266,33113.6,20241.6,15403.1
23.57,69.95,0.07,37090.3,22834.9,20990
14.66,74.2,0.08,25469.9,15778.3,14674
16.75,66.32,0.076,36766,22675.6,17599.4
21.72,87.2,4.915,26283.2,15111,12967.4
19.1,66.54,0.078,39944.6,33508.3,17349.4
13.63,50.7,4.922,43413.6,25783.6,26206.6
27.02,73.8,4.904,40601.3,31609.3,27518
27.05,81.1,4.907,38466.1,27408.7,26398.5
26.42,31.65,0.081,38248.9,22904,23792.1
16.2,77.6,0.068,27907.7,22061.2,13162.4
18.17,74,0.072,43283.7,23238.7,28002.9
29.24,33.91,0.271,36681.8,22715.2,14985.4
9.91,88.9,0.073,25370.8,14381.8,15178.6
23.74,83,4.919,24216.3,15152.7,14535.4
25.51,87.4,4.922,38670.6,24109,18212.9
16.93,79.6,0.08,30861.5,25597.9,14081.9
10.01,67.04,0.088,37160.5,23409.1,22161
22.44,63.32,0.276,39198.6,23819.1,18974.5
16.26,75,0.071,24888.2,20855.5,10919.6
18.96,58.21,0.078,37548.1,24365.5,24310.2
21.15,93.5,4.913,25544.1,16091.5,9954.97
16.27,68.32,0.07,21292.8,16735.2,9069.87
21.42,66.94,0.08,39760.5,24829.5,24404.7
25.76,50.92,4.923,35166,23829.1,31300.4
32.48,35.12,4.909,43037.3,34515.2,30854.6
21.85,81.2,4.914,31667.3,19792.5,23973.4
21.02,64.25,0.279,31246.7,20260.3,12326
13.77,80.9,0.085,24277.8,14923.2,10579.4
25.08,61.86,0.073,33949.7,21338,16441.1
16.16,82.2,0.069,23660,13410.2,15313.5
24.93,82.1,4.909,47221.8,29806.3,38042.5
9.97,85.9,0.081,14612.7,16486.3,13052.5
6.829,81.1,0.088,20684.7,12237.1,10750.1
9.06,80.2,0.084,26567.3,22228.9,11397.8
22.99,68,0.099,36853.9,23695,13399.1
10.63,61.27,4.921,28379,18908.2,14570.8
15.18,64.15,0.082,23137.6,14779.3,12591
20.83,62.15,4.915,28689.2,24136.4,14683.4
25.93,37.07,4.923,29351.8,17450.1,17710.5
21.68,63.82,4.922,33187.7,20871.8,17227.5
33.84,33.48,4.907,41793.5,27816.5,28107.1
14.51,78.2,0.069,23610.6,17880.3,8482.11
20.5,73.1,0.071,31827.7,23359.1,11849.6
25.33,86.3,4.919,48618,33034.8,38761.1
15.91,86.2,0.069,37015.3,21585.3,19095.3
23.13,60.09,4.917,44681,28527.4,18552.2
13.24,78.9,0.078,32955.9,20845,21727.2
12.65,88,4.92,29033.8,22853.3,14307.5
27.96,70.9,4.926,36970.1,21999.2,17370.3
20.71,70.3,4.914,29464.9,18269.9,15709.1
12.66,55.57,0.078,38807.6,33499.8,15443
11.36,75.1,0.081,24738.9,14180,16017.5
16.4,59.42,0.076,33660.8,20257.8,15527.7
13.98,44.94,0.082,38738.5,32734.7,16788.4
22.56,71.7,4.923,40908.1,23466.5,20391.7
15.9,73,0.072,28787.8,24600.2,10124.4
25.42,73.6,0.299,32132.4,20529.7,16244.5
21.23,60.14,0.083,27236,13535.6,15891.7
27.35,71,4.919,38004.5,24383.5,26408
26.51,43.88,4.92,35165,21461.8,13440
20.04,87.5,0.071,27104.8,15901.2,11776.8
24.09,77.2,4.909,31032.6,21155.7,20533.6
15.06,79.5,0.082,32315.5,17428.1,22824.7
12.81,87.3,4.91,21998.3,13445.1,11142.6
20.02,83.4,4.922,36261.2,21177.1,16521
33.95,30.88,4.907,41474.6,28997.5,31463.1
22.73,53.68,0.271,47679.3,28444.5,21763.3
24.04,80.2,0.327,45570.3,27617.5,23710.7
24.36,63.67,4.924,28972.2,20039.2,17816.2
16.03,30.6,4.927,30289.2,26159.5,10756.6
21.06,85.4,0.068,45673.1,27374.2,27760.2
17.4,69.12,0.081,23782.8,14533.7,14201.8
21.76,49.56,4.913,24156.3,15881,17852.4
12.38,81.4,0.083,22819.4,13236.6,15509
12.87,65.65,0.082,41772.2,26071.7,25257.2
16.07,71.1,0.074,31552.4,20221.3,16534
25.29,85.2,4.932,30171.4,19705.1,25666.9
9.64,89.9,0.081,23113.5,13946.3,13639.4
14.24,86.1,0.079,22637,12266.4,15173.8
24.89,72.5,0.286,35547.6,23310.2,15538.5
15.15,88.1,0.069,29110,15983.7,19502.5
25.78,80.7,4.919,46943,28256.4,25453.5
23.07,50.42,0.288,47838.6,29728.1,20021.7
16.15,78.1,0.068,35434.2,18703.9,21044.4
21.36,78.7,0.067,43804,27145.9,27264
22.03,78.1,0.078,47523.2,29543.2,19976.2
13.04,69.72,0.078,32047.7,15109.8,15712.3
13.75,63.62,0.083,38947.5,33599.3,16197.8
15.22,83.8,0.069,35784.6,30060.7,19489.2
15.7,31.15,0.09,34292.7,21953.8,16748
16.98,71.9,0.081,23544.2,18534,11951.9
15.01,83.7,0.073,42647.1,26283.3,25642.4
13.31,80.8,0.073,34041.4,19232.8,16261.1
15.76,63.38,0.081,26475.3,19068.7,13667.7
7.65,79.5,4.914,22676.9,18063.2,10253.5
10.86,79.9,0.072,41875.9,24842.6,24973.5
21.49,59.86,0.073,32155.3,19144.3,17076
26.74,82.8,4.914,40409.5,28568.1,25333.2
25.15,63.92,4.905,32156.3,22782.3,22709
34.9,21.44,4.906,38472.5,27325,26236
11.36,81.1,0.075,37967,22445.1,22697.4
21.92,70.3,4.922,25245.5,14966.4,11598.2
7.28,84.3,0.084,20854.8,16753.6,9519.33
9.07,77.2,4.919,26732.3,22143,11705.1
6.408,57.23,0.094,18317.3,10657.8,10750.1
17.28,65.42,4.916,35052.2,21009.1,16597.6
15.38,88.7,0.071,27236.9,21808.3,13856.4
24.9,62.92,4.903,44402.4,30330.4,35355.3
12.04,87.6,4.93,21778.5,15824.4,11676.1
11.54,65.84,0.084,34755.3,21578.1,16093.3
12.52,85.1,0.08,22978.5,16296.7,12942.7
24.3,47.88,4.917,33800.2,18219.5,15555.5
12.61,78.5,0.085,31671.5,25925.7,9899.64
11.05,84.4,0.084,23297.4,13807.3,14225.8
26.4,58.39,0.26,34139.5,20256.5,15391.4
22.04,83.3,4.917,30554.7,19388.4,22738.7
18.75,64.06,0.081,44007.4,26670.7,26041.1
20.32,53.67,0.082,31398.1,15684.1,16374.2
25.67,84.1,4.926,47524.8,31061.9,36173
8.97,80.7,0.085,21484.6,12922.8,12410.6
24.07,41.65,4.917,43408,26936.5,19380.9
5.795,86.9,0.086,23878.5,15341,15036.1
16.27,87.3,0.07,36080,30551.7,18962.9
25.52,82.4,4.917,48432.6,29286.6,26855.9
22.21,55.23,4.907,42416.9,29271.4,31977.9
16.66,82.4,0.075,31738.9,17266.8,18245.8
26.42,40.27,4.918,33714.4,20436.6,17750.3
15.66,60.45,4.922,32366.3,18296.3,16536.8
19.69,60.29,4.925,34811.8,22127.6,18137
14.49,78.9,0.077,27098.7,16942.2,16742.2
22.43,43.71,4.918,26678.2,14583.4,12961.5
15.98,71.2,0.086,29104.2,25038.4,10020.6
15.19,86.8,0.072,18947.7,13626.4,7951.81
18.89,75,0.075,37772.3,31648.8,17979.8
19.94,77.2,0.069,24311.5,15926.8,11667.7
13.45,76.3,0.076,32018.3,26864.7,13869.9
19.37,63.31,0.073,30331.5,15576.8,19706.2
29.37,62.91,4.909,40926,28336.7,29986.9
21.95,60.85,4.926,38274.7,21581.3,19939.4
27,72.8,4.912,40938.7,26510.1,33740.6
13.25,62.88,0.088,26438.6,16931.3,11682.1
19.37,83.9,4.922,45450.5,27551.7,25914.2
18.76,64.99,0.073,31360.7,17593.1,18885.8
15.72,82,0.07,31546.7,16328.3,18955.6
21.79,57.76,4.924,34339.4,19669.3,13912.7
11.38,66.54,0.08,32603.5,22460.8,16175.4
14.32,60.97,0.088,29903,16309.8,16153.5
27.51,69.43,4.903,40115.4,28370.4,27319.4
14.49,71.9,0.081,24182.5,18657.3,11173.1
19.24,69.48,0.073,36861.5,30562.8,17245.3
18.04,70.3,0.081,23518.9,18093.4,11683.4
22.15,51.69,0.072,33346.7,20370.7,15311.6
14.43,73.6,0.08,34468.5,22194.5,18663.6
14.7,51.03,0.085,31887.5,19407.9,15033.9
20.05,57.34,4.919,33352.9,22847.6,16072.3
18.83,78.1,4.921,40880.9,32381.3,18108.7
14.81,57.53,0.082,42276.5,28147.1,26243.9
16.33,61.62,0.086,30850.2,25679,9818.97
28.62,31.09,0.067,32558.2,20689.8,16236.4
26.69,38.39,4.908,37456,25888.1,26880
19.9,71.8,0.071,27401,21450.6,9419.09
12.13,65.38,0.084,41085.6,25583,24908
17.21,85.4,4.918,34522.2,26921.6,15330.8
27.43,55.62,4.908,31753.4,21379.7,26486.4
15.3,75.5,0.075,38752.4,23832.2,24300.7
18.27,68.45,0.068,24104.6,18305,12717.1
9.95,69.08,0.085,30711.8,19028,19143.9
19.18,71.7,0.071,36067.4,21325.6,21211
20.59,81.4,4.915,23288.8,14179.7,18430.8
17.13,68.28,0.075,35332.1,22181.7,16740
9.46,59.17,0.089,26248.1,16745.3,16435.7
10.83,60.67,0.087,30902.3,19885.7,19512.3
23.44,62.02,4.922,37879.6,26000.8,11731.8
8.82,88.8,0.082,23125.8,13726.8,14016.8
21.41,81.9,0.068,26257,16147.6,11839
24.11,47.72,4.929,31769.2,17659.5,13608.7
21.28,63.21,0.078,39384.6,32734.7,18216.9
17.13,77.2,0.073,42471.5,23172.7,27578.2
23.93,75.9,4.91,31114.2,20588.8,23304.8
25.7,84.2,4.916,34368.6,22826.6,30499.1
14.95,77.2,0.072,21189.4,16503.2,9110.2
10.45,80.4,0.082,23833.6,13842.8,12026.2
27.61,47.73,4.924,37594.2,23212.4,20515.6
21.22,51.23,4.903,28243.8,19193.7,18850.9
14.52,67.18,0.086,33444.8,22039,16234.8
17.39,80.1,0.068,26905.2,12858.2,15099.6
8.46,82.2,0.086,29548.3,23871.1,9196.64
18.21,80.2,0.081,26380,15707.1,12033.6
10.94,87.7,0.082,23542.5,14465.9,14040
27.17,76,4.903,32514.3,25291.2,27433.7
21.93,65.94,0.087,27236,17719.3,11844.9
27.27,63.58,4.923,31357.9,20616.5,25407.9
33.23,36.25,4.904,44091.8,30769.2,27217.1
26.42,33.18,4.905,35614.8,24059.6,27259.2
20.06,89.5,0.068,28573.1,20024.1,10101.9
11.62,86.3,0.074,37366.5,21548.8,22935.5
17.09,44.03,0.086,31671.5,25859.5,10112.8
20.4,65.89,4.92,28664.6,21127.7,11762.9
19.54,86.9,0.068,22238.9,13011.6,11065.1
19.56,68.56,0.149,33629.7,19770.1,18144.9
13.76,86.4,0.084,23760,18438.8,12422.2
23.64,56.82,4.925,31433.9,21212.2,19380.6
24.62,66.88,4.918,36111.3,20671.9,23748.9
20.66,86.5,4.919,33954.7,19276.1,16532.8
26.46,57.85,4.91,31032.6,20889.9,25383.8
22.96,62.19,4.917,25168.1,14100.6,13043.8
13.44,71.9,0.082,42419,25707,25210.9
26.04,49.64,4.919,33452.1,21689.2,17338.3
22.05,72,4.919,46793.6,31868.6,16597.5
11.52,67.49,0.084,22132.3,17431.1,8954.62
13.36,86.4,0.08,22135.4,17003.3,11340.7
17.3,89.3,4.917,27117.4,15591.3,11811.8
18.23,67.46,0.07,31113.8,27591.3,8796.14
19.5,80,4.911,28934.3,18019,17761.5
21.57,83.8,4.916,27245.3,15103.5,13302.7
8.65,93.4,0.081,23081.4,17655.7,6592.08
24.03,58.04,4.921,44045.6,27654.9,33077.2
14.09,82.3,0.086,23809.2,17025.6,14134
14.01,89.6,0.073,23343.8,12988.6,15109.8
12.87,67.96,0.075,37118,24295.4,23323.4
16.95,81.2,0.078,31906.3,17868,18123.6
15.87,62.25,0.083,39400.9,22800,24201.3
11.72,68.62,0.085,22448.1,12342.9,13974.5
17.52,71,4.925,33883.1,28227.3,15041.9
27.24,68.81,4.917,36071.8,20958.2,21756.7
21.12,66.42,4.918,26657.3,18298.8,13585.9
16.24,88.8,0.085,32039.2,26372.6,14099.5
25.6,41.04,0.081,28944.8,17286.7,16953.5
22.02,66.09,4.911,29266.7,19676.5,20903.3
21.81,77.7,4.923,37590.2,22322.3,20313.5
29.48,38.86,4.921,33409.3,20671.9,20109.8
15.4,67.62,0.073,23722,12801.6,16401.5
24.91,84.7,4.918,27390.3,21505.1,26980.4
20.18,86.4,0.066,24387.8,15350.5,12152.1
10.1,77.4,0.085,21071.4,12255.3,10184.1
16.81,85.9,4.92,26907.6,15664.9,12826.1
10.07,88.9,0.081,26104.9,21032.2,11576.5
27.12,71.3,4.915,36665,24691.1,30547.3
23.21,52.99,4.92,32361.8,18048.6,13332.1
20.72,77.6,0.07,26778.3,14504.8,11915.8
18.01,59.86,0.078,24095.4,17232.8,12689.7
20.93,70.9,4.917,28538.5,18911.4,21359
13.11,80.1,0.072,38649.4,32347.3,17137.1
31.55,27.84,4.919,35522.1,21847,13343.9
14.63,67.16,0.079,23583.1,12386.6,14258.2
16.4,62.18,0.083,33949.8,22008.5,16967.4
16.7,74.7,0.073,34535.5,21563.4,16136.1
17.52,89.8,0.074,26766.7,15566.6,16504.6
22.61,86.5,4.917,36975.9,22026.6,28616.9
24.37,51.42,0.356,46022.7,27553.8,21045.5
21.02,79.3,0.071,47008.2,26285.2,27606.6
16.26,77.3,0.082,26344.7,15276.2,17198.5
21.47,64.51,4.92,34654.5,23239.4,12372
15.24,85,0.084,27697.2,17499.6,8923.04
12.48,82.3,0.084,25515.6,14615.9,16606.5
19.38,78.8,4.918,46911,27759.8,26427.2
13.29,71.9,0.081,41448.8,25134.3,24261.5
14.77,83.9,0.07,39259.8,20914.5,26048
33.25,27.44,4.91,39050.6,26692.4,28577.1
23.96,86.8,4.914,30598.8,20631.6,23744.9
17.32,90.7,0.069,25293.6,14303.4,15286.2
8.5,90.4,0.083,23442.7,13783.6,14709.7
24.21,92.2,4.919,40077.1,24762.8,19500.9
20.73,83.4,0.068,24006.4,15350.5,10846.5
15.52,86.8,0.087,23728.2,12820,14033.5
17.33,86.1,4.915,25346.5,15964.7,11601.7
18.27,91.6,0.073,28308.4,19243.6,9996.84
15.33,84.6,0.084,27550.8,23035.5,9420.72
22.31,79.9,4.91,21502.7,12767.1,15827.9
21.86,61.82,4.919,34906.6,22268.5,12045.2
28.5,41.78,4.921,27442.8,15391.7,14173.5
10.6,64.14,0.088,42033.4,26418.2,25110.4
11.39,70.7,0.079,44153.9,27972,25925.8
18.5,64.35,0.082,25482.5,15258.2,16702.8
25.21,61.96,4.908,34221.9,25302.5,27817.9
13.83,87,0.07,31720.3,18216.3,17186.9
20.07,78.5,0.081,45078,27608.7,18943.2
24.33,83.3,4.91,45365.6,29187.3,36819.4
26.57,70.7,4.925,37245.4,25294.9,24974.1
22.74,42.46,4.916,43574.6,24575.9,25896.7
15.74,74.8,0.082,36535.4,29584.7,15984.6
22.63,77.5,4.925,46201.1,25832.4,21227.9
14.25,72.8,0.084,38083.7,31154.3,16226.7
21.92,57.89,0.073,32784.8,20708.4,17384.9
19.49,67.06,4.916,23881.1,17180.5,9519.59
24.74,50.79,0.075,36639.6,23601.7,13008.1
17.63,86.6,4.915,25960.9,16135,15886.6
15.2,83.9,0.076,26740.3,16920.4,16921.4
14.24,85.5,4.908,21483.6,11787.8,10521.3
34.06,32.45,4.907,41117.3,27459.5,27890.2
14.76,56.66,4.916,33891.6,20659,16181.2
20.9,78.9,4.916,35554,20365.1,16426.9
7.34,89.7,0.085,22284.4,17346.4,9628.81
29.02,49.26,4.912,40804.8,28291.1,32650
26.31,29.06,0.081,31777.6,20663.8,16504.6
18.63,48.77,0.084,29183.3,22534.5,8251.62
32.53,27.61,4.904,46642.6,33415,37611.5
18.01,71.7,4.92,35491.7,23416.7,18230.3
32.23,27.11,4.919,35732.4,22296,13273.3
8.4,85.1,0.09,23750.9,14553.2,11306
26.53,45.32,4.91,42909.8,29924.1,34578.1
25.84,51.12,0.302,37350.8,20402.5,16068
15.08,79.1,0.083,33815.4,28126.9,17297.3
15.36,72,0.082,43396.1,26436.6,24793.5
23.24,63.48,4.923,34692.3,25887.1,12611.3
23.42,88.4,4.92,24293,13765.2,13054.8
19.13,78.7,0.292,35108,22086.5,13973.4
19.67,70.7,0.073,31686.2,24876.4,17864.1
11.5,76.7,0.079,23503.7,14600.6,12394.1
20.76,65.28,4.917,29921.8,24714.5,11199
27.32,71.1,4.913,33864.7,23589.9,25154.8
25.66,74.2,4.928,36957.3,23405.7,23021.9
21,69.46,4.918,32747,21399.4,17285.8
13.11,56.24,0.09,24949,20402.6,10314.5
13.35,69.86,0.076,41395.4,26866.9,25411.1
10.19,91,0.079,26627.8,16110.6,16573.7
25.35,89.2,4.916,24864.3,14468.4,18497.1
24.14,63.79,4.923,46943.4,27989.6,19532.6
29.94,62.42,4.908,36779.8,25025.3,33439.3
26.85,42.88,4.919,39226.8,26484.9,24063.2
20.53,78.9,4.917,27283.5,15608.7,12785
10.76,61.53,0.083,22323,13670.5,13989.4
34.39,27.91,4.926,41538.3,29225.3,30794.3
9.84,71.1,0.082,21864.6,17582.1,9974.55
25.49,45.85,0.305,40479.3,25682.7,15085.4
26.79,32.81,4.905,35423,24177.4,26988.3
19.33,72.2,4.914,29476.9,21685.5,19153.7
15.1,69.23,0.073,27157.4,21555.1,7709.96
15.57,58.48,0.08,22476.3,12629.3,14086.5
24.46,92.3,4.916,21486.5,17106.7,16497.6
14.83,86.2,0.082,19964.7,10488.4,14149.8
13.31,57.24,0.078,29505.7,25561.2,12936.4
26.07,43.01,4.907,30694.5,21091.1,23046
16.62,62.35,0.081,29221,22052.3,16087.5
20.15,54.84,0.086,34043.8,20530,20690.5
19.28,67.59,0.12,30949,19437.8,14035.3
12.26,61.18,0.083,34126.8,20575.1,21019.7
32.28,39.45,4.922,37998.1,25538,30324.4
22.97,44.88,0.084,31918.7,20694.5,17367.3
33.09,33.38,4.906,35140.5,23798.7,32571.7
20.73,49.04,0.085,31390.8,24768.6,10056.9
31.11,49.68,4.905,43273.5,31267.2,27758.7
14.19,90,0.069,34175.6,18821.2,18461.1
24.4,52.1,0.084,32341.8,18647.6,16571.6
13.06,88,4.909,22427.2,13551.2,14144.5
20.19,66.44,0.085,32593.8,25752.7,9442.43
23.05,54.92,4.904,24239.2,16070.9,21563.8
18.09,87.4,0.07,39847.9,23557.9,24130.2
12.23,87.5,4.912,23758.4,19060.6,8590.4
24.42,46.51,0.081,32932.5,19485.7,19241.4
8.41,94.7,0.079,24632.7,18414.2,8689.56
12.86,58.74,0.082,24036.5,18605.7,7404.56
12.05,84,0.085,27583.3,23053.7,11605.3
19.29,84.1,4.914,35642.8,22190.7,21576.7
22.82,70.8,0.271,32215.2,19347.2,17238.8
20.66,80.9,4.922,42844.3,26240.2,25086.3
12.47,73.7,0.08,26530.8,20583,8816.33
20.55,65.66,4.923,28573.1,16248.5,13282.4
13.56,70.6,0.087,32770.7,21267.1,15543.9
10.11,87.1,0.081,20527.7,11275.6,10260
9.63,75.2,4.919,30695.4,25378.5,13827.5
15.15,64.99,0.079,28616.9,17726.4,17673.6
18.84,75.9,4.921,42545.2,25813.7,26903.6
12.14,83.2,0.081,24658.5,17021.9,11843.9
22.42,71.7,0.071,42723.2,27508.9,24245.2
11.27,87.2,0.083,23051,18848.7,7127.97
22.16,66.52,0.279,45309,27733.5,21433.8
11.57,72,0.084,29243.5,18740.4,17968.2
24.32,39.08,4.927,31909.4,18018.7,15232.5
18.16,68.41,0.071,34412.3,27468.6,18899.3
33.36,29.71,4.908,35835.7,23798.7,33047.7
34.99,13.54,4.904,40249.7,29252.4,27722.6
26.97,83.3,4.904,50056.4,34365.4,39254.7
18.05,51.3,0.081,22679.8,18366.4,7393.04
15.41,54.19,0.08,30600,19947.7,14831.3
27.57,31.23,0.073,30405.2,22272.4,16667.9
14.42,63.58,4.914,29980.2,25281.4,12988.2
15.16,80.9,0.073,20344.6,14504.1,9484.34
11.21,74.5,0.084,27231.3,16159.8,16298.7
10.03,81.4,0.083,28966.2,22938.8,8304.58
19.21,85.3,4.914,30220.9,19496.9,10643.4
24.81,81.1,4.919,32920.7,21729.1,20834.8
21.74,52.92,0.08,28264.9,17416.7,15624.3
26.67,55.99,0.257,34451.7,20447.4,15603.2
23.59,68.62,4.941,36923.9,23890.2,14008.7
21.96,75.5,0.081,43753.1,24339.3,26141.5
19.3,58.55,0.08,23218,14890.2,12559.8
29.92,42.09,4.925,33341.7,21721.5,25787.4
11.35,85.8,0.076,31067.2,18834.1,18847.7
16.24,90.9,4.917,26414.2,16569.7,15525.2
22.68,46.51,0.083,32129.5,20657.8,17448.7
19.58,89.6,0.071,28990.7,18288.1,16860.6
22.73,43.98,4.918,29010.3,16061.5,14049.9
22.94,70,0.07,33148.6,21308.1,15543.1
14.28,48.53,0.088,32346.8,26010.4,9115.97
18.64,69.05,0.068,21150.8,16475.2,11034.2
8.62,88.8,0.08,23686.8,14892.4,12394.1
23.54,66.82,0.071,32665.4,21259.5,16293.4
24.12,61.19,0.055,35806.1,22172.6,20440.6
22.46,69.95,4.917,34377.2,25562.2,11928.5
24.41,66.52,4.903,30564.4,21193.2,21192.2
10.64,47.68,0.086,23546.4,14119.1,15201.8
19.74,59.17,0.082,37266.9,22120.1,22229.6
19.49,75.3,4.911,27636.5,16897.6,14788.2
26.41,64.79,0.258,36101.9,21499,16044.5
33.45,32.34,4.907,41924.6,29393,28336.6
21,44.41,0.08,47567.7,27969.2,28167.9
13.69,75,0.074,24328.5,19537.3,7312.36
20.16,69.5,0.074,34560,21392,16726.2
26.64,49.48,4.904,32872.3,25409.1,26861.9
19.05,53.6,0.086,27990.9,23267.3,9801.68
27.04,63.55,0.335,31731,21005,16332.7
14.64,84.9,0.083,27113.8,22057.4,8720.96
8.94,90.2,0.092,21287.5,13156.1,10840.6
12.68,83.4,0.08,20554.9,13167.2,14116.6
21.1,52.69,4.922,31100.2,19956.8,10948.1
16.31,70.5,0.078,24986.9,14345,16052.4
19.31,85.6,4.915,27780.5,18804.6,10343.3
16.02,92.8,0.065,27057.7,17340.1,13143.3
17.58,85.6,4.915,25407,15622.3,15396.9
12.12,71,4.917,19661.5,13150.4,6511.81
9.13,86.8,0.086,31350.5,19962.3,19792.4
25.36,85.7,4.918,50356.8,33814.1,40326
19.98,79,4.91,28339.7,17908.8,18014.3
15.46,66.92,0.074,36251.2,19145.1,15892.3
23.64,87.1,4.918,22459.5,14943,14857.9
25.27,89.7,4.926,40102.6,24812.2,19428.7
19.72,82.2,4.915,42109.8,26088.8,18137.9
20.7,70.1,0.336,26136.6,15032.4,13273.3
24.47,63.12,0.07,32055.1,21042.4,14054.4
25.5,42.25,4.92,35360.4,22391.7,13101.5
11.02,87.1,0.078,23373.4,18664.6,6868.67
16.38,61.48,0.08,28057.8,21345.2,9784.39
15.05,71.1,0.078,24820.3,15457.8,16499.3
16.07,81,0.084,24836.9,19647.5,11242.4
12.34,81.2,0.077,40714.9,25108.8,25578.8
15.72,72.5,0.07,44071.1,23451.3,28701.1
20.7,66.28,0.086,33747,26514.5,10580.4
11.28,71.7,0.091,42051.6,26246.8,25422.7
16.85,78.9,4.918,21025.6,13144.3,10558.1
23.23,69.35,0.067,34305.7,16866.1,17203.2
25.42,62.05,0.265,46239.3,27149.7,22457.5
11.8,50.42,0.083,33687.5,19867.5,15774.9
15.54,70,0.072,30241.8,24637,8891.24
26.78,52.95,4.904,37814,24728.6,22913.6
17.18,49.65,0.085,45410.4,23689.6,28864
14.92,87.7,0.069,24590.1,14466,12363.6
10.8,92.2,0.081,20282,11350.8,10854.3
19.63,89.3,0.071,23675.8,15316.8,12748.8
27.28,30.48,4.912,38623.3,25853.2,36903.8
16.33,32.82,0.085,30564.8,19869.5,14736.8
15.41,59.93,0.083,39593.9,23653.5,20313.4
16.37,55.27,0.087,21897.7,12981.2,13665.5
20.77,66.91,4.922,46785,28149.8,26473.8
22.06,81.7,0.066,36886.9,22659,19643.1
24.84,48.78,4.909,30241.6,20593.7,26606.9
15.08,51.79,4.916,26248.1,14651.7,14151.3
17.11,67.22,0.078,43788.3,21051.2,25380
21.87,56.29,0.073,33074.4,20805,17454.9
12.35,85.1,0.078,23297.4,13565.9,14463.9
24.22,92,4.919,26939.7,17349.9,13638.6
20.06,47.91,4.918,31089.2,26248.8,10386.5
19.9,80.7,0.067,25643.1,20540.1,11907.5
18,89.3,4.91,24911.7,16170.1,10860.5
15.25,62.78,0.083,34366.5,27906.7,15627.4
7.76,72.2,0.083,22831.9,18237.5,10118.6
14.82,71.2,0.081,38357.4,31257.4,16209.4
9.68,75.5,0.082,30331.1,17255.9,15238.6
19.92,65.48,4.916,42735.9,25780,26336.5
16.15,69.99,0.073,39817.8,21215.1,26478.5
19.39,74.2,0.069,29969.2,22842.1,15354.2
21.21,71.7,4.928,30230.5,22421.6,11800.1
12.04,88.8,0.081,24951.8,15951.2,11491
26.68,83,4.909,30801,22367.9,23708.1
24.53,53.02,0.285,37790.4,24174.6,14508.8
26.13,82.8,4.913,46214,28864.6,39922.3
17.02,65.85,0.088,26425.3,16933.2,14557.1
9.93,72,0.084,23599,14691.8,15487.2
12.99,61.67,4.916,29178.3,18817,14084.5
16.62,60.45,0.087,31124,25664.3,9882.35
11.23,53.12,0.079,33235.9,19809.1,15334.9
12.18,80.2,4.922,22972.9,13393.3,13685.1
19.57,78,4.923,39626.8,30499.2,17431.7
21.56,54.77,4.916,31314.5,25752.7,12191.1
21.62,43.44,0.082,37090.6,22383.9,19046.5
17.88,85,4.917,25772.1,16383.9,16166.5
16.46,68.89,0.073,31294.3,24865.3,9277.31
16.11,57.07,0.082,31686.2,25992.1,13798.6
14.43,81,0.081,25693.7,15356.8,12130.9
18.66,50.8,0.083,32534.2,20162.9,15543.3
20.25,77.6,0.07,39169.2,33229.3,19801.4
26.77,59.31,4.925,32958.9,19579.7,24540.3
17.54,66.66,0.082,31555.9,26467,8764.47
8.56,93.9,0.086,28179.5,21974.8,7756.06
11.85,91.8,0.083,26786.4,15020.1,14246.6
25.68,69.22,0.281,37229.7,23890.2,16291.6
16.78,56.28,0.082,30886.7,25369.7,9329.17
15.75,79.6,0.074,21470.8,16129.3,10583.1
25.3,47.29,0.086,34591.5,21555.2,12891.4
21.93,46.92,4.951,35694.4,21723.2,12984.8
21.34,80.4,4.916,24260.7,15814.6,15442.7
21.17,60.69,4.921,28634.3,17090.6,15920.9
13.76,73.2,4.919,27211.9,14840.7,12914.8
17.94,67.79,0.081,22556.8,14358.8,11136
17.63,79.2,0.065,20358.3,12850.8,10633.8
16.42,77.9,0.071,39366.4,24623.7,24605.5
7.29,86.5,0.086,31090.6,20254.1,14596.6
7.69,62.57,0.084,33004.1,20122.8,20429.2
21.84,58.72,0.079,46728.5,25765.1,27092.7
16.39,65.78,4.918,37390.8,31191.3,16285.3
15.21,57.41,0.077,23149.8,13707,14229.2
16.24,78.5,0.07,38692.5,24118.5,23949.8
11.52,70.3,4.92,37544.6,30893.8,15724.3
21.73,82.9,0.07,41477.1,25955.9,23229
18.76,80.3,4.917,31248.8,20433.4,14854.7
8.27,91.1,0.095,24363.6,15512.2,11003.2
8.35,81.7,4.92,23883.1,18866.5,10843.4
26.19,76.9,4.907,45977.9,31462,41735.9
12.79,87.8,0.083,32488.9,20732.9,15032.9
29.9,25.74,4.91,47985.1,33046.3,36528.2
16.86,90.9,0.074,21793.6,12427.2,10616.4
10.44,88.7,0.076,36386,21925.6,21803.2
19.16,43.66,0.084,31966.8,21147.7,16307.5
11.06,51.02,0.081,44828.4,27166,25717.6
10.2,60.42,4.924,24235.9,14637.1,14622.9
32.32,39.59,4.921,38036.4,25731.6,30517.2
23.41,53.85,4.922,33892.7,23379.6,17064.3
19.16,73.9,0.069,22295.4,17717.4,11589.4
15.15,55.02,0.083,32438,26901.5,10037.9
10.51,48.45,0.085,23479.3,14378.1,14489.7
14.96,75.9,0.073,35483.5,22012.2,21721.4
16.6,73.9,0.073,34473.2,19741.3,17309.1
20.91,84.8,0.079,29308.6,19040.3,13629
24.71,56.11,0.069,34343.8,22415.8,19312.2
24.01,82,4.92,29023.8,18859.1,20385.7
21.73,75.6,4.917,35001.1,23493.4,10901.4
12.73,49.2,0.079,24164.3,19677.2,10354.9
5.706,85.9,4.917,21950.8,17338,9825.54
21.17,56.49,4.92,25735.2,15309.4,14138.2
13.8,75.1,0.073,33064.9,19500,16374.2
18,85.1,0.088,30778.8,16872.2,11094
24.25,92.4,4.925,28991.8,19463.6,21739.9
22.78,74.9,0.069,35500.9,21921.8,18934.2
12.01,85.6,0.077,24216.5,14952.4,11525.8
16.72,86.7,0.068,25681.3,14649.3,15965.1
21.88,86.6,0.315,41275.8,27247,17315.3
15.72,87.2,0.082,24156,13446.8,15831.3
16.17,84.3,0.086,27392.6,17325.5,13736.7
19.58,84.6,0.07,43071,25292.9,25762.6
15.43,80.4,0.072,22436.9,16832.2,10930.1
17.48,64.1,0.088,29475.8,18183.3,14894.5
16.02,58.97,0.083,24516.9,19870.7,8622.65
23.77,87.6,4.916,28646.9,19522.8,18105.4
14.66,53.11,0.079,39543.7,33562.4,16583.9
25.33,38.44,4.924,31038.3,17846,18129.5
28.45,39.58,4.906,40914.5,26804.2,23906.7
20.25,72,0.07,27200,20320.7,9380.24
17.05,89.3,4.924,28642.5,19766.4,8823.83
15.61,76.2,0.069,37950.8,32024.4,19830.4
20.65,56.25,0.282,27028.7,16364.7,13373.3
10.72,89.8,0.072,29302.5,17615.9,17669
8.87,82.3,0.081,27554.4,17566,12613
28.27,30.68,4.908,37392.1,25948.9,26368.4
17.93,57.66,0.085,30219.8,20364.6,14237.1
25.94,67.92,0.257,35706.9,22490.6,15720.9
15.33,89.7,0.069,22730,12929.9,13544.7
26.75,84,4.915,29648.4,18413.9,23805.2
16.75,54.75,0.077,33131.6,27148.2,10919.6
26.94,68.32,4.934,39015.8,24546.1,22612.7
28.63,73.9,4.905,43209.6,30575.3,29829.2
12.1,83.1,0.069,23936.9,13626.7,14605.5
11.61,58.25,0.088,22812.3,19405.8,10554.2
24.4,88,4.916,36592.9,23116.8,22034.9
17.81,70.4,0.082,22346.8,19927,9535.81
19.57,57.56,0.085,31286.3,19440.7,15418.2
19.34,86.2,0.073,39251.9,23063.2,23672.1
8.3,78.6,0.087,26782.8,17482.1,16886.7
15.98,82.3,0.073,28880.6,15551.1,18146.9
21.75,54.79,0.081,36098.5,22550.5,19111.4
17.04,69.83,0.074,32717.9,26511.2,10527.7
25.86,48.02,4.924,32726.1,20278,10317.8
9.11,86.1,0.095,27991.1,17509.8,12402.6
22.44,75.3,4.91,25699.4,16821.5,15065.1
22.61,76.5,4.921,34534.6,22715.2,26626
19.52,86.9,1.204,31093.9,24072.2,11560.9
15.51,69.63,0.077,36656.2,22252.9,20246.7
23.21,67.05,0.071,29868.1,16660.3,16600.6
18.43,56.54,0.074,43028.4,26169.5,25426.5
17.99,50.75,4.923,23983.7,15698.8,15352.3
16.23,55.21,4.918,40453.7,22920.4,24485.8
24.05,49.12,4.907,31313.2,21463.3,26209.2
16.98,35.14,4.917,29556.9,25393.4,10305.5
22.55,40.95,4.921,47042.1,24919.3,22086.9
15.17,64.52,0.078,21280.6,15910.4,10089.8
12.62,75.6,0.072,24363.1,20105,10710.4
12.25,87.6,4.923,23796.9,17955.4,11803.4
17.59,90.5,4.911,26831.2,19130.1,10543.3
32.58,21.91,4.916,48210.5,30941.8,39904.3
15.61,51.64,0.081,36057.8,29998.2,14993.5
15.93,85.8,0.071,20978.5,17092.6,8304.58
16.26,77.9,4.912,22238,13422.5,14139.8
15.37,68.09,0.086,37590.9,30543.1,15955.8
31.39,27.81,4.927,35904.4,22052.8,13508.6
15.77,87.3,4.912,23046.3,15363.5,7732.52
31.09,29.11,4.925,38160,22546.8,15338.4
15.62,59.38,0.075,33328.3,21003.7,16025.8
18.37,79,0.071,43322.6,25598.8,24741.3
23.92,89.6,4.91,25846.5,17106.7,15360
14.04,75.4,0.071,34707.1,21728,16414.8
13.47,61.14,4.923,41192.5,25535.6,24770.9
28.95,29.61,4.908,45282.7,29715.2,42416.7
13.18,85.5,4.908,23187.1,14030.5,14237.4
22.47,43.06,0.077,24664.1,14600.6,15134.6
19.34,86.9,4.918,33066.4,21417,10802.2
22.78,52.09,4.917,30190.6,19754.4,25757.3
19.81,66.51,0.071,28000,22526,9478.55
16.13,77.1,0.071,24209.2,18394.2,11421.7
21.37,67.48,0.073,30800,25568.2,17170.1
15.81,60,0.082,32454.9,21439.5,16405.9
30.65,22.84,4.915,47132.5,30326.6,38645
20.49,67.69,0.276,25308.3,14995,9525.47
24.43,82.2,4.922,48170.5,29640.1,30924.6
23.86,57.73,0.082,37263.5,23108.7,12582.1
9.33,83.7,0.076,40490.1,26447.4,25486.3
24.36,90.3,4.92,27758,16715.1,15516.5
30.57,62.75,4.907,39361.1,28731.6,28637.5
19.04,80.5,4.91,25130.5,14856.2,13831.2
5.139,86.9,0.085,24066.8,15735,11392.8
22.64,65.6,4.922,42518.2,24634.9,20274.7
12.44,85.4,0.081,24290,12343.9,14237.4
26.99,31.08,4.908,28978.6,19279.7,24160.7
15.72,58.85,0.08,22464,12457.3,14103.9
19.26,82.8,4.918,30325.1,19714.1,14087.8
11.02,85.8,0.069,21368.1,13112.5,11236.3
24.03,61.23,4.907,28793.6,20213.9,21901.3
27.18,72.8,4.904,39233.2,27986.5,28625.5
15.22,74.2,0.074,32147.8,19969.6,13515.2
21.53,64.21,4.921,34698.6,23067.6,12132.8
22.75,83.3,4.91,46653.5,28302.3,21004.3
21.7,59.42,0.081,45444.2,24387.9,27305.4
18.58,87.7,4.917,33741.6,20853.3,20224.1
30.64,62.95,4.907,40927.3,30677.9,28908.3
14.85,86.9,4.914,19630.6,13649.4,8246.08
19.87,56.66,4.92,28024.9,16427.8,9483.28
26.33,84.5,4.908,34419.4,24800.8,26434.6
10.23,84.6,0.086,25837.3,21400.4,11403.6
15.62,69.26,0.082,27978.7,22026.4,9870.83
35.89,20.51,4.905,39278,28503.5,25814.7
26.74,46.92,4.908,34936.3,24049.4,26329.7
18.53,74.3,0.069,36916.9,30365.7,17089.2
14.25,60.57,0.089,31057,27199.8,8897
15.04,69.99,0.074,23585.6,13039.9,15482.2
6.086,82.6,0.084,26904.3,17190.3,12063.6
21,53.32,0.084,31534.3,16101,18251.6
10.52,50,0.077,25125.5,20807.6,8159.42
13.42,83.9,0.073,42270.4,25823.7,24988.9
10.34,80.6,0.078,19740.8,13353.2,13636.6
22.97,54.74,0.071,32215.4,26814,11514.2
22.19,85.6,4.918,31858.4,18943,14597.1
14.09,79.9,0.073,29705.3,18525.2,13335.9
21.46,52.72,4.918,40045.1,27214.8,28529.2
33.65,25.61,4.904,38683.4,27762.2,30280.6
12.66,87.2,4.919,22126.2,17910.4,8257.75
29.15,20.24,4.908,40019.5,28271.6,34710.5
16.88,71.9,4.914,42197.5,25601.2,25359
19.37,83.7,0.068,46029.6,27555.4,26229
12.57,59.97,0.082,32390.8,21047.6,15996.8
15.74,57.81,0.08,33679.1,26452.3,10619.9
21.7,86.6,4.913,26295.9,15593.8,12920.3
23.84,46.05,4.921,31571.5,18124.6,17914.2
26.79,55.29,4.905,27521.4,20151.6,19428.7
19.85,60.45,0.274,27780.5,16622.9,12937.9
10.96,73.9,0.084,38357.5,24897.3,24306.5
28.13,63.58,4.922,39637.5,26134.2,26727.4
20.67,84.9,4.922,45796.4,29927.8,19515.1
23.5,42.81,0.084,33344.8,22201.2,17821.1
21.45,60.37,0.086,23586.8,10968.4,11023.8
10.57,67.92,0.087,37609.1,32336.3,16532.1
11.61,84.8,0.082,27121,17250,12843.9
31.54,33.78,0.072,42263.4,29161.1,27012.4
21.97,87.6,4.924,29362.6,18072.2,17358.2
7.73,80.4,0.086,21393.4,13539.2,14214.9
23.19,82.7,0.266,44939.5,28844.9,18415.5
26.02,35.5,4.919,28756.6,16764.6,17338.2
20.45,48.53,0.081,42454,24765.3,25576
18.4,73,4.919,23874.7,13254.9,9501.94
21.03,51.38,4.905,42979.4,29643.9,33259.9
12.47,53.28,0.083,34264.6,28480.2,14770.1
12.88,61.93,4.918,40252.3,33913.6,17783.1
21.25,84.2,4.918,27869.7,15414.1,13485.1
14,74.3,0.073,34658,21728,16020
26.49,84,4.905,50682.9,35156.1,40789.5
30.65,53.28,4.905,43823.3,31255.8,27885.1
25.46,74.5,4.914,31912.8,25268.4,24606.5
24.08,50.35,4.921,34232.7,23557.9,17437.4
24.66,54.22,4.908,30209.7,20141.8,26100.8
14.16,66.49,0.086,35304.4,21465,21285.9
16.1,86.6,0.075,39334.2,29005.3,28421.8
16.47,74.5,0.071,34299.6,20298.6,18891.6
28.61,64.06,4.907,39214,26925.9,27066.6
25.5,57.62,4.908,28934,21429.1,22148.3
13.91,72.3,0.083,43266.8,26560.5,25515.2
20.55,85,0.068,43384.4,26839.1,25769.4
10.64,62.77,0.09,35823.8,22690.6,21825.5
20.32,59.19,4.93,43174.5,21817,24816.8
24.54,84.8,4.917,29469.8,19067.1,22124.2
15.05,88.7,0.071,25224.6,20212.8,13006.3
17.4,75.6,0.076,39817.8,21226.1,26280.7
25.61,44.85,4.906,38683.4,25234.2,22347.8
9.45,79.1,4.922,28006.2,23080.2,12329.6
10.75,91.1,0.081,21923.4,12113.1,14072.9
31.94,54.05,4.91,36358.8,24520.3,32282.5
13.34,58.14,0.086,22124.7,13473.6,13690.9
15.83,65.45,0.076,33490.6,21388.4,16701.7
17.82,78.9,0.081,25092.2,17342.4,11893.1
15.07,51.82,4.92,25701.3,14513.1,13752.3
23.4,79.3,0.35,32826.9,21207.1,14197
8.12,82.8,0.088,23507.2,18134.4,10481.6
15.59,81.3,0.085,27602.6,16622,12237.8
24.08,78.6,0.065,45287.3,30533.5,34241
13.48,67.31,4.91,35127.5,21607.3,21778
26.08,73.3,4.921,35255.3,23236.7,25172.9
22.83,67.38,4.917,34654.5,25842.3,12167.8
19.77,68.31,0.07,36553.8,29365.3,17447.7
6.893,63.31,0.086,22704.4,13170.8,14455
23.6,79.8,4.922,37108.7,22520.6,15826.8
18.12,86.5,4.921,28743.3,17806.8,16784.5
11.6,84.3,0.089,23297.4,14934.1,11589.7
18.6,62.01,4.917,22536.4,13787,12161.3
26.13,67.19,0.26,35554,22535.6,15685.6
9.54,85.8,0.079,34480.7,21884.5,21697
19.37,79,4.921,45866,27440.2,26194
14.99,89.2,0.07,23145.4,12984.9,15127.3
28.74,30.04,4.921,36381.3,22683,13194.9
23.45,87.1,4.91,33137.5,22545.6,28655.4
14.36,67.39,0.083,32790.5,20969,15589.6
19.18,68.9,0.07,29410.6,18442.1,13677.1
16.04,81.9,0.072,34863.8,20206.9,18810.2
17.37,66.59,4.924,27858.5,22741.7,12404.8
13.96,90,0.067,34479.4,18799.2,19525.8
16.27,91.1,4.918,22851.1,14192,13589.6
26.58,57.22,0.258,34012,20103.1,15367.8
19.98,84.3,0.068,31165,16630.4,18290.2
20.78,71.7,4.918,33426.9,21031.6,17402.4
27.14,65.52,4.925,39623.2,24671.6,22510.3
25.06,54,0.071,36772.5,21281.9,19294.5
16.73,86.5,0.074,38418.5,32511.6,20177.3
12.81,82.2,0.074,41668.1,28741.5,25786.5
5.814,83.1,0.085,26053.7,17576.9,12549.4
24.8,54.61,0.081,31827.1,19609.8,15462.6
19.23,57.59,0.08,22620.4,14336.4,11236.4
17.02,78.8,4.924,20773.8,13292.9,10645.5
21.12,44.11,4.918,29200,22358.7,10432.8
20.9,60.15,4.92,25769.8,16312.1,16010
21.05,68.29,4.925,35743.5,22038.4,18661.7
21.17,92.7,4.915,27551.2,15956.8,12514.3
25.51,65.02,0.272,34681.1,21102.3,15626.7
12.11,78,0.08,24540.5,13780.4,15697.5
28.73,72.1,4.906,38523.6,26891.7,27403.6
9.9,88.9,0.083,23335.4,18319.8,10039.5
16.89,63.5,0.075,35513.9,23482.1,21513.3
28.18,65.03,4.917,38903.9,26058.2,29022.9
27.68,56.85,4.904,33882.4,26074.3,28180.1
17.94,66.72,0.073,30515.6,25598,9288.84
21.21,61.74,0.069,28363.1,20882.2,16956.1
16.95,65.95,4.916,23040,18539.3,9796.63
17.67,85.9,4.915,24760.4,12992.1,9244.01
12.45,56.09,0.085,44500.3,27731.3,26666
21.55,73.3,4.923,34799.2,21748.6,17215.9
19.75,70.3,4.921,26146.9,14922.8,12267
13.76,66.19,0.085,35469.2,22114.3,21853.3
13.38,78.8,0.082,33101.5,27130.2,14307.5
11.87,81.5,0.087,22341.4,12892.7,15276.8
22.49,67.48,0.074,34080.5,24032.9,26121.6
26.21,40.95,0.322,38478.6,24414.1,15020.7
19.28,70.4,0.079,35378.4,19180.4,19473.5
11.27,80.3,0.075,37292.9,21878,22308.4
26.42,63.22,0.26,36038.2,21652.4,16085.6
12.2,77.6,0.082,24280,13289.2,15918.5
25.33,62.14,0.069,38997.6,20585.9,19985.7
17.54,62.87,0.083,29426.2,18810.2,14690.9
19.43,56.67,0.084,25593.8,20737.2,8657.35
14.15,63.95,0.086,27619.8,22052.2,8672.27
25.01,41.57,0.072,31966.4,19642.1,18055.4
22.56,74.1,4.915,37172.4,22936,12937.9
14.73,62.6,0.079,34157.3,20498.5,17320.5
18.69,46.36,0.081,35084.7,21195.1,16695.3
13.43,43,4.918,34309.8,20414.6,18142.6
28,32.49,0.067,32721.8,21035.3,16166.5
18.15,87.6,4.916,24710,15736.9,10627.1
16.03,84,0.075,32098.5,17002.9,17582.5
19.79,89.1,0.067,23815.6,14662,12494.8
18,88.5,4.916,31175.8,17611.6,14531.3
18.69,86.6,0.064,26023.9,15105.9,15880.8
24.08,91.8,4.919,28569.9,18296.5,16726.3
6.235,84,0.082,21000.8,16764.7,9859.3
18.22,48.8,0.086,24584.6,21559.1,8402.89
8.81,93.1,0.083,23008.4,18598.3,6949.34
16.42,78.7,0.073,32290.7,14359.7,17728
20.27,48.21,0.081,22712.7,13872.4,13525.5
21.14,77.4,4.926,47080.4,32269,16962.3
8.03,88.7,0.08,23124,14444.9,9991.84
19.76,56.9,4.915,37421.6,21662.2,20409.7
24.19,49.35,0.071,35088.8,21369.7,17728.9
21.32,59.45,0.08,45740.1,27120.7,26526.3
20.09,88.6,0.246,25920,17361.4,8351.12
14.26,55.93,0.081,27402.7,18160.5,13285.6
25.48,79.8,4.907,40932.4,28993.7,37717.2
19.53,54.15,4.922,31739.8,22090.4,14802.3
13.27,77.5,4.918,24552.5,13492.5,9850.94
15.98,88,0.067,26716.7,19580,20264.7
12.81,71.7,4.913,24602,14462,15172.8
19.39,74.1,0.069,24147.7,19777.7,12780.7
18.65,63.4,0.08,43227.9,26318.1,25361.5
21.38,55.29,4.928,42734.9,22329.7,25405.2
20.8,65.74,4.918,30457.4,25132.8,10924.7
22.87,71.6,4.918,34673.4,23388.8,11625
10.58,86.4,0.083,22353.7,13137.8,13772.9
16.14,86.3,0.07,32619.3,28066.8,25192.7
34.52,30.58,4.91,37028.6,24797.5,27552.8
10.78,73.4,4.921,35889.2,30019.8,15412
13.45,86.1,4.921,24416.4,13967.4,15726.5
26.99,32.61,4.908,29484,20664.8,21138.1
16.93,67.16,0.074,31902.7,25362.4,9490.52
20.71,83.2,0.658,26956.3,16589.2,12175.8
9.86,67.53,0.082,22474.9,13240.1,10438.6
12.18,87.2,0.074,38485.2,33915.9,15817.5
7.32,89.4,0.072,22082,13178.1,13824
22.31,75.8,0.071,31012.5,19201.2,14432.5
19.5,69.49,4.917,26449.4,15322.4,12506.3
24.18,50.08,0.071,35239.9,21458.8,18131.2
15.81,68.36,4.916,32743.3,20611.6,16748
14.53,71.9,0.074,36234.1,20049.3,19729.5
8.68,66.44,4.912,26798.6,16026.7,16446.4
25.27,40.75,4.91,43203.2,30008.9,34764.6
21.1,49.17,0.084,31956.9,25635.1,10745.1
27.09,44.95,0.077,29335.8,19583.5,24377.6
10.79,48.6,0.08,22217.5,19135.9,7427.61
14.98,85.1,0.082,34287.2,19466.4,22615.3
15.81,68.02,4.922,27532.3,20897.1,7587.47
13.24,72.9,4.919,24400,18624.8,10646.7
21.68,83.8,4.917,44372.4,25140.1,21163.1
11.36,88,0.078,20584.7,10385.7,14213.8
15.13,70.5,4.916,26958.6,14022,13155.6
14.93,52.1,4.916,36882.4,21091.5,22970.3
19.01,66.23,4.925,46251.6,23517.1,25165.2
24.29,56.42,0.081,35265.8,21853.9,13189.1
18.4,90.1,4.918,24777.4,14578.3,14038.5
25.15,92.6,4.913,24056.5,16506,16479.5
15.03,87.2,0.067,43240.3,23554,28026.2
22.36,75.6,4.904,34260.2,23707.6,30444.9
23.81,64.42,0.276,43340.2,24926.8,21986.8
25.88,65.76,0.301,34317.9,22034.1,16797.5
13.53,90.3,0.067,24354.4,11855.8,15604.4
24.38,61.32,0.055,37268.3,22591.7,21131.8
12.43,53.31,0.085,30609.2,25746.7,13370.6
23.93,86.3,4.911,29890.8,19594.9,23256.9
24.42,51.52,0.268,46704.4,27819.5,21798.6
8.9,52.05,0.083,39221.7,22548.3,25054.6
21.37,65,0.093,41801,25853.5,18447.2
20.13,63.89,0.124,33173.6,20558.1,14934
25.63,43.81,0.082,31165.3,17740.2,16664.5
11.35,71.6,0.089,27437.3,21301,7444.9
11.73,69.13,4.92,21575.7,12539.8,14481
17.51,49.77,0.084,31998.6,18135.4,17221.9
21.34,81.7,0.081,31591.8,26234.4,14023.6
15.32,63.35,0.08,24315.3,15275.4,11439
12.32,62.8,0.084,44002,27625.5,26752.8
17.67,78.5,0.07,22725.2,10811.1,12511.1
16.56,53.5,0.082,33362.7,27707.9,10971.4
16.85,64.85,4.917,34420.3,20290.6,15984.6
12.39,74.2,4.917,34481,20990.9,22120.5
19.95,71.4,4.918,25214.2,16749,10837.2
21.23,54.55,4.918,44572.6,26967.1,25467.1
24.4,43.09,0.081,33395.7,21376.8,16310.3
25.47,56.2,4.918,35063.6,21436.5,17583.2
6.874,86.3,0.089,22705.8,14589.7,11739.8
14.16,53.74,4.918,26066.4,15724,16371.1
13.62,86.4,4.915,27169.2,19833.5,17268.4
18.5,44.06,0.088,38236.6,22522,17274.2
34.25,21.41,4.919,40460.3,27113.9,28739.7
16.47,82.6,4.917,23853,17966.4,11444.1
18.45,85.7,4.919,37808.3,23394.4,23086.6
13.11,86,0.074,25046.2,20153.3,10947.5
22.92,55.34,0.071,32898.5,27148.8,11496.9
16.77,53.97,4.915,28945.8,16249.2,16296.9
20.37,63.49,4.921,29193.8,21235.5,11774.5
12.28,75.2,0.073,22615.4,18104.1,9669.4
13.02,74.1,0.086,40313.9,25473.6,24115.7
18.22,67.43,0.082,37523.7,17083.5,21323.6
20.54,81.3,4.917,25699.9,15998.7,20129.9
25.76,80.9,4.927,36573.8,22770.9,23437.2
19.07,52.09,0.08,30652.3,25501.2,9952.77
29.76,41.72,4.905,43337.1,30740.5,29950.8
15.87,76.8,4.918,23893.8,14538.5,8778.26
25.37,54.26,0.08,36129.2,23235.7,13329.1
15.64,84.2,4.928,38000,28945,17332
13.86,48.73,0.08,42412.9,24229.8,25349.8
19.86,70.8,4.916,24999.9,16954.4,12576.3
7.36,78.1,0.085,22888.1,14210.3,14619.8
22.88,30.7,0.085,32997.5,19528.7,17751.3
27.49,37.23,4.921,34333.4,22926.3,17752.2
24.77,58.19,4.924,46495.5,27306,22606.6
12.26,77.8,0.075,38947.1,23048,24273
6.706,89.8,0.071,22332.2,13539.2,14235
13.45,62.02,4.923,34339.4,19982.9,21065.8
9.08,54.44,0.09,38983.7,23142.9,25112.4
25.34,46.02,0.079,36488.4,22332,13574.2
9.18,59.89,4.917,22030.8,18074.4,7570.12
14.52,71.5,0.083,33370.2,23416.4,17644.7
11.48,85.5,0.069,22794.9,13931.7,13801.9
20.73,66.03,0.086,24804.6,19523.7,12068.6
11.56,63.67,0.086,42592.4,26797.6,25139.3
20.58,71.2,4.918,29203.3,21185.5,10708.8
21.57,57.12,4.922,30174.5,19737.3,21168.2
23.3,61.03,0.069,32709.2,18728.2,17087.6
26.54,77.1,4.911,48459.3,31769.6,43989.3
25.58,84.4,4.919,33660.6,22648.1,29920.7
24.36,61.62,4.928,37854.2,23306.4,13979.3
13.75,82.3,0.082,33040.3,17487.8,19387.7
26.31,34.67,0.072,36874.2,20406.2,21628.1
19.84,92.8,0.068,34169.3,20774.7,9646.69
17.8,74.2,4.92,30835.5,25330.7,11234
25.67,87,4.93,40198.5,24975.7,19350.5
24.5,92.4,4.917,31862.2,19471.2,15053
15.19,72.8,0.07,41194.9,24496,25486.3
27.35,53.34,4.923,31781.7,20548.4,22112.5
21.45,67.08,0.08,40281.9,25095.2,24611.4
17.02,84.1,0.079,30657,21105.9,14423.3
17.97,69.56,0.083,22493.2,13879.8,11236.4
18.34,63.31,4.915,23828.3,14968.8,12884.7
16.85,86.3,0.073,30025.5,17915.9,18720
24.71,91.2,4.925,25897.6,15730.5,12170
19.5,84.3,0.121,42078.2,25857.3,17927.8
11.09,57.79,4.918,43639.3,25655.9,25355.6
21.88,78.9,0.083,47277.4,29322.8,19929.5
26.3,44.72,4.908,30216.1,20870.9,20316.7
9.39,91.3,0.08,21937.6,17618.9,9248.5
15.71,84.7,0.072,38490.9,17629.7,25117.1
22.75,70.1,0.08,34812.1,24819.1,13335
15.65,59.7,0.077,32014.2,16949.5,17187.5
16.66,66.12,4.914,34110.4,19984.2,15845.8
18.62,88.2,0.068,25281,15897.2,15461.1
14.29,44.89,0.077,30418.3,25874.2,9669.15
23.27,65.32,0.267,42843.2,25578,22869.4
18.33,64.84,0.084,30734.5,21787,15848.7
24.09,84.9,4.917,46412.4,28514.9,29889.4
12.15,84.8,0.078,23824.3,14301.2,14452.3
16.4,74.9,0.073,40687.5,34350.4,16007.7
8.14,82.3,0.074,23562.5,15643.8,15712.8
12.41,77.8,0.083,39353.9,25397,24040.5
10.13,86.5,0.083,30957,19134.3,19119
23.54,80.8,4.923,34266.9,21214.6,13655.7
13.76,87.1,0.081,26871.7,14737.3,17832.7
19.73,65.62,4.919,25123.5,18000,9996.16
24.15,56.19,4.92,29564.6,17397.5,13538.1
13.73,60.01,4.918,22716.6,13305.8,14617.1
22.49,79,4.908,28895.7,19875.9,19382.8
20.06,68.23,0.08,34106.8,23019.2,17145.9
14.75,85.8,0.071,24050.6,13666.8,15662.5
20.93,59.52,0.071,32998.8,18360.4,17682.3
10.3,83.4,0.074,42345.8,26254.1,25118.2
8.53,87.2,0.082,23199.3,13778,13999.4
15.4,67.76,0.077,35859.1,19265.9,15741.3
30.81,41.75,4.909,42916.1,34264.6,29577.2
34.78,34.95,0.07,37628.2,25815.2,25076.5
12.57,52.14,0.077,29481.4,23760.7,8873.95
11.66,86.5,0.088,20883,19502.7,16684.3
11.59,88,0.085,33408,19489,17111.6
10.85,51.09,0.08,44603.5,27001.8,25515.2
16.17,59.63,0.075,29651.7,24117.8,10579.6
18.85,51.2,0.083,40338.9,33016.2,17379.2
14.24,63.02,4.92,32955.1,28020.9,14382.7
16.55,70.2,0.079,26011.3,16272.4,15851.7
16.31,58.53,0.078,21692.3,16869.4,9652.05
23.37,58.74,4.921,34421.5,21447.7,17915.5
20.85,79.8,0.314,24142.3,16780,9225.41
7.1,87.7,0.086,23009.6,15202.4,11757.1
28.63,50.36,4.908,42584.5,30068.4,34288.9
18.51,75.5,4.916,42964.8,25929.7,26933.2
15.48,81.3,0.083,22110.8,17520.2,10051.1
19.95,76.2,4.926,34887.3,21930.7,21605.8
21.05,50.36,4.91,23837.3,15869.6,17310.1
31.2,44.76,4.908,37755.7,25781,29173.6
14.93,59.53,0.085,33770.1,22092.4,16614.9
11.71,83.4,0.082,24317.2,13388.2,15825.5
17.46,63.53,4.919,31150.6,19183.8,11385.8
21.89,76.4,0.067,44922.9,27116,29166.3
21.39,62.86,4.916,35416.1,21544.3,18177.8
19.9,81.7,0.067,30867.7,25921.5,16302.7
19.64,87.8,4.921,28415.6,18507.9,12249.5
24.85,48.16,4.914,27415.8,17616.5,20358.8
22.84,74.9,0.069,47389.7,26876.5,29012.7
26.74,80.3,4.914,46705.1,29244.3,42730
19.78,61.78,0.08,42416.3,25344.9,25302
18.65,72,0.076,32588.3,19866,17821.1
19.98,56.96,4.92,36070.8,23208.7,18037.9
21.55,72.4,4.921,34635.5,21183.9,16697
16.22,55.67,0.074,34804.6,29180.7,14538.3
20.35,42.63,0.085,33335.4,25523.6,10340.2
10.1,52.25,0.082,23888.1,14804.9,11097.4
21.56,54.12,0.293,46150.1,30532.6,18627.3
25.71,56.59,0.298,37312.6,20724.3,16162.1
20.53,72.2,0.069,45840.5,26663.9,20098.7
21.5,66.76,4.916,29247.4,20136.1,14531.3
9.09,85.5,0.083,18536.9,13384.5,6252.1
20.77,61.51,0.073,30553.8,24597.5,11774.5
19.86,64.26,0.082,32079.7,20764.1,14306.7
13.35,72.7,0.084,32107.1,23339.8,17007.9
28.11,46.75,4.907,51412.6,34336.7,42055.2
16.07,87.2,0.066,35626.4,26725.1,26775.3
26.7,71,4.94,37129.9,23839.1,23003.9
19.3,45.14,0.083,32038.5,19976.9,16273.7
11.91,54.42,0.084,34114.6,19163.5,17598.4
15.09,63.14,0.076,31513.3,25966.2,10764
14.01,56.78,4.921,23015.6,13659.6,14605.5
16.07,70.6,0.072,42595.5,22846.4,28229.8
20.82,64.03,0.084,23575.7,18343.6,11455.8
10.57,67.1,0.081,43616.7,26385.4,25409
20.36,79.2,0.07,40849.4,33408.3,17414.2
9.09,82.6,0.08,27007.6,17018.8,12312.3
11.58,49.85,0.088,34157.3,19127.1,18136.8
13.77,86,0.087,29370.4,16845.2,20404.4
34.6,31.71,4.906,43005.4,30957,33987.6
23.89,86.3,4.915,29010.5,18846.8,22262.8
25.91,32.63,0.071,40231,24833.3,22478.8
21.98,86.6,0.288,42180.5,27606.2,17680.1
23.94,63.91,4.92,41094.3,26165.9,23144.9
15.5,61.05,0.081,41155.9,27811.6,24753.5
24.98,38.31,4.906,26975.7,18148.1,22533.9
23.75,43.73,4.917,46652.2,27744.7,28510.5
20.25,73.8,4.903,27383.9,17969.6,17448.7
20.62,75.2,4.918,35214.7,23149.2,17204.2
16.33,69.79,0.077,38138.6,23030.5,17709.7
21.04,43.88,0.08,28444,18520.2,13717.7
15.12,75.6,0.076,41796.5,25809.1,25231.8
3.973,77.6,0.084,22906.3,14542.2,10999.5
20.51,75.5,0.07,33590.6,20712.1,16189.8
23.74,67.02,0.068,39010.3,21802.1,19589.9
14.53,78.6,0.074,22165.1,13229.2,13642.4
20.72,89.9,0.069,22378.8,13756.3,11821.3
18.72,87.3,0.068,25054.4,14515.2,15338.6
25.67,86,4.916,31389.8,20198.7,26865.9
28.74,29.55,4.925,37942.3,23336.4,20186.6
12.02,60.18,0.084,41972.7,26549.5,25399.5
19.77,88.5,0.064,26071.2,16752.7,9833.43
12.41,60.25,0.08,21889.2,17490.5,10056.9
22.75,75.6,0.069,46728.5,26139.3,27990.6
17.31,69.78,0.077,37975.4,32057.9,16701.7
21.01,64.92,0.078,42945,25824.1,25307.9
17.34,78.4,0.081,33955.7,22688.5,16114
13.3,65.62,0.083,33919.3,20086.3,21129.6
11.26,61.85,4.92,20221.3,10382.9,9702.58
26.34,79.1,4.93,34854.1,22561.8,28119.9
18.05,50.88,0.084,32403.1,20604.9,17297.4
22.01,69.29,4.932,47539.1,28096.5,20657.2
20.68,76.6,0.074,40969.1,33524.1,17373.4
13.08,63.12,0.081,39728.1,24616.4,24226.7
27.86,32.44,4.929,32183.4,18097.3,16403.4
15.37,45.58,0.089,44554.9,27483.3,25752.3
8.59,85,0.09,28654,21496.2,9409.84
10.13,86.3,0.087,16599.5,17106.4,12000
5.976,86.8,0.085,21818.7,13951.4,14214.9
20.73,66.4,4.922,35783.4,23014.6,14808.9
11.88,85.6,0.067,40013.6,23147.6,24480
19.89,81.5,0.07,30172.3,25322.7,15892
20.28,60.18,0.073,28806.2,15191.9,18449.5
22.88,64.2,4.906,35108.6,24979.7,24269.1
19.84,84.1,0.065,38768.7,23965.1,24345.6
30.89,50.15,4.905,41112.7,32244.1,24544.7
20.84,51.85,0.08,32743.3,19869.7,16343.3
22.94,49.95,4.916,29036,19177.2,23919.7
16.2,73.2,0.071,32885.9,18670.9,18269.1
13.27,76.2,0.08,24342,13604.5,15627.6
12.87,88.2,4.924,27520,20938,13544.1
19.49,44.2,0.087,33193.8,24776,10114.7
26.58,72.9,4.908,35985.6,25028.9,22317.7
22.11,74.2,0.068,44795.8,25896,23867.1
21.29,66.73,4.924,35995.3,23286.7,18504.3
7.37,84.7,0.082,21639.5,17364.8,9715.25
18.11,60.42,4.921,30369.2,18732,14081.9
21.39,81.7,0.065,45024.6,26296.5,29579.8
12.93,88.6,4.918,30560,23426,14891.6
14.27,78.2,0.07,41778.4,28851.2,25496.1
17.22,52.62,0.079,30720,25575.6,13659.8
15.02,61.5,0.084,32354,21343.9,16205.8
13.37,77.6,0.082,31671.5,26036.2,9784.39
29.12,59.33,4.923,36071.8,23362,25926
20.4,69.76,4.917,25504.1,17495.9,12879.8
27.66,51.86,4.905,39592.8,32126.6,26938.2
23.61,32.61,4.921,33383.5,22843.9,16351
18.44,77.9,0.078,35421.8,17395.1,17477.8
24.32,84.3,4.917,28940.3,18801.3,21810.9
18.83,82.8,0.245,24709.4,14968.8,9601.96
28.1,43.71,4.905,38037.7,26218.8,27199
25.9,82.8,4.921,37991.8,25146.8,34246.7
19.38,88.2,0.069,31749.3,25625.7,14251.2
12.46,87.5,0.073,27157.8,15472,16385.8
27.85,28.98,4.907,30407.4,20851.9,26317.7
22.65,69.34,0.072,36645.3,22797.5,20021.2
28.49,35.62,4.909,37961,26389.9,26121.6
12.97,66.66,0.084,40680,25156.2,27763.8
19.78,81.7,0.068,24775.4,19811.2,11624.1
12.83,70.5,0.087,24602,14841.3,14669.2
19.67,89.1,4.912,29271.5,17947.6,10284.5
16.4,73.6,0.081,33772.6,18663.5,22237.1
14.38,75,0.072,26648.5,16013,14033.5
19.76,64.39,4.933,31824.9,19460.2,10790.5
17.64,90.4,0.066,25797.2,15020.4,15758.4
18.59,90.1,4.917,30380.1,18405,16673.7
13.43,51.99,0.083,33113.9,20257.3,15085.2
19.55,61.19,4.921,37644.6,23268.1,18446
18.41,83.3,4.916,33088.1,22965.9,9078.32
27.39,54.04,0.066,37980.4,23456.1,20487.9
22.77,43.05,4.919,27047.8,16076.5,9907.91
26.84,36.85,4.904,29803.7,21368.1,21938.6
22.51,87.5,0.292,27863.4,16641.6,14079.3
19.08,73.9,0.071,39095.4,32065.3,20154.2
14.23,70.1,0.084,43438,25772.6,25239.8
19.87,84.2,4.913,26327.8,18467.8,8172.26
26.82,53.32,0.065,44772.4,29935.4,39482.5
19.56,91.7,4.92,34522.2,21420.7,10662.1
17,87,0.073,38925,15620.8,18693.8
10.44,84.4,0.087,26361.2,14809.8,11885.8
16.14,80.1,0.073,22035.6,12779.6,11799.3
21.73,55.74,0.082,31906.7,21358.5,16316.1
26.07,46.72,4.915,37024.1,22332,14379.6
21.58,47.04,0.082,44312.6,27284.4,27346.7
25.51,87,4.917,30088.5,18174.7,24467.9
16.22,69.16,0.072,21578.7,17685.2,9450.18
17.04,80.6,0.069,35911.6,20342.6,19188.4
13.12,57.68,0.082,28483.7,22151.6,7894.36
17.43,70.9,4.92,25916.9,15950.7,15604.4
27.2,68.63,4.905,38974.1,27049.4,25962.2
17.16,77.5,0.082,31497.2,26077.6,11327.4
22.13,66.06,0.082,45027.6,27743.2,19211.7
20.77,74.5,0.068,34308.2,21317.6,17006
26.69,52.78,4.905,37775.6,24496.7,23214.5
23.16,71.2,4.91,28959.5,19169.6,22594.1
15.93,51.9,0.084,35200,28801.5,15431.5
10.19,84.7,0.089,26904.3,16402.4,16649.6
12.67,86.5,0.07,43065.8,25302.1,26721.8
12.39,65.34,0.084,21180.8,10362.3,12572.5
21.52,69.73,0.078,25318.8,14009.9,13315.6
15.99,44.44,4.92,31120,24099.2,11485.3
14.59,57.7,4.919,32961.4,20374.5,16070.1
14.46,82.9,0.081,26135.4,21269,9640.48
17.33,51.38,0.079,31692.2,21187.8,15874.7
22.19,75,4.916,27954.4,18232,21001.8
21.66,52.55,0.084,33137.3,21325.1,16749.5
16.32,89.2,0.082,30822.9,25487.6,11479.1
21.21,79.9,0.081,47359.3,29285.5,20087.1
17.29,86.4,4.917,29385.4,18386.4,17863
19.67,63.99,4.919,25098.5,15901.6,14493.3
20.5,70.3,0.273,27481.1,16031.6,13320.4
25.41,60.25,0.072,32640,21588.8,15602.2
16.23,59.24,0.085,23747.7,18658.3,10594.7
20.27,77.3,4.919,40401.9,24710.8,17245
33.04,23.34,4.913,47579,30596.2,42193.8
17.06,51.07,0.085,32121.2,18113.4,17053.5
25.61,78.2,4.922,37161.9,24496.7,24755.4
21.09,61.37,0.07,31729.2,25281.8,17997.1
19.48,45.8,0.089,31910.9,19634,16077.1
10.92,62.44,0.085,32494.2,21275.4,15926.7
15.98,52.82,0.091,32657,26595.9,10101.3
11.67,77,0.083,24168.4,13069.2,15354.2
15.24,68.46,0.08,27589.4,22077.9,9818.97
9.9,81.5,0.076,24534.7,16639.5,13445.8
26.25,75.9,4.916,41697.8,26141.8,32168
22.74,70.8,0.069,38895.9,21644.9,19300.4
14.09,82,0.087,23230,13928,14434.8
22.1,57.91,0.079,31901.5,25832.2,11236.6
21.61,89.3,4.915,28723.5,16607.9,14067.6
19.22,65.73,4.924,26254,15990.9,10953.9
19.3,80.6,4.911,24740.5,14875.2,14126.1
19.51,67.21,0.078,26023.9,15700.3,14878.1
11.14,69.84,4.918,21440,17475.6,10450.1
27.89,66.77,4.912,36901,24941.8,27685.4
13.68,88.8,0.067,24472.2,12244.4,16837.8
11.55,63.11,0.082,44512.4,26976.3,26081.9
25.74,54.75,4.902,43989.5,29347.4,32934.9
9.71,70.8,4.915,31393.2,19477.2,14646
24.11,93.3,4.926,23257.4,14681.3,15360
12.72,80.7,0.077,42575,23652.4,25647.1
19.88,59.35,4.923,31011,15934.3,18656.8
18.69,51.74,0.084,30197.5,17905.2,16915.7
21.88,72.6,0.066,44935.6,26244.1,25332.2
17.54,41.12,0.085,31336.9,18285.4,15723.9
17.47,71.1,4.92,32473.8,27070.7,14272.8
18.12,63.43,4.922,32020.3,17832,12313.7
23.18,74.2,4.912,38240.5,25822.8,31692.1
18.58,85.6,4.917,28315.3,18746.7,13111.6
22.3,51.68,0.08,36683.4,22501.9,19914.8
23.48,45.31,4.917,37685.1,21343.9,20386.5
24.08,63.55,4.93,36885.7,20499.8,17144.7
11.8,79,0.089,27358.2,20910.7,8084.51
12.5,75.8,0.073,37846.4,31544.6,16290
22.94,76,0.261,45748.7,27475.3,23234.2
25.81,88.6,4.913,34815.7,25534.5,28613.4
23.29,80.6,0.283,31750.1,19279.8,14297
27.72,68.28,4.916,38246.9,26240.5,30324.4
17.29,62.52,4.921,30870.8,16379.6,15356.1
17.75,85.5,4.913,24439,12977.2,8858.84
16.7,83.6,0.086,30052.4,18905.5,15540.4
22.15,65.2,4.922,34156.7,19228.6,12453.7
20.94,69.96,0.28,27539.6,16256,11823.5
19.5,84.4,0.089,43338.6,26421.2,18581.4
21.48,87.9,4.911,23823.7,15612.5,9954.97
28.36,61.27,4.927,39248.4,26058.2,26757.5
17.42,81.6,0.067,26781.5,21083.1,14619.8
11.2,69.24,4.918,22961,13094.2,14342.2
26.2,53.72,0.08,37436.8,25583.5,32589.8
25.39,57.59,4.906,28608.6,20426.6,21419.2
29.98,40.49,4.906,42163.5,30281,28908.5
16.58,67.22,0.073,31002.3,25108.3,10078.3
26.79,63.29,4.904,39520.9,25652.4,23497.4
33.67,35.42,4.921,28876.5,31727.8,25034.3
22.4,56.57,0.071,30886.2,26241.3,10953.3
22.54,64.65,4.91,31395.5,22326.1,24562.8
19,79.6,0.069,26527.5,16331.9,16020.7
22.92,70.4,0.069,33504.6,16244.9,16943.3
26.47,51.57,0.072,35151.7,19857.6,17997.1
13.29,77.9,0.07,41570,25426.8,25310.3
22.33,83.4,4.918,28889,18164.7,21143.6
25.98,37.28,4.925,30552.2,17259,15779.7
20.41,86.8,0.07,24044.5,15702.3,14609.7
24.82,81.1,4.925,33901.5,22755.6,27012.4
14.68,76,0.08,24813.3,15972.7,15458.9
16.43,75.4,0.082,24689.3,13813.4,15924.4
28.33,34.04,4.92,36006.4,21379.2,13526.3
20.94,72.5,0.068,33074.4,21837.8,16055.7
20.15,27.5,0.084,34506.5,29405.3,13668.2
13.93,69.15,0.071,34938.3,20618.8,19699.8
21.73,67.65,0.085,39811.4,21049.9,24067.9
15.44,65.04,0.072,30319,19546.5,17355.2
13.41,61.58,0.083,45782.3,27443.2,26660.2
10.51,85.3,0.08,21538.5,16304.1,9617.35
20.78,45.39,0.087,34336.8,19939.3,18845.1
10.58,88,0.072,24081.7,13412.2,14707.7
35.16,34.52,0.068,37468.7,25762,24895.7
14.79,35.16,0.078,38764.6,23452.9,22126.3
4.779,87.7,0.086,26041.5,17223.1,12161.9
22.87,63.97,4.916,36721.6,23934,12710.5
19.47,65.78,0.082,38043.1,32158.3,19807.2
19.16,80.1,0.069,22523.1,17788,9744.58
12.39,75.9,0.072,23618.5,19149.2,10137.8
20.26,72.8,0.071,29556.9,21983.1,10299.8
20.09,70.5,0.076,38806.2,33009.9,16765.3
24.8,61.58,0.073,30999.7,20597.1,13197.8
20.07,88.3,0.35,27812.4,16675.3,14744.2
16.38,74.9,0.073,28161.2,23841.7,12060.5
21.71,59.3,4.907,39361.1,27062.7,30316.7
24.89,46.75,4.908,34285.1,24397.9,23864.6
24.61,52.42,4.921,25667.9,15983.4,9173.98
21.68,86.5,4.912,26232.2,15612.5,12961.5
14.52,89.5,0.073,36748.7,19701,25588.4
13.84,72.2,0.084,32918.6,21005.5,15259.7
16.25,59.83,0.074,29493.5,23731.2,10671.8
20.17,70.6,4.917,25099.9,15721,12748.8
8.94,81.1,0.084,25198.5,20778.2,11207.7
28.45,47.52,4.923,37935.4,24215.4,25459.6
31.74,40.48,4.906,38955,28200,33222.4
21.74,58.51,0.081,41912.7,24939.9,24573.3
7.53,61,0.088,21545.1,12860.8,14368.2
27.66,43.68,4.904,37980.2,25063.1,24622.9
22.92,52.93,4.913,24354,15638,15237.5
14.92,66.22,0.082,41999,23868.3,25978.1
16.19,68.74,0.075,30947.5,25634.9,11334.5
24.65,91.1,4.92,27003.6,16437.6,12681.6
19.35,81.3,4.911,24190.7,14597.7,13548.3
16.51,84.1,4.907,37703.5,22141.5,22854.2
11.5,55.81,0.08,23248.3,14103.7,10457.4
27.3,37.23,4.919,34270.4,22487.9,17618.1
20.9,65.9,0.069,34862.2,21470,17763.9
27.63,55.04,0.069,34680.8,18666.1,22992.7
18.83,84.7,0.07,23134.5,18702.1,8602.07
22.09,92.1,4.914,36458.8,22651.6,12949.7
30.33,35.35,4.911,43184.1,29726.6,36253.1
24.51,36.71,4.907,32346.6,22329.1,30655.7
12.67,73.3,0.079,22978.7,13222,13587.1
14.14,47.98,0.082,37288.1,23755.6,18737.3
19.59,83.3,4.916,31208.5,17783,14261.7
27.04,66.52,4.903,29484,21892.7,20494
24.62,41.89,4.905,49052.7,33255.3,37930.5
16.63,57.34,0.089,22984.6,18037.2,10236.1
8.87,87.6,0.087,23861.1,13942.7,15497.4
23.3,86.4,4.923,30730.7,19011.2,20283.4
12.92,84.7,0.078,32611.4,19811,15282.6
21.39,88.1,0.348,29016.6,18849.5,12426.1
14.83,59.23,0.079,39706.3,26210.3,24393.3
20.58,64.22,4.055,34486.2,29090.1,16181.2
13.45,63.61,4.918,41857.6,25298.5,24788.3
16.55,52.02,4.916,30824.6,24207,11398.6
20.2,62.74,0.075,37907.7,31972.3,19818.8
13.62,84.1,4.924,23709.6,12699,15813.8
27.82,49.38,0.066,39891.7,26857.4,29329.7
15.88,52.35,0.081,33387.1,27671.1,10401
14.51,73.9,0.075,21396.2,16378,8695.32
21.61,64.01,4.927,34471.8,22936.9,12097.8
16.17,62.32,0.088,30777.2,25590.7,9651.86
21.35,54.09,0.081,34374,20767.8,17367.3
16.07,62.92,0.081,42039.5,24423.1,25468.9
21.01,74.9,0.072,28787.2,18977,18995.4
11.5,77.3,0.085,22965.6,14139.7,12078.5
10.44,90.9,0.071,23705.1,13495.4,14512.9
20.43,81.1,0.085,46155.6,28508.7,19567.7
14.44,85.5,0.083,24769.2,20287.2,7795.66
21.91,62.16,0.086,44208.3,28340.7,19240.9
22.37,49.57,4.925,31358.6,25543.6,10714.7
29.63,44.32,4.921,37500.7,24470.1,25273
13.04,79.6,0.072,39021.5,33500.8,16823.1
17.17,79.8,0.072,32507.7,18106.3,17588.4
12.43,71.8,4.922,22861.5,15768.6,7859.28
17.54,55.71,0.083,28358.8,15925.6,14388.4
23.18,50.22,4.906,25782.9,17362,19382.8
13.38,57.58,0.077,31987.8,27545.9,13610.6
27.59,51.72,4.908,36001.6,25625.3,30667.8
15.56,75,0.07,21177.2,16112.9,8914.29
22.74,78.4,0.079,37433.7,22414.1,11350.8
26.74,36.45,4.907,28972.6,20330.3,20560.3
18.98,75.4,4.918,30758.1,19384.6,18727.4
21.49,66,4.922,36549.2,20897.8,20451.5
12.16,76.2,0.083,27220.3,17934.3,17551.8
20.96,44.84,4.916,28683.1,22094.6,10288.2
17.4,44.1,0.086,31275.6,18109.8,15526.5
20.13,89.5,0.069,35864.5,23471,12570.5
20.07,85.1,0.07,39429.9,21098.5,23825.7
13.64,86.4,0.082,22849.2,17814,11705.1
13.55,59.88,0.084,23125.4,11941.6,15861.7
26.95,55,4.92,32570.1,20563.4,22407.9
9.72,88.4,0.075,21287.5,12757.3,10834.8
19.17,85,4.922,31775.6,18471.5,14279.4
27.36,47.88,4.921,36179.6,25032,13568.4
34.88,21.94,4.915,38004.5,25101.3,29541.1
28.45,43.75,4.906,38920,26922.1,27060.6
19.38,61.74,0.082,39796.9,32500.8,19252.5
12.08,72.4,4.916,21273.8,15411.6,8911.81
20.62,78.9,4.919,32694.6,26174.7,10364.5
24.73,46.76,0.087,36519.9,23792.1,13235.7
17.51,54.49,0.077,23163.1,18119,10294
17.71,59.28,0.074,31890.5,26330.8,9588.48
14.42,85.6,4.909,24332.9,13591.5,14580
23.67,62.56,0.071,36683.4,20690.6,18627
20.31,81.4,4.913,21348.9,13412.1,13505
17.85,78.2,0.076,23493.2,16060.7,11415.1
11.64,49.52,0.087,33968.1,20341.6,16591.1
28.11,35.75,4.908,35344.6,25594.9,26685.2
22.88,54.05,0.07,36083.4,23089.8,17524.9
16.35,68.96,0.073,32067.5,18007.3,18234.2
23.31,58.31,0.08,41648.3,24743,25278.7
16.59,62.58,0.075,34426.3,21093,16782.7
16.42,80.4,0.085,26909.4,15677.2,12944
31.08,42.48,4.908,36008,24535.4,28360.2
18.69,48.88,4.924,29372.3,21384.3,10143.6
9.52,91.1,0.079,24528.8,14513.1,15259.7
11.32,58.16,0.089,27773.2,17580.5,17413
14.19,89.1,0.075,23157.8,12933.6,15069.1
25.29,82,4.922,46717.9,29244.3,35614.4
15.48,63.76,0.075,32694.7,21545.3,16782.7
16.9,63.76,4.917,26203.6,15277.6,12272.8
10.92,90.8,0.08,21838,12189.7,14136.6
20.91,66.12,4.916,44094.9,24852.7,19287.5
12,67.85,4.917,31576.3,18798.8,15369.6
22.71,86.5,0.261,34846.7,21513.9,15414.9
21.99,71.7,4.928,39300.5,26981.3,13714.6
16.92,57.96,4.923,35747.7,29867.4,15568.2
18.26,78.6,4.918,27660.6,18356.7,12616
21.27,71.9,4.92,32656.8,26335.3,12891.4
18.74,50.35,4.925,35099.2,21775.6,20990.3
22.7,71.5,0.07,33312.2,18582.6,12728
19.07,85.9,0.081,28749.6,23198.3,11029.8
20.03,85.5,0.068,21348.9,9991.68,11059.2
21.49,78.7,0.08,31749.3,26417.4,12745.5
14.95,82.2,0.071,42068.5,20789.8,27688.7
19.53,71.2,0.071,33636.9,27721.5,17326.3
20.32,76.9,4.917,36419.1,23963.9,12010.2
20.82,60.26,0.07,31022.2,17665.6,17379.1
24.86,37.24,0.075,33196,20690.8,18676.4
13.08,75.5,0.085,24717.9,18049.7,8522.45
9.8,76.3,0.086,33739.7,20866.9,20934.9
26.57,66.99,4.938,38427.7,24812.2,22438.1
21.03,70.1,4.916,34736.3,22473.1,16848.6
14.97,84.2,4.913,24890.8,15273.1,15292
21.85,66.77,4.92,34030.6,19546.1,12681.3
20.77,66.57,4.913,23225,14950.6,15821.9
14.94,70.6,0.07,19637.5,12616.4,13682.9
22.01,66.94,4.924,28018.6,21334.9,11525.8
15.87,69.96,4.915,36467.7,30302.5,14093.5
25.4,60.09,4.907,47974.5,31906.3,38265.4
7.49,59.9,0.089,24034.6,14509.4,14096.1
14.98,62.68,4.919,34039.1,19628,17529.7
11.03,52.6,0.079,22485.2,18904,7006.96
22.07,45.92,0.089,33220.8,18681.9,17972.4
14.81,83.7,0.08,21950.8,17438.4,10508
18.31,59.53,4.915,31173.2,21269.3,14108.5
20.7,70.4,4.921,35667.9,21752.3,19151.4
21.13,77.5,4.917,46997.5,32328.9,16891.7
24.58,48.88,4.918,36507.3,22690.5,13282.4
19.41,54.74,0.084,41485.9,34588.4,17851.9
10.53,63.14,0.087,35015.7,22212.8,21467
12.8,63.38,0.083,38318.6,23307,23190.5
27.17,63.19,4.921,39425,24968.1,21986.7
23.08,65.33,0.069,36759.7,20720.6,18325.7
20.28,79.7,0.069,40761.1,33102.1,17093.3
7.64,70.1,0.083,34737.6,29132.9,15834.8
21.61,53.82,0.302,46602.5,30600,18733.2
21.2,72,0.069,32633.7,21704,15974.1
21.73,66.1,4.913,34408.9,22220.4,17495.7
21.13,78,4.924,25977.3,14654.5,13232.1
25.73,87.2,4.912,26063.8,18136.9,19248.2
20.15,73.4,0.074,23260.6,17824.5,10726.3
17.64,89.8,0.074,27106.6,15633.4,16580.4
13.25,78.2,0.091,23575.4,18431.4,12179.3
23.45,63.59,0.069,31902.5,17734.3,18065.7
16.23,77.4,0.084,37323.1,29837.6,17048.7
21.34,60.16,0.076,32356.7,19396.9,17262.5
17.03,68.55,0.083,37076.9,31384.7,16383.6
16.44,62.05,0.084,33478.5,20261.4,17494
19.49,83.4,0.07,46017,27681.7,26339.8
27.04,33.54,4.906,28736.1,20307.5,21288.5
21.76,72.1,4.913,26746,17194.9,17014.9
15.08,83.5,0.076,43424.8,26407.3,25393.7
26.02,39.58,4.905,30295.9,20866.3,20096.8
17.39,79.6,0.065,25432.1,15310.2,15099.6
29.2,36.79,4.915,43719.9,30349.4,39572.9
20.37,84.3,0.103,32990.8,21174.3,10539.6
21.43,68.13,4.916,34585.2,19456.4,14624.7
23.85,64.15,4.925,34515.4,19639.1,14685.4
31.59,38.99,4.908,43088.4,34241.8,30041.2
14.53,53.56,4.917,33772.9,21096.7,16255.4
21.26,60.89,4.923,30322.8,17925.2,16426.9
13.94,90.1,0.069,33952.4,18509.6,19392
25.64,80.3,4.908,48446.5,30550.6,38699.2
13.53,87.3,4.923,33803.1,26055.4,16418.3
22.17,47.48,0.084,34534.8,20686.1,17163.4
19.49,71.3,0.07,29234.4,16536.2,15624.3
24.3,62.02,4.921,37586.5,23456.1,13967.6
9.41,79.1,0.088,30509.5,25936.8,12982.5
25.55,46.85,0.272,38236.5,23905.2,14779.5
19.32,66.67,0.06,41777.1,24936,27264
25.31,46.72,0.082,36167,22055.6,13294.1
36.62,22.78,0.079,39057,27360.8,30475
14.34,90.2,0.068,24168.4,10528.7,12770.9
16.97,37.95,0.086,33321.4,20425.5,17343.7
19.78,85.2,0.073,25926.3,15176.8,11934.3
28.2,68.19,4.903,41189.4,29111.7,31075.1
9.6,77.3,0.09,32615.7,22362.3,16441.4
20.34,60.65,0.08,38489,20896.5,23294
11.05,88.5,0.09,28052.4,19661,13285.2
26.51,29.69,0.082,42592.5,24813.6,25885
21.28,70.9,0.07,32885.5,20177.1,16248.1
32.75,21.84,4.919,36709.6,23320.3,24630.6
28.84,32.78,4.91,51533.8,34974.7,47405.5
19.7,43.86,0.084,31975.7,24898.4,9352.22
15.99,80,0.086,29228.9,18172,12663.9
27.59,28.52,4.921,37662.5,22831.2,20671
18.13,83.3,4.914,32017.7,22554.3,8995.96
20.65,42.84,4.914,30941.5,22600.4,10369.2
20.74,70.8,4.921,30117.1,21641.1,11426.6
5.699,85.8,0.086,20866.9,16403.8,9634.57
16,87,0.065,39210.2,28869.7,28992
20.52,85,0.069,44630.5,25641.6,25822.5
8.9,55.69,0.077,43704.3,26600.6,25463.1
13.07,52.67,0.077,26792.4,23874.8,12412
18.11,67.28,0.082,28150.9,22175.1,10043.5
12,67.75,0.086,33988.9,22154.4,16562.9
18.22,86.5,4.913,23682.1,18479.3,12254.6
23.95,69.52,0.071,36835.9,26226.4,23846.5
15.09,67.36,0.073,23337.6,13736.5,12788.4
20.95,87.8,0.07,39480.8,23474.8,24581.9
13.79,74,0.084,42282.5,25827.4,25266.5
21.14,79.7,4.919,26740.1,17146.8,20168.9
18.96,45.39,0.084,34450.2,20575.1,16452.2
21.04,66.25,0.079,36272.3,22525.1,22293.8
18.62,80.6,0.07,34899.9,21637.2,17950.4
21.59,71.1,0.071,26966.2,21797.1,11265.5
30.72,51.85,4.906,39242,28002.5,33288.7
14.53,70.7,0.514,21466.2,14333.1,10890.4
22.09,66.37,4.907,30394.7,19974.7,21479.5
17.11,48.68,0.083,33175.1,20023.2,16583.2
11.26,86.5,0.075,22722.7,12105.8,10808
21.73,53.62,4.919,36490.7,25222.8,26091.5
11.31,84.1,0.083,41960.5,25874.8,25168.2
19.67,57.99,4.925,37808.3,23387,15513.5
18.56,71.6,4.916,29403.1,20447.1,11537.3
22.39,57.81,0.071,35741.5,29886,16522.4
17.85,65.49,0.081,21572.6,16035.6,9455.94
24.32,81.1,4.921,32942.6,21090.6,18658.3
23.52,59.08,0.07,35119.5,21195.8,18077.5
20.18,71.3,4.92,26323.3,14982.6,12517.9
15.47,69.69,0.073,25805.3,14029.7,17669.8
23.45,67.92,4.919,28384.1,17839.4,9588.33
15.02,85.8,0.07,44790.4,24162.5,28561.5
12.97,74.4,0.083,23239.5,19058.6,8309.24
11.26,69.06,0.085,28530.4,16920.7,16908.4
16.63,58.22,4.927,23309.6,13752.4,14098.1
18.55,89.3,4.922,35239.9,21778.3,20731.3
18.39,60.13,0.079,25023.6,14370.1,11419.6
18.91,59.69,4.926,36261.5,21887.6,16381.3
19.59,69.51,0.074,32203.1,26881,16447.2
24.81,56.95,4.924,49506.6,32476,35535
12.53,73.8,0.086,22911,18576.3,7116.45
15.7,68.18,0.074,38418.2,22967.8,24786.5
16.5,45.28,0.085,32243.7,20550,14492.9
11.03,87.8,0.081,33338.4,27549.6,14538.3
10.57,81.4,0.073,42327.5,25167.2,24851.9
13.72,80.8,0.083,23105.7,18517.3,9836.25
23.58,48.86,0.091,35681.8,23105,11870.2
13.6,66.66,0.082,40252.9,24131.3,25089.3
27.16,72,4.905,38900.8,27857.2,28306.5
29.17,25.71,4.916,46367,30075.9,37795.5
22.77,89.1,4.922,29317.8,18577.8,19579.2
20.24,42.76,0.083,33267.7,25214.9,10334.5
20.57,78.2,4.908,29893.2,19501.6,20861.2
9.01,62.8,0.085,21855.2,13889.4,13983.6
13.05,72.5,0.084,28216,24276.2,11824.2
31.5,29.14,4.919,49020.6,32654.4,43935.1
17.04,81.2,0.079,32086.1,18073.3,18333.1
20.8,72.2,4.918,29591,19860.8,22672.5
37.38,20.94,0.077,38400,27702.5,30679.8
34.89,37.45,4.907,41662.5,29632.5,27578.2
20.39,76,0.069,26281.2,16848.2,15305.8
18.24,87.6,4.923,29725.4,19460.1,13531.3
12.11,77.1,0.094,24418.7,14740.2,11078.7
21.83,52.65,4.921,44731.9,26604.9,25542.6
16.41,65.65,0.073,33245.6,17952.3,19450.2
16.96,72.9,4.911,26023.3,16190.9,16337.3
25.89,59.33,4.907,35115,28891.1,24371.5
10.18,76.9,0.086,24704.8,14866.9,14064.6
22.54,67.52,0.07,39023,22015.4,20842.3
24.93,88.4,4.921,35033.1,25139.2,28769.9
34.55,22.38,4.917,40683.6,27144.3,29083.2
25.52,63.59,4.903,25520.4,19159.5,16756.4
27.01,74,4.906,40422.3,31290,27391.6
29.25,62.15,4.902,40965.7,28636.5,27806.9
22.82,71.4,0.068,34761.7,21891.3,12803.9
15.12,68.88,0.079,21913.3,16444.3,9605.76
14.11,54.47,4.919,43573.8,24654.9,25397.4
17.33,84.6,4.918,26952.2,15983,13002.7
12.3,75.4,0.072,22393.8,17810.3,9571.08
23.13,50.19,4.915,29412.4,20305.1,21624.1
9.8,62.42,4.919,22808.1,14418.2,11398.4
24.62,84.9,4.917,29654.8,19481,22690.5
23.67,71,4.908,27141.5,17931.6,20726.4
21.02,65.05,0.271,31310.4,18411.6,15385.5
22.94,68.43,0.089,36803.5,23874.3,13521.7
11.85,67.6,4.923,39224.6,32887.2,16638.1
20.08,55.99,4.922,35592.4,22896.6,18510.1
23.91,85.7,4.909,29437.9,18470.9,22853.2
24.32,84.5,4.913,35791.1,23939.2,28872.3
23.25,63.93,0.071,37052.2,20960.1,18485.2
16.02,77.3,0.068,24418.5,18531.8,11566.3
23.06,78.1,0.271,44410.6,25413.3,22457.5
27.46,37.7,4.922,34295.6,22372.8,17612.3
22.03,41.11,0.086,35874.4,21119.8,19438.5
14.69,56.19,0.082,34657.2,21071.1,16643.9
15.42,59.58,0.074,33211.9,21011,16037.4
16.41,40.49,0.083,30673.2,17591.5,16000.6
8.49,89.4,0.079,21335.4,16031.9,9974.55
11.49,44.71,0.087,41107.1,24302.7,24429.3
12.15,59.3,0.087,27084.3,16690.2,12576.8
17.64,63.57,4.917,42783.3,25404.9,25089.7
21.43,80.3,4.917,28800,18330.4,22600.2
20.28,55.32,4.922,26652.7,13995.8,14667.7
18.09,73.4,0.074,20763.1,16047.5,7714.7
30.76,34.48,0.074,43158.4,29438.6,27493.9
15.53,50.67,4.925,29443.4,16452.4,15694.8
13.34,83.6,0.079,21788.4,14203,14382.7
24.37,74,4.908,31312.4,21581,24580.8
12.28,70.7,0.08,23846,13468.8,15505.5
13.39,69.94,4.917,29184.4,18335.6,13407.2
24.5,81.8,4.917,29221,20305.1,19418.9
12.87,53.92,0.082,29820.8,19440.7,17239.5
23.75,49.72,0.071,29826.1,18393.8,16562.9
22.35,49.52,0.082,33452.1,20619.2,16959.4
13.85,76.8,0.078,34529.2,28268.2,15198.1
17.3,79.6,0.078,29713.8,18653.5,10084.4
21.72,72.8,4.912,38127.2,25154.4,27313.4
16.9,71.8,4.912,41395.4,25243.8,25052.5
13.24,66.39,0.079,42266.4,27107.6,26015.5
16.36,80.6,0.087,26814.9,15602.5,13101.5
21.97,57.82,0.072,32230.8,19133.1,16936
21.39,67.07,4.918,32631.6,18582.6,13585.9
20.04,79.7,0.069,24558.8,18832.8,11047.3
20.01,81.1,4.915,22900.1,11634.5,13321.8
21.24,83.2,0.07,25786.5,15953,11614.5
28.36,60.92,4.902,35960,27336.4,23479.4
11.8,77.3,0.08,25346.5,16573.9,12532.4
26.99,47.88,0.286,36573.5,23482.3,15303.1
21.12,72.3,4.92,35076.8,22436.5,13883.5
21.39,59.31,0.076,45790.4,26842.1,26065.7
14.77,84.5,0.074,39879.8,22098.6,26449.5
16.53,85.3,0.069,40239.4,21325.1,26292.4
34.08,32.61,4.911,41538.3,27884.8,28149.3
32.54,38.59,4.921,37832.3,25598.7,30541.3
13.53,50.3,0.076,37682.1,32664,16578.2
14.65,67.51,0.083,34043.5,21589.1,17308.9
20.56,63.39,4.919,29253.7,16700.4,13515.9
27.62,58.46,4.91,44727.7,29498.7,38223.3
21.61,75.3,4.913,27302.7,15945.5,14920.7
14.29,88.7,0.069,31658.3,17171.5,18391.3
23,32.27,0.089,33704.4,20188.6,18042.2
23.59,65.69,4.904,33820.1,23426.6,27860.1
33.58,30.45,4.91,40996.1,34006.3,29896.6
23.51,82.9,0.275,45563.9,27284.4,22857.6
27.66,68.5,4.911,37857.8,25040.5,30041.2
14.87,72.4,0.072,20433.4,12481.5,13729.2
23.14,72.5,0.071,34293,21585,16411.6
21.41,82,4.921,46819.1,27808.3,20833.7
17.24,79.4,0.07,26603,13107.1,14901.4
12.29,57.82,4.923,30769.2,22819.8,11329.2
28.9,31.36,0.066,35466.5,22149.8,17384.9
15.42,78.4,0.083,40863.9,34011.7,15725.3
14.32,78.9,0.084,32924.7,27350.7,13725.8
20.13,87.2,0.077,24337,16345.9,11407.8
19.79,84.6,4.918,36033,22855.7,21745.7
20.65,81.8,4.92,27962.8,17899.7,12598.5
13.12,67.91,0.082,24272.5,12554.4,10929.5
20.69,82.2,0.074,32845.9,19359.3,14980.7
10.3,89.3,0.087,23824.3,14502.4,14237.4
9.32,76.1,0.088,22086.1,13831,14440.5
19.28,56.1,0.082,22381.5,17981.4,10282.4
21.01,83.4,0.068,36721.6,23579.3,12821.4
19.96,59.95,4.928,26354.8,15266.4,11549.2
20.48,70.5,4.919,35378.4,21377.1,19833.5
11.18,75.5,4.915,25646.6,15264.4,17048.7
18.93,66.09,0.079,21387,10369.6,11242.3
16.81,55.64,0.084,22978.5,17996.3,10294
21.8,59.73,0.201,31756.5,18187.1,14085.2
22.73,77.2,0.227,27270.8,16484.4,14579.4
13.59,61.18,4.919,39149.6,22803.7,23614.8
27.28,78,4.906,30781.8,21402.3,21800.1
20.59,67.9,4.919,43322.8,26403.7,24719
14.25,78.9,0.082,24753.4,14994.5,14533
22.48,48.92,4.925,48681.9,31833.6,33603
22.68,69.59,0.102,34226,21768,13078.2
30.96,43.73,4.921,35176.7,20020.8,22579.2
22.43,75.9,4.914,28939.9,15567.6,15123.7
11.07,49.73,0.078,25758.2,21650.8,8355.34
15.78,84.9,0.083,24756.9,20573.6,12173.5
16.12,59.71,0.085,33265.4,27181.3,10481.6
20.61,73.7,4.919,34509.6,22720.3,10656.3
14.53,80.7,0.081,37584.8,31430.5,15535.2
16.36,54.14,0.078,32711.8,26879.4,11490
23.13,67.97,4.92,35461.2,23026.6,12944
15.63,58.81,4.92,39360,22953.2,24618.8
24.38,59.42,0.329,33062.7,19785,18450.8
15.62,84.2,0.082,27932.3,22113.2,10797.1
21.23,59.98,0.083,43486.1,26161.7,28102.9
14.46,77.3,4.913,25209.2,12611,12129.7
28.94,33.17,0.087,36524.1,21923.2,18638.4
22.19,46.75,4.924,24384.4,13816.2,12261.3
12.01,53.3,0.077,21791.6,18447.4,10037.9
19.24,53.19,4.905,25494.9,16852,17851.8
25.36,37.31,4.917,31900.1,21820.3,26353.8
13.7,69.34,0.077,21392.5,13269.3,13899.3
14.07,65.65,4.919,26962.7,22586.1,11686
21.35,55.79,4.919,31208.5,16787.5,13508.6
12.37,82.8,0.082,25310.8,17457,12144.6
15.81,69.49,0.083,38333.1,31423.1,15356.5
13.94,85.8,4.915,33830.8,20184.1,20456.1
19.66,56.72,0.079,22498.6,13768.4,12009.7
18.19,86.8,4.914,26569.1,17693.8,8625.41
25.95,37.5,0.071,37662.5,20877.8,18302
11.8,75.8,0.083,25782.5,19710.3,8718.37
16.45,81.8,0.067,27245.1,16785.1,16172.3
17.41,71.1,4.915,29255.4,21964.5,10577.3
9.16,76.8,0.083,26114.4,15953.8,11641.4
22.02,76.3,4.916,25098.1,15470.3,11449.4
20.87,63.39,4.922,37339.2,21241.5,16731.4
14.2,75,0.075,36256.3,23566,17528.9
17.99,68.45,0.083,38692.5,23684.4,24859.6
18.02,71,0.087,25686.8,20401.2,13107.4
21.77,72.7,4.91,38977.5,25926.1,28053.7
15.64,86.8,0.074,24087.8,13443.2,15761.5
14.11,78.6,0.072,34262.4,20181.3,18152.7
27.25,41.75,4.92,35102,21536.5,13031.5
25.01,90.9,4.923,33569.1,21352.9,24550.7
25.24,24.19,4.923,32205.6,20221.7,16119.8
23.4,57.85,4.911,30031.1,20111.4,25401.8
21.44,59.97,0.073,31323.1,25843.4,11022.7
30.87,31.73,0.072,35806.4,21737.5,18766.6
13.95,75.9,0.087,42756.5,26914.3,25075.7
20.61,75.5,4.917,21498.1,11421.2,8990.07
25.75,83.9,4.924,38734.6,24348.5,19663.4
19.41,49.88,0.082,45425.3,27039,26059.9
34.82,33.05,4.908,40020.2,28321.5,32505.4
26.9,50.1,0.08,36797.9,21053.6,17262.3
14.09,59.7,0.082,29461.8,16251.2,15497.4
25.54,79,4.925,47991.5,29518.5,28788
20.79,72,4.914,32078.7,21132.9,24510.1
27.41,49.5,0.067,35051,21670.6,18224.5
20.02,68,0.108,25730.9,16285.9,11706.7
30.03,44.38,4.904,42193.1,29012.9,27072.6
26.95,42.5,4.923,33376.5,21629.7,17728.9
20.62,82.1,4.918,23103.6,14811.6,16943.3
17.61,84.4,4.919,30942.7,23698.8,10061
23.43,43.65,4.917,37912.6,22537.3,16824.8
17.97,83.1,0.066,31236.2,19441.5,18166.2
23.04,82.2,4.917,45105.1,27063.6,20145.3
28.55,47.05,4.907,39124.5,26948.7,26904.1
30.6,32.52,4.917,35823,25245.6,34493.7
25.37,85.5,4.922,41918.2,28286.8,32272.9
9.81,85.7,0.08,22594.7,17998.2,10061
21.27,69.45,0.071,29058.5,21644.6,11080.5
19.78,60.18,0.072,43788.6,25058.8,25657.7
20.87,79.2,4.914,34763.9,19968.4,16032.7
19.89,86,0.067,28215.1,15545.1,17622.6
19.79,56.48,4.921,35476.9,26635.5,10872.3
10.63,45.81,0.084,22021,13258.4,14038.2
13.19,79.1,0.08,32369.2,26561.2,14076.1
22.48,78.8,0.068,34928.7,22595.4,18319.8
24.22,36.38,4.92,36954.7,22529.9,13971.1
19.6,89.5,0.069,29562.9,18449.1,17085
12.54,87.8,4.922,24504.6,18442.6,12196.6
30.09,46.19,4.906,39290.7,29115.5,26404.5
13.34,59.47,0.086,41626.3,24886.3,26024.1
22.42,47.95,0.081,34194.9,20322,17087.6
19.12,79.1,0.108,27955.5,18728.2,9261.52
25.1,67.85,4.93,31165,17741.8,21297.2
14.61,67.79,0.085,34152.9,20731.9,16030.8
18.45,85.3,4.915,25835,15689.2,15257
12.23,88,0.077,38819,25772.6,25957.6
15.94,61.15,0.081,37128.5,29773.6,16370.7
29.07,27.48,4.923,39493.5,24024.9,22549.7
19.66,43.48,0.084,37684.9,20364.6,23831.3
12.2,64.87,0.089,39773.2,25345.9,24676.6
17.44,54.44,0.082,34675.9,20655.3,16718.5
14.03,88.3,0.084,21905.4,11305.9,12596.4
19.2,59.71,0.087,34204.6,19928,17779.4
28.35,42.86,4.92,44810.6,29081,36759.2
24.79,36.8,0.073,34138.4,21292.1,18833.5
10.67,84.1,0.086,28456.9,16624.4,13116.8
13.6,76.4,0.074,31948.5,19418.8,20174.5
20.91,85.1,0.077,34849.9,24176.8,12891.4
19.44,62.36,4.921,31292.3,26386.4,10583.1
7.44,67.45,4.917,32870.9,20629.8,14943.6
11.52,52.92,4.923,23945.3,15738.6,13787
13.03,77.6,0.087,32042.6,26120.9,10095.6
25.82,58.93,4.906,48963.2,33175.5,35462.8
21.68,91.8,4.921,36484.2,22973.4,14079.3
16.28,86.1,0.085,29096.2,15759.3,10452
12.68,65.14,0.084,36449.6,15238.9,17441.9
12.96,62.87,0.084,24358,14392.7,14298.7
15.47,85.1,0.071,24738.5,18777.3,11722.4
23.06,53.88,4.904,29656.6,20569.8,22323.8
16.4,79.1,0.086,31149.9,17879,20462.5
14.96,71.8,4.914,24078.6,12401.7,12396.6
24.48,42.61,4.916,35038,19503.7,15532.3
14.85,80.4,0.07,38867.7,32939.3,16059.8
19.86,77.4,4.917,39147.8,30260.2,17315
24.78,55.37,4.922,45412.7,27351.1,26794.5
20.12,72.7,0.289,29348,17947.6,11861.2
13.67,87,0.07,32321.7,19627.7,17652.4
14.9,85.4,0.074,24012.2,14535,15325.3
22.13,68.74,4.923,35642.8,21763.5,18504.3
18.99,71.8,4.922,47049.4,28978.3,26194
24.11,65.76,4.932,38561.4,23676.9,13944
17.16,89.7,4.998,25428.4,17940.2,7925.11
20.09,75.4,4.915,26130.3,14310.2,11731.8
24.36,47.54,0.079,32347.5,19085.2,18875.1
21.51,73.4,4.921,31220,17940.2,12360.4
25.81,58.35,4.912,38325.4,24873.1,22311.7
25.74,62.94,4.921,32493.8,22045.3,21114.1
20.07,89.7,0.066,29026.9,20700,10125.2
27.85,41.71,4.91,38299.8,26081.9,28571.3
16.24,76.8,0.082,25098.5,14436.7,16477.1
24.79,73.4,0.35,34273.3,23022,15120.7
14.62,88.9,0.071,28948.8,13718.1,15959.3
22.33,68.92,4.919,36579.8,25566.7,11131.7
22.62,69.67,0.074,36963.2,22868.6,20233.8
14.05,89.7,0.082,25482.9,14993.9,12264.7
24.89,56.21,0.073,37001.3,22696.5,19903
21.83,68.38,0.079,39976.7,21323.1,24280.6
24.73,86.7,4.912,40569.3,25583.9,23834.5
18.94,92.5,0.066,25573.4,16401.7,11549.2
17.37,59.17,0.083,33738.9,20301.2,16867.7
19.46,30.47,0.086,39963.5,33650.8,15454.5
11.24,87.5,0.066,25638.1,14572,15480
22.53,76.6,4.923,29988.9,19792.5,22998.6
28.58,40.09,4.905,42169.8,30011.4,27094.9
23.63,54.26,4.923,29539.9,19538,23389.5
26.03,45.35,0.308,39651,25372.1,15067.8
14.33,86.6,0.072,24242.8,13912.4,15470.5
25.06,93.1,4.911,24606.3,16308.3,16509.6
8.05,84.7,0.085,27991.9,17405.5,12682.4
13.27,86.5,0.084,23824.3,14469.5,14249
20.14,59.41,0.075,29996.6,15785.7,18885.8
20.06,88.1,4.915,42866,27661,17828.6
21.07,65.2,4.917,37307.7,24815.4,16626.4
13.43,90.5,0.066,25017.9,12585.3,16599.3
20.29,69.42,0.277,27213.5,16465.7,10537.4
17.23,88,4.913,24827.8,14875.5,15204.5
9.68,82,0.074,36257.4,21764.6,21019.4
15,70.6,0.072,35981.6,19862.2,19010.3
19.77,90,0.072,35228,24475.5,12512.1
26.5,75,4.918,35058.6,21828.1,21108
23.63,47.25,4.91,29527.2,20221.5,20834.8
20.45,78.7,4.922,24206,13187.5,10572.7
17.26,74.6,0.068,28904.6,25493.8,12318.1
25.47,49.58,0.314,31061.9,18654.9,16338.6
12.49,54.15,0.086,32953.8,27606.2,14330.6
16.6,73.4,0.072,33010.6,20618.8,16100.2
21,43.18,0.085,33419.2,20888.8,18176
16.06,68.29,0.075,24882.1,20019.6,7272.03
10.45,86,0.085,22255.7,13335.4,13592.9
22.85,76.5,4.917,39313.3,23647,15591.4
27.48,77.5,4.904,48004.3,32772.5,38219.4
21.65,63.64,0.074,32190.8,26750.8,13069.9
17.24,52.65,0.076,30030.8,25036.4,13370.6
21.61,68.39,0.082,22486,12620.4,11444.2
30.73,57.49,4.903,38833.8,26719,32704.3
8.73,89.8,0.08,24480,22131.8,9698.31
13.96,75.3,0.072,34859,19717.9,17141.1
14.98,75.5,0.076,35626.2,24358.5,21617.4
5.641,77.7,0.08,25999,16993.3,17945.1
24.13,85.7,4.913,28736.2,18436.7,21244.5
20.19,86.3,0.072,24095.4,15833.3,11732.7
13.24,81.5,0.082,20763.5,15332.3,9767.11
13.28,68.71,0.076,31018.2,17473.2,16554.2
14.75,64.49,0.075,35105.4,20674.4,15718.1
26.94,36.25,0.273,36866.5,23306.4,14720.7
25.35,53.28,0.07,35386.5,22269.9,18751
21.92,79.1,4.918,27646.7,15455.3,11567.1
21.7,54.58,4.917,34310.7,23652.8,24821.6
18.15,87.3,0.07,36901.8,21900.9,21745.7
20,81.6,0.068,22226.2,11769.2,12134.4
19.65,83.5,4.912,28800,19377.1,8284.04
14.45,52.5,0.084,28073.9,15133.1,18507.3
21.16,67.57,4.921,35013.2,22748,17396.6
14.14,42.42,0.077,31184.8,26327.1,9605.76
21.02,58.89,4.921,26557.2,15829.5,14655.9
21.52,83,0.068,45037.4,27808.3,28392.4
20.82,72,4.921,31517.3,20901.3,24082.3
29.99,26.12,4.921,38527.2,23313.9,21368.1
24.37,87.2,4.916,35351,23119,27817.9
19.87,58.95,4.921,31778,18391.5,17251
20.74,75,0.074,35033.8,28617.8,16852
9.16,60,0.083,21733.7,13798.2,13868
16.87,56.98,0.087,31355.1,25605.4,9772.87
14.51,54.17,4.797,40123.9,23330.5,24631
18.52,61.28,4.925,32036.9,25743,9808.19
28.24,37.79,4.91,38306.2,26534.3,26266.1
32.69,26.51,4.921,36229.4,22906,13508.6
21.54,69.51,4.916,23607.7,15357,16285.9
10.78,78.2,0.088,33284.1,21063.8,20645.8
19.05,78.2,4.911,30289.5,19246.9,17141.6
9.06,60.67,0.088,21885.6,13918.5,14186
13.78,66.37,0.083,32464.3,18296.9,21358.5
15.75,86.3,0.083,24230.4,13410.2,15930.2
13.23,55.51,0.077,28167.3,24117.8,12227.6
19.38,73.1,4.92,31059.9,21050.2,14691.5
21.5,67.6,4.921,36599.6,23290.4,18650
16.9,68.29,4.92,21840,17297.1,9195.18
12.45,66.28,0.083,20937.7,12696.7,14035.7
12.52,78.9,0.074,33520.9,28197.6,14284.8
11.29,75.6,4.914,32851.5,20378.1,15965.9
19.33,64.88,0.081,39113.8,33017.4,17592.3
22.15,78,4.922,30279.9,19503.8,24239
7.44,81.1,0.076,21363,13375.1,13948.9
10.94,83.1,0.073,24657.7,14484.1,14823.9
13.07,85.1,0.071,34941.5,29450.8,14851.1
14.52,56.79,0.083,36443.5,22417,19020.7
18.94,63.36,0.082,37467.9,18718.5,24960
20.68,89.6,0.066,25354.2,15496.5,15690.8
25.23,77.4,4.917,33233.2,22450.6,21702.4
20.43,82.9,4.916,20979.7,12508.9,14544.6
12.12,48.83,0.077,21025.1,17073.9,9421.37
24.29,89.3,4.916,28314.1,17239.7,16840.6
19.64,85,4.918,27162.5,18011.2,9966.74
31.54,18.07,4.903,37756.4,26393.7,27457.8
12.34,79.8,0.075,32035.4,19595.1,19242.6
9.53,76.6,0.075,25446.1,15745.9,14625.5
20.88,71.1,4.925,34811.8,21481.1,18346.9
18.63,72.3,0.072,43723.9,23326.7,27531.6
13.61,64.44,4.917,39185.1,24083.9,24035.7
19.58,74.5,0.288,32208.8,20350.1,13038
11.44,65.58,4.915,21990.5,12981.2,14177.1
13.8,71.1,0.074,40808.1,24255.3,24701.4
17.3,65.65,4.92,25735.4,21075.6,11375.4
21.88,72.9,0.067,24298.8,13468.2,13363.2
20.78,85.3,0.074,28952.6,18654.9,13351.4
25.04,40.84,0.074,32684.1,19255.7,18376
10.23,73.1,0.085,29651.7,25425,13120.8
16.1,55.7,0.082,28529.2,23362.8,12572.5
13.81,45.68,0.081,31540.3,19969.6,17841
5.565,86,4.913,25831.2,20133.8,7629.29
25.58,42.11,4.904,29234.7,20235.3,18724.5
13.25,54.21,0.076,30333.1,26489.1,13351.3
19.08,63.39,0.082,29259.5,19378.3,13508
15.25,61.95,0.081,18088.9,9969.51,9847.74
21.63,88.8,4.912,29551.9,17595.8,14455.9
16.89,85.7,4.917,26882.1,18733.5,7695.69
25.6,43.59,0.092,35877.1,23142.3,13177.4
25.87,75.1,4.919,36977.5,23908.9,26287.5
8.9,77.8,0.083,24540.8,16500.9,16279.5
12.75,71.5,0.084,25185.3,13824.4,16110.5
14.57,57.32,4.927,31796.9,24274,10317.1
11.94,69.85,0.084,31282.1,25701.1,9686.43
16.54,56.94,0.081,19783.3,13272.9,14070.4
11.71,88.9,0.068,38459,24269.9,24145.7
23.88,74.2,4.926,41400.8,26543.5,31287.1
12.5,44.83,0.073,27631.9,22766.5,8994.96
32.74,37.52,4.92,38042.8,25712.7,31366.7
25.57,43.19,0.084,33775.7,19569.5,17489
20.54,88.7,4.914,25417.7,14123.1,17475
25.33,82.7,4.912,27511.5,18732.9,19659.9
11.36,86,0.08,21335.4,16238.1,7969.27
12.01,76.4,0.082,27931.1,17069.9,13318.6
19.02,86.7,0.07,37594.2,23687.9,23045.8
17.78,74.3,4.913,32660.4,16942.7,19010.3
14.74,75.8,4.912,25907.7,12812.2,15880.6
20.83,72.1,0.067,45033.9,26342.7,19865.3
6.091,84.9,0.083,19746.8,13265.7,13665.5
15.39,87.1,0.074,19772.3,13686,7286.75
21.51,61.03,4.921,35831.6,20756.7,17950.4
15.56,60.31,0.079,39495.1,34133.2,16756.8
16.57,64.99,0.074,32538.7,18168.6,18658.9
34.23,37.35,0.069,37022.2,26039.2,24443.8
13.23,85,0.082,30400,25907.3,12815.4
14.87,85.7,0.076,23453.2,13816.4,14828
36.65,21.71,4.917,39669.4,27459.5,28239.7
30.63,34.88,4.919,38993.2,26962,28077
33.08,28.55,4.918,40587.9,25401.3,29396.5
28.78,45.52,0.072,38900.8,26663.6,27072.6
22.39,85,4.915,37580.2,22269.9,17091.7
16.35,85.3,0.082,32726.2,27502.1,15712.8
19.64,85.4,0.067,33568.2,20608.3,20629.7
21.17,52.09,0.064,43835.5,24914.1,27333.8
26.05,56.92,4.906,47636.4,31135.4,45170.2
17.18,70.3,4.915,34772.7,21377.5,21351.3
21.66,58.82,4.924,34509,19755.1,18050.7
13.49,82.5,0.074,39154.4,32995.4,16313.1
14.12,78.4,0.076,34363.9,21347.6,16664.5
13.28,71,0.081,22073.8,16787.6,10010.6
24.04,84.1,4.915,27568.9,18057,21557.8
28.11,73.5,4.904,42762.1,29556.5,34842.9
20.45,51.32,0.084,28793.8,18113.6,14219.6
10.91,80.4,0.072,28187.2,16492.7,16780.6
25.84,83.7,4.914,36543.8,23889.9,32457.2
19.96,61.64,0.073,28942.6,14773.9,18164.4
15.97,57.81,4.922,37154.4,22665,23282.9
10.36,90.6,0.077,27640.7,17000.6,17187.4
12.83,75.4,0.081,21775.2,12816.3,11386.2
15.85,78.8,4.908,26422.5,13920.7,14969
25.31,86.8,4.922,38856,23892.3,21631.6
13.92,70.1,0.102,30939.1,18909.2,15522.9
25.9,39.88,4.914,28315.2,18410.1,22063.9
24.69,63.09,4.925,34717.5,21532.8,13200.7
20.2,52.85,0.079,31114.2,17483.6,14851.9
29.35,63.01,4.909,40613.4,28758.2,29697.7
16.22,57.94,0.081,22304.8,15735,16383.6
22.49,69.39,4.92,27022.8,15943.4,15077.1
19.85,76.7,0.339,24824.1,13531.8,12702.6
26.48,82.3,4.904,47313.8,32035.1,37190.2
16.28,67.11,0.079,34836.9,28476.4,16614.9
29.04,55.92,0.064,41372.5,28283.5,32077.7
19.62,86,0.076,34267.5,22288.6,22449.2
21.87,70.1,4.92,34471.9,22075.5,18650
24.54,43.58,4.92,35074.7,19379.3,15509
27.3,79.5,4.916,32678.3,20020.3,25618.7
15.18,77.2,0.072,43947.6,25906.1,25827.1
11.88,82.1,0.078,26479,17241.3,12428
14.02,71.2,0.081,44793.2,26689,25484.5
22.63,73.2,0.066,34522.2,22402.9,13025.7
22.71,65.76,4.922,35439.3,24833.3,11219.9
19.09,79.7,0.101,28428.2,19124.1,9127.29
12.06,82.2,4.921,21111.9,13382.4,10917.9
14.99,86.6,0.081,22516.9,17821.5,10617.8
18.46,80.3,0.083,27842.1,16274.7,12640.5
7.56,79.6,0.081,25253.2,21017.5,11484.3
15,75.7,0.083,31187.7,26386.4,8264.1
13.47,83.5,0.074,35847.5,23358.1,17864.7
24.36,91,4.916,24452.8,14643.3,12296.4
11.98,65.51,0.086,24400.7,14808.5,11294.2
20.91,75.5,0.067,44630.5,27224.5,27139.9
15.6,59.95,0.081,23235.3,14071.7,14327.6
22.68,60.44,0.08,39621.2,24334.4,23302.3
22.42,50.07,0.084,31003.1,25783.9,11254
10.15,80.8,0.08,24534.7,16034,14342.2
10.94,78.1,0.074,23629.4,15720.4,15643.4
14.36,59.95,0.079,27427.1,17401.8,12272.6
15.23,74.5,0.073,33126.1,20586.6,16403.2
19.72,67.28,0.081,31135.5,18951.1,18865.7
19.35,74.5,0.073,38812.3,31920.2,18344.1
14.54,64.5,0.083,31714.1,25730.6,10723.6
27.63,55.14,0.069,34865.2,18842,22845
22.3,90.4,4.916,28934.3,16928,17562.9
14.9,67.42,0.082,43590.5,25721.6,25251.4
16.47,67.58,0.076,31440.3,25513.3,11294.1
14.34,57.5,0.083,35744.8,22121.6,16788.4
16.03,71.1,0.075,29627.4,24942.6,12458.1
21.81,87.4,4.915,32986.2,20178,15497.3
21.49,51.45,4.905,45082.7,30860.4,34674.4
15.28,64.22,4.915,34400.7,20217.1,17100
28.75,34.55,4.903,38414.9,25485.1,27313.4
26.39,82.6,4.905,46418.8,31164.5,36209.2
22.1,73.4,4.923,32902.6,21342.3,12313.7
17.32,54.52,0.078,24356.9,19580.6,11138.3
22.66,67.07,0.067,28541.9,16305.9,15175.4
13.99,49.72,0.082,37506.8,23923.4,19257.8
11.45,84.4,0.079,23138,13840.2,13877.4
21.06,81.7,4.911,27355.2,19543.4,20831.1
17.03,45.73,0.085,29542.2,25089.9,9467.47
12.57,74.9,4.915,42901,25615.8,25743.4
17.29,86.5,0.067,40418,22953.7,24120
15.75,89.3,4.913,24966.3,15165.3,14324.2
17.81,50.22,0.089,45199.6,24210.2,28125.1
17.97,92.4,0.075,30047.8,19475.1,14397.1
26.94,50.65,0.261,34209.6,21757.2,12337.8
25.72,59.83,4.904,48899.3,32947.4,34951.2
28.4,63.33,4.908,35166,22522.8,26805.7
15.84,71.2,0.081,24613.8,14990.7,14796.4
17.3,61.45,0.083,28331.6,23226.8,9726.77
22.37,54.65,0.269,47258.8,28257.4,21622.1
16.69,82.9,0.075,32135.7,17494.1,18664.7
23.99,85.5,4.917,23869.2,15501.3,18075.3
19.33,53.69,0.082,23014.8,18278.6,12522.8
24.06,85.9,4.914,40900.5,26905.1,34819.1
21.13,42.2,0.079,24336.8,14816.1,14236.8
39.41,13.34,0.071,38342.6,27220.3,30143.6
21.54,61.46,4.908,30994.3,22598.7,25082.5
15.32,69.31,0.073,24853,14983.3,14948
14.2,91.4,0.07,29959.4,17761.7,15604.4
17.88,82.8,0.072,25710.8,22775.2,13220.2
15.95,72.8,0.073,38862.4,33105.9,15448.7
15.05,78.2,4.91,23922.4,11820.7,14916.8
13.93,71.4,0.073,30606.1,19148.9,18501.5
17.14,67,0.081,24629.4,14317.7,12683.8
19.06,63.04,4.92,33224.2,19737.8,16275.5
22.02,49.45,4.915,43200,25891.5,24543.9
18.9,86.4,4.921,32448.8,21887.6,10230.3
16.97,89.2,4.952,28276.9,19254.8,8549.54
28,70.2,4.917,37022.2,22716.5,31077.5
20.84,81.7,0.08,30772.5,25341.9,12342.9
18.31,54.89,0.083,32997.5,20437.9,16482.9
14.6,57.18,0.081,22789.8,11989.1,14455
14.36,88.2,4.91,22188.3,12515.9,13836.8
23.12,89.4,4.913,30114,19724.1,23570.2
14.38,79.4,0.084,39033.2,20202.4,22372.3
26.61,72.5,4.922,29648.4,30451.9,26462.3
12.96,56.94,0.081,24406.8,14819.5,14947.1
16.25,85,0.072,34287.2,20379.2,18728.7
23.04,85.3,0.076,38776,22343.2,12430.4
20.68,55.49,4.917,34408.8,21103.3,12424.6
9.09,91.7,0.08,22783.3,18609.4,9173.59
10.95,70.5,0.077,43673.9,27381.2,25636.6
16.27,84,0.066,41727.4,22534.8,26955.6
20.88,73.9,4.914,26079.3,15290.6,13573.4
27.3,56.02,4.909,31504.6,21106.3,26221.3
16.16,58.19,0.079,28696.3,22672.3,15769.1
11.24,61.5,0.087,39511.9,24671.1,23919
23.74,58.37,0.081,45546,25622.9,27659.8
8.29,80.6,0.081,22572.2,13386,14284.3
11.49,73.1,0.077,39141.3,24900.9,25607.7
14.42,68.86,0.084,43509.9,26604.3,25596.1
18.11,42.47,0.089,35380.3,22103.3,16557.1
14.24,48.45,0.081,36765.6,22862,18529.2
24.24,58.43,4.92,35509.4,24968,11314.1
23.87,85.9,4.918,29425.1,19549.4,23148.5
12.45,64.84,0.086,42829.4,26509.4,25613.5
17.64,77.4,0.074,33468.8,20958.5,18123.6
11.48,78.5,0.081,23796.6,14498.5,13349.3
13.95,71.7,0.076,28519.3,18857.1,17870.5
11.96,63.15,0.085,21347.5,17081.3,8816.33
15.09,77.2,0.072,39682,24926.4,24156.1
18.38,91.3,0.093,44378.5,28415.4,19299.2
27.3,45.08,4.909,34591.9,23916.5,23540.1
20.13,78.8,4.918,31598.1,20599.2,14146.1
15.52,60.45,0.084,33016.3,20502.1,15346.5
21.33,76.3,4.914,40944.4,23366.3,19027.4
14.11,79.4,0.082,32042.6,26595.9,13535.7
21.77,54.89,0.089,31683.1,16500.6,18635.6
23.94,76.6,4.916,36994,22872.3,13685.1
20.17,74.5,0.068,31953.8,22012.4,15939.1
9.37,86.4,0.084,24425.9,19489.4,10602.6
15.28,90.3,0.072,35638.8,20632.2,18507.6
16.84,62.55,0.084,28739.2,22792.3,9507.8
16.07,73.1,0.076,36398.5,30215.4,14780.3
33.11,40.68,4.906,41106.3,28993.9,27620.3
19.99,75.3,4.919,38903.6,24115.2,22241.3
18.33,84.2,0.172,30596.1,18993.4,13486.7
28.97,41.41,4.907,42327.4,28564.3,27343.4
21.93,65.56,4.912,29490.4,19478.8,20746.8
24.04,62.12,4.902,49468.2,32236.5,35204
21.54,79.8,4.922,43626.9,24979.2,19121.6
12.13,71.4,0.084,44943.8,27330.1,26469.4
19.81,85,4.914,27570.3,18733.5,9966.74
28.45,70.9,4.917,35772,22025.3,28914.5
19.61,66.48,0.072,38824.6,32455.8,20327.7
13.89,55.69,0.086,33818.7,14961.7,16828.9
13.08,78.1,0.084,38424.3,31032.8,16180.6
19.27,77.7,0.284,35980.9,22015.4,14144.1
25.01,84,4.918,27887.8,21953.2,27516.7
15.31,69.15,0.073,24714.5,14660.1,15023.8
19.59,79.1,0.082,31462.8,18497.8,18067
23.06,68.72,0.067,39824.1,30109.8,26637.8
3.582,79.2,0.087,25470.4,15446.8,14989.9
16.48,73.2,0.071,32986.3,20564.1,15429.4
16.87,48.45,4.918,31917,17675.4,16788.4
15.86,81.7,0.07,27814.2,14729.9,17349.8
22.11,52.69,0.09,33570.6,21656,10988.9
16.41,83.2,0.076,26202.1,14301,17629.1
16.43,63.4,0.077,19514.8,11439,10319
24.3,84.3,4.909,31190.9,22698.6,23028
8.03,88.8,0.085,21241.5,13823.7,13948.9
22.97,56.19,4.906,29992.8,20229.1,21997.7
13.26,58.04,0.082,22466.4,13568.4,13777.7
11.62,79.4,0.087,19827.7,15326,10912.8
18.34,60.8,4.919,43046.8,25690.2,25049
17.41,69.56,0.079,21627.4,16193.9,9415.61
20.2,53.96,4.905,25993.5,17106.7,17707.3
25.16,87.7,4.911,35595.6,25492.7,23948.8
13.73,81.3,0.077,23337.6,13820.8,15127.3
14.24,89.5,0.067,23356.2,11848.5,15674.2
31.85,16.01,4.903,38044.1,26279.6,27632.4
32.69,26.51,4.921,36592.6,23504.8,13243.9
17.38,67.22,4.923,28449.2,23255,12508.9
19.86,62.65,4.926,26178.9,16772.1,14968.8
17.96,76.2,4.919,35995.3,23119.5,17338.3
15.52,44.21,0.091,31823.6,25936.8,10037.9
15.91,72.8,0.081,44780.9,22196.3,25670.3
20.36,87.2,0.072,27108.9,17652,12695.6
15.45,49.35,4.92,32566.2,24664.5,12057.8
11.95,64.83,4.919,21655.4,17724.8,10588.9
17.06,77.4,0.079,42955.1,22512.8,28189.1
16.43,56.76,0.082,32967.5,21592.7,16730.1
20.84,75.7,0.071,25833.7,16905.2,16028.1
23.09,82.6,4.919,46882.8,27980.5,20257.1
20.88,60.23,0.076,37695,22127.6,22870.9
14.07,59.23,0.082,45180.8,29416.4,27527.7
22.56,66.29,4.913,36011.2,25614.4,28469
14.5,88.4,0.071,23176.4,13608.1,11607.3
16.32,54.79,0.088,30692,26953.1,8966.15
17.55,77.9,0.076,33543.2,20093.3,18525.1
12.13,78.1,0.077,22673.8,18329.5,10233.9
13.28,66.66,0.084,22924.1,13707,14385.5
26.44,71.4,4.921,36855,23325.9,22745.1
15.2,30.85,0.088,32646.1,20465.7,18448.2
12.23,81.3,0.084,22745.9,13295.1,15503.2
11.76,65.94,0.09,24510.5,15038.3,10848.5
10.51,85.7,0.071,23259.7,12744.1,13997.7
10.64,87.6,0.08,24179.7,13990.2,14527.7
25.75,56.71,0.071,36174.8,20204.2,17634.5
25.85,86.2,4.922,37845.9,23443.7,17912
10.83,51.79,0.086,30862.4,18995.7,14414.5
19.56,46.06,0.088,39766.2,33433.9,17609.6
29.15,45.39,4.904,42820.5,30911.4,29535.1
25.62,41.18,4.907,30286.2,19978.5,20967.4
15.29,68.96,0.083,43420.6,26282.9,25263.9
11.61,73.7,4.92,22807.1,12358.5,14429
34.37,24.17,4.903,38926.3,27864.8,26031.3
15.64,84.9,0.076,33772.6,21130.8,18356.4
17.32,71,4.917,33344.8,19914.9,16175.4
21.02,46.56,4.92,34952.2,20206.1,18098.7
22.68,71,0.067,34578.9,19568.5,13212.4
26.92,70.8,4.903,29707.8,22082.8,20945.5
23.27,88.5,4.92,28358.9,16760.7,16130.4
14.01,71,0.081,32237.3,26861,9721.01
21.53,57.03,4.92,34352,19396.7,13726
17.95,77.9,0.08,43327.1,23568.6,28544
13.8,72.1,0.073,22869.2,13433.4,15004.9
25.36,49.42,4.904,50555,34692.3,40590.8
21.09,79.2,4.911,26620.9,15410.4,12837.9
24.19,66.74,4.923,33263,17240.3,19719.9
21.49,79.9,4.919,43397.1,23845.3,29225.4
16.14,78,0.076,21809.9,16746.2,9496.28
9.12,68.98,0.081,23138,13273.2,14318.7
18.99,89.6,0.336,24766.7,15994.2,10555.1
24.55,87.5,4.915,38050.5,23732.6,22895.5
25.35,85.2,4.916,32958.9,22211.4,29324.2
12.49,87.2,4.926,20990.8,15274,11196.1
23.88,86.5,4.916,28583.1,19021.5,22371.2
21.7,67.27,0.083,40975.4,33628.6,19573.5
11.89,51.55,0.08,28241,18459.6,12977.3
31.3,36.15,4.92,45977.9,28902.5,35518
21.11,70.5,0.08,41422.8,24815.4,17799.4
35.61,19.04,4.908,37475.2,26971.5,26849.9
9.78,87.6,0.084,22427.2,13269.5,13825.2
18.5,84.1,0.07,24880,19108.3,9374.46
18.91,78.2,4.908,28569.9,18235.7,16311
28.79,72.9,4.903,43842.5,30955.4,30088
28.39,34.21,4.918,35980.9,21689.8,13691
18.41,45.21,0.084,43401.5,25540.9,26304
11.35,71.1,0.086,28751.2,18838.9,12967.2
19.03,48.25,4.92,43587.1,26299.7,24923.1
19.49,65.52,0.077,38997.6,21820.8,24788.7
12.62,53.14,0.079,43437,26637.1,25168.2
21.36,59.72,0.271,30291,18217,15097.2
16.8,64.13,4.915,26203.6,15886.3,11689.2
16.3,51.3,0.089,32316.3,25973.6,10205
6.742,89.8,0.073,22856.9,13980.5,14310.3
21.92,76.8,4.924,42059.5,26333.9,19862.9
13.42,59.68,0.077,39130,33293.6,16272.7
28.13,30.74,4.903,30577.2,22234.8,24791.5
13.24,70.8,4.913,36526.2,30384.8,15610.1
21.02,53.87,0.076,31174.7,16372.3,19077.8
32.67,37.32,4.921,37921.6,25481,31161.8
21.74,78.3,0.077,45024.6,24990.4,27139.9
19.05,89,0.268,26071.2,15957.3,11846.8
27.92,75.7,4.915,33864.7,21129.1,27034.6
27,49.75,4.932,44894.9,26678.2,20062.9
18.58,87.9,4.916,32558.2,20340.6,19711.1
18.01,58.3,4.921,33542.8,19017.1,14411.6
16.26,72.7,0.073,34400.7,22404.9,16107.1
21.78,76.8,0.067,28177,18048.6,14367.5
26.78,53.52,4.917,34617.4,23965.8,25450
19.74,75.4,4.916,20303.5,13439.2,13658.9
20.96,66.5,0.076,36174.8,23291.5,18638.8
21.01,63.04,0.07,28824.6,20938,17812
27.88,32.22,4.918,41527.9,23209.1,23116.8
26.73,66.22,4.919,34923.2,21435.3,13532.2
17.12,55.26,4.925,33969.2,27747.5,14712.3
24.36,82.8,4.924,41965.7,26692.4,32589.8
26.05,45.68,4.909,32435.9,22705.1,24781.3
18.64,88.9,0.106,46880.4,29771,19585.2
13.15,86.3,0.084,36850.6,22862,22854.9
10.52,85.8,0.078,21463.1,17029.8,9346.46
25.27,77.2,4.919,38042.8,24865.8,29300.1
16.6,86.8,0.066,24974.5,14180,15511.3
22.91,62.04,0.083,44045.6,24268.2,26561
27.79,40.31,4.925,37477.8,23194.6,12809.7
25.08,47.66,4.909,36624.9,25641,24502.6
31.34,23.68,4.913,48121.2,30558.2,39434.3
10.07,94.5,0.084,27461.6,21046.9,9651.86
27.25,81.4,4.903,50778.8,35152.3,39501.4
21.63,75.9,4.922,34616.7,22283.4,14128.6
13.83,70.6,4.915,24676.9,19126.9,10750.8
16.46,90.5,4.921,21088.5,13025.4,10802.9
9.75,46.94,0.09,30099.7,16814.6,16938.5
15.09,54.62,0.084,31178.7,26003.1,9703.72
34.84,31.28,0.072,34770.5,23943,24467.9
22.72,70.8,0.067,36047.3,23336.5,13159.9
14.65,67.96,0.081,34854.1,20451.2,21675.5
9.81,76,0.092,22456.7,13871.1,14238.1
20.5,85.7,0.066,44757.6,25353.4,25420.8
15.55,55.99,0.074,28617.7,19878.4,18517.6
19.56,70.7,0.078,39415.4,32333.1,18072.3
21.94,69.59,4.926,46984.8,27396.7,20686.6
19.71,72.6,0.211,26701.4,15736.9,12529.6
24.35,63.51,4.915,40613.4,25294.9,32553.6
14.56,65.01,4.916,31606.8,19834.7,15549.1
17.73,49.6,0.075,35503.7,21197.6,16380
22.24,71.2,4.921,33589.5,21450.6,12640.5
11.19,87.1,0.079,23087.5,18491.6,7070.35
15.63,86,0.071,27814.2,16749.9,14504.7
22.12,74.8,0.068,44973.8,27123.5,28717.3
36.57,20.61,4.931,38412.8,26855.7,30655.7
13.13,83.9,0.071,21299.7,13225.6,12971.6
22.67,45.68,0.084,33245.6,20056.6,17704.7
13.04,73,0.083,38819.8,33823.9,15788.7
24.4,82.6,0.055,42176.2,27300,32782.6
13,73.1,4.916,43352.5,26199.4,25587.1
13.2,78,0.084,38187.3,23343.5,24011.6
12.99,45.16,0.077,29371.9,24110.5,9467.47
15.55,59.05,0.086,35893.5,29854.6,14359.7
20.61,87.5,0.068,29664.6,19437,18437.9
13.39,53.49,4.922,34218.3,21268.1,16764.8
28.49,69.72,4.907,48618.7,31982.3,46748.8
23.13,49.22,4.908,25151.4,16500,18671.8
18.96,83.1,0.067,45135.7,26210.5,25733.4
23.13,66.62,0.286,43123.5,25615.4,23251.8
17.29,74.5,0.069,36793.8,29376.4,16684.3
16.56,85.3,4.916,25167.7,15484.8,14843.1
13.49,59.68,0.086,26292.2,13553.8,17384.2
20.75,55.3,4.927,40452.3,32803.3,17886.9
14.78,58.06,0.079,36538.4,31371.6,15316.2
16.22,65.14,0.084,21250.2,15420.7,9236.97
13.58,80.6,0.073,41190.1,28573.2,25234.8
7,87.6,0.087,23228.4,14677.2,14249.6
20.19,56.19,4.927,22555.8,11256.5,11902.4
12.07,51.25,4.913,29140.3,19550.2,13486.3
13.9,43.12,0.082,35601.5,29666.8,13414.6
14.79,85.7,0.08,21365.9,11694.5,14818.9
10.9,54.01,0.076,22205.3,18841.4,7185.59
20.71,67.98,0.07,33602.1,26940.2,11228.2
36.27,22.31,0.08,39076.1,27079.7,30083.3
9.87,87.4,4.926,18701.5,12138.8,7720.48
19.79,84.4,4.916,27137,18370.5,9843.19
15.78,91.3,0.066,22389,15639.1,16320
15.47,82.4,0.073,42037.5,21988.6,27520
18.77,59.35,0.08,37001.3,22483.2,21840.7
22.84,72.8,0.069,36658,21296.9,22083
25.94,66.56,0.258,36656.3,23594.6,16285.7
21.9,67.12,0.293,35133.5,21038.7,17127
17.89,61.78,4.923,39956.9,33787.2,17014
20.05,84.2,4.916,35229,20657,16120.9
10.92,83.9,0.071,25147.9,14743.9,14649.7
19.27,56.4,4.916,43457.4,25569.5,25072.3
20.09,87.1,0.066,40065.7,23257.8,25137.2
19.44,60.14,0.076,35824.8,21589,19444.4
34.31,21.65,0.078,32130.1,18326.9,17110.9
20.04,68.05,0.073,36252.3,28703.3,20125.3
26.01,37.21,0.084,32476.6,19061,17523.9
25.54,52.42,0.295,39472.6,24504,15238.4
16.01,87,0.065,39390,28954,28881.5
17.88,45.83,0.076,31251.1,21534.1,15259.4
8.48,85.7,0.082,26466.8,17595.1,12861.7
15.94,79.9,0.067,34535.2,19374.7,19677.1
24.09,86,4.918,32321.1,21508.9,26215.2
24.55,71.9,0.261,45411,27696,23463.6
15.56,61.38,4.918,32341.8,18629.3,16676.1
10.38,90.1,0.071,23546.4,13141.6,14350.8
22.81,72.4,0.059,22599.9,14775.9,14598.8
8.96,69.71,0.082,21536.1,17353.8,9571.19
29.09,35.11,0.317,35668.7,23074.4,14361.8
19,83,0.067,21378.5,16843.4,9877.59
22.12,57.02,4.907,22593.5,14384.8,17768
23.97,86.2,4.919,23984.1,15379.7,15984.6
5.375,85.6,4.916,28051.7,21949.1,8286.19
21.42,88.2,4.91,25888.1,16652.8,9866.72
17.21,52.05,4.917,32008.1,19779.9,16435.7
19.78,82.2,0.083,47006.4,29278,19812.8
25.8,90.5,4.909,30711.5,21098.2,20674.6
15.53,83.5,0.071,29420,20441.5,17553.5
18.32,84.5,4.915,24676.7,14593.2,14289.2
16.03,77.6,0.072,37968.6,23248.6,22270.8
13.77,83.7,0.081,26152.5,14172.7,18106.2
11.99,54.78,0.088,25489.2,22143,11583.6
22.38,75.9,4.908,24887.5,15871.2,15456.3
15.83,59.25,4.921,32629.8,18391.5,16554.2
13.19,70.3,4.912,27964.1,17208.5,17175.8
6.61,56.19,0.091,18128.1,10617.6,10599.6
16.33,59.37,0.082,33903.8,21906.4,17106.5
16.79,72.7,0.073,39890.5,33706,15806
14.67,56.89,4.921,32172.3,24813.2,10571.6
12.67,70.5,0.081,42035.7,23531.7,24851.6
12.96,61.62,0.078,40273.8,33927,15045.4
21.13,59.75,0.072,31399.9,20333.1,18078.7
31.05,57.72,4.909,38578.6,26179.7,32029.5
9.02,63.38,0.075,37146.8,32373.1,16941.2
24.25,47.58,0.078,33110.5,17120.6,18502.9
17.08,73.4,0.072,40172.3,33809.5,15909.4
13.39,62.74,4.923,41851.5,25185.4,24967.7
23.48,43.71,0.085,33084.3,22061.9,17704.7
34.99,25.41,4.911,39395.1,28446.8,27366
20.64,76.8,0.071,25526.8,16654.3,15456.3
10.8,76.6,0.085,26792.5,16362.3,16614.3
24.48,38.78,4.922,31157.5,17562.2,14167.6
16.74,65.95,0.075,31233.5,25023.6,9035.29
10.31,71.7,0.088,43254.7,27946.5,26666
24.52,89.3,4.92,28902.3,17684.5,18080.5
14.93,89.4,0.072,24840.4,15336.2,14376.7
18.97,68.26,0.232,23944.8,13786.3,12537.9
13.29,86.3,0.085,27994,16005.7,18885.8
13.25,84.9,0.075,32035.4,19057.3,19126.5
11.38,86,0.075,29829.4,17857.3,18209
16.04,81.7,0.07,24577.7,13901.4,16238.5
23.89,67.5,4.922,36344.1,22539.3,13997
18.27,87.7,0.07,33099.5,21986.4,15117.1
20.62,56.96,0.073,30682.2,17268.1,17361.6
27.81,40.95,4.906,38600.3,26272,28944.5
14.29,63.94,0.078,39518,24463.2,25619.3
10.63,74.9,0.081,27408.8,17117.3,11907.9
13.45,61.11,0.084,23390.8,17806.6,10542.7
20.33,70.1,4.919,25352.8,17342.7,12838.9
22.18,65.08,0.079,43282.6,22782.5,25290.8
21.8,73,0.069,29626.5,16645.3,14083.9
18.27,89.8,0.278,26245,15852,12667.3
19.13,57.71,0.078,38921.3,24702.3,24434.2
15.05,77.3,4.923,33830.9,21147.7,16724.8
13.69,76.2,0.071,33327.5,18962.9,16087.5
17.98,63.32,4.921,31227.4,26319.7,13310.9
23.87,44.98,0.083,31261.4,18297.2,17548.2
18.32,69.58,0.083,34856.2,28038.2,17233.3
24.38,90.9,4.918,24280.2,14415.2,12236.2
26.95,44.41,0.073,29903.5,20548.1,25311.5
17.75,82,0.069,27270.3,13597.5,15840
19.3,82.2,4.918,31484.6,20270.5,14665.5
10.06,60.36,0.086,20245.8,10770.7,9603.87
16.44,58.88,0.084,34547.8,20545.9,17517.1
13.95,57.66,4.918,32101,20728.3,15485.4
21.59,66.72,0.068,35214.7,21666.9,18113.7
12.19,64.05,0.083,20970.3,16812.5,8631.93
19.97,42.8,0.086,32547.7,25947.5,10745.1
18.41,51.77,0.084,29760,17263.2,16748
12.88,75.8,4.919,20909.5,16367,9277.31
15.28,85.2,0.072,42552.1,22784.1,28008.7
22.74,64.96,0.07,35669.1,23314.1,12517.9
25.58,35.85,4.925,33100.9,18639.9,16120.9
14.36,81.9,0.083,29599.8,16060.7,20561.5
10.2,82.6,0.085,24103.4,18263.3,8096.04
20.13,81.9,4.919,44703.7,30338,16509.3
12.44,63.18,0.073,42575,25485.4,25124.5
7.4,59.8,0.089,21606.1,13480.9,12098.9
17.48,60.21,0.082,22473,17107.1,9421.37
15.67,64.69,4.923,22171.1,13272.9,14492.5
13.9,80.2,0.084,26500.4,20991.7,10977.2
17.31,67.7,4.924,35605,22528.8,20743
16.97,64.89,4.914,34511.4,20575.1,16262.2
14.1,89,0.069,23759.2,14323,12229.8
24.98,79.7,4.92,46245.8,28955.7,35192.6
25.93,40.61,0.083,31189.8,17685.4,16496.1
14.08,79.2,0.083,43776,26550,25217.4
13.6,61.11,4.917,39449.9,22858.5,23643.9
26.89,42.12,4.907,32174.4,22017.7,21624.1
15.06,65.65,0.081,31216.3,19528.3,19271.4
24.94,60.19,4.926,43143.3,25551,18820.7
12.19,63.86,4.916,39587.7,33419,17349.4
11.58,86.6,0.088,34829.6,19972,17210.3
11.56,72.4,4.917,32688.6,20122.8,20507
13.49,62.08,4.919,21545.3,12507,14134
13.72,72,0.075,30319.7,18804.9,13343.2
11.01,75.8,0.076,26703.8,18047.4,17916.1
22.51,69.87,0.071,33148.4,18750.6,12862.2
27.53,41.31,4.919,36690.1,23056.4,12908.9
29.75,44.78,4.908,41911.8,28750.6,26910.1
14.37,89.3,0.077,24168.4,13600.8,15429.8
22.21,69.15,0.069,40447.2,22950.9,21763.9
18.05,91.1,4.924,27237.1,18642.3,8386.14
29.83,52.76,4.91,31683.2,20810.1,27311.8
11.13,84.6,0.084,37962.5,23493,22623.6
17.18,61.01,0.075,34584.5,20882.9,16774.8
9.98,66.23,0.082,20964.3,16529,9444.42
16.89,81.5,0.065,24714.5,15574,11718.2
21.09,74.4,4.919,31049.8,25229.9,11444.1
20.64,41.76,0.084,31606.2,26769.4,11676.1
15.69,85.8,0.066,32830.1,18399.6,17675.6
32.96,27.21,4.922,40747.4,27467.1,35403.5
20.11,75.7,4.923,45404.6,27123.5,19668.7
21.87,66.2,0.084,41467,33934.9,19561.8
14.11,55.11,0.076,40889.9,23414.6,24874.8
27.13,44.41,0.078,29348.6,19773.4,24745.1
12.96,68.62,0.075,35191.9,23401.8,22768.2
26.09,85,4.91,30980,21915.5,24815.5
18.2,80.2,0.068,35063.6,18613,20119.2
16.6,62.79,4.925,31727.2,20125.1,19728.6
17.48,66.43,0.076,38298.3,24122.2,24339.7
20.92,54.95,0.28,27939.8,16989.6,13543.9
17.01,77.1,0.078,34461.5,27219.4,16129.2
19.8,74.2,4.92,20469.4,13143,13610.7
18.35,66.63,0.073,42957.6,24973.4,25914.2
30.1,42.93,4.92,33131.2,22196.2,24606.5
5.996,69.85,4.93,26393.9,16059.6,14671.8
24.11,57.25,4.907,26012.5,17103.8,19997.3
21.74,91.6,4.919,36541.6,23089.4,14155.8
12.9,79,0.082,23784,16082.7,11380.4
23.71,53.38,4.923,31629,15810.8,17980.1
15.18,72.6,0.068,40988.4,24003.6,25428.4
19.17,90.6,4.916,23228.9,14641.5,10721.3
16.87,87,4.923,39079.9,23732.5,22573.6
12.8,83.9,0.07,36884.7,23102.7,18426.2
13.36,56.97,0.083,22775.4,17899.6,9970.12
20.32,58.95,0.068,34396.3,21722.6,21477.6
22.17,64.73,4.908,27562.5,17962,20280.5
18.55,75.6,0.083,35567.2,23205,17355.8
22.01,51.3,0.087,30929.2,26062.8,10814.5
12.39,71,0.078,23222.3,15578.1,15498.8
20.57,72.8,4.918,26682.3,17213.9,19503.3
19.67,71.5,4.919,32658.9,21533.1,15402.8
19.9,62.13,4.907,27173.4,18782.3,21913.3
18.76,84.4,4.916,26014.5,16868.5,11811.8
17.84,64.91,0.078,21572.6,16035.6,9473.23
26.53,42.75,4.92,41685,27588.6,36331.4
21.36,75.5,0.071,32581.2,18253.9,12103.6
21.77,78,4.914,32245.8,19387.5,17984.2
26.58,48.32,4.921,27646.7,15672.3,13897
17.17,86.9,4.922,26263.1,16027.2,15816.7
7.09,63.91,0.088,22918,14403.6,10674.8
7.45,76.7,0.082,21244.1,16834.6,9807.44
24.32,85.8,4.913,29208.2,18915.2,22726.7
8.37,75.2,4.912,29858.6,23495.6,9167.83
21.81,78,0.068,30275,22891.1,19595.8
19.35,70.2,0.076,21252.2,12828.5,10074.2
15.65,73.5,0.084,35193.9,28230.7,14912.8
15.87,73.6,0.085,24753.4,22927.7,16233.3
20.12,61.76,0.065,42421.9,24906.7,27170.9
25.84,49.35,4.917,32039.2,17510.8,12979
10.24,84.6,0.073,22696.9,13745.1,13993.5
16.44,78.3,0.071,33406.8,15672.1,18048
18.82,61.01,0.085,26926.2,20951.2,9006.48
23.83,48.81,0.08,32856.2,17768,18573.8
24.05,67.08,4.919,45293.7,26382.3,23960.9
27.77,66.87,4.911,37628.2,24835.4,29619.4
13.67,75.2,0.07,25462.4,15173.3,16290.1
20.14,76.2,4.915,20134.6,12431.6,13629
23.76,71.3,4.919,28647.4,16177.5,19566.3
13.86,73,0.074,42993.4,27279,25700.2
7.4,84.3,0.085,28063.9,22781.2,8787.52
12.56,85.3,0.078,31030.5,18826.8,14556.8
20.67,64.5,0.084,22977,17973.9,11059
8.49,75.2,0.092,21770.8,12780.5,14003.5
21.27,80.8,4.922,45200.7,26622,20345.3
9.52,78.9,0.085,30515.6,25093.6,9513.57
33.84,37.02,0.07,37060.5,25519,24299.2
26.22,40.15,4.925,37922.7,25462.3,24502.6
12.27,87.4,4.922,23440,17669,11786
22.97,33.17,0.085,33754,19994.3,18088.7
10.61,48.45,0.083,23467.1,14177.5,14281.3
18.64,88.5,4.916,27780.5,15474,12802.6
27.57,54.98,0.067,37615.8,25519.3,26892
10.97,89.3,0.065,24412.9,14079,15635.9
18.26,91.7,0.081,40824.2,25256,17892.8
15.99,54.04,0.081,28232.5,17204.9,17054.2
22.63,65.32,4.909,37411.2,26469.7,29708.8
21.99,65.37,0.086,41441.8,34050.6,19421.8
16.31,55.51,4.916,34152.9,19754.4,22669.9
10.42,71.3,0.084,27773.2,17489.4,17170.1
25.52,49.32,4.907,30311.8,20738,26829.8
26.75,75,4.905,41592.2,30130.5,26657.3
10.76,62.64,0.086,41450.1,25765.3,24364.3
14.66,63.18,0.071,38665.5,23345.1,22796.1
15.01,86.4,0.072,19686.2,14448.3,8559.04
20.03,72.3,0.291,28513.3,17734.3,11684.7
25.44,65.71,4.919,28189.7,16200,20298.8
18.96,57.84,0.077,35180,21072.1,18129.5
24.06,81.4,0.296,46500.5,27759.7,23763.7
16.29,71,4.919,30760.9,17926.8,14731
12.9,72.3,0.084,23241.4,11558.7,13320.4
23.06,50.29,4.922,35158.9,18834.5,14908.9
21.04,49.42,4.919,45506.5,28221.2,19486
7.68,79.3,4.921,23187.7,18189.7,10386.5
10.83,74.3,0.083,23851.5,13838.3,14848.6
15.46,74.6,4.92,33636.5,20969,16823.1
13.97,79.5,0.079,42158.3,25708.5,23992.3
20.87,54.99,4.906,28307.7,20037.6,13819.2
26,44.89,4.916,35253.2,23538.2,13883.5
16.69,58.21,0.081,31008.4,25804.2,9185.11
12.79,66.96,0.084,22130.8,14367.2,10900.6
19.5,84.2,0.07,23366.2,18598.8,10745.1
19.57,66.61,0.072,38547.7,32396.3,20304.6
25.48,86.2,4.92,31172.9,19598.7,26498.4
15.91,71.1,0.081,32795.2,20473.2,15125.8
13.57,63.37,4.916,41936.9,25210.9,25326.6
24.33,35.58,4.922,36809.8,22447.7,14023.6
20.63,64.93,0.115,26632.1,16457.7,11689.2
16.28,44.91,0.086,31925.1,21215.9,14446.5
19.12,68.32,0.082,40294.6,24653.6,25054.5
15.01,69.57,0.074,22268.4,13663.2,15036.1
17.77,89.5,0.069,24953.7,15681.7,11146.9
17.84,74.3,0.072,38129.2,31381,21889.2
34.96,31.18,4.918,34547.2,23567.1,25148.8
18.55,93,0.087,26474.6,17828.2,9500.79
15.12,79.3,0.075,25129.5,15400.8,12258.9
16.09,83.6,0.079,23223.8,13467.1,14098.1
16.36,71.3,0.084,21192.3,11973.1,11246.5
19.97,85.7,0.074,38145.7,23415,23229
20.37,85.4,0.069,22645.8,14351.4,10551.1
26.59,50.12,4.931,35908.6,24606.2,12663.8
27.6,32.19,4.911,33590.4,23631.6,23287
13.34,71.3,0.084,24876,20579.3,10764
18.58,89.1,4.917,22460.9,13850.2,11683.2
24.12,84.8,4.908,30820.2,22223.4,22456.2
25.61,35.21,4.925,36880.6,25203.8,25363.3
13.31,85.2,0.082,22308.7,18447.4,9657.62
24.7,37.84,0.085,35700.8,21482.7,19008
13.28,83.7,0.072,21030.1,12991.5,11996.1
26.5,83,4.904,35154.5,25496.5,27590.2
24.03,80.9,4.923,25119.5,16526.6,17484.9
19.29,74.9,0.081,33948.7,20875.5,11362.4
12.38,79,4.922,21931.6,17990.8,7047.3
19.88,88.7,0.072,25762.5,16468.9,8928.88
16.88,73.3,0.075,34790.9,21020.1,16603.4
25.23,24.49,4.921,32293.8,20255.1,16452.1
20.18,84.5,4.914,21813,14310.2,13664.5
18.37,88.1,4.921,24815.2,15165.3,14883.9
13.83,69.81,0.075,34486.8,20239.5,20255.5
21.2,75.5,0.068,45935.1,26163.5,19661
12.08,77.3,0.075,37700.4,31430.5,15846.3
16.97,67.4,0.079,24324.2,14104.4,12223
26.96,51.07,0.067,36033,20169.7,19786.9
29.36,54.96,4.914,36869.1,24763.3,27131
12.73,73.9,0.075,38721.4,22679.6,24452.5
14,75.1,0.081,27236.5,21599.3,9726.77
20.36,84,0.065,25138,16308.5,12518.4
18.53,82.3,4.915,25245.7,15934.9,11333.3
15.11,69.26,0.072,24986.9,14770.3,12980.4
17.55,59.31,0.082,31783.7,19499.1,15387
14.5,66.76,0.08,24844.6,14545.9,14567.7
19.87,80.7,0.26,26652.7,15170.9,13838.1
26.83,57.13,4.905,39354.7,27788.8,24087.3
22.57,73.4,0.067,34711.2,22936.9,13154
17.44,69.32,0.081,24941.1,15027.9,15175.4
16.29,67.76,4.914,26410.6,14216.6,13508.6
26.37,47.75,4.902,30705.1,23094,24087.3
13.25,85.5,0.082,24949,20711.9,10815.8
19.64,89.2,0.069,23268.9,14942.6,12264.4
20.99,75.1,4.919,33250.6,20474.3,17006
24.64,44.1,0.07,39124.8,24466.5,22171.6
19.73,69.12,4.92,31862.8,19643.2,10621.3
17.11,68.95,0.085,43141.1,21732,28567.3
10.97,53.87,0.077,22521.7,18985,7335.41
26.59,36.84,0.069,31125.1,17926.7,20340.4
13.26,67.68,4.922,32424.4,20002.4,15855.9
23.05,47.88,0.308,33680.7,21555.1,13208.6
15.74,66.25,0.075,37292.9,19767.1,16618.1
20.52,61.45,4.918,29630.8,21384.3,11988.4
21.48,72.6,4.916,23828.3,14501,17599
18.71,60.94,0.078,24419.8,19379,10614.2
19.66,75.7,4.915,20392.8,13401.3,13875.8
16.35,75,0.073,39799.2,34019,16439.9
26.13,91,4.91,41183,27553.1,27367.5
14.15,68.78,0.072,36604.1,22646.8,17222.1
16.69,56.26,0.082,32943.1,21286.3,16625.8
16.45,55.05,0.075,33770.3,27575.3,12002.9
12.45,68.49,0.089,25074.4,14231.7,13476.8
18.3,72.9,4.924,35642.8,23442.7,17839.7
16.96,64.1,0.083,44666.4,24536.5,28497.5
23.47,66.89,4.919,45747.6,26560.9,21998.7
13.82,68.51,0.085,40073,34726,15120.3
24.11,80.5,4.913,28296.1,21520.3,20467.3
15.92,79.1,0.073,43618.5,22597.1,27735.3
13.16,55.24,0.083,26403,20612.5,7635.05
10.31,80.5,0.083,23722,14044.4,11944.7
16.61,76,4.914,24874.9,14961.7,15602.9
27.17,54.24,4.92,31139.6,18789.6,22608.7
23.87,67.48,0.067,38717.9,21884.4,19755.3
27.44,41.25,4.92,36179.6,23030.3,12751.4
12.99,54.97,0.083,43602.7,25750.8,24799.8
21.43,68.03,4.932,36561.8,22959.8,19034.8
26.32,65.72,0.303,33037.2,22153.8,16574
6.198,90.9,0.084,21797.7,16948.8,9882.35
25.43,54,4.917,29769.6,19815.2,20587.8
7.03,76,0.083,21557.5,14148.3,14440.5
14.34,91.6,0.067,31348.3,18824.8,16256
18.71,86,0.077,24714.5,15436.5,15647.6
16.09,69.6,0.068,30616.7,18916.5,20869.8
18.88,59.39,4.92,33192.5,20378.8,12208.6
19.08,69.85,0.074,43637.1,23488,27357.1
17.85,68.06,4.91,34198.5,23396.3,16229
19.67,69.96,4.919,32810,21811.8,14901.4
17.67,86.2,4.913,25497.8,16050.6,11677.6
14.62,59.29,0.085,41149.8,34678.1,16042.3
19.72,48.64,0.079,30153.8,24898.8,10195.7
21.79,66.35,0.066,44566.9,27610,27204.9
6.957,85.4,0.086,27669.9,17865,12641.9
21.43,66.18,0.07,29858.5,22020.2,11641.4
14.89,65.95,0.075,35614,20085.9,19653.8
13.45,83.4,0.072,36023.3,19631.4,25070.5
32.53,26.74,4.93,36248.5,22816.2,13596.9
14.88,61.59,4.922,24375.8,12614.6,13807.7
19.41,85,0.067,21716.9,17081.4,11288.7
17.1,49.52,0.084,45162.4,23473.3,28602.2
18.7,75.1,4.922,30417.8,20024.8,14067.7
24.96,61.09,4.924,45638.9,27029.9,19334.2
12.51,88.5,0.075,22067.7,17490.5,9750.36
16.6,76.5,4.913,42726.1,25634,25463.1
29.4,34.04,0.264,36356.8,22726.4,14861.9
16.21,75.8,0.073,34067.8,21180.5,17950.8
24.13,73.1,0.269,46647.1,27928.1,23557.8
20.74,64.03,0.079,35946,22906,18668.3
15.11,84.8,0.074,36308.5,20166.6,23808
23.01,71.5,4.917,31374.2,20874,14102.9
18.39,84.7,4.918,27558.5,17693.8,13218.2
19.9,64.54,0.073,39064.6,33158.7,20194.7
17.19,68.69,4.918,23107.7,18669.4,9975.9
34.63,20.17,4.905,37021.3,26294.8,28162
15.09,89.5,0.07,23827.7,19201.2,12468.4
12.26,76.6,0.086,26796.3,16434.1,11630.3
15.68,59.91,4.92,32047.7,18153.7,16449.7
19.68,83.9,0.073,44290.2,27265.1,18995.7
17.1,86.2,4.915,25621,15711.5,15181.2
28.41,66.83,4.912,39452.5,26449.4,31035.3
22.87,70.2,0.07,38565.3,21469,18981.4
16.75,57.84,0.078,33818.7,20801.2,16372
14.04,89.7,0.18,28669.8,16812.2,13888
7.36,82.3,0.082,23215.2,19084.4,10193.5
24.77,43.08,0.076,32457.4,19337.5,18043.7
18.08,51.79,4.918,24866,17187.8,16577.4
28.85,71.6,4.906,37475.2,28617.5,29492.2
22.72,58.82,0.085,45084.3,28923.2,20133.7
16.1,79.9,0.07,30784.1,15276.2,18327.3
17.09,76.8,0.087,28270.6,19740.2,11893.5
23.1,71,4.924,32323.5,21981.7,12767.3
17.09,64.8,0.079,39293.9,24371.5,23623
18.05,92.5,0.066,26543.9,17921.6,9500.79
20.18,77.1,4.911,29426.5,18688.1,19476.9
13.74,87.9,0.076,24255.2,13410.2,15941.8
22.1,79.3,4.921,47978.8,28657.8,20745.4
25.04,33.42,4.923,36469.5,22466.4,13854.3
10.6,46.74,0.087,22185.8,13572,14177.1
15.48,86.5,0.071,31410.3,16203.7,19089.5
25.38,57.89,4.922,36656.3,21607.5,14903
17.99,70.6,0.07,22073.8,16936.4,11976.9
13.4,79.7,0.076,24006.1,19250.1,7070.35
24.95,85.2,4.917,29571.8,19997.5,24974.1
26.5,70.8,4.917,36760.7,24816.5,24883.7
22.2,67.86,4.906,31230.3,20582.3,22793
19.65,86.8,0.071,34343.8,20499.8,19495.4
14.2,86.4,0.084,29029.4,16460.3,19636.4
16.05,63.55,0.077,28311.9,21140.4,15334.9
21.71,54.08,4.923,35480.6,24067.2,25477.6
12.92,71,0.08,30552.5,14418.3,15073.5
14.4,48.66,4.919,29014.5,15504.9,14899.4
11.55,72.2,4.915,34450.2,21169.6,21118.1
28.5,39.29,4.922,35829.4,25507.6,26185.1
10.34,88.2,0.078,24351.3,14132.9,15445.2
18.91,59.21,0.083,27139.2,21223.7,9173.59
22.91,62.34,0.07,47237.1,32829.6,36209.2
25.76,41.95,4.905,29906,20832.1,19669.5
17.54,56.38,0.078,42207.3,25620.7,25008.4
20.79,81.2,4.914,28895.6,16473.2,13561.6
17.91,69.04,0.082,42886.9,23649.3,27549.1
20.18,73.3,0.075,28880,21555.4,10270.8
16.06,67.09,4.92,23921,14370.8,14608.2
30.41,27.42,3.688,37687.9,23055.7,20765.5
13.13,83.1,0.081,32991.6,28031.9,13506.8
18.05,86.5,0.183,27558.5,16894.6,11800.1
21.73,90,0.3,24206,14388.8,9949.09
15.56,83,0.077,24342,11518.5,16436.4
18.16,72.3,0.078,36652.3,29305.8,16667
29.59,57.39,4.903,40313.6,31046.7,26645.3
8.48,86.7,0.081,40435.9,24528.9,24857.7
16.76,56.25,0.075,31555.9,26334.5,10101.3
23.89,86.9,4.913,23524.8,17153.2,16575.1
21.94,61.03,4.905,25521.3,17012.7,19913
26.99,32.18,4.913,40033,27197.5,32957.3
8.62,83.6,0.087,25306.3,17157.4,12144.6
10.49,81.1,0.077,42559.3,25225.5,25216.6
25.56,44.95,0.082,34388.4,19551.2,17715.5
10.78,87,0.085,27297.3,21794.4,7951.98
22.87,76.4,0.082,31762.6,20133.1,15052.8
12.8,76.7,0.086,35957.1,22046.3,17477.4
20.01,61.81,0.084,40030.8,33843,17910.4
13.44,58.41,4.919,41900.9,24032.9,24416.1
10.66,54.82,0.086,34341.3,22621.3,21923.9
10.06,73.4,0.086,27384.3,18040.1,12965.8
21.21,45.51,0.083,34721.2,22875.8,16890.2
16.44,83.3,0.069,33344.8,18828.5,22778.2
20.79,65.64,0.07,27587.7,20398.8,15151.8
15.32,79.7,0.082,24412.3,14760.4,15286.2
23.74,66.64,4.922,34750.7,19496.9,19779
21.4,40.77,0.081,24676.7,14935,14271.7
7.39,90,0.073,27042.7,16530.1,16932.7
18.99,56.7,0.08,27011.4,22133.2,11680.2
25.8,56.23,4.914,32289.2,22545.6,21618.1
12.02,59,0.086,32907.3,21184.2,16285.3
14.52,86.1,4.91,23628.3,13126.8,14150.3
14.22,40.02,0.078,32109.5,27144.5,9657.62
19.46,54.49,0.083,25419.5,19162.8,13642.1
18.92,87.7,4.915,28468.7,15979.2,12996.8
26.5,42.88,4.935,32272.6,17869,16356.3
15.45,80.9,0.074,44330.1,26826.7,25521
24.03,59.89,4.998,33865.5,24043.7,14767.7
15.93,86.6,4.915,24117.6,18306.2,7709.18
11.01,73.7,0.085,34348.3,27947.2,14676.6
20.59,87.7,0.071,46558.9,29337.8,19089.1
9.46,52.82,0.088,38544.4,22533.7,25124
24.44,37.81,4.921,29946.9,16836.2,13579.2
26.85,47.32,4.909,45729.2,31557,36018.1
13.24,77.2,0.078,38497.2,24240.7,24728.7
20.49,82.8,4.913,21431.5,13509.4,14408.9
22.18,48.98,0.08,42227.3,26382.5,23849.4
15.07,70.7,4.916,26614.5,13662.8,13443.9
19.54,62.28,0.081,40418.5,33649.6,17418.8
17.75,79.9,0.068,22410.5,9748.61,10371.5
17.62,84.7,4.918,22423.1,14831,11374.3
23.01,64.06,0.073,34163,22922,12453.7
30.67,50.43,4.904,42263.4,30119.1,26506.8
15.71,86.9,4.913,23764.7,16711.6,8812.16
16.54,76.3,0.071,36670.7,22834.9,22195.2
22.46,74,0.274,40536.6,23736.8,21333.8
19.41,82.3,4.916,25869.6,15994.6,11776.8
20.66,81.5,4.918,33126.4,19452,15420.8
21.15,61.32,0.277,27965.3,16963.4,13826.4
10.1,51.72,0.086,20581,12857.1,11178.5
20.87,64.69,4.923,26888.5,14991.3,12990.9
20.76,81.9,4.921,27364.8,16936.7,21015.6
11.86,86.6,0.78,22387.7,15880.2,12774.9
13.99,69.95,0.074,34852.9,21355.6,15937
20.92,74.8,4.916,36891.7,23840.7,12156.1
24.5,90.3,4.918,24823.6,14757.3,13638.6
21.38,73.8,4.92,22963.3,13575.1,12663.6
23.92,46.3,0.084,34092.3,24121.5,13174
28.03,77.9,4.907,31376.3,23960.7,25254.9
8.98,83.6,0.073,35750.9,23544.1,23034.2
12.14,84.6,0.078,23959.1,14297.6,14521.9
21.23,62,0.072,37732.7,24334.4,16965.2
28.61,46.65,4.908,39508.1,26808,26771.7
10.58,84.2,0.082,30047.1,24718,12821.1
19.5,60.06,0.071,42743.6,24523.8,26147.4
16.37,65.33,0.078,18671.2,10725.7,10645.5
23.2,64.36,0.081,36444.3,23851.9,13702.6
19.78,45.6,0.085,38775.4,32987.6,17551.8
12.57,87.7,4.909,26906.6,17282.9,11734.8
14.35,64.62,0.079,22039.3,13586.6,13771.9
25.25,85.9,4.917,31013.4,18892.4,25920
26.96,72.1,4.914,33596.8,24721.5,30155.6
16.76,74.1,0.072,33247.1,27903,12567.6
10.25,86.8,0.08,17383.3,18269.9,14486.7
8.44,85.9,0.08,25980.8,17248.6,12636.1
20.14,65.62,0.187,42148.7,24144.7,21475
9.83,84.7,0.087,24966.1,14874.2,15550.8
11.8,50.28,0.089,20998.5,13557.4,12375.9
23.28,59.19,4.917,36439.5,24618.4,27048.5
14.58,68.86,0.089,39732.3,33915.9,16163.3
19.65,83.9,0.068,45148.3,26994.4,26497.2
17.65,58.64,0.082,29767.3,22899,9617.29
19.73,65.03,0.071,32835.1,20987,15705.9
19.09,80.7,0.07,22910.8,17732.2,9935.42
18.02,66.3,0.086,42149.1,21475.4,27182.5
11.8,62.45,0.086,21950.8,17873.6,10120.5
21.6,64.21,0.073,31600,25218.6,10999.5
28.48,63.93,4.92,40479.5,26377.2,32276.5
22.39,77.3,4.924,32989.7,21996.7,25798.9
21.99,51.45,0.08,34496.4,21850.7,16807.4
20.22,85,4.923,36469.5,23769.7,15896.9
21.38,74,4.919,39936,24434.7,21361
13.43,69.59,0.08,30301.3,18472,13151.6
14.05,67.75,0.083,31555.9,25693.8,11029.1
10.46,88.2,0.085,25264.3,16587.8,11566.5
16.26,81.1,0.083,25662.6,14151.2,17175.5
13.72,89.8,0.07,22382.8,11679.8,11816.7
13.68,86.7,0.072,33121.6,19539.7,18100.4
24.72,53.49,4.913,34068.8,23369.6,30493.1
12.56,60.25,0.08,30520.7,19772.6,13540.3
20.31,76.3,0.086,40931.3,24214.1,17735.2
22.4,85.1,4.919,45200.7,27078.6,20427.7
9.71,65.44,4.916,26054.2,17248.6,13100.4
21.14,64.04,0.072,29686.2,25735.5,16302.7
30.46,24.64,4.92,34311.5,20881.5,13814.6
18.45,80.4,4.919,33840,20178,15479.6
14.24,57.83,4.917,33480,20615.2,15983.3
39.55,14.14,0.068,38125.7,27478.5,30077.3
20.29,76.4,0.081,41876.6,24628.6,18015.3
14.04,79.7,0.085,43788.3,26465.9,25043.2
28.31,44.73,4.924,32927,22086.1,22991.8
12.84,74.7,0.081,18883.7,13123,6932.05
21.11,71.6,4.921,33439.5,20871.8,17373.3
25.62,80.2,4.922,44341.1,27792.6,28047.6
19.58,76.5,0.068,38135.4,30399.2,16753.7
12.43,84.7,0.071,38612.9,32568.3,16537.8
18.2,91.9,0.068,27879.9,19023.2,9780.91
25.86,80.4,4.91,48114.8,31374.7,40271.8
25.91,57.75,4.907,47559.9,31070.9,44808.7
18.39,47,0.078,37035.6,22434.1,17843.2
22.77,64.19,4.925,46557.9,28459.5,19821.7
8.18,66.31,4.92,27225.8,16555.6,16585.3
13.04,75.4,0.084,18098.9,12788,6736.13
15.23,61.12,0.075,29480.5,20611.6,16181.2
16.82,54.49,4.918,38892.3,33512,16273.7
14.57,60.47,0.087,36583.3,21826.1,17008.2
15.1,79.4,0.083,23684.8,12699,15435.6
15.04,66.59,0.089,39811.4,34066.9,15909.7
27.06,30.98,4.904,32416.7,22682.3,29908.6
11.35,86.5,0.074,30020.3,18069.3,18993.5
17.98,82.1,0.076,39329.2,33132.6,19558.6
21.61,85.4,4.915,22722.1,13026.6,16175.3
15.89,84.4,0.072,30343.9,17706.7,15767.3
20.72,68.89,4.917,35277.6,21414.2,19168.9
14.41,84.7,0.077,30126.2,25796.9,12763.5
25.7,65.43,4.903,31651.3,21265.8,24504.1
16.67,30.98,0.086,36054.7,21311.9,16950.4
6.1,92.4,0.082,23434.2,18565.2,8505.16
13.71,74.5,0.073,32680.7,18612.8,15734.4
35.98,23.71,4.906,40428.4,29194.9,32005.4
22.13,45.59,4.913,28104.7,18793.7,22244.7
16.65,69.66,0.074,33628.6,21106.1,16832.9
21.93,77.8,4.924,45653.1,25566.7,20121.8
11.43,66.61,4.92,22692.2,13090.6,14188.7
17.61,58.28,0.076,34437.4,21325.6,16490.3
31.6,28.04,4.922,33776.3,23231.6,13385.1
19.68,73.4,0.068,33304.6,27420.2,15094
12.05,70.4,0.083,44883,27151.4,26689.2
21.23,50.76,4.915,28506.6,18835.4,18310.3
18.23,77.5,4.92,31702,20712.1,14983
24.83,54.62,4.927,44681,30245.2,19806.9
8.69,86.8,0.075,23407.7,13756.1,14127.1
21.3,71.4,4.923,30835.5,22556,11852.6
20.13,45.63,0.082,23956.9,19390.9,10970.6
21.8,62.84,0.07,31052.3,25055,10935.9
20.69,75.7,0.069,27905,20166.8,20807
16.13,73.7,4.917,23027.8,13652.3,13220.2
20.75,80.9,4.918,30545.8,17936.4,14291.2
15.81,79.3,0.075,43289.9,22476.2,27566.5
27.36,36.13,4.917,36083.4,23401.9,18335.2
15.67,64.15,0.082,41296.3,23985.4,25598.7
17.27,85.6,4.916,28405,20043.2,7742.76
10.66,89.8,0.076,29792.7,18113.4,18214.8
4.382,76.9,0.081,20858.7,13203.6,14538.8
16.22,69.96,0.073,29907.2,25355,10176.2
13.91,86.9,0.083,27094.9,15144.2,17949.1
24.41,60.03,4.906,29182.7,20962,22558
16.48,69.06,0.076,30789.4,25653.3,10182
25.46,93.5,4.911,38248.7,25888.1,25513.7
33.25,31.88,4.906,41796.8,29647.7,28156
11.91,73,4.916,32192.5,19856.5,15699.6
15.84,68.44,0.075,23993.6,14912.7,12347.1
15.75,58.88,0.079,24943.7,15031,15375.4
13.55,61.77,0.083,36152.5,21527.1,16469.5
26.32,32.54,0.081,30809.9,18219.5,16751.6
20.66,56.25,0.275,28666.2,17000.8,14049.9
23.65,58.29,4.921,37548.3,26289,11331.7
13.76,86.2,4.915,28512,17162.2,17465.8
24.97,84.6,4.911,30200,21413.7,21824.2
21.68,42.68,0.083,36382.9,24213.8,17879.3
21.41,47.91,0.081,44859.3,27598.8,27972.9
18.93,62.66,0.103,27180.4,17156,10417
8.66,88.6,0.083,22268.4,14706.4,14550.4
25.9,86.7,4.91,26920.5,18961.8,20319.5
9.2,74.2,0.079,22250.1,14148.3,15007.2
23.52,55.43,4.912,30477.6,21527.8,26257.4
11.59,51.1,0.08,26476,21540.3,8170.95
11.62,65.19,0.085,35461.6,30152.8,15137.6
11.1,75.6,0.077,20986.3,13823.7,14191.8
15.67,72.4,0.069,43897.5,23447.7,28840.7
17.5,53.24,0.082,38849.5,19743.5,16539
16.32,69.06,0.073,21901.1,17162.3,9490.52
26.07,73.7,4.922,36052.6,23111.4,25407.9
16.5,71,0.073,32135.7,20009.7,15296.4
12.36,87,0.073,38156.7,33672.9,15817.5
26.96,58.63,4.906,34426,22963.3,25781.4
13.26,69.22,4.912,28781.7,17540.4,17436.3
18.88,59.75,0.082,28556.7,21949.1,9127.49
22.81,61.92,4.906,44897.3,28495.9,30003.8
23.89,63.89,0.276,44569.9,25652.8,22063.3
24.04,48.86,0.081,35417.9,18651.2,20932.3
16.14,84.6,0.076,25867.3,12853,14888.7
25.23,34.58,4.918,34975.9,21603.7,13761
32.85,34.31,4.907,41857.3,28317.7,28113.1
15.35,75.9,0.07,38844.1,33201.6,16053.8
21.34,63.73,0.078,36098.5,22965.9,18414.3
20.17,57.27,4.919,32997.4,19807.3,15828.4
16.65,68.53,0.081,41197.4,25196.3,25320.4
18.18,68.93,0.074,31323.5,17497.8,17448.7
17.63,90.3,0.067,25369.2,14905.3,15775.9
20.46,86.7,4.917,34604.6,19777.5,16850.5
20.55,64.87,0.112,26228.8,16308.3,11893.5
20.73,75.8,4.92,46388.8,28841.1,19439.3
24.88,79.5,4.926,29284.8,18934.2,23419.6
11.22,80,0.076,21454.2,14144.7,14301.7
18.17,87.2,4.915,23417.7,18007.4,12050.5
21.23,76.8,4.92,47271.5,32377.5,16932.9
26.61,70.3,4.936,37468.8,23865.7,22913.6
28.41,67.17,4.908,42084.4,28666.9,27776.8
17.32,78.8,0.077,35173.8,18945.8,21143.3
10.19,76.6,0.08,24182.3,15352,13370.6
16.85,68.02,4.916,22073.8,17252.5,9386.02
12.87,65.05,0.075,38230.5,22434.1,22778.7
12.27,69.83,4.926,20633.8,14303.3,6881.93
25.81,45.22,4.917,37238.3,25005.8,15739.3
14.81,61.79,0.078,40648.1,26764.7,24734.5
16.88,71.2,4.919,26702,14123.1,15974.4
13.82,86,0.086,28824.8,16500.6,19758.5
26.36,64.15,4.907,29113.3,22060,18682.4
28.67,65,4.914,39171.8,26639.2,31137.7
18.29,57.26,0.084,31075.5,20815.5,14656
16.64,88,0.083,37944.2,31272.2,18546.4
15.84,87.4,0.08,26102.8,14549.4,12482.9
17.81,66.58,0.08,43390,25939,24770.3
29.44,62.63,4.907,39752.3,27444.3,28836.2
20.61,87,4.914,27691.3,23130.6,10966.9
25.84,85.1,4.922,43356.3,27945.6,37765.4
31.57,30.92,4.916,32129.7,22317.7,28625.3
5.099,87.4,0.084,24990.4,16216.4,11884.3
16.13,60.08,0.082,32553.6,26791,12970.9
13.97,76.4,0.071,34584.4,20111.9,17002.1
25.3,33.22,4.921,35990.5,22163.9,13848.5
16.02,71.3,0.074,44281.9,23696.9,28928
20.51,87.1,0.361,26544.4,17139.3,11084.6
9.94,71.4,0.088,36874.9,23748.3,22883.9
14.73,57.02,4.929,32713.8,24411.6,10427
18.43,87.3,4.911,25860.2,17691.6,11933.9
20.6,80.6,4.927,39507.9,24605.6,23238.2
22.64,68.57,0.071,39633.4,24773.4,21817.1
18.74,77.8,0.07,36209.3,22651.4,18574.3
23.86,87.2,4.917,30509.5,20658.2,19256.2
11.38,68.12,4.92,26731.5,16340.4,17117.9
28.04,38.59,4.919,38183.8,23321.4,19442.2
16.33,69.04,0.08,29525.4,18414.3,19851.6
15.32,67.01,0.085,31528.1,21348.3,15782.2
23.53,51.77,4.918,28024.4,17880.2,14202.1
12.81,74.3,4.917,43016.9,25710.6,25396.1
25,41.72,0.081,34964.4,21311,16124.5
14.31,82.7,0.086,22604.9,13580.5,13964.5
13.89,64.73,0.076,42382.4,25904,25535
25.32,60.12,4.908,47349.4,31541.8,37385.8
13.65,50.9,0.077,37925.5,32605.1,16653.1
13.65,83.3,0.073,43066.3,25947.7,25353.3
25.02,67.31,4.92,30516.6,17311.4,21173.2
21.2,90.4,4.913,26620.9,15829.5,12949.7
16.8,64.26,0.083,43413.9,23407.3,27357.1
20.92,55.12,4.92,23441.4,13883.6,12520.2
12.14,63.42,4.921,22243.4,12289,13691.6
17.24,64.77,0.08,27132.1,17996.3,13812.4
17.57,93.4,0.101,25189,16394.2,11911
18.27,69.01,0.073,29636.9,23690.1,15747.5
22.39,47.91,0.085,32377.5,20833.8,17565.1
26.24,54.25,4.92,37175.3,23530.7,13440
12.92,70.5,0.078,22997.3,12941,14437.6
29.19,69.46,4.906,38459.7,25416.7,27277.2
27.62,38.82,0.076,29597.3,21330.4,22274.8
8.7,88.9,0.081,24229.8,14564.1,13308.8
11.95,59.73,0.082,26152.9,15823.2,12298.1
10.63,72.5,0.086,36571.1,23168.4,22693
20.8,71,4.92,29984.8,22152.7,11566.7
23.73,56.02,4.924,31664,21569.6,19832
13.68,49.38,0.084,34875.9,18817,18332.5
26.68,32.17,0.068,28583,16343,16709.8
14.76,78.9,0.074,39111.8,32767.1,16226.7
4.581,86.8,0.085,22181,18219.1,7237.45
17.49,66.29,4.916,35149.4,20808.5,17499.8
26.68,81.6,4.91,41400.4,29438.6,25477.6
26.22,82.5,4.916,45512.3,28522.8,39434.3
14.61,66.69,0.098,32936.9,25472.8,9559.66
15.9,74.8,0.078,22147.2,12929.9,14929.5
18.38,69.11,0.072,32627.7,26382.6,17216.4
16.25,67.83,4.916,26423.4,14104.4,13261.5
18.36,85.6,4.914,26270.4,16241.2,11078.7
20.36,56.7,0.074,29753.8,22027.7,16042.4
6.08,87,0.082,21031.2,16709.4,7076.11
13.79,87,0.069,31707.9,17365.8,17314.9
22.53,41.47,0.082,37293.8,21027.4,18402.5
14.33,87.4,4.911,22157.6,12193.9,13273.5
21.53,60.12,0.271,41932,25143.9,20192.4
11.39,52.35,0.083,31094.2,17613.4,16504.3
25.35,82.3,4.914,26490.9,17521.5,18828.5
19.7,58.29,0.1,27873.6,17342.7,8170.21
18.88,87.6,4.917,26684.6,15223.3,12108.4
12.82,62.65,4.916,23750.8,13650,14707.7
25.68,43.95,4.905,30477.6,20882.3,22823.1
26.36,76.3,4.92,39616.8,25952.7,25549.8
8.6,84.4,0.074,30847.6,20768.4,20136.9
21.89,68.49,4.913,24510.4,15757.1,15618.8
16.34,82.3,0.069,33444,19272.1,18327.3
17.2,80.1,4.909,26915.7,17297.9,11601.7
24.02,47.92,4.92,31268.6,21573.4,22883.3
34.92,31.08,0.075,34489.8,23738,24636.7
16.93,76.1,0.082,34628.2,19935.6,22999.3
10.93,67.88,0.082,23799.8,13653.7,14150.3
13.41,65.82,0.082,32064.4,19021.3,19624.5
16.99,83,0.081,31475.4,21596.3,14953.8
15.26,60.38,0.081,40271,22847.6,23905.2
12.09,79.9,4.916,22875.3,13386,14171.3
18.69,62.49,0.093,26789.7,16155.2,11671.7
15.16,76.9,0.078,38004.6,31434.2,15529.4
15.25,88.9,0.07,21526.2,16910.3,10953.3
29.3,58.94,4.925,41640.4,22454.4,24702.9
33.45,34.88,4.903,44027.9,30662.7,27295.3
13.09,84.9,0.07,41012.7,25141.6,24665.1
20.9,51.03,0.088,33840.8,19763.3,20229.8
18.62,72.6,0.077,34144.6,20866.8,17838.5
24.18,81.6,4.92,29682.2,19973,21342.7
18.28,64.62,0.078,23129,15253.2,11484.6
27.07,76.8,4.908,32961.8,25857.7,27903.2
25.14,56.29,4.902,49813.5,32517.8,35589.2
20.07,53.35,4.906,25808.1,18745.1,12868.2
19.76,76.5,0.069,22006.2,17163.2,10241.9
9.43,69.74,4.655,30320.9,24331.4,9357.98
19.04,80.2,4.922,45639.3,27154.2,26403.9
24.75,39.45,4.907,22772.1,15375.9,17719.8
14.89,56.81,0.081,22600.7,13542.9,14408.7
15.15,63.75,0.079,23172.6,18476.8,7006.96
27.58,80.1,4.909,38593.9,27260.4,26518.9
18.97,88.8,4.92,36952.1,22417.3,21419.3
11.17,79.8,4.919,21002,12718.5,11537.4
25.41,60.05,4.918,34194.5,23385.1,12278.7
23.86,47.66,4.907,32961.8,23417.1,23106.2
23.49,60.29,4.904,39898.1,28598.5,31996
28.97,33.79,4.917,37726.1,24129.7,20074.3
12.7,86.1,0.083,19556.9,15724,8692.05
8.96,82.6,0.08,26685.6,16869.3,11971.1
20.25,77.3,4.919,39418.8,24535.3,16784
15.79,67.01,0.086,20933.8,15461.2,9150.54
20.82,70.5,4.921,34937.7,19824.1,16912.7
21.79,64.4,4.919,36398.2,20151.1,20171.7
20.87,76,0.067,30340.7,21166.6,22853.4
23.63,70.5,0.067,37192.1,23145.5,20765.5
29.07,70.1,4.904,39636,27017.1,27307.3
12.97,85,0.071,22030.8,15861.6,12497.3
14.34,71.9,0.072,38135.4,32864.9,16823.1
29.62,35.95,4.904,36747.9,24535.4,36578.4
20.93,63.63,0.101,27464,17451,12290.3
11.55,55.21,0.08,23444.4,14279.3,10585.2
20.38,67.82,4.924,35496.6,23089.4,14820.7
13.12,86.7,0.084,34365.6,21104,21125.8
20.62,75.8,0.069,28787.2,20045.2,20548.2
28.7,59.13,4.913,36971.2,24808.9,28613.2
12.18,69.76,4.915,21454.2,12240.7,14105.1
16.33,76.4,0.079,24738.9,14114.1,16186.2
13.2,57.68,0.085,32973.6,20881.5,14796.5
19.07,73.1,4.926,35505.3,27597.5,16889
20.71,76.4,0.066,41296.8,33408.3,17250.8
14.18,63.08,0.082,41375.6,24842.6,24684.1
13.05,81.3,0.082,24453.6,13267.2,16570.2
15.41,87.2,0.074,31025.9,16544.6,18920.7
11.07,86,0.08,25148.1,15202.9,12264.7
34.56,25.81,4.904,38568.3,27739.4,29227.3
18.54,88.2,4.924,41774.2,25281.7,23733.8
25.54,79.9,4.924,47908.4,29396.8,28824.1
13.77,72.2,0.073,18835.9,10872.9,10136.4
6.358,78.9,4.918,27846.2,21808.3,9125.78
27.22,37.48,4.905,31011.9,22158.8,22901.6
29.95,44.41,4.909,42263.4,28731.6,26928.2
14.53,74.1,4.917,21536.3,11013.3,10090.3
8.81,86.1,0.082,22923.2,18145.4,9565.43
15.95,86.6,0.074,31373.1,17453.8,21061.8
18.36,85.9,4.921,36939.5,22725.7,22480.3
13.7,84.4,0.085,22053.4,13774.4,13621.9
23.89,65.54,4.918,34051.4,19231.2,19412.7
10.66,87.8,0.084,23407.7,13745.1,14028.4
13.81,65.16,0.075,41711.2,25386,25025.6
11.98,71,4.921,34426.3,21235.3,21449.6
29.57,67.29,4.906,37660.6,25055.5,27096.7
13.06,72.3,0.09,22736.2,13991.5,15128.7
12.2,69.36,4.919,20553.8,13715.7,6743.13
21.48,71.9,4.922,36929.5,23541.9,12687.2
24.41,55.35,4.908,26580.2,17525.3,17292.1
18.27,88.2,0.069,24701.9,15287.9,15268.7
14.27,82.3,0.085,27129.1,16639.5,16626.5
11.69,83.3,0.081,23957.6,13644.8,15744
19.34,80.6,4.915,23657.6,17327.8,10632.9
18.1,61.38,0.083,34008.5,19485.4,17053.5
18.69,74.5,4.92,37389.6,29027.8,17449.2
22.92,71,0.073,36898,23620.3,12278.7
8.37,86.5,0.087,22819.8,17361.2,6983.91
18.35,57.45,0.084,31947.3,18240.7,17546
16.44,82.1,4.921,25378,19288.4,12021.9
5.053,76.1,0.087,25604.1,16340.4,16458.8
18.75,56.91,0.082,27735.4,22869.6,9744.06
10.55,65.68,0.083,22632.9,13685.1,14035.7
22.5,49.78,4.92,48777.8,31951.4,33831.7
16.87,60.23,0.078,23950.8,18970.7,7604.82
22,56.99,0.072,34157.1,21614.9,17851.3
25.1,40.73,0.067,37929.5,23849.1,21196.8
27.68,42.05,4.924,37187.9,23250.6,13014
25.65,70.4,0.064,41394,29161.1,27493.9
13.94,69.03,0.085,40625.1,24291.8,24481.4
24.79,88.9,4.922,39712.7,28123.3,31538.6
16.28,83.2,0.069,42248.3,22806.1,27322.2
19.15,75.5,0.074,38320,31875.6,18182.2
25.35,82.1,4.913,27588,19101.3,19985.3
25.56,64.92,0.264,34795.8,21252,15644.4
13.77,69.01,0.076,21618.3,13480.9,14154
21.69,78.4,0.08,33709.2,28482.6,16970.7
20.84,77.2,4.921,32518.2,26320.3,10457.9
14.97,77.1,4.912,23603.7,11751.2,14643.9
21.4,71.9,4.923,42456.4,26469.7,17997.8
17.75,82.5,4.919,38135.6,23832.8,22305.4
23.19,89.3,4.919,26319.6,15586.1,14812.3
25.03,83.8,4.92,43611.4,27505.1,32987.4
39.11,14.04,0.07,37124.3,26119,29263.9
23.44,68.72,0.072,30097,20372.6,18018.5
21.75,69.87,4.927,35126.6,23123.2,17344.1
15.89,69.48,0.084,21158.9,15324.9,9208.16
10.29,54.14,0.082,42010.2,23912.5,25743.4
22.2,60.55,4.919,28396.7,15961,12634.7
20.75,59.12,4.927,26174.9,15522.7,14350
18.93,67.81,0.083,37452.6,29968.9,18645.6
12.73,88.4,0.077,32219.2,20528,14870.3
15.18,72.2,0.083,43837.3,26480.5,25420.6
12.91,67.12,0.085,40899.7,25546.5,27943.2
19.59,58.06,4.921,34030.6,20838.2,12337
21.71,63.09,0.084,44069.7,27436.9,18855.7
9.25,83.6,0.087,22414.2,14472.9,14775.9
16.11,80.8,0.083,25618.5,20227.7,11624.1
16.79,61.86,4.923,32385.8,18451.9,15447.5
20.66,87.9,0.067,38679.7,24036.2,24056.1
22.28,88.7,0.279,30010.6,18610,13238
14.45,68.81,0.073,41006.6,25787.2,25330.1
15.37,62.15,0.078,24083.4,14772,14738.7
22.63,74.1,0.084,35996.8,22899.6,11572.5
19.35,89.9,4.917,23256.2,12383,15879.9
26.93,58.54,4.923,28895.4,20713.1,20676.9
29.55,45.12,4.924,38606.7,25986.9,25321.1
17.2,80.9,0.092,43984.3,23968.2,28782.5
24.15,67.6,4.917,34578.9,23142.3,11379.9
16.51,56.78,0.081,21532.6,11740.2,10672.3
12.66,58.3,0.083,34450.6,19017.6,17042.9
23.54,66.91,4.925,31393.9,15769.6,18130.7
13.13,83.5,0.07,24366.8,13410.2,16925.1
23.04,88.9,4.917,27521.4,16494.6,15540.6
23.84,67.86,4.905,36607.6,25477.2,30306.3
21.5,64.42,0.168,29026.9,17275.5,13784.3
17.09,69.96,0.082,23027.4,13356,15035.5
15.95,69.83,0.073,44119.1,25796.3,25327.7
23.47,69.63,4.908,29795.1,19838,23992
19.38,62.87,0.073,33964.8,20921.8,18018.9
24.79,43.04,4.92,31893.9,18575.6,18903.3
17.51,80.6,0.072,22309.8,14006.2,13263.2
5.381,90.5,4.918,23961.4,14578.7,10952.7
14.37,77.9,0.089,25585.8,16851.1,17141.2
14.28,66.1,4.916,33840,21238.9,15855.9
9.78,89.7,0.08,22843.9,13873.2,13436.1
23.9,86.8,4.91,30841.2,20635.4,24076.3
13.02,70.9,0.084,31594.9,20276,20507
14.17,77.2,0.072,30852.3,17919.3,15738.2
12.97,67.72,0.085,41625.8,25984.2,28145.8
15.04,74.7,0.072,34547.7,21556.1,16443.9
28.13,50.96,4.906,39165.4,28397.5,30703.9
20.74,77.1,4.914,28435.6,18593,19392.6
12.82,71.4,0.083,17709.5,12368.2,6707.32
17.31,79.5,0.101,26405.3,15972.2,11625
16.38,86.9,4.915,26386.3,17171,10749.7
20.91,74.7,4.923,36234.5,22829.7,18154.5
20.65,59.21,0.084,40326.2,34025.2,17690.6
16.98,68.77,0.075,24500.5,14686.1,15379.4
23.05,66.29,4.904,24277.5,15239.2,16322
16.22,83.2,0.071,26685.7,30017.1,19618.9
18.14,57.14,0.097,28532.3,23178.9,9882.35
21.74,66.38,4.925,35851.9,23758.5,12494.6
13.75,75.3,0.073,32991.9,18769.6,15815.4
12.81,69.53,4.913,22808.1,13553.8,14298.7
22.81,69.69,4.921,43273.5,24618.4,21011.7
13.3,53.04,4.924,43157.3,25378.7,26009.7
15.91,83.8,0.081,21911.6,12515.7,10996.4
23.5,41.31,0.087,34336.8,22138.9,17757.1
17.43,63.7,0.079,27987.8,18469.2,14481.5
18.96,56.39,0.083,44249,24822,25627.6
20.62,88.5,0.066,44528.7,27262,26360.1
7.92,94.1,0.077,20209.9,14606.9,7266.27
21.68,64.43,4.92,36423.3,22253.9,18037.9
10.15,60.58,4.922,23772.2,14359.9,14489.7
18.01,66.56,0.075,31549.8,25285.1,9363.75
20.9,69.56,0.315,25907.3,14894,13314.5
15.5,86,0.068,36358.1,19327.1,19293.1
18.96,56.09,4.917,32233.8,25802.5,9987.47
22.97,47.98,4.919,31955.9,18630.5,18298.2
17.5,86.1,4.916,26543.9,14183.4,9600
20.98,65.98,0.083,32745,26443.6,11169.8
20.35,79.8,4.916,40130.9,24890,17805.2
26.06,61.77,4.921,27986.2,20353.8,20103.9
20.36,85.5,0.065,43689.5,26812.9,25751.6
18.51,90.2,4.914,27028.7,15893.1,13079.1
25.65,84.2,4.918,47531.2,31164.5,35980.4
24.51,80.6,4.924,48407,29742.8,31562.6
10.67,82.1,0.072,43566.1,26451.1,25633.4
16.16,69.89,0.074,33787.9,21007.3,16635.5
13.21,48.88,0.085,32609.6,20454.7,17372.5
12.28,70.8,0.083,43132.9,26866.9,25812.9
13.52,66.68,4.91,37745.1,22898.5,22860.5
23.39,45.21,0.084,26473.1,13475.7,14013
21.42,47.28,0.084,27897.2,19800,14332.1
21.34,47.86,4.925,33628.6,19587.8,17802.6
23.41,80.8,4.925,45997.2,27845.7,19915.8
18.98,69.06,0.176,25920,15028.7,14002.9
10.88,85.7,0.08,24878.3,14568.3,14823.9
20.47,65.14,0.07,31360,25553.3,14145.5
19.35,73.7,0.071,32356.7,20485.4,15245.3
13.19,58.86,4.922,29501.5,23526.4,9409.16
18.54,81.5,4.919,22989.6,14923.8,11129.4
22.72,54.98,0.08,38069.4,19751.4,19908.9
10.46,73.1,0.079,21891.6,13466.3,14203.4
10.03,61.05,0.09,21214,11568.3,12907.7
12.63,83.1,0.08,31166.5,26614.3,12878.8
20.17,76.6,0.07,23619.8,18171.8,10592.1
22.21,55.77,4.918,48343.3,25503.1,28794.1
9.05,60.09,4.921,24652.3,20484.3,8061.69
9.38,78.8,0.081,26968.8,22818,11893.4
11.39,65.88,0.09,31282.1,26349.2,9006.48
14.42,68.66,0.081,33824.7,19752.4,21036.8
21.3,78.9,4.918,26752.8,17434.9,20222
26.87,81.3,4.909,41074.4,29050.9,25495.7
24.85,88.8,4.923,44577.7,31012.5,34662.3
21.96,63.76,0.079,35361.1,18834.5,18573.8
16.96,90.4,0.069,22133.5,12490.4,13350.6
15.52,84.4,4.915,22750.1,16752.7,10457.9
24.48,48.42,0.085,36916.9,24221.6,12617.1
14.56,91.2,0.067,21629.9,12958.5,10954.5
6.054,81.1,0.085,24559,16085.1,11381.2
9.72,68.38,0.084,27023,15969.5,16165.2
15.33,85.4,0.072,30058.6,15921.4,17547.6
25.75,67.81,4.919,26848.2,15784.6,19784.9
24.64,73.5,4.916,26223,15831.6,19491.2
27.42,64.54,4.919,33137.5,20381,25504.3
20.99,72.3,4.918,23154.4,14998.8,15123.7
28.02,33.01,4.906,36301.4,25705.1,33089.9
11.5,89.5,0.08,36268.5,22577.5,22345.3
20.87,65.81,0.083,33362.6,26070.1,10352.8
16.54,72.1,0.086,42198.7,21611,28381.1
13.86,66.69,4.921,26494.3,21831.2,11490
20.17,86,0.072,26972.4,15748.1,12284.5
15.6,82.9,0.073,23598,11144.6,15522.9
12.85,82.8,0.087,39428.1,33010.1,16128.7
21.91,50.63,4.922,32537.1,20797.1,11018.1
17.62,79.4,0.071,37464.6,31057.4,17314.7
10.57,55.18,4.914,43053.6,25294.8,25482.9
21.94,69.49,4.912,24753.3,15205.9,15107.2
22.59,46.45,4.919,37305.2,19463.4,15723.9
18.87,68.62,0.133,29676,18713.3,13200.7
20.87,70.8,0.068,29513.8,21890.1,9692.53
27.9,33.48,4.92,32119.6,18325.6,16238.6
15.52,66.59,0.082,36063.9,29486.3,16399.5
13.8,70.2,0.071,30606.1,20308.8,19636.1
21.5,65.42,0.075,26269.7,17135.6,12199.4
20.4,59.56,4.904,28742.5,19410.3,19073.6
22.89,65.36,4.924,37790.4,25480.7,11249.4
21.81,74.9,4.919,36477.9,24949.3,10508
18.96,54.85,0.083,43028.3,24324.3,25249.5
17.62,56.24,0.084,22831.9,17976.1,9081.39
16.06,64.55,0.083,43479.5,25531.9,25405.3
15.97,78.5,4.914,22128.6,13448,14157.1
15.89,84.7,0.081,25649.2,21213.2,12410.6
14.56,68.41,0.087,33469.3,21867.1,16060.6
15.37,76.2,0.077,19816.9,11988.9,11275.1
13.03,66.62,0.074,39117,25710.6,24879
21.29,34.93,0.086,33617.6,18711.2,19141.8
14.86,87.2,0.074,25086.1,13633.8,16349.1
22.35,71,4.914,26340.5,15687.3,12037.8
16.02,75.1,0.081,21055.9,11595.5,12741.8
21.6,75.3,0.069,23777.5,13105.2,12790.2
13.74,60.91,0.084,40074.9,23198.8,24149
35.78,27.88,4.921,29444.3,30592.4,27378.1
16.69,54.71,0.08,19224.3,13699.7,14775.9
24.04,93.1,4.932,22023.5,16160.1,11947.3
15.15,68.09,0.073,35123.7,19335.4,15549.7
27.93,46.86,4.925,36373,21986.4,19617.8
23.14,68.94,0.069,35564.5,22333.5,19459.9
16.84,63.23,4.919,26304.4,15587.6,12541.3
11.63,62.74,0.084,43169.6,26731.9,25156.6
17.26,87,0.073,22289.2,17546.3,8356.63
8.65,86.8,0.085,23708.4,15793.3,14799
16.85,75.2,0.079,21529.2,13408,12324.5
25.93,40.15,4.906,30468.5,21029.8,20584.3
16.56,75.6,0.07,33036.6,21239.6,15402.8
12.03,51.28,0.089,33815.6,19207.3,18084.7
18.47,60.15,0.075,33285.4,20122,15961.9
12.59,87.2,4.919,21169.2,15326,11092
21.61,90,4.914,35554,22509.4,13214.5
18.24,86.6,4.918,25016.7,15410.5,14539.9
10.02,84.1,4.699,23156.9,15504.5,9154.7
28.15,66.27,4.91,39363.2,24072.2,28528.9
29.56,58.5,4.908,38463.8,25853.2,28360.2
27.12,56.34,4.922,29143.3,17779.2,22218.8
13.95,69.26,0.086,40850.8,24445,24684.1
15.59,87.1,4.907,27648,16061,16885.2
17.91,79.4,0.075,38652.1,14653,17373.1
11.66,81.2,0.084,35510.3,29836.1,15033.9
25.14,64.58,0.07,39366.4,22262.4,21675.3
12.89,76.4,4.916,22181,16952.4,9513.57
25.34,51.26,0.077,34616.7,22783.8,13136.5
24.47,93.4,4.917,27342.4,17730.1,20114.9
7.27,85.8,0.085,21043.3,16783.1,9548.14
22.51,66.29,0.271,27398.2,16574.2,13232.1
15.55,70.1,0.073,29913.3,23403.5,8747.18
11.47,76.1,0.081,38825.9,33150,16607
19.9,58.66,4.925,35680.5,22733.1,18556.8
29.2,45.62,4.908,42314.6,28077.7,27481.9
15.54,62.65,0.078,27103.7,16978.7,17031.1
19.87,51.86,4.917,44111.2,24163.4,21716.2
12.4,85.4,0.074,24787.7,19740.5,10901.2
21.16,65.51,0.072,29520,26572.3,11086.3
21.85,83.4,4.913,32259.8,20799.2,12243.7
13.64,73.2,0.079,31272.9,20538.6,14989.9
8.25,87.8,0.082,22533.6,14024.3,14379.7
14.86,76.1,0.073,32251.1,20567.8,20067.5
15.41,65.19,4.919,22626.8,13349.5,14752.8
18.23,69.88,0.08,25226.8,19792.5,12873.9
15.46,64.64,0.076,34163.4,20527.7,17036.9
5.915,88.7,0.083,25155.9,20163.2,7323.89
24.7,41.57,0.076,32797.4,17728.8,18119.5
17.4,88.6,4.916,26518.7,15247.7,9564.98
20.25,71,0.073,39513.8,31169,17430.4
14.24,53.5,4.924,43402.2,24515.9,25298.7
25.6,62.92,4.903,27323.2,20109.8,17629.1
11.16,58.02,4.92,43499,25495.4,25263
19.44,47.83,0.088,37464.6,31972.3,16938.8
18.22,74.3,0.07,21606.2,17211.6,11658.8
13.52,55.94,0.081,32231.2,25973.6,9427.13
19.82,78.5,4.92,35957.5,22146.1,16288.9
14.35,90.2,0.067,43097.7,21376.4,28706.9
16.13,56.78,0.082,40124.7,24353.8,24053.1
11.77,74.2,4.92,37883.5,23500.3,23820.7
16.51,66.52,0.076,32712.3,17842.4,18781.1
19.81,84.7,4.912,27659.5,19152.6,8207.56
11.92,49.42,0.085,33888.8,20480.2,16782.2
21.31,54.84,0.084,39126.2,32905.8,17256.9
16.23,76.8,4.915,22225.8,13655.9,14411.6
19.85,73.5,0.082,32500.1,20338.9,19300.4
16.86,69.06,0.076,31598.5,25292.4,10124.4
5.562,90.4,4.92,25358.6,15505.2,11647.4
15.6,69.4,4.914,26767.4,13868.6,13255.6
11.78,60.21,4.92,23677.3,13236.6,14347.7
15.72,86.8,0.073,28204.8,16163.3,15924.4
27.01,57.24,4.918,30917.1,18782.1,22709.2
21.9,86.8,4.916,24344.2,14388.6,13084.9
21.21,81.7,0.068,44363.4,25731.4,28882.7
25.27,93.5,4.909,35244,24238.2,23280.8
15.91,85.3,0.082,24602.5,13659.5,15848.7
11.06,53.52,0.082,29523,17963.5,16256.4
15.24,83.8,0.072,39613.2,21611,27293.1
16.65,58.48,0.084,36520.2,29810.4,15454.5
25.4,38.86,0.081,45589,26764.1,25441.9
13.99,56.36,0.089,34286.6,15308.2,17170.1
13.4,83.2,0.087,29661.8,17996.3,14743.3
17.26,86.8,0.07,40406.8,16167,19054.5
17.84,89.7,0.069,24450.1,15432.8,11269.3
9.31,69.22,0.079,22128.6,13911.2,14666
17.33,57.52,0.082,26147.7,21570.2,8443.37
21.58,86.8,4.91,26162.1,15837,13073.3
17.75,53,0.08,38867.8,19663.2,16990.6
10.13,76.2,4.923,28978.5,21852.9,8773.01
12.82,69.5,0.086,41456.2,27001.8,25879.5
12.46,82.7,0.075,37861,23675.4,17957.3
34.59,24.51,4.905,39035,27891.4,26061.4
27.93,43.76,4.918,45359.2,29115.2,36819.4
19.38,47.87,0.087,37126.2,31667.4,16794.2
25.27,51.57,0.077,45463.1,27347.4,26887.8
13.93,59.31,0.082,37379,21811.6,22959
17.8,80.7,4.92,42794,25998.8,25057.2
16.15,63.12,4.918,21976.7,13229.2,14342.2
17.18,68.22,0.084,43806.6,26111,25188.4
10.56,46.98,0.085,42589.8,25108.8,25355.6
11.72,87.5,4.917,30569.5,21578.1,16313.2
14.9,65.09,0.08,23869.8,14742.9,11618.4
18.16,43.51,0.081,42818.7,24859.1,26257.5
9.33,76.5,0.086,24164.1,14035.3,13972
22.74,43.94,0.084,34832.8,22439.5,18426.2
19.13,69.91,0.072,37803.1,30875.2,20871.3
24.76,82.8,4.923,35531.7,23747.8,28150
27.53,58.02,4.908,34362.3,24197.5,30770.2
16.35,75.1,0.072,30558.2,26238.7,12907.6
30.69,51.22,4.906,40001.1,28754.4,32571.7
14.86,82,0.087,27504.2,14788.6,16261.8
16.47,51.05,0.085,42731.9,22586.2,27397.8
21.48,70.9,4.919,35982.7,23316.4,16609.6
17.71,44.57,0.088,35805.6,22289.4,16719
17.65,87.6,0.073,42260.7,16907.5,18845.1
23.67,82.4,0.279,45901.6,27785.9,23434.2
12.59,76.6,0.087,40538.7,26206.7,25197.1
25.99,87.4,4.912,29842,21041.2,23316.9
17.53,90.5,0.087,29272.1,18074.3,14440.8
15.53,59.85,4.92,31784.2,18303.7,16472.9
23,52.65,0.085,34270.4,21730,15519.4
10.85,78.6,0.077,41924.1,26571.4,25370.6
22.83,69.87,0.067,34686,19669.3,13183.2
20.69,86.3,4.922,33272.9,18842,15844.4
23.23,51.65,4.919,35846.8,21446.3,20107.7
19.46,71.4,0.073,28455.4,22399.6,13445.8
20.79,71.5,0.314,26468,14317.7,13408.6
14.15,73.9,0.074,31814.8,18245.1,16548.4
27.2,47.92,4.905,40831.4,26522.9,24081.3
16.63,78.4,4.924,25671.3,16045.8,14778.9
22.11,71.4,0.104,40112,25636.9,17881.1
15.41,62.86,0.08,23409.9,18616.8,8695.32
10.4,68.06,3.202,24215.4,19216.1,7570.12
9.92,79,0.087,28046.6,18612.8,13457.3
18.65,59.73,0.082,41833.1,23980,25007.3
8.9,85.1,0.084,21006.8,16761,9478.99
11.66,87,4.92,30423.1,21443.2,16475.3
18.72,63.71,0.072,20830.8,16040.1,9646.27
32.59,30.22,4.924,41251.3,28446.8,29649.5
13.83,48.95,0.08,36279.5,22406.1,17459.3
17.59,84.2,4.917,32961,20953.6,19477.9
23.29,65.86,4.917,26083.9,16424.1,9127.29
21.63,79.5,4.923,44136.6,25476.9,19409.8
18.03,72.8,0.083,30467.7,24895,10560
10.66,70.6,0.083,23285.1,13514.6,13981.9
10.28,88.9,0.09,24185.9,14674.4,14585.8
7.93,87.7,0.084,21496.7,13929.5,13891.1
14.88,84.1,0.073,40270.4,22179.2,26722.9
29.33,19.41,4.905,38868.8,27408.7,32898.8
20.14,72.3,0.346,25894.5,14751.8,12926.2
12.67,82.2,0.082,24267.6,12691.6,16215.3
28.51,48.15,4.908,41174.8,29096.2,37578.6
31.64,42.32,4.922,39216.5,26897.5,30095.4
12.87,51.54,0.084,39536.2,24890,23369.6
13.18,64.94,0.081,23264.8,14607.9,15394.7
7.66,87.8,4.916,31271.2,19692.4,15387
9.52,74.2,4.92,23280,20450.8,7518.07
23.58,45.7,4.917,46194.4,27490.2,28469.2
16.51,74.8,0.07,33229.4,20334.3,16082.9
20.33,64.35,0.08,33211.9,23140.2,16803.9
29.89,55.25,4.905,40556.5,32114.9,25080.4
22.19,80.2,4.909,22185.2,12964.6,15641.2
16.61,66.46,0.082,21901.1,16462.7,9052.58
10.75,70.8,4.926,35150.8,29618.2,15441
27.72,47.7,4.926,36687.7,22673.7,19926.8
17.76,69.85,0.083,22762.7,17667.6,11035.6
19.28,54.38,4.923,32461.5,26122.3,10189.9
17.7,51.8,0.083,26375.4,21767.4,12283.4
15.71,89.9,4.915,22209,13709,13181.5
18.17,66.02,0.075,31507.2,25410.2,9208.16
23.38,45.57,4.917,32520.4,17543,17280
21.7,45.72,4.92,26640,14778,11331.7
13.6,65.64,4.908,39026.4,23693.6,23856.2
18.56,63.28,0.076,35886.8,21314.1,18746.2
14.55,60.83,0.084,36662.3,20775.7,17632.8
19.47,80.3,4.917,30602.4,16405.4,10983.1
26.58,44.21,4.922,34660.8,21312.4,13084
26.09,53.68,4.922,41836.5,24560.1,18233.1
24.23,49.76,0.082,33236.4,17765.9,18841.9
12.88,78.7,0.079,35021.8,22096,22883.9
29.44,55.59,0.065,41155.6,28913.9,31872.8
29.01,50.76,4.908,35529.6,25070.9,29065.1
25.41,68.82,0.271,35815.2,21615,15938.5
13.19,72.6,0.081,41607.5,25130.7,24747.7
14.12,77.5,0.08,24182.3,14881.5,11456.4
13.5,74.6,0.081,35078.6,21406.7,16759
25.97,84.8,4.922,38331.8,23462.7,18170.8
15.48,62.72,0.084,26463.1,16409.7,16654.8
22.37,74.1,0.069,31292.2,20062,14710.2
23.32,82.5,4.916,34661.9,21218.3,13749.9
20.76,69.28,0.073,38916.9,30971.9,16973.5
22.45,65.46,0.278,45997.2,28481.9,22263.4
20.93,80.7,4.914,30609.6,18194.6,14220.6
13.34,67.63,0.082,23991.9,11788.4,13592.4
22.7,50.12,4.929,49468.2,32571.1,35005.4
21.59,58.59,0.269,44340.5,26618.3,21269.1
22.96,60.22,4.911,30739.1,20232.9,25534.4
21.46,53.47,0.085,36203.1,30771.1,16458.8
20.13,85.1,0.066,39569.8,24743.5,26011.6
8.74,63.3,4.917,33370.2,20305.2,20272.9
20.86,79.6,0.323,24531,16566.7,8337
14.61,81.6,0.068,22831.7,13598.8,14725.2
16.33,86.7,0.075,43079.1,23220.4,27874.9
7.99,61.4,0.087,41431.9,25688.8,24422.2
16.04,75.2,0.083,40822.2,21167.4,27520
14.43,89.7,0.069,20758.3,10426.1,13568
22.87,57.35,4.91,33991,24588,17990.2
17.52,68.11,4.916,33008.7,17741.8,19495.4
14.32,88.8,0.071,31391.7,16731.6,18536.7
20.69,65.78,0.072,28400,20882.2,17794.7
15.77,71.8,0.084,44609.4,26601.2,25141.9
9.71,84.2,0.075,42033.4,27005.5,25989.4
23.04,77.9,0.301,44869.4,25574.2,22787
33.91,25.98,4.924,38935.8,26388.6,32644
20.1,68.29,4.919,32568.6,20304.1,10837.2
27.38,63.97,4.909,41308.7,27903.8,28432.5
11.85,86.1,0.091,23150.3,12036.6,13354.8
18.47,60.52,4.922,31236.9,25259.5,9657.83
12.89,56.24,0.082,23178.7,17629.9,9444.42
23.18,67.46,0.07,35742.5,19826.2,17108.7
30.4,45.36,4.904,38977.5,28389.4,26934.2
23.84,68.27,4.911,27970.8,17232.9,21961.5
19.95,88.3,0.067,39582.5,22228.7,22744.6
16.27,79,0.074,35180,20195.9,18525.1
14.25,68.56,0.082,21432.7,17022.4,9179.35
11.02,90.4,0.083,22576.3,12477.8,14426.1
22.66,75.7,4.908,36180.2,25162,32409
15.04,87.5,4.91,24087.8,13569.5,14823.9
19.65,86.3,0.066,41761.6,24141.2,24841.5
14.85,60.48,0.079,28410.6,23086.8,12780.8
25.55,58.72,0.308,36267.6,20308.9,15997.4
26.55,36.02,4.919,39035.8,23744.3,21817.1
8.02,86.4,0.089,22693.7,14294.2,14706.5
10.62,84.8,0.079,23260.6,13876.8,14161.9
16.49,57.44,0.084,36378.3,24791.5,21083.3
23.77,54.65,4.921,25907.4,16412.9,10206.9
14.19,82.9,0.084,27677.8,15004.9,19293.1
15.63,63.99,0.083,29408.4,22471.9,8217.05
15.9,72.8,0.073,33886,20542.7,16159.4
21.54,50.25,4.924,24690.3,12532.6,13755.8
14.66,89.1,0.073,35266.8,19213.4,17396.4
14.06,79.5,0.083,44106.9,26648.8,25066.5
15.5,51.72,4.916,28295.7,15891.8,14729.6
35.92,28.21,4.908,41193.9,29946.8,32282.5
12.83,89.2,0.083,31385.9,21900,15143.2
8.92,62.5,0.086,21964.6,13995.1,13995.2
16.22,64.15,0.075,35374.2,20885.1,16869.4
30.21,52.16,4.912,33201.3,20639.2,27299.7
27.45,77.8,4.916,32978.1,20236.7,25938.1
26.92,80.1,4.902,44206.9,31510.5,36197.1
20.82,80.1,0.066,46753.9,26101.9,27659.8
16.24,55.86,0.083,34596.6,20669.9,16515.9
6.429,86.9,0.079,22996.2,18973.9,7531.33
21.61,68.05,0.083,42621.5,26045.7,25355.8
16.69,86.6,4.913,25283.5,16073,10913.1
14.49,64.3,0.076,22523.1,18186,9790.84
16.87,82,0.069,35347.7,29179.3,16713.3
15.31,63.86,0.079,23051,18609.4,9600
11.18,70.3,0.08,22874.5,18973.9,6995.44
19.22,89.2,0.312,26092,16735.1,11049.3
19.24,61.12,0.081,26955.5,16235.3,17967.9
26.58,58.52,0.264,33489.6,20189.2,15491.4
21.35,44.64,0.082,38563.7,23227.2,20906.2
17.25,45.94,0.079,35459.2,22252.9,17222.2
15.21,55.69,0.077,28939.7,20757.4,16742.2
29.37,49.9,4.906,41592.2,29792.2,25381.3
23.43,71.3,0.071,29003.4,22337.2,17587.2
19.05,92.1,0.076,25743.5,16734,11391.6
25.33,48.48,4.926,31533.5,17584.6,16038.6
11.59,72.3,4.918,20429.6,11217.1,11514.2
16.38,83.5,0.077,25272.1,13883.1,17035.6
26.54,66.72,4.921,35069.7,21585,13696.9
20.12,87.6,0.289,27003.2,17079.4,14055.8
25.8,67.28,4.918,27477.6,15926.8,19826.2
13.55,61.68,4.919,38543,22704.9,23405.8
19.23,66.21,0.088,34981.6,20082.3,18082.9
21.57,57.5,4.922,29613,24374.7,10294.5
10.28,73.5,0.081,21751.9,13386,13943.1
22.35,75.9,4.918,31058.1,20031.6,25215.1
15.79,61.62,0.082,28939.9,21746.5,8026.89
28.07,66.97,4.913,39777.8,26331.6,30475
26.16,48.42,4.904,30506.9,22884.9,23449.3
15.23,73.5,0.074,23374.8,12776,16075.6
19.35,60.52,0.077,45062.8,27479,27269.9
15.86,88.3,0.072,29593.6,17611.4,14912
32.62,18.85,0.078,33565.4,18839.6,18032.1
26.37,65.9,4.91,39031.5,27953.2,30420.8
23.65,71.2,4.922,40040.3,23617,26844.6
24.19,47.98,0.08,33046.9,17060.7,18260.7
16.25,64.79,0.073,36815,22485.4,17593.5
24.15,85.5,4.919,28149.4,18486.1,22226.6
19.12,85.4,4.918,45009.8,27243.3,26164.9
18.38,70.9,0.076,26691.1,16008.7,16574.6
11.66,83.3,0.081,24123.1,18810.7,10652.5
22.55,63.55,4.908,42544.7,27252.8,28908.3
21.63,70.3,4.926,35013.2,22183.3,18772.5
26.49,57.32,4.903,35985.6,25287.4,24370.2
18.18,78.9,4.919,45337.2,27852.6,26153.2
22.43,51.31,0.08,43410.9,24453.3,25657.7
13.55,71.4,0.082,29265.7,17162.2,18121.9
18.31,51.52,0.081,28892.3,23507.9,9160.48
20.89,83.4,0.093,33671.4,21525.3,10965.6
13.62,59.41,0.074,42182.8,24406.1,25223.2
11.65,87.7,0.084,22777.2,18410.6,9697.96
18.71,85,4.916,28876.5,18677.3,10372.7
15.72,84.4,0.074,39507.8,17937.7,25437.1
19.64,62.65,0.079,41585.3,25066.3,24934.7
23.13,79.4,0.062,28748.9,17631.3,18965.3
18.03,67.04,0.083,25611.2,21178,9068.94
18.74,65.01,0.075,36898.5,28956.2,20183.1
22.09,68.66,0.071,32233.1,21409.1,15241.8
19.8,71,4.916,25447.4,17712.4,9121.46
14.99,72.8,0.084,27857,21974.8,9876.59
15.86,54.52,0.081,37732.9,22555.6,17575.2
13.57,50,0.083,32285.9,25174.6,8989.2
18.99,70.9,0.073,31466.1,18692.9,18693.8
18.91,70.4,0.073,24572.3,19517.4,11884.3
18.46,65.78,4.922,43053.8,23018.3,26549.2
21.07,67,4.925,35819,22848.3,18294.4
9.62,83.5,0.09,20860.8,16606.3,9721.01
19.6,79.2,0.079,29838.7,18115.2,17309.1
23.8,86.7,4.912,30311.8,19674.7,23503.9
15.03,88.2,0.068,24831.9,14114.1,16517.8
15.76,55.71,0.081,26780.3,16358.7,16307.5
10.35,81.5,4.919,41485.4,24846.2,24550.9
22.7,51.96,4.908,31248.5,21980.1,22040.9
29.09,24.81,4.92,35286.4,20739.3,15197.2
8.37,89.4,0.081,21201.5,15958.3,9928.45
25,61.83,4.909,30388.3,18672.2,23612.4
25.73,92,4.908,33383.7,23763,22010.8
22.13,52.62,0.292,47704.8,31760.1,19056.8
16.24,90.9,4.917,26237.9,16361.6,15431.9
24.9,87.6,4.924,37193.9,22900.1,19651.4
18.92,80.9,4.917,44405.5,26466.9,25960.8
20.01,71.5,0.19,26877.9,16091.7,12908.9
15,86.9,0.071,44157.9,23968.2,28334.5
23.09,71.3,0.071,36425.4,23045.2,11770.9
23.35,63.22,4.905,32569.8,22420.3,26149
18.91,60.58,0.083,27771.9,21588.2,9127.49
13.31,88.5,0.07,36438.7,18267.6,18030.5
25.32,24.59,4.922,32193,20500.3,15705.9
18.66,87.2,0.069,25230.7,14656.3,15519.4
12.2,84.5,0.082,24057.2,14231.7,14911
11.5,74,4.915,28362.5,17434.7,18349.9
21.24,73.5,4.916,25365.7,14849.1,13973.4
15.7,86.5,0.079,26741.5,15815.1,14464
31.55,37.32,4.907,39911.8,32077.2,30444.9
14.88,52.09,0.081,40666.3,27636.5,25758.1
13.63,60.81,0.075,45302.3,27476,26342.2
23.74,60.35,4.916,44599,30028.6,20209.6
10.48,70.3,0.091,29621.3,24898.4,12994
15.8,72.9,4.912,27991.9,17405.5,13295.4
9.48,54.42,0.093,30325.4,18569,14345
13.34,85.1,0.073,33290.8,18758.7,18513
11.6,81.9,0.084,26777.9,16434.1,16014.2
28.82,59.9,4.909,39994.7,27482.3,29065.1
19.6,69.59,0.071,28516.7,17569,17437.4
26.86,76.8,4.92,35231.3,22721.4,26302.2
29.39,50.36,4.908,37870.6,25310.1,28763.8
28.96,32.99,4.919,37675.2,22883.6,20564.7
22.27,60.45,4.922,41027.3,22614.1,21363.2
14.73,76.3,4.915,22813.3,12603.7,10660.6
12.25,72.1,0.083,42132.2,26721,25338.2
25.78,37.4,0.071,36581.7,23946.4,18993.2
26.02,68.59,4.904,33172.7,26165.6,22040.9
18.31,91.5,0.074,41511.1,25752.7,18178.7
14.49,75.6,0.079,24329.6,15822.4,14900.4
18.88,56.04,0.084,28447.1,22799.6,9842.02
10.9,65.4,0.082,30950.9,18908.2,15244.3
20.58,63.78,0.076,28982.6,17732.5,16510.4
26.25,62.42,4.907,39258.8,25538.3,23762.3
26.03,67.19,0.259,35165.3,21974.2,15679.7
15.57,76.1,4.915,24221.5,19219.8,7760.96
20.47,61.15,4.922,31138,17596.7,14152
20.3,68.75,4.919,45891.1,27514.6,26100.7
14.31,82.2,0.071,38484.7,20049.3,26641.5
25.01,57.32,0.071,32470,19240.9,17845.5
23.27,56.43,4.921,29208.2,19063.3,22889.4
13.77,80.1,0.081,25551.3,20030.7,10579.6
17.95,90.9,4.92,26518.7,18201.7,9500.79
9.3,83.1,0.082,26535.4,20841.3,7581.69
12.97,79.4,0.071,38824.6,33073.1,16742.2
24.59,44.83,4.918,46779.3,28373.4,29627.1
21.72,81.2,0.294,38115.4,22711.4,19651.1
16.36,68.31,4.92,43432.9,25500,25269.7
25.56,46.2,4.92,34242.1,21248.2,16328.9
21.1,57.4,0.07,31458.5,26126,17378.3
16.36,64.89,0.077,30771.1,24957.3,9058.34
13.94,73.1,0.074,34854.1,22957.3,16925.8
11.57,65.35,0.084,23583.1,15501.5,11085.8
11.66,59.23,0.08,33665.4,20714.6,16995.5
24.27,39.15,4.937,31654.5,17797.9,15161.9
24.58,83.3,4.924,44593.8,27600,34288.9
10.48,74.4,0.082,31184.8,27067.2,13650.9
14.04,75.8,0.086,34108.5,23620.7,17766.3
21.8,64.73,4.922,37418,20478,20422.3
28.47,51.46,4.925,39067,26530.5,25682.3
15.94,58.96,0.081,32552.5,21406.7,16458
22.55,66.72,0.294,29386.2,17517.3,14844.2
22.97,73.1,4.921,35891.7,22483.2,13855.8
13.85,68.71,0.084,44420.3,26017,25488.7
21.65,74.6,4.917,44544.4,25042.8,19715.8
17.17,70.2,0.082,31896.6,26091.4,8810.56
18.36,60.75,0.078,29055.5,23657.6,10383.7
22.83,65.89,4.918,35248.1,24620,11096.4
21.25,59.95,0.273,27258.1,16027.9,12990.9
12.14,83.1,0.085,24412.6,14187.8,16130.3
13.59,85.8,0.07,40524.6,21189.4,27031.3
20.93,75.7,0.066,32360.8,22732.8,24370.2
14.92,75.2,0.074,44290.7,26476.8,26134.8
15.24,55.94,0.082,32033.9,19852.9,14958.6
22.46,83.3,4.914,22982.6,13545.6,16755.8
15.55,58.06,3.982,33724.1,20144.7,16822.7
17.11,84.6,4.923,28252.3,18226.6,16842.8
13.51,75.5,4.92,22844.6,12775.5,8771.31
27.44,63.6,4.908,40709.1,27246.8,27986.6
14.08,69.95,0.088,34067.8,21198.8,16979.3
21.83,57.32,0.073,31765,18988.2,16941.9
16.38,91.1,4.915,20584.9,13107.1,11106.1
12.42,75.3,0.071,22843.1,18260.3,9837.11
25.06,62.61,0.068,37014,21753.4,21326.8
18.42,70.7,0.08,42533.5,22740.1,27397.8
20.53,75.4,0.072,29062.1,19319.1,18989.3
16.56,87.7,4.922,36146.4,22157.3,21215.2
16.87,51.31,0.081,35273.9,23044.4,17841.5
7.3,90.2,0.083,21481.4,16506.9,9381.03
16.2,43.77,0.086,31459.4,20915.9,14562.6
19.92,73.8,4.914,20794.7,13025.3,13893.9
23.39,69.16,4.924,32470.1,22355.9,12985
11.14,92.5,0.078,25175.6,13874.8,13355.1
15.2,83.1,0.08,36771.6,22697.9,22282.4
12.89,63.68,0.076,39731.7,23454.9,23475.5
15.98,56.39,0.079,32743.3,17259.6,17765.8
9.31,83.1,0.082,26073.8,20402.5,7402.41
18.61,59.08,0.085,31013.5,19110.8,16913.5
24.72,54.28,4.919,34407.1,20825.4,12873.2
22.58,87.2,0.292,28264.8,16761.3,14426.5
11.01,85.6,0.079,23695.8,19301.6,10176.2
13.92,76,0.083,34694.8,20389,17309
20.09,84.7,0.296,22600.4,16005.4,11655.3
20.58,77.8,4.913,28156.5,17236.6,12814.4
36.59,31.89,4.925,36129.2,24850.6,25094.6
5.098,86.5,0.081,21183.3,17066.6,9795.92
15.63,89.3,0.071,35700.8,20313.2,18589.1
21.24,74.2,0.066,27159.7,14819.1,12353
13.63,70.6,0.077,37037.3,31077,15967.3
24.32,67.14,4.922,36925,21113.5,23961.6
8.65,82.5,0.084,24686.6,16511.9,11901.7
9.63,88.2,0.075,21397.8,12735.4,11543.2
22.56,55.89,0.072,35806.4,22885.4,18061.2
12.03,78.6,0.088,22135.4,17033.1,11971.1
11.46,85.7,0.072,23076.8,13964.6,13941.3
20.24,64.57,0.081,42967.1,22496.3,27319.4
23.93,60.93,0.072,34165.8,22269.9,18821.9
21.29,68.15,0.068,28867.7,21607.4,10831.8
19.95,66.79,0.164,39931.3,22483.2,20110
14.53,72.2,0.08,27293.3,18678.2,12817.5
21.34,79.2,0.07,46130.9,27853.2,27547.6
20.52,78,0.076,25227,13801.2,12223
11.51,73.6,0.088,43048.1,27162.3,25723.4
12.4,71.5,0.075,22365.6,14994.5,14972.5
16.06,85.8,4.918,24212.2,17917.8,11117.3
18.67,92.9,0.065,26669.9,17846.9,9862.61
22.33,69.88,0.07,28329.5,18209.6,12920.1
20.5,52.25,4.903,38555.6,27256.6,30984.8
30.81,30.05,4.906,43330.8,30603.8,29667.6
26.29,42.01,0.271,38013.5,23894,15226.6
16.82,70.3,4.919,31140.8,18376.8,14957.4
17.14,58.51,0.082,33913.2,22453.5,17581
30.87,31.01,4.91,34119.9,22921.5,32625.9
20.07,54.94,0.078,20635.3,12089.2,12814.3
13.52,69.71,0.082,22116.9,17014.5,10189.9
12.07,81.5,0.076,26898.5,21451.2,11890.1
14.46,80.8,0.075,21876.8,18274.3,9536.61
24.37,77,0.26,43072.6,27987.9,18256.7
16.65,75.1,4.912,23659.7,14239.5,14851.1
18.34,70.6,0.184,24002.1,13546.8,10843.4
30.65,32.08,4.906,43528.5,30375.9,29288
10.76,69.3,0.08,24073,19824.5,10902.3
21.11,87.4,0.289,28290.3,18415.4,11855.4
13.97,73.6,4.913,36475.9,21906.4,17957.3
20.49,84.5,4.913,29169.6,16862.4,13685.1
22.39,56.84,0.071,31390.8,25330.2,17083.4
19.81,74.3,0.072,44876.3,26619.1,19474.3
20.91,84.1,0.066,35070.5,23265.6,12611.3
26.27,34.05,4.914,32837.7,22511.4,27341.9
12.15,82.1,0.08,32231.5,19456.1,19440
15.81,31.62,0.085,33988.9,21778.7,16748
15.93,57.6,0.083,31667.7,19536.6,15462.6
13.74,57.58,0.083,30886.7,25892.6,9323.41
17.58,67.82,0.084,23455.5,14028.5,15274.5
19.9,68.39,4.924,26581.7,15173,12418.7
20.48,71.3,0.082,37853.2,23467.4,23642.6
32.69,39.92,4.909,43707.1,27729.1,31384.8
14.97,82.8,0.081,22129.2,17419.8,10536.9
23.64,55.02,0.303,30316.5,17977.5,14650.1
22.21,60.37,4.924,44439.7,26760.5,27789.8
23.77,64.15,4.927,34260.5,19463.2,14603
26.55,56.5,0.065,38806.9,23441.2,20399.3
16.87,88.7,4.914,27585,18115.2,12167.1
22.25,65.15,0.07,45418.8,28062.8,28723.2
19.49,81.4,4.914,42658,26339,18318.8
25.34,82.7,4.92,41809.5,25895.7,26759.6
11.02,78.7,0.08,32719,19043.2,16233.3
29.67,27.22,0.081,33162.5,20177.1,16772.8
9.92,86.7,0.079,23199.3,13675.6,13941.3
11.62,66.79,0.082,23211.6,13342.7,13958.7
12.74,72.9,0.079,23125.8,13152.4,13540.6
21.48,57.84,0.08,45689.7,27035.3,26112.4
15.23,79.1,4.917,24475.3,14838.4,14831.4
15.55,70.2,0.075,37672.9,21885.4,16803.9
21.26,61.46,0.216,31310.4,17711.9,14079.3
11.62,71.2,0.083,34780.2,28422.2,14958.9
18.01,81.9,0.068,31085.1,15956.7,17758.1
14.55,88.3,0.079,23052.4,12240.7,14836.4
24.06,44.14,0.078,31223.6,18457,17956.3
15.86,60.49,0.077,29213.7,23815.9,11449.7
15.88,87.6,0.065,24230.4,12973.9,15365.8
16.68,65.09,0.076,34878.6,21508.5,17175.5
8.64,87.7,0.083,39020.3,23551.4,23561
14.69,89.7,0.073,26357.1,14480.7,17832.7
18.6,60.85,0.08,32373,20439.9,19991.6
18.57,70.5,0.08,25344,15455.1,15332.8
10.54,85.5,0.084,22513,13419.5,13656.8
21.3,47.91,0.083,34763.4,20047,16624.2
25.65,77.3,4.913,43522.1,30497.5,41157.5
19.72,70.8,0.071,22043.1,17475.6,9652.05
14.92,86,4.914,23380.3,16857.3,10679.6
13.94,87.8,0.083,28713.8,21997.9,11097.8
15.42,61.1,0.08,32330.1,16858.4,16493.5
15.03,61.83,0.08,44035.9,27286.3,25390.3
14.47,70.1,0.081,22728.5,17199.1,10758.2
13.46,59.91,0.074,42103.1,23992.7,24747.1
14.83,83.6,0.081,22344.6,17769.4,10907
26.35,57.3,4.906,49768.7,33890.2,36546.2
27.89,29.51,4.924,32769.6,18617.5,16191.5
16.93,62.48,0.078,28380.2,22081.6,9444.42
21.35,66.21,0.07,31692.3,25940.1,17361
11.7,66.64,0.085,44397,27935.6,26735.4
26.61,55.94,4.928,30453,18254.5,22212.9
14.33,82,0.085,27320.7,17702.8,12143.8
20.69,89.5,0.061,24553.1,16095.2,12004.4
11.11,76.5,0.079,22940.8,12995.9,11805.1
11.15,63.07,0.082,33359,21556.1,15967.7
17.52,89,0.073,41243.8,16625.3,18501.8
23.59,70.2,0.068,37344.6,22965.9,20611.9
28.32,38.59,4.91,38824.1,26732,26103.6
19.78,67.68,0.081,33666.1,20574.6,20224.1
17.88,68.15,0.071,41575.4,35631.8,16684.3
15.33,70.2,0.075,42136.7,25725.2,24572.5
27.4,70.4,4.926,47406.8,30326.6,36253.1
6.154,87.8,0.088,22077.6,16705.7,9623.05
20.94,77.7,0.07,42265.4,24144.7,25928.9
25.57,52.8,4.922,43675.3,26548.6,26339.8
19.71,55.47,0.082,23889.2,19673.6,7980.72
25.8,60.65,4.902,34182.8,23987.3,23792.4
24.51,55.25,4.924,45159.9,30585.1,20116.2
18.11,80.6,0.08,26342.2,15666,11975.2
21.88,50.78,0.086,33282.8,20184.9,16989.1
27.05,73.8,4.904,40799.5,31172.1,27782.8
18.1,74.1,0.075,34076.4,19869.7,19595.6
23.62,69.76,4.946,36573.5,23385,13826.4
23.85,64.62,0.069,37827.8,23197.9,21947.1
5.06,93.5,0.082,28136.9,23094.2,9928.45
17.37,89.3,4.926,26615.6,17011.8,12044.7
15.19,79.6,0.082,29950.8,21525.6,14816.4
21.36,69.72,0.071,35013.2,21574,17315
14.54,72.7,0.08,33534.9,21731.3,17644.7
24.29,83.8,4.917,27473.2,18019,20069.6
27.22,39.76,4.929,35462.8,22337.2,17782.2
11.52,63.64,0.083,44804.1,27224.3,25810.1
21.79,56.49,4.92,45952.1,30525.9,31869.6
24.77,41.84,0.07,31966.4,19051.4,17647.3
8.36,72.1,4.911,23424.4,14706.4,11109
12.7,82.4,0.073,42158.3,22789,27069.7
15.65,50.3,4.915,29719.1,16745.1,15776.1
11.02,88.7,0.071,25669.8,15020.1,16527.4
17.38,50.48,4.915,31212.2,17307,16528.2
20.59,85,0.066,42761.3,25697.7,26673.2
18.28,91.8,0.074,40143.5,24849,17665.2
30.29,28.61,4.911,33673.4,23449.4,26606.9
19.76,86.4,4.918,31289.3,20644,13626.7
18.72,72.4,0.083,34609,18757.3,23191
7.79,69.83,0.083,22692,18381.1,10084
25.17,83.8,4.918,39661.5,24812.2,25483.6
20.08,59.04,0.082,27874.6,16952.3,16615.4
20.6,67.67,4.909,24035.1,15975.9,18304.3
26.93,76.8,4.924,35167.3,22592.2,26242
11.46,66.54,0.083,33454.2,22329.5,16169.6
24.15,89.4,4.91,28147.9,19338.1,18158.7
29.91,48.82,4.903,48049,35011.6,36359.6
16.32,75.8,0.068,40651,34247.3,16192.1
25.99,63.48,4.919,28723.7,16476.9,20281.1
20.89,60.79,0.069,31462.8,17966.6,17454.9
11.82,69.44,0.086,28435,22107.4,7519.81
20.48,75,0.071,37058.5,31180.2,24480
14.19,63.65,0.082,41772.2,25086.9,24927.2
14.54,73.4,0.074,44499.1,26619.5,24776.1
19.08,81,0.075,26861.5,23043,14961
19.86,68.01,0.071,37286.2,30462.4,16713.3
29.71,49.68,4.905,47614.3,34688.5,36293.4
8.33,82.2,0.075,23076.5,14994.5,15371.6
12.34,65.85,0.082,23309.6,13781.7,14121.3
24.15,48.18,0.07,33943.1,21180.2,16667.9
16.04,70.6,0.099,35050.2,21998.8,16461.3
27.97,70.9,4.914,38750.8,26517.7,30667.8
27.69,67.29,4.922,40895.4,26914.5,27415.7
16.29,84.1,0.071,34907.2,17208.1,17600
21.1,79,4.916,26805.7,15391.7,12855.6
22.02,69.1,4.92,35466.5,21510.8,18527.6
8.71,83.9,0.081,24881,16738,12248.7
19.76,58.96,4.919,35239.9,22744.3,18574.3
16.22,79.5,0.07,37641.5,19451.7,24709.8
12.01,54.49,0.088,45490.6,28712.5,26619.8
15.87,84,0.071,34994,20203.3,19136
22.48,75.6,0.077,36778.3,23441.1,14397.1
19.62,76.2,0.069,39261.5,33281.4,20298.8
21.54,54.93,4.905,30244.8,21197,22197.4
20.32,68.64,0.082,31497.2,21409.5,12430.4
21.4,74.8,0.069,28494.8,15556.3,12855.1
9.31,85.1,0.082,21396.2,16595.3,9329.17
12.37,80.3,0.084,29559.8,18043.9,17268.4
13.74,86.1,0.08,18011.6,9436.25,10618.2
15.96,76.4,4.915,24059.5,15290.6,8937.12
18.31,91.5,5.375,30665.4,20778.4,9483.28
22.7,61.75,0.275,27468.3,16559.3,13249.8
22.19,64.72,4.914,28857.5,19231.7,21071.8
15.8,86.8,0.077,32172.9,17963.3,18269.1
23.41,56.29,4.931,33840,18987.9,14508.8
16.19,47.28,0.087,32942.3,21614.6,14986.5
21.4,67.54,0.068,30240,23749.6,11063.1
14.34,64.22,0.079,22460.3,13645,13731.4
22.7,79.5,4.91,26911.9,16310.1,21033.6
19.64,84,0.068,38311.9,23821.7,23844.5
19.94,65.81,4.925,32631.6,26966.4,12307.8
13.88,62.7,0.078,42583.7,25579.3,26582.8
5.937,83.1,4.912,27844.9,21882.8,8620.41
9.59,80.7,0.085,22310.9,13090.6,13706
23.63,86.8,4.915,33934.9,23054.4,29517
15.1,66.26,0.082,43370.8,25641.3,25326.6
27.86,74.1,4.915,36747.9,22781,30535.2
17.53,75.3,0.073,41219,22377.2,26088.7
19.66,70.9,0.068,35441.3,22729.4,17489.9
21.71,67.58,4.918,28245.4,21488,11333.3
17.71,81.3,4.925,40968.4,25356,24322.6
22.77,50.36,4.919,25770.1,16860.8,21503.6
10.99,69.61,4.914,22918.5,13185.4,14168.7
26.99,73.5,4.919,37334.8,23669.6,26311.6
10.89,73.9,0.085,24034.6,13969.6,14981.8
16.46,81.2,0.109,26443.1,16073,11590
20.98,64.02,4.918,27404.6,15099.8,13532.2
21.14,63.59,4.92,27640.4,15789.2,12307.8
20.1,78.2,0.064,27901.5,22466.5,12665.1
24.99,55.54,0.072,36810.6,22696.5,19814.4
13.42,55.81,0.081,39866.2,33562.4,15149.1
20.09,80.2,4.913,32196.8,20042.7,14332.9
18.83,51.4,0.085,39551.2,32549.4,17005.7
15.15,64.75,0.082,37499.6,32443.1,16140.2
16.7,58.68,0.083,31850.8,18218.8,18229.4
4.718,75.8,0.08,20621.8,12853.5,14105.1
17.12,89.6,4.925,26354.8,18171.8,9372.4
11.45,65.72,0.085,23589.2,15344.7,10825.3
17.86,57.91,0.082,22807.6,17832.5,9311.88
10.14,84.8,0.086,25332.3,20770.8,11259.5
18.06,66.24,0.083,25333.9,20707.5,8969.73
21.3,59.82,0.08,45614.2,26920.1,26398.1
26.79,46.85,4.906,39712.7,27077.9,24412.3
14.18,68.51,0.082,43865.1,26075.4,25147.2
23.38,70.9,4.92,30858.1,20997.5,13626.3
23.69,64.39,4.906,33354.4,23153.2,27414.2
28.43,63.03,4.908,38942.2,26684.8,28763.8
9.84,91.1,0.082,25200,14969,15537.5
15.1,71.1,0.076,24455.7,15286.3,16192.8
9.84,45.98,0.09,30179,17091.8,17164.2
27.98,43.98,4.925,46654.1,30227.8,39928.4
30.19,65.56,4.906,41681.7,31575.1,29191.2
26.72,46.25,4.905,40722.8,27218.6,25646.1
17.28,80.7,0.083,43816.9,24004.9,28741.8
28.22,35.22,4.917,35157.6,21843.2,17817.6
9.04,80.1,0.087,26205.6,17741,17389.9
13.27,87.8,4.925,32141.5,25021.5,15712.8
32.41,18.14,4.903,39207.6,28385.6,25417.4
15.39,86.1,0.072,23926.2,18855.4,11462.2
19.23,72.1,4.924,43385.7,26247.7,25844.2
28.71,62.32,4.906,39159.1,27987.3,34294.9
15.9,81.8,0.068,31980.7,16606.9,19025.5
14.96,61.82,0.084,43437,26910.6,25665.5
20.77,55.59,0.283,29265.1,17741.8,14503
10.64,75.1,0.075,31507.2,25918.4,13852.6
26.4,75.1,4.905,24849.2,18851.5,17942.1
20.22,58.75,4.924,38261.9,19388.4,21669.1
15.76,81.6,0.081,26739.3,15565.1,12745.5
31.27,31.42,4.917,32378.5,22575.9,29041
20.65,84.1,0.285,26869.4,16102.7,11267
13.32,56.78,4.921,35957.3,22107,22808.4
24.39,70.4,4.922,37141.2,20593.3,22189.3
20.59,87,0.067,37815.1,23826.6,23831.6
22.26,68.32,4.937,48303.7,28403.3,21298.5
18.24,86.7,4.914,24915.9,15154.2,14370.9
19.5,82.5,4.927,45740.1,27518.3,25529.4
23.73,65.23,4.922,31928.5,22217.5,13802.8
30,59.89,4.908,38374.5,26946.8,30372.6
19.8,83.3,4.923,48157.4,28933.7,26823.6
24.68,86.4,4.919,43529.2,26732,24731.3
15.94,82.6,0.073,24137.4,13215.9,15924.4
19.74,52.71,0.08,23129,14987.5,11295.5
26.09,75,4.92,31351.5,26157,21919.3
19.96,75.1,0.07,25741.5,19331.4,9148.92
25.48,92.9,4.906,27336,17924,17081.4
9.7,83.3,0.082,23003.1,18316.1,6951.33
14.82,70.4,0.081,22083.1,14177.1,12913.4
26.31,55.69,4.91,49550,32730.4,39910.3
13.95,85.1,0.077,30057.7,20341.6,12283.4
9.61,58.43,0.091,26764.6,17409.1,16748
12.08,82,0.086,32255.5,25207.7,9179.35
23.87,48.32,4.908,30075.7,20460.8,24763.2
14.59,66.2,4.913,32723.4,20472.9,15346.5
16.61,53.32,0.084,30296.6,27332.3,8672.27
12.31,74.9,4.918,27390.5,16683.3,17129.5
13.44,77.9,0.086,22504.6,17122.3,11149.9
16.28,68.09,0.075,31945.2,25796.9,9968.79
17.97,48.6,0.082,34669.8,20622.5,16081.7
27.04,49.38,4.903,35806.6,26735.8,28800
29.2,47.19,4.907,39344.1,28800,30101.4
21.89,45.38,0.081,35051,21198.8,18084.5
11.66,74.9,4.916,28988.4,17788.4,18772
19.34,41.69,0.084,31018.2,17645.1,17442.6
20.27,76.5,0.069,26658.4,17057.2,15522.5
10.28,82,0.08,23636.9,19193.8,9779.28
24.3,53.35,0.09,35637.6,23381.3,14111.1
17.81,85.1,4.916,22327.9,11539.4,8292.77
21.65,65.86,0.27,33884.6,20877.8,13332.1
22.81,64.72,4.924,41013.2,26884.2,17805.2
23.44,61.55,4.921,27337.9,15905,12932.3
35.21,24.04,4.905,38881.6,28674.6,27867.1
24.1,46.36,4.927,31858.4,17794.2,14079.3
20.65,41.86,0.082,30535.4,26051.7,14267
17.53,50.82,4.923,23885.6,14820.7,14754.2
21.25,59.91,2.764,32017,20301.2,15857.4
19.25,70.9,0.079,34491.8,18802.9,18321.5
26.05,42.91,4.906,27061.1,18760.3,19434.7
27.76,44.78,4.919,34824.7,21928.6,12833.1
29.93,25.44,4.905,46936.6,32392.4,35793.9
17.57,79.7,4.922,36171.5,23691.6,17437.4
21.69,74.9,4.916,36375.9,24934.3,10790.4
14.14,66.81,4.917,27488.7,16086.6,11293.5
23.61,72.2,0.063,30276.8,19212.7,21661.7
23.6,85.4,4.924,33166.3,21113.4,22727
19.45,79.2,4.917,23909.7,17805.8,10942.2
15.35,66.38,0.084,37476.8,21567.1,22947.1
10.31,59.61,0.084,20527.7,11041.5,11909
20.46,26.74,0.087,31209.1,25668,9329.17
28.84,73.6,4.908,32936.2,25914.7,30268.6
8.79,85.9,0.083,22765,18171.2,9496.28
14.87,86.8,0.083,23139.2,12633,15342.5
14.05,80,0.081,23586.8,21997.6,15689.6
19.33,91.9,4.922,23103,14775.2,10493.9
24.6,69.05,4.92,35767.9,20099.4,21344.5
27.05,31.31,4.926,33126.4,18808.3,16279.8
13.87,63.49,4.916,21612.2,12674.8,14423.1
17.12,77.7,0.083,31484.6,26193.4,11234
26.15,80.8,4.918,36260.5,23318.3,29444
15.76,85.7,0.068,32489.1,18084.3,17716.4
20.36,90.2,4.917,24699.3,15350.5,19247.3
14.15,87.9,0.082,22350.8,17944.2,10664.1
13.22,78.5,0.089,34768.3,20615.9,16786.5
13.9,68.28,0.085,35260.8,30329.5,13633.6
15.08,89.4,0.069,23870.8,13630.1,15418.2
8.93,71.9,0.081,21122.4,16812.5,9553.9
12.87,73.5,0.086,19704.9,13668,7127.97
17.76,92.6,0.071,27835.8,18597.5,13428.3
18.11,56.17,0.089,27449.4,21890.2,9916.93
14.16,58.9,4.915,32936.9,20221.3,15763.3
20.48,78.6,4.918,44857.4,28000.8,19036.6
24.43,57.4,4.918,37398.5,27360.8,33192.3
11.63,70.5,0.087,43011.6,26804.9,26249.6
17.23,59.17,0.075,32591.4,21578.1,16453
24.85,59.29,4.903,42871.5,28591.1,39337.9
21.84,45.75,4.925,46231.2,27463.1,20110.4
19.64,89,4.919,26304.4,17006.6,11298.2
27.34,40.81,4.919,36809.8,23288,12949.8
26.85,83.5,4.915,30471.2,18824.1,24775.2
18.75,47.7,0.077,36055.1,22328,17146.5
23.3,58.34,0.076,41396.5,24668.7,25208.7
24.28,88.6,4.908,25239.2,16950.8,14884.5
16.74,58.73,0.09,32327.9,19506.7,16180.4
7.03,63.11,0.087,23040,13575.7,14634.5
18.18,84.8,0.063,22160,17929.3,7205.78
11.83,77.6,0.094,30058.6,16658.2,13911.3
21.51,65.29,4.918,28749.6,19437.8,14344.6
24.64,92.9,4.923,30807.4,19980.6,23058.1
9.77,69.45,0.082,29192.2,17550,17941.9
11.29,66.81,4.914,21776.9,13466.3,12700.9
23.2,59.02,4.909,29827,20643,25883.8
23.41,68.25,0.069,38654.3,21491.5,18993.2
11.69,65.39,0.088,20471.2,11438.3,10599.6
22.26,81.3,4.918,47008.2,27452.8,33148.1
20.61,47.75,4.916,46212.3,27373.4,20682.3
22.15,49.23,0.087,38547.7,33021.1,19847.7
22.53,41.53,0.082,44452.5,27969.2,25887.5
19.93,86,0.067,23421.5,13363.4,12831.5
8.19,87,0.088,21867.3,13966,13960.5
25.41,57.71,0.07,51571.5,34715.1,39778.3
25.04,84.6,4.919,34278.7,21474.6,21402.9
26.12,33.1,0.072,38730.6,23721.8,21356.3
13.15,81.4,0.075,23750.6,19032.8,6955.1
24.14,83.2,4.916,27052.2,17772.2,20539.6
25.21,69.46,0.262,35579.5,23231.6,15550.2
12.32,65.41,0.081,20579.2,10081.5,11843.9
10.32,53.67,0.081,41583.1,23879.6,25928.7
14.36,79.6,0.073,39628.9,33013.8,16330.4
23.8,43.34,4.928,48777.8,33148.9,36185.1
15.91,84.1,0.071,35266.8,19345.4,19083.6
19.96,88.3,0.068,40447.2,22737.6,23175.9
20.33,89,0.067,41795,26068.2,24883.2
22.14,81.7,4.92,47148.1,27535.1,33360.7
12.24,86.5,4.922,21735.4,15419,10612
27.16,53.84,4.921,33409.3,22370.9,22449.2
11.66,73.2,0.087,25321.7,14220.4,16157.1
23.02,53.5,0.074,30966.2,26189.3,10895.4
6.202,87.7,0.086,22333.1,16853,9807.44
20.09,87.6,0.066,36060.4,22958.4,22159.8
15.18,55.64,0.08,22911,19386.3,10233.9
28.49,65.53,4.909,42615,28773.4,26970.3
21.52,62.47,0.081,23904.6,11144.3,11136
8.29,86.6,0.088,22882,14363.5,14949.4
14.4,90.1,0.069,42012.7,21281.1,28410.2
13.07,78.5,0.087,23762.7,18823,9703.72
24.22,67.87,4.923,34232.3,22989.2,11671.7
22.78,86.7,0.28,35127.1,21753.4,15491.4
25.95,88.2,4.909,23570.6,17532.4,17412.4
14.57,89.3,0.068,28682.2,13102.2,15546.2
12.23,70.8,0.082,43126.8,26866.9,25841.8
12.75,70.4,0.071,31917,21136.8,20755.7
23.38,69,0.069,35958.7,19107.7,16512
10.4,88.7,0.084,20891.3,16429.6,8804.8
26.69,70.9,4.917,35874,24216.5,25148.8
27.95,49.89,4.903,48662.7,33722.9,36112.9
27.38,59.05,4.902,34457.7,26766.2,24797.5
25.36,48.42,4.915,35395.6,24501.3,32228.3
22.98,74.3,0.069,39887.7,24960.5,22472.9
23.32,68.56,0.268,29112.2,17756.8,15673.8
14.87,75.6,0.074,32991.3,23352.4,17012.9
8.18,50.65,0.092,25999.3,15658.4,16926.9
10.96,88.6,0.084,20894.7,10840.3,11822.5
12.49,67.62,0.084,35548.5,22085.1,24545.1
19.27,89,0.073,37080.8,24830.3,12161.9
16.22,68.73,0.072,33096.7,20118.9,22254.5
20.34,81.4,4.917,26257.7,17487.3,10531.6
13.23,80.8,0.082,20836.5,15509.1,9801.68
24.08,52.88,4.917,33507.6,19927,15290
22.56,53.35,0.073,34560,21424.4,16583.2
24.22,46.28,4.924,33873.7,17831.7,15793.5
11.76,85.5,4.917,28635.3,20713.7,14593.9
27.24,74.3,4.922,38472.5,24937.7,26681.4
23.61,67.18,4.918,30758.1,15765.9,17965.3
19.7,75.4,0.069,38972.3,30923.6,17025.5
27.02,64.12,4.922,36650.5,22257.7,21144.1
25.41,23.79,4.919,33489.8,20901.5,17221.7
17.21,57.51,0.078,31093.5,25310.8,9732.53
23.83,53.95,0.278,37886,23078.2,15650.3
14.98,71.3,0.075,19594.9,12828,13856.4
20.84,85.7,0.067,42392.6,26446.2,25113.6
27.38,73.5,4.906,41867.1,31841.2,27469.8
17.35,78.8,0.077,33034.7,19422.4,18240
14.59,83.1,0.083,22721.4,13039,13436.1
10.91,63.25,0.083,24743.5,14242.7,15061.9
13.52,76.7,0.076,25070.7,20126.4,7393.04
14.58,61.35,0.082,23093.5,19209.6,9208.16
16.48,63.89,0.104,32012.2,25436,9392.56
11.02,72.6,0.083,22820.3,13097.9,13841.4
17.52,84.8,4.919,24676.7,15451.4,15035.5
23.24,73.7,0.082,34919.2,22757.7,11508.3
12.37,77.1,4.916,22765.4,13185.4,14483.9
19.35,47.4,0.087,40129.2,33958.3,17881.4
27.61,67.46,4.923,40633.3,26503.9,27162.9
27.45,50,0.069,35617.6,21822.9,18061.2
12.72,72.4,0.084,23290.2,11587.8,13424.6
23.69,71.2,4.923,34100,23037.8,11514.2
26.46,58.62,4.907,31026.2,20635.4,25257.2
24.23,85.8,4.916,28621.4,18596.2,21949.5
20.56,81.3,0.09,33980.2,20311.6,15348.3
22.03,60.81,0.076,34018.6,21551.7,21232.7
21.12,63.47,4.91,32802,23409.5,26097.6
22.43,54.47,4.914,48279.7,25521.8,28941.8
22.86,69.29,0.273,33687.1,23317.7,11714.2
14.27,80.8,0.084,25025.4,14992.7,15091
16.78,75.2,0.072,37076.9,29763.2,17083.4
25.81,32.76,0.07,40892.2,25798.8,23347.2
27.22,55.9,4.929,33743.5,20145.6,25197
20.2,58.55,4.923,41830.1,21049.9,23451.8
5.138,75.8,0.083,26193.4,16668.7,16678.6
20.7,61.51,0.082,23714.3,19381.7,8485.35
22.37,72.1,4.916,23472.3,12442.8,13457.7
22.18,46.92,0.091,33853.2,19107.1,18199.3
21.08,58.92,4.92,26888.5,15975.5,14632.4
18.98,67.8,4.921,34950.3,22595.7,18154.5
12.41,82.7,0.081,21627.4,16124,9018.01
28.07,43.8,4.919,45314.6,29335.4,36921.8
25.34,53.24,0.078,32317.3,19445.1,15381.3
32.28,35.41,4.908,34713.1,23270.9,31830.6
14.77,46.94,0.082,38302.8,23941.6,19477.6
13.98,81.5,0.084,23407.7,14751.2,11438.7
9.4,80.5,0.086,20949.9,12415.8,11433.3
18.53,86.3,0.067,23493.2,13749.8,11275.1
16.04,80.7,0.074,34374,18333.6,18158.5
14.77,54.62,0.085,34693.7,21352,17528.7
15.86,87.2,0.08,25630.1,13787.6,11356.6
8.03,78,0.083,24559,15147.7,15365.8
11.79,88.7,0.08,32905.5,19328,16606.5
12.91,55.44,0.087,33861.4,20004.9,20467.7
16.47,81.1,0.076,42149.1,22593.5,27653.8
22.71,68.5,0.079,35032.6,24849,13510
19.08,88.8,4.917,37493.5,22707.1,21804
13.91,73.3,4.921,36604.1,22373.3,18634.6
21.35,42.58,0.087,35948.8,21515.7,19281.5
18.36,53.19,4.916,32488.9,20462.2,19585.2
11.83,56.53,0.093,22711.9,13874.8,13914.2
17.75,65.55,0.081,36124,21772.1,21374
18.96,44.89,0.088,29743.7,17348.8,17001.3
26,41.75,0.274,35713.3,22176.3,14820.7
16.06,84.4,0.081,25932.3,21559.1,12641.9
27.89,65.56,4.903,29861.2,22238.6,21439
15.38,67.59,0.074,23573.2,12842,16331.6
23.12,60.85,4.902,24746.9,18315.5,16557.7
28.11,64.4,4.912,37570.8,25283.5,28998.8
16.32,77.2,0.083,25960.3,14759.3,16896
23.57,82.1,0.276,43142.7,25592.9,21728
10.73,89.7,0.08,28116.9,24195.9,10669.9
16.98,53.29,0.09,30466.9,26386,10055.2
14.54,90.6,0.074,27764.6,12765,15767.3
14.29,74.6,0.086,31543.7,26271.9,9646.1
22.5,60.81,4.925,27414,18209.6,14550.6
21.09,41.88,0.083,32352.7,19972.3,17652.4
24.53,90.2,4.918,25603.6,15224.9,14643.8
9.39,87,4.92,32753.9,20064.4,15728.6
22.12,70.8,4.912,27054.2,15747.2,12761.4
12.26,80.6,4.918,22947.5,17876.6,9144.78
11.44,87.4,0.081,22807.6,19032.8,8049.94
10.55,88.1,0.086,24400.3,14107.3,15311.6
15.66,61.55,4.922,29273.9,17927.1,13972
24.32,93.4,4.934,28007.3,17182.7,15305.8
18.55,63.32,4.923,25850.7,16663.1,10066.9
14.62,69.26,0.08,41540.3,24178.7,25645
5.532,90.4,0.082,21081.4,12948.3,10402.7
18.69,86.3,0.068,25394.4,15124.5,11893.1
29.41,41.35,0.069,41515.5,28792.4,26573
20.78,58.57,4.921,30394.4,25528.6,12389.5
25.41,85.4,4.922,38037.7,25564.9,29829.2
27.99,33.88,4.919,47182.3,27688.6,19798.2
21.34,70.3,0.333,26245,15111,13579.2
22.72,84.7,4.916,27559.8,17152.3,15185.5
8.42,64.9,4.917,29800.7,18149.5,18142.6
29.27,49.52,4.906,49666.4,36437.2,38496.3
30.18,53.13,4.926,42061.4,22575.9,26034.5
28.5,70,4.922,36784.7,21999.2,17406.4
22.26,89.2,0.31,27162.5,16723.9,14073.5
20.09,48.98,0.085,30929.2,26148.3,10270.8
21.17,69.95,0.072,30646.2,23872.3,11710.8
21.49,69.66,0.079,25860.2,14340.6,13659.6
5.581,84.3,4.913,23683.7,19007.1,7450.66
13.73,73,0.073,21715.9,12682.1,14466.6
16.44,60.11,0.076,31116.3,20787.8,15038.7
16.42,59.18,0.08,33228.9,27199.8,10297.2
23.72,63.12,0.075,35116.2,25264.6,23070.1
25.35,86.6,4.929,37379.3,22983.7,19880.1
20.9,71.8,0.072,32835.1,21243.3,16061.5
5.455,82.4,0.083,22276.9,17732.2,7066.99
17.61,70.8,0.071,39649.2,33504.5,15342.7
18.83,89.9,0.069,29221.8,17873.7,17985.4
14.8,65.52,0.079,37012.9,30712.5,15610.1
19.29,44.93,0.087,28885.8,17162.2,16856.1
8.82,65.24,0.084,31552.4,20739.2,15227
21.4,81.5,4.921,33142.3,20986.3,25639.4
16.24,83.3,0.067,33384.6,26583.5,15388.9
18.41,81.7,0.075,24437.5,14544.9,14429.1
19.53,85.2,0.071,42982.8,25304,25750.9
12.95,75.7,0.085,23361.2,19036.5,8850.9
10.14,71,0.085,35969.6,23011.6,21975.9
21.57,86.9,0.277,38548.7,25682.7,15832.6
14.55,76.6,4.916,24608.7,12398.8,13140
32.74,34.92,4.907,42846,34689.9,30908.8
15.7,79.6,0.069,43283.7,22527.5,27822.5
15.02,88,0.069,25929.3,14235,17134.5
23.06,69.16,0.069,33046.9,20975.1,15188.7
25.43,77.2,4.933,47448.1,30457.4,32423.3
14.03,67.09,0.079,24364.1,15067.5,14698.1
19.49,83.2,4.921,45702.3,27767.2,25995.8
14.65,73.6,0.072,26189.7,15389.8,13608.7
11.64,80.1,0.074,39819.7,24040.1,24765.1
26.71,70.4,4.918,35982.5,24406.3,25166.9
16.16,87.6,0.066,34870,20346.2,18711.3
13.49,57.29,0.086,33162.5,20097.3,16401
14.46,63.55,0.086,42364.1,28285.7,25251.4
20.78,81.8,4.919,27071.4,16541.8,20666.1
33.96,30.88,4.915,41340.6,27774.7,32041.5
25.37,62.58,0.07,37497.2,21237,20363.8
22.74,63.16,4.906,30911.4,21269.6,26305.6
24.78,83.6,4.928,29699.4,19272.2,24739.1
7.41,89.6,0.072,22179.7,13422.5,13986.1
19.72,85.6,4.917,28761.8,18961.7,10831.6
21.66,83.7,0.066,44961.1,28190,25668.9
20.67,69.81,4.917,44872.1,26408.7,27193.1
28.19,69.62,4.926,37366.5,22124.6,17364.3
24.62,66.19,4.903,30980,21698.8,21589.5
14.18,67.77,4.911,32229.2,20308.8,14860.2
9.67,68.35,0.082,26520.5,15706.1,15921.3
12.74,59.01,4.921,23530.2,12475.6,11903.2
23.24,64.95,0.297,42919.6,25600.4,22622.3
15.96,55.06,0.084,30789.4,26846.3,8931.57
17.97,68.62,0.08,39518.9,23665.7,25131.3
8.01,87.4,0.083,21837,14243.2,14463.6
7.91,79.8,0.091,25488.6,16362.3,16048.2
22.4,84.9,4.915,33999.3,20376.3,15473.7
14.84,63.35,0.079,31612.9,19517.3,14819.7
20.57,77.8,0.071,45323.8,25913.3,19433.4
15.1,72.8,0.087,38381.7,32354.7,15846.3
12.13,49.18,0.088,33034.6,20276,16689.5
14.91,48.1,0.082,42219.6,25350,24032.9
16.98,62.99,4.927,26468.3,15509.1,12249.5
13.15,77.1,0.073,29489.5,19455.3,14171.3
9.4,82.7,4.915,27066.2,21702.4,8072.99
21.82,67.43,0.078,26791.9,14990.7,14137.7
28.16,60.66,4.91,41506.4,27186.1,29263.9
19.84,74.3,0.082,32877.4,26727.4,11140.7
13.9,90,0.069,34510.4,18476.6,19752.7
11.37,86.1,0.081,21405.6,14279.6,14342.2
28.62,65.5,4.915,39612,26483.5,30854.6
14.9,70.8,0.073,19898.7,12820.7,13948.9
16.16,85.7,0.069,23399.6,12589,15668.4
24.89,50.52,4.907,26018.9,17540.5,17930.7
10.77,90.5,0.078,26263.1,15903.7,16339.4
18.76,85.1,0.074,25532.9,15763.5,15793.4
22.36,67.7,4.906,33609.6,23312.7,27281.7
18.12,91.3,6.325,29064.7,19747.7,9033.92
24.18,83,4.916,25215.1,16420.3,19388.8
32.61,28.65,4.909,35529.6,24057,32487.4
21.83,51.35,0.083,33729,21265.6,16702.8
6.879,63.07,0.084,22411.5,13232.8,13899.3
13.85,74.4,0.078,23228.4,15450.5,15232.8
24.5,50.55,4.908,26012.5,17673.4,23907.6
25.55,50.62,4.913,38680.7,27603.8,30926.9
22.78,75.7,0.07,46728.5,26143,27778
13.15,69.9,4.916,23452.3,16378.5,7963.37
23.69,78.3,0.27,46003.5,27703.5,23304.8
22.37,67.59,4.919,21134.9,11826.4,10009.3
16.92,74.6,0.079,34535.4,29190.5,17985.5
21.68,83.7,4.917,27079.6,14882.7,13102.7
12.82,74.4,0.078,20187.9,11547.9,11013.8
16.03,65.96,0.083,43382.3,25455.3,25399.5
16.62,86.8,0.065,25470.5,14451.3,15720.7
11.8,82.5,0.083,25749.9,16759.9,11884.3
13.88,65.09,0.075,29092.9,17876,17968.9
22.11,60.66,4.92,36284.9,21098.5,17624
18.65,62.14,0.073,23378.5,17788,11479.5
17.7,79.5,0.065,21806.2,9521.98,10225.7
32.87,36.45,4.911,35146.8,23536.7,32276.5
16.06,85.9,4.917,25281,15258.2,14907.2
23.79,74.6,0.063,28959.5,18751.9,22118.2
25.08,50.62,4.923,27892.5,16465.1,12004.4
20.7,80.5,4.927,41588,25439.5,20039.4
11.75,62.97,0.086,34084.1,21359.3,16266.9
18.43,82,4.916,26871.6,17634,10907.2
11.98,71.6,0.089,44342.3,26947.1,26186
14.66,73.6,0.079,25507.7,15655.7,14872.2
18.3,81.2,4.914,25176.4,15796.7,10848.9
18.65,69.86,0.081,36901.8,22343,22859.3
24.24,85.7,4.916,28602.3,19017.7,22353.1
26.14,82.6,4.919,40702.7,25932.9,35831.3
16.87,69.6,0.081,23821.2,13366.2,15307.6
11.1,87.5,4.915,21766.2,15322.3,13474.7
20.65,80.6,4.918,21463.3,12858.2,13451.8
24.79,64.4,4.922,44071,27662.4,33408
11.06,74.8,4.92,34181.7,20203,16429
14.49,91,0.07,20894.7,10330.8,12096
17.75,81,0.079,24953.7,15001.9,14913
10.93,81.3,0.079,42288.6,26855.9,25821.7
23.08,81.3,4.915,34986.9,21547.6,14650.1
22.57,53.78,0.072,34522.2,21143,17519
19.03,61.05,0.08,30262.3,19466.9,18656.5
14.45,73.7,4.916,28157.2,15845.2,10965.6
16.67,80.4,0.07,23746.8,13025.3,14266.2
25.34,39.48,4.904,36241.3,24903.5,28926.4
21.01,59.91,0.072,29649.2,26025.6,11734
29.93,50.67,0.069,35507.3,20136.8,23471.3
18.51,76.3,0.075,35814.1,21155.6,16690.6
14.73,88.2,0.07,29556.4,13905.1,16448
11.73,83,0.071,43370.1,26250.5,25312.8
26.41,79.5,4.924,37980.2,24694.4,28715.7
20.31,73.4,4.92,38574.4,30241.5,17338.4
17.81,73.5,0.071,22547.7,17940.5,7483.37
8.97,67.21,0.079,23513.9,14885.1,15423.6
13.87,84.4,0.078,22716.3,18023.9,9830.49
29.02,47.59,4.911,39567.3,27303.8,32860.9
18.7,55.94,0.075,34994,20819.1,17879.3
13.87,65.61,0.087,29711.4,18289.6,14784
21.37,68.53,0.259,26115.4,15109.5,11642.6
15.32,76.4,0.078,24701.7,15694.1,15330.9
16.45,78.9,0.072,33220.8,20459.9,17489.5
8.51,85.5,0.083,27998,18470.5,13353.3
11.92,61.98,0.089,31130.8,18711.2,19479.8
19.96,85.7,0.074,38677,23650.8,23378.1
25.15,61.97,0.069,39468.1,19923.5,20411.1
15.28,57.88,0.079,26841.4,14261.4,12643.1
15.73,83.5,0.067,45509.6,19404.1,27915.6
25.65,84,4.923,47652.7,31392.6,37009.7
12.17,71.2,0.084,22905.2,12482.9,12391
28.53,27.52,4.924,37929.5,22954.7,20157
23.36,64.15,4.924,38750.8,22010.8,16550.5
13.66,49.93,0.085,42869.1,25686.6,25072.3
12.17,63.05,0.082,28720.7,18291.8,12556.2
17.35,61.14,0.084,32839.6,26447.3,14537.1
25.71,89.4,4.911,31964.5,22675.8,24219.7
16.8,87.4,4.919,38110.4,23071.2,22083.9
17.32,66.19,0.075,32821.3,26212.9,9905.4
20.5,53.91,0.076,30914.3,16104.7,19648
10.19,65.12,0.085,22231.1,12940.2,13836.8
23.93,49.05,4.904,30072.2,20809.3,22594.6
22.08,65.48,4.916,28056.4,21290,11572.5
10.94,89.4,0.067,28334.3,16906.1,11984.5
19.94,69.25,4.918,32335.4,26884.2,11928.5
25.88,37.67,0.072,39595.2,21005,18703.8
11.73,64.12,4.921,21918.6,12420.7,13894.8
21.19,60.27,4.914,48254.3,25076.5,28362.8
20,87.2,0.075,29880.8,19017.9,17864.9
14.44,91.5,0.064,32451.9,19569,16919.3
24.13,70.4,0.303,33674.3,18871.9,16344.5
22.07,40.38,0.085,35589.2,21240.7,18519.3
8.26,90.7,0.082,22265.1,13061.4,14420.3
33.58,29.78,4.907,50800.3,34651.9,47441.7
20.91,80.4,4.921,43071,26325.7,25809.2
24.28,79.9,0.322,36280.4,22000.4,19468.7
30.32,60.02,4.912,36435.3,24846.8,33276.7
12.1,71.7,0.085,30124.6,19276.6,18835.7
13.37,70.2,0.088,22657.2,13783.6,14602.4
30.93,50.52,0.065,39784.2,27603.8,31179.9
18.47,86.9,0.07,33729,22079.3,15251.2
10.6,84.6,0.081,23230.8,17431,10207.2
22.04,78.3,4.913,24252,15816.5,16490.7
21.46,51.03,4.917,35944.9,19543.9,15456.8
15.88,83.1,0.073,32073.7,16515.3,19066.2
24.96,37.38,4.906,23295.1,15482.3,18135.6
19.8,76.8,0.071,22449.2,17271.1,10265.1
14.46,82.4,0.096,27807.3,17432.9,12420
9.44,50.25,0.089,27543.1,17077.2,17447.9
20.04,66.61,0.073,29440,24761.2,16695.9
16.43,70.2,0.074,37067.7,31824.5,15241.3
28.58,42.51,4.927,27812.4,15492.7,14155.8
20.68,77.4,0.079,45449.8,27892.5,18855.7
18.17,88.1,0.073,31702,18921.4,19017.3
21.14,83.5,4.925,28327.9,17126.9,12691.8
34.92,31.12,0.069,34566.4,23631.6,24841.5
20.81,86.4,0.335,26257.7,17146.8,11414.1
16.25,91.9,0.074,24110.2,14292.3,11216.8
17.83,67.11,0.083,29413.8,20852.1,15371.6
14.18,83.3,0.078,21487.5,16967.2,9444.42
16.21,68.96,0.08,41055.3,24980.5,23876.1
21.84,76.8,4.92,35921.2,24001.2,11473.3
9.85,86.2,4.935,19790.8,13157.9,7998.07
30.18,45.62,4.904,39137.3,28427.5,27150.8
27.49,67.24,4.911,35944.2,26692.4,29227.8
20.62,77.2,4.917,46420.3,28714.1,19474.3
21.26,73.7,4.922,34043.8,21143,17274.2
19.88,88.2,0.33,24913.3,15339.3,12802.6
26.66,60.67,4.919,28348.6,20690.6,20369.7
12.55,73.8,0.083,30325.1,19779.9,19373.5
16.92,53.97,0.075,31827.1,21819.5,17018.7
5.364,87.7,0.087,24972.2,15826.1,14839.5
8.41,68.57,4.914,22763.1,18130.2,9368.67
21.06,74.3,4.92,39532.3,32153.5,16708.1
19.69,45.19,4.91,23334.1,16582,12844.1
19.48,86.2,0.069,42277.8,25634.7,25272.9
19.61,82.8,4.914,27237.1,17380.1,11776.8
14.34,59.91,0.084,41448.8,24652.9,25193.5
15.84,87.3,0.065,24205.6,12948.3,15488
23.24,73.8,4.96,35738.8,22030.4,13785.2
16.09,75.3,0.075,21895.4,15697.9,10340.2
13.63,63.97,4.919,39539,24477.8,24232.5
15.28,56.49,0.075,28818.2,21020.1,16655.4
10.88,69.48,0.09,36346.3,22953.2,22490.6
10.43,81.7,0.087,35969.6,23434.7,22750.8
14.18,83.1,0.07,43451.1,22828.1,28992
22.81,64.22,4.916,38025,27142.6,30154.2
12.84,62.14,4.916,28958.6,18674.8,13731.4
10.13,85.4,0.069,22918,12594.5,13725.6
15.25,73.6,0.075,41079.5,24780.5,25474.7
24.09,82.8,4.917,22172.5,15022.8,14406
14.42,53.97,0.083,39829.7,33742.9,16163.3
23.92,62.79,0.057,35628.1,22389.6,20269.3
17.52,75.3,4.915,44793.2,26293.9,25223.2
10.55,51.82,0.089,30490.2,18463.2,14159.8
19.22,74.2,2.121,31916.1,20218,14709
26.43,38.74,4.918,33408,20184.1,17640
23.2,86.6,4.918,28940.6,18498,18393.5
8.4,87.3,0.074,22451.7,13269.5,14011
25.06,54.63,4.917,40262.6,29821.5,36295.2
21.53,44.28,0.085,34659.2,23198.4,16989.1
11.71,81.5,0.08,30095.8,24832.2,12654
9.7,51.79,0.092,41454.9,24707.6,24788.3
16.82,83.6,4.914,23008.5,16819.9,11076.5
25.61,41.08,4.906,27873,19406.5,18225
17.44,69.46,4.923,31600,26360.3,13948.9
23.41,55.92,4.923,29337,19068.2,19699.6
18.09,81.3,0.067,36297.4,22610.5,21197.7
13.94,48.73,0.075,37426.6,31846.6,15201
16.43,80.4,0.073,35564.4,16643.6,19328
20.54,65.92,0.076,40824.2,25229.9,18190.4
18.03,82.4,4.914,23342.5,16924.5,11111.5
18.47,74.5,0.07,37243.1,30380.6,17233.7
12.19,74.4,4.923,21944.6,16467.8,9686.75
19.97,62.01,0.073,28744.2,15345.8,18589.1
22.24,64.57,4.908,28398.1,19705.1,24425.8
21.57,87.9,4.911,33948.3,21929.3,13208.6
15.59,83.8,0.084,23653.8,13663.1,11298.9
10.02,70.1,0.085,39106.7,23546.3,22981.9
25.12,55.85,4.922,49225.3,32582.5,35511
17.99,72.8,0.079,25457.3,15291.6,15758.4
29.81,38.38,0.267,34540.9,21124.7,14738.3
22.59,50.05,4.925,49078.3,32247.9,34331.3
15.08,87.2,0.074,18609.2,12856.6,7171.08
9.26,60.4,0.086,25816.7,16417,16129.2
12.69,64.57,0.083,20937.7,12977.5,14168.7
26.24,46.18,4.909,35484.9,25450.6,32607.9
4.807,73.1,0.082,18987.3,11347.1,10837.6
14.73,75.5,0.079,43996.6,26454.9,26012.9
23.31,71,0.067,37955,23239.1,21291.3
20.81,60.67,0.088,25573.4,20110,8987.23
16.39,76.2,0.07,34412.9,21318.3,16072.3
15.64,51.08,4.915,29187.7,24422.7,10594.7
15.39,62.28,0.081,25444.1,15877.2,11560.5
22.26,70.8,4.918,26952.5,15624.1,14992.9
11.19,87,0.077,28052.4,16181.7,17146.5
23.85,67.36,0.069,35666.2,20286.5,17368.6
22.16,48.15,0.089,34361.6,21248.1,18216.7
15.93,56.51,0.082,36769.6,31095.4,15327.7
10.58,62.27,1.437,32536.7,20487.5,15938.3
13.61,85.1,0.084,24168.4,13428.5,15778.9
15.93,86.1,4.923,27289.9,16102.7,12873.2
10.88,88.3,0.089,28150.5,17648.8,12681.3
15.85,87.5,0.078,26323.3,14754.8,12459.6
13.86,46.27,0.083,37569.2,31786.4,16198.6
11.02,78,0.081,25520.1,16181.7,12532.4
13.45,54.44,0.082,39829.7,33654.5,15598.6
20.91,87.2,0.287,29271.5,19440.7,12532
11.47,79.3,0.072,22021,14790.3,14125
18.32,90.1,4.915,26544.4,15417.9,12714.4
20.81,60.26,0.071,30896.3,17699.1,17390.8
17.38,93,0.08,25365.4,16595.9,12191.1
21.99,61.54,0.069,31329.2,25590.5,17187.5
8.24,90.4,0.082,22289.5,13024.9,14426.1
24.38,57.25,4.903,29030.1,21109.6,20722.8
9.97,82.8,0.077,20056.7,13418.8,13659.8
14.07,69.32,0.074,35182.4,21767.8,16243.8
16.33,84.8,4.909,36582.1,21380.5,22383.9
16.25,87.1,0.065,25098.5,14158,16302.5
16.24,84.8,0.071,34349.2,20694.5,18088.7
14.19,62.84,0.083,37105.8,20768.4,19038.1
13.7,46.67,0.082,39993.8,33980.6,17014
9.69,86,4.936,20227.7,13373.6,8339.28
9.11,83.8,0.073,38916.5,25407.9,24294.9
16.4,87.1,4.912,26430.5,17017.8,11164
23.54,69.22,4.924,34018.4,18864.4,14220.6
14.74,79.2,0.084,25276.6,15431.7,15451
31.46,30.12,4.917,39031.5,26384.8,28649.4
15.24,57.58,0.08,24516.6,13586.6,12145.2
21.38,61.02,0.267,34897.7,20941.4,16768.1
17.93,88.3,4.914,25998.7,17468.7,11496.7
28.25,70.8,4.904,41873.5,28944.5,27903.2
21.96,69.27,4.92,34238.6,19411.6,12663.8
15.49,77.7,0.081,18561.2,12916.8,6211.76
19.29,55.32,4.922,32246.2,26170.7,10392.3
10.94,82.3,0.086,30290.5,22726,9669.15
16.3,53.72,0.084,30710.3,27107.7,8925.81
15.45,57.36,0.083,42273.1,22802.4,26874.2
29.09,61.72,4.91,39312.2,27983.5,33620.1
20.76,54.17,0.079,31174.7,15914.1,18810.2
12.99,69.45,0.082,28089.1,18244.4,18303.6
21.72,66.89,4.914,34723.9,19643.2,15453.4
25.73,86.6,4.913,40537.4,28571.9,31177.4
27.51,35.55,4.926,46806.4,27407.9,19668.7
14.09,63.47,0.085,37099.7,20939.8,18558.1
15.38,66.11,4.708,33022.8,21902.7,16724.8
17.37,87,0.077,38738.9,15481.5,18001.5
25.89,85.6,4.914,46622.2,29457,40121.2
14.67,75.2,0.085,29000.8,22365.1,10366.4
21.57,84.4,4.915,26346.9,14459.9,12667.3
18.41,91.6,0.076,43244.1,27366,18902.4
10.59,80.8,0.075,42955.9,25451.7,25309.3
10.67,74.3,0.079,35157.4,30417.9,15097.2
11.47,67.94,4.919,20500.3,11226.7,11005.3
22.99,82.5,4.916,44436.1,26846.6,19704
17.45,55.87,0.086,34962.7,20611.6,16741.6
6.241,84.1,0.083,20879.1,16646.8,9778.63
21.09,70.8,4.918,33411.8,22226.6,26191.1
23.88,62.65,4.923,35398.2,21338.6,15873.6
20.77,67.47,4.927,36423.3,23015.5,18230.3
25.15,67.18,4.925,30821.7,17464.9,21450.8
15.79,51.79,4.921,29569.2,23347.9,10710.4
10.02,90.6,0.083,28420.1,17828,12112.3
21.01,86.5,0.067,41362.6,25959.7,25219.9
24.47,70.1,4.917,37153.9,20660.7,22165.7
24.54,89,4.917,29611.9,18068.4,18315.2
12.98,71.1,0.077,30331.5,17974.5,18640.4
18.3,74.7,0.076,34119.8,20357.2,17669.8
20.3,82.8,0.33,23619.8,16084,12231.9
20.41,43.66,0.082,28849.2,24054.5,13052.5
15.32,58.38,0.075,33156.8,20853.7,15822.6
20.57,47.15,0.082,45851.1,26726.8,27937.5
27.39,61.62,4.909,49722.3,33057,45236.5
18.35,61.12,4.923,40012.3,33526.9,16505.1
19.99,89.1,4.91,31023.7,19126.4,10608
8.74,76.9,0.085,33843,18955.6,16649.6
15.04,80.3,0.073,24422.6,13971.1,11671.3
22.72,52.45,0.081,35068.6,22326,17238.6
12.74,87.4,4.913,27457.7,22175.1,9745.9
21.13,58.12,4.917,24420.9,15236.3,14150.2
27.74,61.55,4.907,51297.8,34674.7,47435.6
17.2,80,0.066,22813.4,13998.8,11065.3
18.42,77.3,0.072,40993.9,25342.2,25645.3
16.71,51.84,0.082,42756.5,26024.3,24803.9
12.23,90.8,0.088,28275.3,15749.5,14727.1
15.16,68.06,0.089,36067.4,21523.2,16414.8
14.17,70.8,0.08,25796.9,20454.5,11797.6
13.4,69.52,0.085,21686.2,16564.5,10132
21.26,83.6,0.067,44427,26491.1,26885.9
17.33,65.19,0.075,30923.2,25609.1,9651.86
23.95,68.5,4.909,32469.5,22691,24376.2
19.59,54.45,0.082,44096.4,27067.4,26691
20.92,59.84,0.072,32430.8,25136.8,17650.1
12.42,84.5,0.087,28616.2,18259.8,13912.3
12.4,53.26,0.08,29711.4,18142.2,16354.7
16.84,75.7,4.912,33794.4,20279.6,17627
18.73,30.65,0.086,33527.1,20746.5,16302.7
17.63,81.1,0.065,27005.9,13233.4,15350.3
20.85,78.1,0.286,32425.5,18920.6,18262.6
21.49,72.4,4.921,31610.7,18351,12617.1
20.6,40.34,0.084,38925,23869.2,24308.4
21.02,75.3,4.925,35562,22880.9,13002.3
16.02,60.98,0.084,34596.5,20531.3,17494
22.14,49.29,4.922,26888.5,13763.8,15061.9
15.51,74.5,4.917,29768.2,17301.2,13941.3
34.91,25.01,4.904,38638.7,27716.6,28577.3
14.93,88.2,0.07,35676,19396.7,18036.4
20.45,66.72,4.916,24792.2,13887.3,11861.2
25.69,85.2,4.926,36171,22907.7,18574
16.78,67.59,0.076,31562,25178.3,10130.1
12.8,86.1,0.074,32064.4,18186,17743.1
26.04,58.84,0.066,39480.8,22494.4,19926.6
25.09,36.28,4.92,35007.4,21387.1,13568.4
24.9,51.65,0.071,36708.9,23497.3,18372.9
19.93,69.89,4.922,32961,21886.1,15146.2
18.35,66.62,0.072,31095.4,27267.8,8478.07
25.5,46.29,0.079,36230,21827.8,13177.4
20.16,76.4,0.072,31107.7,23329.3,16834.7
24.21,60.82,4.908,25113.1,17175.9,20846.9
16.79,83.5,0.072,33679.6,20646.8,18664.7
13.48,61.88,4.923,37403.2,22013.4,22639.4
14.93,63.87,0.076,34499,20440.1,17245.3
22.32,47.49,4.908,29822.9,21383.3,20807
26.59,67.72,4.922,37238.6,23291.7,20656.6
24.51,51.99,4.923,44769.2,28684.2,18423.8
23.69,60.29,4.925,38300.2,25447,11537.7
13.46,58.38,0.077,35273,30462.1,14861
15.36,74.8,0.081,35704.9,28429.6,15195.2
24.63,37.81,4.978,32342.7,18273.2,15426.7
32.07,34.38,4.918,46526.5,28974.7,35656.6
12.73,47.6,0.082,43437.3,31117.5,16267
11.69,65.12,0.083,35759.7,30657.3,15322
20.63,82,4.914,22210.8,12816.5,15430.3
14.32,89.4,0.069,31249.1,16174.3,18472.7
13.02,67.81,0.087,20220.8,12273.6,10704.6
20.44,58.49,4.926,43040.7,21629.9,24634.4
15.62,85.5,0.07,30009,13938.1,19392
12.49,63.58,0.081,36793.9,31934.9,14158
13.23,48.45,4.915,32463.8,21238.9,15157.6
11.91,83.3,0.074,26984.6,21960.7,11468
16.67,85.9,0.071,22221.5,17468.2,10288.2
25.15,57.45,4.92,30730.7,18452.4,15119.2
20.14,59.54,0.073,44292.2,25029.1,25570.2
22.26,55.32,4.92,38910.6,19873.2,20281.9
20.59,56.39,0.085,33995.8,19055.8,18327.3
24.16,45.01,0.077,29855.4,15219.5,16187.1
7.17,84,4.92,22098.5,17059.1,10045.3
12.39,80.9,4.919,26013.7,20332.6,7537.09
18.66,65.52,0.073,31273.9,16819.6,18746.2
18.62,69.79,0.108,29568.8,18071,13054.8
14.05,89.9,0.069,28242,15375.2,14912
11.41,69.63,0.086,22637.3,12536.2,14229.2
7.03,86.8,0.088,22365.6,14804.9,12214
13.68,69.45,0.081,24221.5,19026.4,11288.7
14.97,83.9,0.069,29004.6,16057,19194.2
15.86,86.4,0.071,23883.2,13109.6,15453.1
17.17,80.8,0.07,25822.4,15540.6,14983
21.29,90.1,4.913,26920.4,16128.9,13073.3
6.121,83.9,0.086,20921.7,16436.9,9565.43
17.9,50.28,0.081,31692.3,20297.6,17181.3
14.49,85.8,0.086,32188.6,25940.5,9623.05
15.96,81.8,4.916,28621.5,20525.2,17615.4
25.65,43.05,0.278,35980.9,19459.5,15414.9
10.49,69.56,0.089,24109.4,14622.5,15255.9
15.84,89.7,0.068,22017,15877.4,16558.5
20.72,83.1,0.079,40067.9,25666.8,17215.8
17.05,71.6,0.072,35283,20538.6,16730.6
24.48,86.5,4.911,25443.7,16251.3,15811.4
20.68,86.4,0.073,35883.4,23108.7,13229.9
23.38,74.9,0.265,46303,27684.8,23404.8
17.81,63.08,0.076,30266.2,25366.1,9594.24
25.17,82.1,4.912,25451.2,16135.4,18298.2
13.49,53.3,0.082,31349,22788.6,9853.54
21.34,72.7,4.916,22715.8,13939.7,16476.6
27.16,82.1,4.909,50465.5,35045.8,38911.6
15.62,73.5,0.083,35023.6,28201.3,15005
16.37,68.13,4.92,28579.4,17970.1,10382
22.68,84.6,0.282,32419.1,19882.3,17338.8
10.18,88.9,0.097,22114.7,14103.7,11281.9
21.54,80.4,4.916,43918.4,23822.9,29408.5
13.58,73.9,0.073,43016.9,25528.3,25546.6
27.8,53.55,4.908,31893.7,21835.4,26890
19.14,41.39,0.086,32158,17872,17581.9
18.81,69.32,0.18,21428,11705.6,9478.41
36.49,21.18,4.934,38999.6,27410.1,30191.8
26.59,70.2,4.919,36339.7,24524.1,24727
14.95,88.2,0.072,24180.8,13542.2,16354.9
20.51,65.94,0.072,27378.5,20800.4,14764.3
28.76,41.88,4.935,37484.1,23302.9,13294.1
23.57,60.34,4.92,43876.7,26923.8,25867.5
24.7,82.7,4.926,46545.6,28594.9,35036
14.78,67.19,0.082,22290.5,16400.1,10458.6
13.66,76.2,0.083,21006.8,15523.8,9784.39
3.541,80.8,0.085,22584.3,13798.2,14232.3
10.88,43.11,0.087,29660.3,17281.5,18507.3
25.03,67.26,4.924,39278,25717,24695.2
21.42,60.19,0.271,32623,19511.9,15856.2
25.11,48.35,4.926,36100.7,24371.3,22293.7
28.37,31.93,0.08,32935.9,17632.2,18381.9
20.76,86.5,0.069,38997.6,24582.5,23908.4
14.54,69.24,0.084,32749.4,21155,15388.9
21.33,66.43,0.081,44630.5,27702.1,19217.5
15.77,83.5,0.074,38875.3,21490,25792
22.82,49.95,4.903,29081.3,20117.4,21649.7
12.88,85.2,0.079,24131.2,12563.3,16704
23.42,44.6,0.083,39842.6,23642,26461.1
26.04,47.55,0.322,32336.3,19077.8,16285.7
25.72,89.5,4.91,30385.4,21295.9,21709.8
15.63,82.4,0.072,40605.2,21827.3,27520
13.28,81.5,0.077,22740.7,18642.5,6816.81
20.57,86.1,0.067,42392.6,24511.4,26336.5
23.78,49.85,4.924,44006.7,24404.6,18604.7
20.37,72.5,4.913,32854,20842.1,15344.5
17.6,72.7,4.914,39168,19950,22372.3
10.06,76.1,0.086,21739.7,13265.7,13937.3
31.69,35.85,4.915,46169.3,29100,35493.9
7.03,88.3,0.089,26404.1,16792.7,11491
8.65,86.6,0.082,27109.8,16599.4,11971.5
23.28,69.59,0.068,33046.9,21442.8,16222.5
21.36,70.9,4.922,34031.2,22075.5,16702.8
16.89,86.7,0.073,31042.7,18153.7,19085.8
17.95,64.42,0.084,31044.9,26529.6,9000.72
19.86,85,0.069,24871,13565.5,12465.2
20.03,58.15,4.924,28315.8,14429.9,16726.9
22.03,69.76,0.068,32104.9,20377.7,16253.9
10.16,72.6,0.08,30908.4,19787.2,14440.5
16.21,67.22,0.072,21481.4,16915.6,8977.67
12.44,47.4,0.078,21645.6,17213.9,9427.13
23.62,66.66,0.068,36419.1,23937.8,12979
13.57,68.48,0.084,40194.7,34151.6,15581.3
25.69,53.18,0.071,33628.3,20619.2,15210.4
10.78,88,0.084,32261.6,26702.7,14221.4
20.26,40.03,0.084,39335.4,33270.2,17083.4
20.48,82,0.066,39887.7,22980.9,23364.9
29.74,59.55,4.901,40754.7,28298.2,27548.1
22.64,66.79,0.071,32868.9,18314.3,14875.6
16.02,86.2,0.073,22393.8,17981.4,8304.58
19.52,65.81,0.076,36572.3,28703.3,20368.2
21,43.58,0.083,32216.3,19796.3,17576.7
21.51,52.95,0.084,34888.6,20918.1,17681.5
23.02,82.3,4.915,39243.2,24795.8,18486.1
24.84,50.16,4.916,27996.3,17893.7,21118
17.88,72.9,0.071,35576.8,19924.6,20410.2
12.26,81.2,0.086,32492.8,25601.7,9490.52
14.88,69.46,4.919,26417.9,14676.3,12984.8
15.2,88,0.068,30616.7,16548.3,20421.8
21.07,44.94,0.082,46982.8,27819.5,27116.3
21.18,68.27,4.92,36599.6,23152.9,18720
13.65,86.6,0.078,22750.8,17713.6,8356.63
26.24,41.47,0.083,30103.1,17933.1,17478.2
19.6,49.11,0.083,30916.9,25449.2,10652.5
12.76,48.26,0.079,43279.1,31150.7,16278.5
15.46,62.62,0.083,42489.2,23868.3,26082.6
21.46,66.04,0.072,31901.5,26460.7,17551.8
22.25,78,0.125,35814.1,22410.4,11415
15.34,60.85,0.074,33052.6,20220.7,15514.8
12.74,79.5,0.079,24267.6,16464,11351.3
15.53,82.4,0.072,31521.9,16258.7,18676.4
10.92,81.1,0.077,23848.9,15043.9,11049.7
11.26,65.43,0.085,31362.7,19386,15086
20.93,70.7,4.92,26257.7,14459.9,12967.4
13.82,65.3,4.912,25663.7,16187.2,11543.2
14.33,75,4.913,21561.8,10770.1,9960.86
24.63,62.99,4.93,34846.7,19702.7,14503
24.31,83.7,4.922,41602.1,27281,32246.4
17.16,53.77,0.085,38567.5,22576.8,24828.4
24.75,42.31,4.925,46143.7,25948.4,21592.6
5.481,85.4,4.916,22873.8,17821.5,9542.17
25.75,45.55,0.084,37099.7,22272.2,14286.2
20.69,59.35,4.917,26780.2,15369.2,12473.1
13.32,70.5,0.081,22092.3,16899.2,10074.2
12.97,75.9,0.076,40143.8,24477.8,25012
18.47,88.4,0.069,31765,19088.5,18609.2
20.01,42.39,0.087,33747.7,25947.5,10710.4
22.59,63.58,0.078,44579.6,23938.9,26401.5
7.76,89.8,0.075,28946.4,17890.6,18125.2
12.62,86.7,0.07,42882.7,25316.7,26727.6
31.66,32.19,4.927,34847,23027.8,25251.2
14.18,81.9,0.083,38436.5,33404.1,15587
19.96,88.3,0.353,27659.5,16705.2,14344.1
15.9,81,0.072,35384.6,16856.2,23621.8
22.95,56.79,4.923,36589.2,21719.5,16614.7
16.65,56.84,0.089,31270,25583.3,9363.75
13.39,58.44,0.078,39166.5,33205.3,16462.9
14.28,74,0.076,23124,18451.1,9306.12
22.82,88.1,4.917,23979.8,13457.2,12717.7
20.6,64.35,4.917,44732.9,26760.4,25710.1
24.04,81.7,4.914,20730.9,16158.2,17033
16.68,82.7,0.073,34978.5,27847.9,16134.9
12.11,82.2,0.085,22229.7,17243.3,9225.45
23.06,57.73,4.933,34063,19246.2,14514.7
14.1,64.02,0.086,29623.7,18900.9,18333.6
27.31,43.31,0.078,29093.4,19803.8,24552.3
17.43,42.93,0.086,31998.6,19518.3,16298.7
21.54,64.27,4.923,34925.5,23392.5,12453.7
27.46,56.43,4.923,39572,25815.8,25808.7
21.58,56.95,4.92,27186.7,15546.5,12179.5
18.04,62.38,0.087,31935.2,19411.6,16794.2
13.12,75.9,0.074,43114.6,25754.4,25697.1
11.72,79.2,0.089,42562.7,25884.1,25409
20.51,60.96,0.07,37367.6,24037.2,16253.9
17.16,86.9,0.067,38677.8,21929.3,23318.7
12.72,78.9,0.073,38836.9,33013.6,16695.9
16.74,63.54,0.082,27534.7,16302.2,16732
33.63,13.81,4.567,30745.2,20106.5,17431.6
26.65,75.2,4.911,46819.9,31021.5,40338.1
15.64,57.74,0.084,28366.8,18496,13679.3
23.36,63.83,0.083,34906.6,22354.4,13364.1
21.35,87.2,0.3,37694.9,25113.9,15320.8
30.15,46.12,4.905,38817.7,28921.6,26404.5
10.82,87.3,0.079,25484.4,20049.1,7393.04
25.03,59.69,4.921,43905.8,25991.7,19089.1
17.45,64.05,4.923,38695.4,30216.9,16458.8
14.33,67.71,0.085,44426.4,26458.4,25511.9
12.04,78.8,0.082,25024.1,13864.8,15988.4
23.96,43.47,0.078,33187.7,17806.8,17728.9
20.25,84.9,0.246,25416.6,14852.8,11208.2
18.33,76.9,0.069,44455.9,26507.7,25628.5
21.23,79.2,4.919,32775.9,19104,14920.7
24.34,81.6,4.921,31389.1,20938.5,22997.9
20.36,88.9,0.069,46880.4,29121.2,19480.1
25.57,87.9,4.909,38459.7,27043.7,30003.8
15.97,84.4,0.074,24329.6,11984.1,11525.8
18.72,85.9,4.919,28710.8,16476.9,13138
21.02,57.66,0.081,35428,21200.4,18565.8
16.69,58.28,0.076,31002.3,25281.4,9381.03
23.27,60.19,4.908,47799.7,32806.8,36811
15.52,88.6,0.072,28178.5,23180.6,14833.7
19.62,68.61,0.069,30258.5,24318.6,17534.5
25.06,48.85,0.082,39469.2,24624.9,16731.4
21.43,69.56,0.079,22460.9,12531.3,11327.6
28.91,37.62,4.92,43860.2,30186.1,39645.2
16.57,84.2,4.917,28189.4,18490.4,12767.6
14.57,64.56,0.078,39996.6,24824.3,23908.3
16.98,79.6,0.08,29624.6,24314.9,13682.9
32.94,14.5,4.904,47818.9,32544.5,37268.5
19.22,87.8,0.072,30306.2,24427,13580.1
14.96,87.1,0.072,27727.4,14887.6,18164.4
20.14,79.2,4.918,30923.8,20035.3,13971.1
27.74,45.82,4.924,35921.2,25237.3,13591.7
21.53,71.7,0.274,27793.3,16911,13120.3
14.29,65.07,0.083,31625.1,19871.1,15537.5
29.21,43.08,0.072,40057.9,27530.3,26037.4
15.56,86,0.072,27429.8,16493.3,14103.3
19.18,74.5,0.069,26012.3,20030.6,12300.7
26.11,45.12,4.924,32795.4,22100.4,11228.2
15.59,76.7,0.078,19451.8,11717.6,13099.9
27.1,56.2,4.921,29372.2,17741.8,22195.2
14.38,78.5,0.083,33575.7,27682.1,13939
18.95,78,0.07,22713.8,16780.2,10427
17.82,84.3,4.913,25586,16267.2,11876
14.06,64.57,0.083,29501.7,15290,11508.4
15.28,67.16,0.08,22191.9,13283.9,13754.5
12.22,62.16,0.088,32052.2,19535.6,15659.1
18.63,87.8,4.919,26397.9,14879,11890.7
10.4,74.1,0.082,21156.5,12390.3,10039.5
24.06,61.85,0.057,35869.7,22569.2,20210.2
9.27,80.6,0.082,25028.1,20568.3,11057.9
10.36,73.8,0.087,22588.5,13236.5,14304.5
20.72,78.7,0.075,43511.5,24242,26377.8
18.98,82.4,0.074,42135,24778,17986.1
19.07,93.2,0.069,31617,20711.2,9471.61
26.76,69.66,4.932,37788.4,23945.5,22709
30.47,44.16,4.908,42450.5,33930.4,29113.3
24.65,90.1,4.915,30538.9,21486,23918.7
16.83,72.2,4.911,23586.8,13955,14804.8
25.21,67.55,4.926,31114.2,17708.1,21108.2
24.35,89,4.916,33332.6,20786.5,20391.7
17.56,73.7,0.079,42434.3,21721,28462.5
20.33,60.31,4.917,41375.4,25229.9,25964.3
27.42,44.85,0.074,28615,19215.2,23919.7
11.51,87.6,0.081,34981,29044.5,15206.7
13.43,69.86,0.076,41608.1,26874.2,25538.3
15.74,66.24,0.085,37928.1,22872.9,18055.7
26.34,49.77,0.081,32721.8,20247.7,14778.9
15.7,83.6,0.085,23269.4,13652.1,10984.7
18.29,82.5,4.922,40817.3,24553.6,24497.5
14.5,64.43,0.081,24280,14554,15435.6
16.41,57.03,0.081,33935,21011,16287.1
16.1,86.4,0.072,37511.3,20613.8,24820.4
29.65,67.06,4.908,37456,25105,27373.5
14.15,75.2,0.081,43102.4,26104.6,25506.1
18.62,60.81,0.084,28739.2,21846,9110.2
17.63,60.78,0.087,30892.8,24950,9536.61
19.71,62.63,4.909,28455.5,19891.1,22750.8
13.55,66.05,0.082,32503.7,19944.1,19699.8
15.12,82.9,0.077,43461.3,26607.9,25486.3
18.88,58.11,0.078,26445.6,21488.8,11461.2
5.936,88,0.082,18500.4,13598,6569.03
20.57,49.77,4.92,34854.1,20418.3,18191.6
16.16,57.18,4.915,35477.5,21253.5,20651.6
13.66,87.1,0.075,34676.8,29449.5,14492.2
14.13,76.3,0.08,44560.7,26735.6,25755
13.68,69.01,0.074,42748.5,25086.9,26577
10.5,58.7,0.084,22146.8,13699.7,13856.4
20.76,82.3,0.077,32058.1,19060.6,14659.7
16.71,71.4,0.083,39563.6,21365.4,25972.4
7.9,78.4,0.083,25861.6,21514.6,11709
13.2,83.1,0.08,18414.6,10264.8,10560
17.88,69.11,0.086,22731.2,17749.8,11239.9
11.88,73.8,0.088,33417.7,20735.6,15938.3
28.33,29.35,4.921,37024.1,22556,13031.5
11.94,77.1,4.913,42522.7,25342.2,25674
13.54,69.11,0.085,40346.8,34519.8,15517.9
20.73,73.6,4.917,27927.1,16503.1,13820.5
19.77,77.3,0.073,40381.5,33586.4,19367.7
15.97,66.01,0.082,25381.8,15339.9,15356.1
11.77,80.4,0.083,24012.2,18270.6,7346.94
24.04,85.9,4.915,23556.7,15645.6,16653.4
27.25,40.25,4.905,29233.8,19921.5,27022.6
28.44,69.56,4.925,37328.1,21983.9,17424.5
12.57,74.9,0.089,31181.8,20421.9,20038.6
8.07,87.9,0.082,21791.6,16724.1,9369.51
24.15,49.42,4.923,45670.4,25689.2,19328.4
23.71,66.79,0.272,34732,23684.4,11873
15.73,74.5,0.073,21390.1,15962,9000.72
19.39,87.9,4.916,37078,22172.1,22439.5
9.9,76.1,0.083,23775.2,14826.7,15047.7
22.08,57.6,0.086,44731.9,23315.9,27673.5
22.17,65.93,4.918,36159,23977.7,17938.8
18.25,61.29,0.089,44455.5,26996.3,26082.9
14.85,89.3,0.067,28942.6,16995.5,17768.7
21.43,58.61,4.92,29921.8,24602.5,10685.5
19.01,69.83,0.074,31484.7,18956.8,17815.3
24.55,92.4,4.916,32226.6,19820.9,15642.9
17.09,50.23,0.081,19005.6,13397,14076.1
26.63,36.18,4.92,45315.4,25671.5,19798.2
28.29,48.18,0.068,39559.2,26640.8,28824.1
24.53,92.6,4.924,38293.5,23265,18074.5
13.95,68.98,0.081,32675.3,26978.8,10210.8
17.32,85.7,4.916,25044,15916.2,11549.2
23.59,42.43,0.083,44783.2,26407.4,25803.4
15.72,86.9,0.07,33413,20111.6,17937.5
11.37,80,0.083,29045.1,17411,17431
13.72,83.4,0.084,26313.4,16592,11572.5
25.74,64.82,0.267,34840.4,21296.9,15903.2
21.93,91.5,4.919,35891.7,23265.3,14020.5
9.43,75.1,4.922,28886.2,23734.7,13087.2
36.96,19.61,4.908,42782.2,30440.5,32740.4
12.54,71.3,4.918,23138,12497.6,14469.7
29.18,42.38,0.072,42544.7,28891.2,26976.3
7.14,89.5,0.082,23184.8,18281.7,9893.88
17.42,51.03,0.086,33791.2,20524,15688
28.6,45.82,4.924,34048.6,19368.5,16991.1
13.41,52.04,0.087,39695,23323.2,23481.3
33.1,33.31,4.911,39809.7,28500,30137.6
20.06,86.6,0.068,38247.4,21772.1,22821.4
11.55,85.8,0.068,37538,19803.7,24503.2
28.16,31.11,4.908,44242.9,29240.5,41109.3
12.91,68.22,0.087,21698.5,16609.1,10166.7
13.01,56.59,0.082,32513.4,21113.4,16200
26.34,71,4.926,35465.8,23878.5,24642.7
25.92,82.4,4.921,44111,28925.4,36720.8
21.98,78.6,4.915,23027.3,16798.8,16151.6
10.1,74.3,0.081,26503.3,17263.2,12451.1
20.42,80.5,4.915,44561.2,27168,18750.6
17.39,81.9,4.921,37115.8,23658.2,17769.7
15.9,54.69,0.079,35286.1,23015.2,17395.8
15.32,63.25,0.078,36140.3,27786,24568.3
23.85,86.2,4.914,30649.8,20502.5,24425.8
29.38,55.83,4.91,36620.3,24360.8,26896.1
15.33,59.16,0.076,29292.2,19728.9,19072.8
20.13,89.8,0.073,45349,28019.5,19223.3
22.76,75.5,0.07,29995.2,23302.7,16352.5
23.08,77.8,0.279,44563.5,25435.8,22545.8
29.26,67.99,4.906,37590.2,24523.3,26031.3
19.61,53.71,0.081,44210.9,27157.2,26820.9
32.09,35.45,4.909,34598.3,23213.9,31842.7
17.6,67.37,0.085,29054.2,20679.8,15127.3
20.25,73.1,0.073,32039.2,25024.5,10259.5
19.06,52.12,0.08,30916.9,25605.4,10016.4
20.53,89.6,4.917,21011.9,11810.4,14172.6
10.16,78.4,4.92,24768,14030.5,12019.4
21.91,60.35,0.27,40383.7,23676.9,19704
15.85,83.1,0.076,34789.4,21453.4,18746.2
14.65,55.3,0.086,24855.4,19855.8,11074.7
18.25,71.5,0.079,26477.1,15715.2,16306.4
23.22,52.86,4.924,29284.8,20624.1,20611.9
9.17,59.77,0.082,21691.1,13812.8,13839
28.54,57.93,4.91,37239.1,24854.4,28908.5
21.37,70,4.917,32366.9,18324.9,11730.1
12.62,80,0.077,23436.8,16046,11136
18.48,70.7,0.199,22084.2,12659.9,10308
16.18,63.94,0.087,21329.3,15660,9248.5
12,53.16,4.915,34541.7,21184.2,16573.7
10.29,86.9,0.083,21152.9,16735.2,9081.39
21.48,63.53,4.923,31399.9,21886.1,14977.2
24.04,47.96,0.086,36513.6,23724.9,12237.8
11.23,66.84,4.919,22948.5,13240.1,14264
16.54,89.8,4.919,23644.3,14726.9,14277.6
16.51,76.6,0.07,27032.9,16628.9,13300.4
13.36,68.56,0.086,37067.8,23204.9,22542.2
22.11,58.14,0.074,39329.2,32444.6,17974
20.3,89.2,0.066,40053,25016.6,24298.3
9.08,67.28,0.079,24109.4,15366.6,15348.4
18.17,88,0.072,32595.9,19660.7,19437.1
16.93,78.7,4.911,27401,17690,11304.1
16.9,63.84,0.079,35193.8,29205.4,15678.1
21.88,68.94,4.919,34182.3,22302.2,17309.1
19.85,53.1,0.084,32378.6,15922,16531
17.77,89.8,0.072,21541.8,13500.9,11864
19.22,61.2,0.088,34808,21343.4,17198.5
18.32,89.6,0.07,24108.1,14807.9,13475.4
15.38,87.7,0.069,24676.9,15089.2,11659.6
19.71,46.88,4.904,28199.1,18623.4,19290.3
10.99,56.05,0.085,40863.1,23412.8,25164.5
18,69.05,0.082,23166,17951.5,10988.9
19.89,72.9,0.35,26270.4,14968.8,13338
19.9,61.15,0.08,42856.9,25664.4,25517.7
24.7,34.67,4.92,33817.2,22837.2,16755.3
28.57,43.6,4.921,32309.4,20073.2,19666.7
26.6,63.8,4.911,39152.7,28424.1,30661.8
28.19,61.82,4.908,41347,29206.3,38199.2
28.61,34.29,4.918,37980.4,23029.5,20830.5
17.53,74.6,0.076,45026,23986.6,28782.5
22.65,71.8,4.922,33593.6,20802.9,15761.7
15.78,69.93,0.077,34061.8,20958.1,16620.7
14.03,70.1,0.085,38825.9,33168.5,16249.7
12.58,48.85,0.086,41668.9,25433.4,24908
7.33,88.6,0.085,23841.8,18664.6,9461.7
19.58,87,0.073,30872.6,19032.8,17805.8
19.99,64.08,0.087,31058.5,25233.5,11045.8
18.46,85.7,4.92,38651.8,23747.4,23553
20.77,84.9,0.068,44897.5,25723.9,27961.1
20.57,69.56,0.274,26996.8,15990.4,13061.5
12.22,80.5,4.928,24358.9,18999.7,7127.97
16.5,66.69,0.072,31898.7,20768.4,16227.5
20.34,77.7,4.917,23059.1,12195.8,9725.52
11.12,79.6,0.083,23201.2,14429.3,11915.6
19.78,81.7,0.068,24880,19710.7,11352.3
14.27,71.4,4.918,26153.2,14478.4,12908.9
28.17,30.66,0.077,36209.3,22287.3,17320.8
11.44,84.1,0.075,43800.5,22536.6,24404.5
20.79,68.3,4.922,37166.2,20266.3,19571.2
20.98,85.3,0.068,45940.1,27404.2,27707.1
28.11,73.9,4.904,43260.7,34350.2,37292.5
14.43,56.04,0.083,24266.4,12645.6,15902.2
15.05,50.2,4.918,31649.4,17015.9,16397.4
21.87,75.7,4.918,30845.3,18157.2,16362.2
23.57,66.13,0.068,34750.7,22453.2,18573.8
13.62,69.08,0.081,36662.3,20615.2,18506
9.92,86.6,4.938,19556.9,12652.1,7818.8
24.18,73.4,4.91,30484,19541.8,24763.2
9.96,53.09,0.082,24449.5,15224.3,11496.8
19.3,84.2,0.07,45803,27343.7,26141.5
22.63,70.4,0.07,30198.7,17090.6,16447
17.72,77.3,0.067,25847.6,15945.5,15321.1
12.07,81.8,0.072,43807.6,26451.1,25364.8
19.42,70.8,0.071,28567.1,16227.9,14983
15.78,92.4,0.076,22370.4,16057,11706.2
20.15,70.5,0.082,33690.3,26346.5,10609.6
8.71,75,0.084,21886.8,12711.2,14182.9
9.56,84.6,0.088,20611.4,16425.9,9444.42
15.23,87.2,0.069,24664.5,13311.2,16209.5
15.48,75.7,0.08,18683.8,10933.7,10330.7
23.07,44.68,4.92,30870.8,17060.7,14838.3
19.15,68.88,0.076,36252.3,29837.6,16863.6
27.02,56.84,4.918,28946.2,17509.8,21970.7
22.3,88.4,4.916,36197.5,23478.6,14044
20.82,79.5,0.071,22315.2,12147.2,11679.5
26.8,86.1,4.909,39591.2,27747,26085.5
15.02,79.3,0.081,23932.8,12845.6,15872
16.48,56.68,0.081,28077,17460.2,17574.9
17.8,56.39,0.083,33591.8,20323.2,17268.4
10.7,68.16,0.075,24662.3,15454.1,15250.1
17.82,77.8,0.08,43661.9,23645.6,28736
22.09,42.94,0.087,33146.4,17728.7,18123.6
8.09,68.49,0.079,34920.2,29445.8,16053.8
13.98,46.81,0.085,32731.1,20633.4,16441.4
16.36,87.4,0.073,36356.9,30592.6,19009.2
24.32,47.45,0.068,33552.8,21005.6,16557.1
17.94,85.4,4.919,28416,17829.1,17338.3
28.08,29.58,4.921,36696.4,22485.1,12786.4
8.75,79.9,0.079,23385.6,18955.5,10418.2
25.84,39.02,4.909,38159.2,26363.3,29305.6
21.41,86.8,0.348,32731.3,19957.2,17927.2
12.56,77,0.082,21987.7,17074,11612.5
15.6,75.3,0.08,36344.6,29346.7,15944.1
13.55,90.2,0.07,23455.4,11463.5,15005.1
23.43,82.1,0.282,45920.7,27276.9,23169.4
22.5,70.7,4.911,42666.2,28784.8,29726.9
12.77,86.5,4.912,22220.7,17888,8876.35
33.68,24.97,4.905,40275.2,28746.8,27518
24.56,46.09,0.084,34094.3,21497.6,16687.7
13.28,82.8,0.073,28168.1,19192.7,11624.1
15.89,89.2,0.066,23374.8,16665.6,17541.8
24.34,37.78,4.923,37844.4,19639,16722.6
19.92,71.8,4.915,43549.7,25738.9,26885.9
13.68,86.2,0.083,23230.8,17944.2,12011.6
12.8,74.3,0.073,28946,24736.4,12826.9
18.03,56.56,0.079,32881,20604.9,17384.5
21.65,65.46,0.29,31208.5,18946.8,15291.4
13.7,80.8,0.086,35675.2,21285.4,22772.9
16.86,68.4,0.08,19754,11851.4,12581.1
21.56,59.04,4.923,48330.6,25331,28492.8
21.67,56.85,0.082,44147.3,25686.5,28303.8
17.13,63.42,4.918,26209.9,15329.9,12243.6
19.93,76.1,0.071,40332.3,33995.5,19298.3
15.47,62.98,0.079,22527.5,13634,14316.1
13.77,76.2,0.074,34828.5,19856.5,17199
14.39,62.02,0.083,24937.6,15472.3,15410.2
18.81,86.9,0.069,20246.2,16066.1,8697.83
20.35,80.8,0.075,30834.4,17565.9,18467.4
21.13,79.4,0.068,27210.6,13206.2,12559.8
17.08,83.2,4.917,26565.2,17275.5,12406.2
16.68,68.02,0.072,32721.7,21153.7,19155.5
19.2,79.6,0.069,22541.5,17747.1,9576.87
14.85,75.6,0.089,34805.1,21014.6,15967.7
22.6,80.5,0.257,40479.3,23673.2,20668.9
25.08,93.4,4.908,28832,19398.9,19621.3
11.39,81.5,0.089,27059.7,17114.6,12367.7
21.79,44.31,0.08,30859.9,19897.3,14940.6
16.05,84.7,0.072,25309.3,12314.1,14423.3
19.84,75,0.069,22024.6,17765.7,7581.69
12.97,54.57,0.082,43749.2,25564.7,24718.8
23.85,40.55,4.905,24060.6,15957,18322.3
25.42,89.5,4.914,25527.7,14403.8,18695.9
15.45,71.4,0.082,26301.3,16093.7,17437.1
13.65,83.6,0.071,42799,25790.9,25249.2
10.42,88.8,0.08,24290,13719.5,15085.2
12.03,80,0.085,36070,31301.6,15431.5
25.54,33.8,0.071,46359.7,29050.7,27388.1
19.37,84.3,4.921,41157.2,25081.1,24427.5
14.96,69.44,0.076,21162.5,12638.3,14070.4
26.94,66.59,4.907,48095.7,31819,43314.5
9.53,50.45,0.09,27225.8,16570.2,17117.9
28.1,64.94,4.923,39446.1,25629.1,25920
15.8,91.5,0.067,22060.4,15378.8,15458.9
27.38,27.68,4.906,29661.1,19986.1,24522.2
25.98,42.39,0.082,38032.4,24016.2,13615.1
19.1,66.51,0.085,39169.2,32790.5,17598.1
16.29,59.45,4.922,26977.2,16110.6,16771.1
12.94,63.05,0.078,21158.9,15973,9818.97
14.33,87.1,0.07,23598,12831,15214.5
16.05,59.7,0.079,32271.9,21049.2,16290.1
20.12,85.9,0.067,36708.9,20963.8,23660.3
17.4,55.01,0.086,27857,23223.1,11443.9
18.13,48.13,0.076,36042.9,21870.7,16798.1
16.81,49.87,0.08,38406.1,23281.5,20663.1
19.51,67.42,0.16,28398.6,17023.3,14879.5
13.98,53.99,0.087,37944.3,22756.2,24375.9
21.18,58.88,0.072,31286.6,20255.1,18002.9
14.93,74.8,0.072,32194.7,23722,17105.8
17.72,65.8,4.914,31453.1,17772.2,12261.2
14.98,87,0.083,32768.1,18461.9,23092.4
17.29,89.7,4.937,26871.6,17716.2,10656.3
11.77,69.81,0.084,23076.6,13243.8,14015
13.03,65.19,0.086,37726.8,23449.2,26160.2
16.57,89.7,4.915,22170.3,12036.1,7446.57
14.75,62.99,0.085,43704.3,26928.9,25613.5
22.94,79.8,0.257,42250.6,24765.9,21233.7
25.05,31.33,4.921,32356.7,22157.3,15682.6
17.54,50.01,4.917,32105.3,17288.8,16828.9
26.25,89.4,4.908,41426,28754.4,27951.3
27.1,65.59,4.92,39469.7,25017.5,22769.2
24.07,63.59,0.263,45697.7,25944.7,22045.7
18.74,60.39,4.923,33123.2,20289.2,14811.4
6.094,87.8,0.086,23507.2,19095.4,7571.67
12.91,73.2,0.085,22918,11533.1,13395.6
13.29,40.1,4.922,34370.8,21122.2,16996.3
21,85.7,0.068,45189.9,27089.8,27394
19.12,91.4,4.92,21541.8,13240.9,9992.55
22.12,72.7,0.068,28990.7,16106.4,15767.6
16.26,65.61,0.081,26905.2,16031,16236.4
15.8,69.1,4.921,26840.1,16577.2,9401.58
9.65,58.43,0.083,23750.9,15129.5,15163.4
18.35,89.5,4.918,22322.4,13467.5,10324.9
16.85,90.3,4.913,25478.9,14653.9,11327.4
29.68,48.86,4.907,41994.9,29932.8,25658.2
20.84,89,4.918,24343.3,14991.3,18520.6
25.37,75.7,4.927,37967.4,24006.3,24346.1
14.16,81.6,0.074,38308.7,32807.6,16555.1
21.07,88.7,4.911,28385.8,16675.3,13449.8
28,49.17,4.927,33956,21899.4,22390.2
27.33,30.09,4.924,37497.2,22625.4,20718.3
24.57,55.85,4.918,34050.3,20634.5,12985
12.43,68.46,0.08,38649.4,33466.7,16704.9
15.34,60.2,0.085,33593.9,21913.7,16985.1
13.91,81.6,0.08,35246.3,18270.7,20322.6
20.95,58.69,4.922,26257.7,15638.7,14479.4
18.04,88.1,4.919,31264.1,18948.5,13766.8
20.09,69.72,4.922,26632.1,17932.8,11525.8
12.85,78.5,0.078,27439.7,16620.7,16507.7
9.83,82.5,0.074,23150.3,13503.7,14289.7
26.3,43.78,4.936,31998.6,17577.1,16450.4
17.36,53.92,0.075,25569.2,20971.5,11745.5
10.74,92.5,0.081,19415.6,10125.2,9870.15
25.8,87.8,4.922,38395.7,23565.4,17942.1
13.46,63.89,0.074,40936.9,34556.6,16290
21.7,78.2,0.066,43180.9,26131.8,26407.4
18.01,62.15,0.089,33788.4,20535,19489.2
10.83,72.9,0.08,24870,20229.5,6909
21.01,81.7,0.065,42481.6,25390.9,26862.3
18.97,77.7,0.071,23249.2,17371.5,10698.8
13.87,58.53,0.082,24644.7,16836.5,11699.5
13.5,45.06,0.077,31793.2,25958.9,9623.05
22.12,48.92,0.089,34064,20181.3,18333.1
8.52,89,0.082,24138.3,15268.1,11803.7
21.65,67.32,0.284,30488.5,17367.6,13685.1
10.08,68.16,0.082,22320,18130.2,7315.66
10.92,71.8,0.085,22990.1,18800.9,6759.18
21.45,88.3,4.912,29532.7,19339.7,11455.3
19.85,90.3,4.915,20299.9,11103.1,13428.2
26.44,44.42,0.075,25521.3,17434.2,19310.5
21.29,62.36,0.09,46861.4,28721.6,19976.2
14.47,89.7,0.071,37498.9,19994.3,25925.8
15.5,57.51,0.076,29031.9,15479.6,13621.4
19.58,54.25,0.08,25837.4,18467.8,13493.2
10.52,80.7,0.086,22754.8,12874.9,12084.4
13.21,89.4,4.922,26195.9,16189,13207.3
13.04,58.2,0.086,34657.2,21530.7,17690.6
16.7,59.2,0.082,33593.9,21665.7,17158.6
15.39,74.3,0.081,32819.7,21161,15352.3
14.86,87.8,0.071,33766.4,18201.6,22743.3
15.9,78.2,0.074,25354.2,16424.5,14905.1
29.32,54.6,4.908,36237.6,20119,28390.3
33.53,33.52,4.908,42284.7,27945.6,28077
16.45,89.5,4.92,21818.8,14009.9,10855.4
28.19,29.88,4.915,44262.1,29145.6,36241
14.4,90,0.069,27237.5,12306.7,14504.7
22.09,74.8,0.069,29016.2,21319.3,18780.6
16.06,77.8,0.093,34425.2,21230.5,15932.9
23.71,87.3,4.911,25878.5,17548.1,16376.2
19.07,69.82,0.075,22070.6,13415.5,10826.2
19.34,71.7,4.917,29107.7,21451.2,18870.4
14.97,78.3,0.072,38868.4,33105.9,16272.7
25.25,86.6,4.923,38357.4,23496.9,19404.6
21.64,84,4.916,26353.3,14407.5,12802.6
21.33,55.91,0.08,32243.7,19913.4,15421.9
25.38,87.1,4.907,36209.4,25777.8,24273.9
19.16,85.3,0.068,44405.5,26805,25593.5
14.96,87.3,0.065,42149.1,22839.1,27549.1
20.87,69.47,0.07,40055.4,33017.4,17355.2
15.84,77.7,0.082,26499.7,19048.5,13707.6
15.69,71.5,4.915,25039,15337.4,11138.3
16.53,63.65,0.083,29000.8,22678.1,10412.5
13.4,62.45,4.918,23076.6,13225.5,14101.9
23.27,57.65,4.924,39009.2,23127.4,17367.5
9.11,79.2,0.093,23878.5,14936.2,15579.8
25.57,32.72,4.917,30783,17401.9,17326.6
33.46,33.05,4.913,39937.3,25602.5,31631.8
22.48,75.8,4.917,36114.7,22434.5,12755.5
22.67,70.2,0.068,28189.7,16061.5,16145.7
4.769,75.6,0.082,21776.2,13626.7,14625.5
20.53,76.5,0.291,36809.2,21218.3,20015.9
10.86,53.5,0.076,22022.8,18679.3,7012.73
21.24,63.58,0.07,29126.2,21362,17898.8
25.05,93,4.909,24190.7,16167.7,16768.4
16.91,63.49,4.92,27457.7,16046.9,12517.9
21.41,65.74,4.921,34200.8,22488.8,12302
13.13,78.9,0.076,29760,24032.2,13035.2
20.99,69.28,0.072,39944.6,32827.7,17187.5
13.78,47.5,0.085,42516.6,24572.6,25575.6
23.68,67.44,4.919,29283.2,15058.6,17197.3
7.85,88.3,0.082,21770.8,13097.9,13934
15.17,86.5,0.073,22903.6,10785.3,15133.1
17.37,50.38,0.084,39086.2,23011.4,23982.5
32.23,26.98,4.923,35904.4,22453.2,13261.5
21.85,77.4,0.068,36276.6,21895.6,19678.5
30.05,31.11,4.918,49556.4,31875.9,42615.6
20.61,66.03,0.072,36511.5,23747.4,17658.9
15.1,61.23,0.082,44096.9,26841.3,24846.2
27.3,41.55,4.921,35757.4,22746.5,12576.3
13.32,77.6,4.922,34401.4,21698.5,16585.3
15.47,77.4,0.082,33650.8,22340.4,17534.7
25.96,47.88,0.077,23448.2,15421.5,18099.4
20.73,79.7,0.31,26996.8,18224.5,9296.02
14.38,75.9,0.082,29925.5,23421.9,9150.54
11.06,70.1,0.089,22802,12485.1,13905
17.35,66.82,4.924,43102,24354.9,26309
11.17,77.8,0.076,20129.6,13615.8,13596.1
8.39,86.7,0.085,23653.7,15264.4,15238.6
12.2,79.5,4.92,23875.9,14593.3,14483.9
17.98,57.87,0.087,33741.6,19902.6,16727.3
17.33,74.7,0.084,31402.7,26241.9,11420.8
23.18,82.3,4.92,46914.7,28223.7,20298.3
17.77,64.25,4.922,39126.2,33300,17135.4
15.29,77.9,0.065,43789.4,25980.5,25023.6
6.793,80.7,0.083,21049.4,16775.7,9651.86
16.8,65.1,0.08,44778,24719.8,28288
13.78,47.35,0.085,34584.3,19086.9,18344.1
10.31,84.6,0.085,23738.6,13532.9,11131
9.3,86.3,0.086,32326.8,20520.4,20226.6
24.27,82.8,4.916,23646,15216.5,16147.3
29.04,43.88,4.92,34317.1,20102.2,16329
27.48,76.4,4.909,37225.8,30354.8,32628
27.06,64.32,4.926,36880.6,22748,21547.3
23.52,83,4.917,26620,17361.4,17821.7
23.69,53.62,0.092,46596.8,28266,19427.6
20.84,57.39,0.085,35087,21163.7,18763.6
25.6,36.64,0.071,36382.9,22256.2,19211.6
25.5,55.95,4.906,48637.2,34137.3,40259.8
20.37,76.2,0.067,39760,33329.8,20252.5
11.88,80.8,0.083,23491.5,13316.7,14837.1
16.1,41.69,0.086,30746.4,17686.3,15919.6
13.48,72.3,0.086,30753.1,18179.6,15034.2
22.09,78.1,4.917,29418.1,16447,12073.1
16.05,62.15,0.085,31434.2,25196.7,9974.55
16.64,84.3,0.07,34972.3,29566.1,16574.5
8.04,80.4,0.087,21745.8,14680.9,15105.5
23.94,48.92,0.082,36949.8,19302.4,22883.2
12.21,79.7,4.923,22813.7,18325.9,6857.14
24.1,53.65,0.278,37089.6,23759.3,14202.9
24.89,61.32,4.925,47296.3,27866.4,19450.9
14.79,62.58,0.077,33873.7,20762.2,17773.5
19.86,84.6,4.915,30291,20335.1,11590.6
22.56,46.09,4.933,25257.3,14313.9,12714.4
19.24,70.9,0.07,37113.8,30797.1,17071.8
24.28,50,0.084,32905.5,17590.2,18348.4
21.58,52.68,4.918,26652.7,15298.1,12390.8
8.47,86.9,0.089,21679,13980.5,14116.6
19.62,78.1,4.919,33653.5,21614.9,15636
11.85,67.08,0.085,44081,27698.5,26914.7
24.43,78.2,4.913,29846.1,22784.8,21907.3
14.58,84.5,4.915,24218.5,18373.4,10854.7
14.27,56.96,4.917,32870.9,19907.6,15718.6
21.22,41.81,0.085,32451.9,20016.3,17629.1
27.22,36.05,4.905,29739.8,21204.6,21625.6
20.49,67.9,4.918,29813.5,20760.4,14161
20.38,78.9,4.91,28269.4,17920.2,18273.1
26.89,62.99,4.91,48051,31291.1,39711.5
20.38,71.7,4.922,35302.8,21351.1,19757.7
21.39,74.4,4.911,31587.3,21421.3,22245.5
20.92,63.51,0.073,29366.2,21209.5,17939.3
23.27,66.42,0.314,41396.8,25327.2,23322.4
9.68,94.1,0.086,31416,24346.1,8689.56
16.09,86.3,0.072,42583.1,22817.1,27828.4
20.24,88.4,0.067,39150.2,22834.9,23949.8
8.8,85,0.084,28107.3,18838.9,13642.4
21.77,80,0.065,43842.1,25480.7,28705.5
26.54,47.4,4.914,33640.9,21499.7,17793
27.82,66.92,4.925,40991.3,26686.4,27403.6
19.93,59.15,4.924,29672.9,15410.4,18097.8
19.28,82,4.918,26802.3,17309.1,12453.7
17.11,84.5,4.921,27761.3,17866.3,16522.1
20.26,71.3,0.348,25646,14617,12637.9
24.47,91.7,4.915,30366.3,18501.8,17809.7
27.51,40.65,0.075,27996.3,19674.7,20419.1
24.65,67.41,4.919,35704.4,20252.8,23311.8
16.96,56.14,0.087,23126.2,18048.3,10386.5
26.84,71.1,4.921,36059,23878.5,25215.1
24.61,75.1,0.298,32170.6,20802.9,15403.1
12.55,71.7,0.082,42060.3,23480.5,25083.9
17.05,85.3,0.068,38332.3,32392.6,20032.8
9.79,83,0.084,22693.7,13269.3,13943.1
22.5,52.66,4.919,30260.7,19648.1,24980.1
23.3,43.82,4.926,40351.5,24281.3,18511.4
17.79,84.6,4.917,25898,16331.9,15793.4
21.17,51.72,0.087,30641.5,15844.4,18053.8
19.18,87.8,0.069,39277.4,23751.8,24794.6
22.12,67.42,4.917,35385.6,23780.9,16731.4
8.63,88.9,0.086,24626.4,14655.3,13650.3
11.83,83.5,0.076,24135.4,16575.6,11508.4
15.18,56.21,0.079,31856.9,19962.3,14958.6
18.98,89.4,4.92,35705.7,20764.1,20900.4
20.44,58.71,0.072,31230.8,25668.6,17465.1
15.44,85.8,0.065,34498,20148.3,18955.6
14.91,78.5,4.913,24155.2,11820.7,14667.1
13.87,85.6,0.083,24240,18974.4,9085.3
21.42,68.83,0.08,32108.5,21570.1,12570.5
10.7,87.7,0.079,23701.8,13701.2,14173.5
17.39,57.81,0.078,29625.6,23960.2,13288.3
15.59,67.29,0.073,28915.6,23053.7,8689.56
16.4,83.2,0.07,27070.1,14616.3,18711.3
15.13,76.1,0.078,44168.2,22189,25031.6
6.205,88,0.083,24431.9,19518.9,7698.44
14.25,66.68,0.086,31270,25542.8,11011.8
25.59,57.34,0.073,34191.3,21850.7,16098.5
24.43,60.19,4.905,33086.5,22629.1,30348.5
22.64,70.3,0.088,34686,21995.9,12908.9
22.93,71.6,4.917,33323.9,21899.4,15585.5
34.81,22.14,4.908,38485.2,27526.5,26187.8
18.88,81.3,0.068,25920,19937.6,11086.3
13.31,88.1,0.079,19357.1,10059.5,10688
15.7,67.33,0.079,36283.7,20390.2,23453.1
11.8,71.7,0.082,20025.2,11114.6,10776.8
23.29,57.33,4.931,33961.1,19126.4,14550
20.54,73.9,4.917,24645.7,14456.1,12761.4
18.11,79.3,0.078,21063.3,13482.4,10989.5
11.4,85.2,0.075,22500.8,13869.5,13807.7
19.23,66.86,0.296,25550.4,15930.6,9749.05
13.18,87.8,4.918,31243.1,24314.9,15180.7
19.95,81.5,4.913,28774.5,20294,8337
12.25,85.3,0.081,23040,12267.1,13912.3
8.92,56.03,0.086,41900.3,24817,25095.1
27.33,77.1,4.925,36567.4,22839.3,17833.7
24.8,85.6,4.914,42661,27660.8,35795.1
16.28,67.72,4.923,29526.2,22578.1,8298.8
19.72,84.5,0.068,44972.1,25448.9,26036.6
10.69,72.7,0.084,22631.2,12948.3,13806.6
20.26,85.9,0.068,24273.4,15795.8,12258.5
20.18,66.24,0.072,32892.3,27066.9,17025.5
14.54,90.2,0.072,22637.1,14095.4,13257.3
15.66,58.01,0.083,43712.5,26210.3,25326.6
25.66,92.7,4.908,30398.2,18205.3,18032.4
16.21,59.33,0.08,32174.2,20958.1,16232.2
16.7,91.1,0.072,22460.9,12754.2,10598.9
30.77,61.22,4.903,49621.7,35809.9,39934.8
20.81,50.76,4.91,26631.2,17255.7,17310.1
7.8,93.9,0.08,25308,19677.2,7110.68
18.08,77.7,4.921,31513.2,20303.4,14726.5
15.32,66.84,0.083,31272.9,21570.8,15701.2
16.45,60.17,0.082,39410.8,23234,18067.3
15.04,80.9,0.086,30926.7,18586.6,15412.4
14.8,53.58,0.079,37864.6,32376.8,16146
14.8,76.9,4.91,24375.8,11926.8,14701.9
12.09,77.4,0.073,21932.3,17397.5,9449.64
18.08,87.2,4.916,25356.6,16016.1,15408.6
21.51,53.11,0.077,42542.2,25047.7,25832.6
21.72,53.48,0.295,47099.5,31341,18721.5
8.33,89.7,0.079,23168.1,13564.7,14611.3
11.96,64.2,4.921,39661.5,33274,17204.8
33.82,31.14,4.907,40371,27000,27739.6
20.14,88,0.067,23917.4,14886.5,14267.1
29.82,41.63,4.919,34528.1,22473.4,27215.4
20.86,78.3,4.921,43376.5,25480.1,18558.1
13.98,70.9,0.073,33876.6,20338,18680.9
25.68,76.4,4.919,30905,24896.2,21069.8
22.21,71.6,0.072,39091.1,24610,17151.6
15.76,84.2,0.074,33289,19514.1,18007.3
21.86,82.5,4.917,36085.1,22899.6,11152.3
24.45,60.49,4.901,26441,17821.3,17135.5
16.67,81.9,0.098,27545.9,16995.4,11450
7.34,87.3,0.082,21165,16676.3,9755.58
23.78,77.5,4.911,26447.4,17247.3,19103.7
15.78,55.37,0.085,31030.5,17652.4,16414.8
11.61,90.4,0.082,24179.7,14367.1,15120
21.09,61.44,0.072,30110.8,24534.3,11832.3
22.05,82.2,4.92,47326.1,27632.4,33248.5
19.78,43.22,0.085,32809.1,25550.2,9790.16
17.84,62.15,0.086,33806.3,19496.3,17018.7
7.09,89.2,0.084,22114.1,15170.3,9530.85
19.5,91.7,0.066,26915.7,16905.8,11817.6
16.23,80.8,0.083,26392.6,15505.4,12862.2
17.83,72.6,0.069,29015.4,25713.2,12237.1
27.89,35.91,4.903,38159.2,24941.5,26362.4
18.68,74.1,0.069,26489.7,16658.8,12458.6
26.42,79.4,4.918,37922.7,24770.4,28186.1
17.84,65.13,0.071,31667.7,26988.8,8373.98
13.23,59.95,0.085,23199.3,13265.9,14591.6
10.84,91.5,0.083,22149.2,12207.9,14235
16.18,83.7,0.081,31396.9,20019.4,10930.1
27.15,75.6,4.919,37635,24679.2,27867.1
13.96,71.1,0.085,27595.4,22170,12636.7
20.76,83.7,0.082,33677.7,25846.1,12348.7
20,57.39,0.084,45991,27965.5,27949.3
13.19,50.22,0.082,29984.8,19626.7,17424.6
18.49,76.4,0.07,25797.2,16201.9,12149.6
32.48,31.38,4.905,40332.8,27827.8,30426.8
16.83,64.49,4.923,37784.6,31652.5,16285.3
16.55,64.51,0.078,27005.9,16079.3,16527.9
21.56,65.33,4.924,32385.8,18433.2,13440
13.47,84.3,0.079,34878.6,20831.7,20676.8
22.24,64.68,0.081,44859.3,23545.9,25905.2
21.47,45.18,0.083,41769.5,24979.2,23884.8
24.28,38.14,4.918,37194.9,20154.9,16554.2
16.2,65.05,0.075,37243.9,22474.4,17663.2
29.29,39.81,4.904,42397.7,28743,27433.7
25.5,62.5,4.908,35708.2,25781,28384.3
22.9,74.9,0.07,30300.4,24410.4,16925.5
20.5,80.1,4.917,36381.3,23019.1,13247.4
15.64,66.63,0.079,23802.9,14617,11531.8
21.64,70.5,4.923,36933.2,22703.4,18259.4
17.84,57.68,0.077,32304.2,25697.5,10066.7
11.89,67.81,4.919,23973.6,14133.7,15155.5
23.61,66.86,4.989,34419.8,23553.4,14355.9
26.47,58.51,4.922,29855.4,17696.9,21888
14.64,81.4,0.08,34987.1,22438.9,17430.5
24.05,49.22,4.921,44668.4,24834,18931.6
11.52,86,4.915,19563.1,13031.4,9698.31
13.06,67.81,0.08,27214.2,17460.2,17765.8
13.4,73.4,0.085,39159.5,24328.3,23849.6
24.3,68.58,4.918,29232.3,16342.2,20133.4
22.21,50.48,0.071,33028.1,20509.8,15514.8
21.43,70.4,0.066,33024,20574.6,16271.4
24.27,67.55,4.924,35373.8,20054.5,20659.2
12.53,61.85,0.083,29526.1,18040.1,18420.4
17.71,66.45,0.081,21743,16322.8,9444.42
16.18,68.19,0.072,21481.4,17659.4,9236.97
26.72,50.18,4.924,36639.6,25237.3,13264.9
31.39,33.68,0.077,42730.1,29301.8,27168.9
20.06,63.69,0.072,31425,19839,19209.7
27.03,45.08,0.075,31919.2,22150.6,27890.2
21.97,67.77,4.917,34270.4,22413.6,17536.5
25.24,52.95,4.924,39923,23265.6,17513.4
8.15,87.6,0.079,22655.5,17935.6,8689.56
21.05,41.52,4.91,26818.2,20254.3,15739.2
21.35,78.8,0.079,44147.3,26958.8,26401.5
18.45,67.18,0.072,25520,20175.6,13717.6
33.01,26.18,4.904,40185.7,28857,31977.9
21.66,63.33,0.077,33716.5,21923.2,15589.3
24.8,53.55,4.907,27843.2,18539.2,18183.8
21.9,63.71,0.081,25824.6,12027.4,11886.3
9.03,79.8,0.086,23696.2,14830.4,11196.1
18.29,67.07,0.073,43133.9,24910.2,26024.9
18.31,78.2,0.069,40993.6,25032.8,23786.2
18.09,84.9,4.913,28038.3,17858.8,17414.1
17.43,82.2,4.918,26326,18189.5,12184.6
15.03,53.34,0.085,35966.5,30973.9,15408.4
25.53,67.69,0.26,36936.6,22142.6,16256.3
29.12,44.36,4.92,34076.8,22707.7,21905.7
22.59,73.2,0.066,34641.9,22522.4,12990.6
12.03,50.98,0.084,32204.7,19116.1,17280
16.36,55.99,0.082,34378.7,30274.3,14486.4
24.37,91.9,4.918,39789.4,24264.8,19175.9
23.62,85.9,4.916,37917.9,23025.8,13585.1
14.45,35.95,0.077,30588.6,26621.7,10401
22.57,72.9,4.922,42806.8,25466.1,22624.7
12.08,86.3,4.917,32070.5,21012.8,16903.7
28.55,47.62,4.908,42020.5,28727.8,26326.3
21.08,67.41,0.07,31673.8,26297.1,17199
18.28,87.2,4.913,21818.8,13783.3,10977.8
7.48,73.3,0.084,21736.9,17320.7,9692.2
23.2,50.73,4.926,46525,27546.4,28209.2
15.03,86.8,0.072,24453.6,14839.9,12433.5
17.79,69.18,0.084,22592.6,17518.3,11099.8
21.79,67.89,4.92,32953,22548.5,16007.8
9.11,91.3,0.081,22844.1,18377.4,9421.37
13.81,57.74,0.073,41747.7,24362.2,25409
25.94,87.8,4.913,29816.5,20702.9,23052
26.77,84.7,4.91,51085.6,35125.7,40314
10.99,66.15,0.089,35671.9,23044.4,22461.7
17.95,43.87,0.088,35027.8,22107,16626.5
18.07,87.9,0.238,23033.6,13924.7,9925.56
21.1,67.73,4.919,34396.3,21990.1,17134.3
11.44,80.7,0.085,24022.4,14545.9,13777.7
28.86,47.62,4.924,37507.1,24435.9,24960
15.51,83,0.082,24719,15014.6,14597.4
22.37,65.93,4.919,43899.5,28449,18540.5
26.45,77.8,4.902,49033.5,34464.2,38321.8
27.97,39.18,4.904,38402.1,25314,26633.2
8.84,51.22,0.082,44469.9,26680.9,25758.1
10.6,87.3,0.081,22721.4,13254.9,13941.3
12.03,67.11,0.083,23544.3,10942.2,12069.4
15.64,63.57,0.075,29778.2,17693.6,16979.3
22.7,71.2,0.066,36015.8,23172.2,13229.9
23.23,39.01,4.923,36612.2,25623.5,17775.5
10.61,73,0.087,29025.8,18481.5,12868.8
24.43,58.85,4.925,36720,21551.4,14591.2
9.5,86.3,4.912,41479.3,24787.8,25286.1
23.28,39.92,4.918,36853.9,22556,13632.6
18.85,62.53,0.071,32116.9,26981.4,10820.2
11.63,88.7,0.071,40033.2,24900.9,24915.6
25.93,52.05,4.924,33192.5,17798.3,13194.9
23.14,71.9,4.928,35808.8,22202.5,13726.3
18.03,81.7,4.914,25201.6,16110.4,10784.7
16.21,56.64,0.083,39530.1,24609.1,24786.5
21.9,72.5,0.105,44914.1,28445.2,19100.8
20.92,87.5,0.065,36619.9,22906,23175.9
24.07,61.72,0.306,37083.2,22988.4,22181
20.76,70.1,0.069,39895.4,32965.3,17563.4
19.98,79.9,4.914,26361.1,16636.9,12471.2
27.42,74.1,4.905,41451.5,31677.7,27837
12.26,62.7,0.092,31817.5,27181.3,8908.52
20.32,79.3,4.916,39242.4,24333.6,17274.2
27.92,33.31,4.906,50219.8,34181,46604.2
18.04,72.6,0.076,25923.1,15462.5,16044
15.27,78.4,0.08,25495.3,16269.7,15976.7
17.71,80.6,0.085,41693.8,34002.1,19818.6
16,80.9,0.073,24317.2,13175.6,15470.5
30.77,30.48,4.908,34081.6,23175.9,33481.5
15.27,77.5,0.084,23759.2,12885.9,15598.5
18.97,81.1,0.069,20987.8,11847.7,10896.2
24.29,51.92,4.916,32997.2,22640.5,29324.2
11.24,90.2,0.085,22655.6,12612.8,14651.8
16.54,89.2,4.916,22876.1,12760.6,7843.4
16.19,80.6,0.07,24763.7,14696.9,11863.3
24.37,89.8,4.918,27988.1,17311.9,16636
19.43,83.1,4.924,45765.2,27354.8,25692.6
28.96,60.3,4.917,40817.5,22063.3,24052.2
15.77,78.1,4.918,25104.8,15117,15006.3
13.79,89.3,0.072,23467.8,13164.6,15348.4
27.03,50.72,0.256,34005.7,22004.2,12296.6
15.61,76.1,0.083,20921.7,15475.9,6678.51
8.93,53.09,0.081,39075.3,23212.2,24967.7
18.57,66.88,4.911,38284.5,30835.3,17793.6
16.64,71.9,0.072,33685.1,21370.2,16296.9
19.39,87.1,4.914,33747,21622.4,11263.2
15.01,58.31,0.082,22789.8,13641.3,13441.9
15.66,58.24,4.916,39505.8,22913.1,24694
13.36,78.4,0.084,22874.5,18395.8,9842.02
11.23,63.75,0.083,23357.3,14148.3,14721.3
18.47,74.5,0.07,23644.3,10974.6,11671.6
13.73,48.45,4.916,34145.1,20721,16967.4
14.07,66.28,0.081,34547.8,23172,21605.8
11.24,66.11,0.083,34016.9,21355.6,15664.9
19.79,85.2,4.916,28264.8,18677.3,10225.6
15.29,49.72,0.089,31957.4,26039.9,10262.7
17.06,89.6,4.965,24867.6,17701.2,7837.57
13.7,41.89,0.076,30174.9,25583.3,9726.77
22.75,79.5,4.91,27269.1,16769.6,21202.3
21.25,48.52,0.081,35208.5,20054.5,16730.6
30.1,34.92,4.905,43311.6,30486.1,29029
25.11,58.81,4.924,42316.5,26441.8,33734.6
15.18,87.5,0.067,25135.7,13952.7,16797.1
31.08,41.38,4.91,41417.1,26346.8,34939.6
13.14,89.7,4.922,34801.8,17402.4,17099.6
20.93,63.87,0.109,26966.1,17066.4,12039.4
13.49,71.7,0.081,42077.3,25535.6,25071.9
24.88,68.59,0.265,46863.7,28186.3,23716.6
27.28,68.65,4.919,31306.8,19815.2,25082.5
19.33,60.42,4.902,29746.1,20725.7,22937.7
25.58,42.21,4.919,36898,22922,12944
24.64,56.92,0.067,32432.3,18876.8,17699.8
15.8,88.5,0.072,29023.2,17563.7,14464
20.82,66.7,0.083,26695.1,20968.9,12868.1
22.31,78.4,4.919,48036.1,28414.6,21110.2
16.68,76.7,4.912,33180.8,19535.6,16337.3
25.48,68.22,0.291,34222.3,21139.7,16079.8
10.62,82.9,0.075,37031.2,21793.3,22507.4
10.89,43.64,0.09,31008.8,17204.9,17135.3
13.44,74.7,0.076,43328.1,25619.5,25963.4
15.34,87.4,0.067,34336.8,18483.9,22469.8
11.71,90.8,0.074,23714,13756.1,14423.2
