DATE_TIME,SOURCE_KEY,DC_POWER,AC_POWER,DAILY_YIELD,TOTAL_YIELD
2020-06-10 19:00:00,uHbuxQJl8lW7ozc,0,0,6645,7.24051e+06
2020-05-28 00:15:00,rGa61gmuvPhdLxV,0,0,0,7.20655e+06
2020-05-17 15:15:00,sjndEbLyjtCKgGv,7333.88,718.062,6442,7.03606e+06
2020-06-01 04:15:00,ih0vzX44oOqAx2f,0,0,0,6.30823e+06
2020-05-17 09:00:00,z9Y9gH1T5YWrNuG,7665.5,750.438,961.375,7.0217e+06
2020-06-11 20:30:00,ih0vzX44oOqAx2f,0,0,5521,6.38655e+06
2020-05-22 01:30:00,ih0vzX44oOqAx2f,0,0,0,6.23354e+06
2020-05-31 13:45:00,1BY6WEcLGh8j5v7,3661.14,358.714,4605.86,6.37673e+06
2020-06-10 14:45:00,zVJPv84UY57bAof,962.875,93.5125,5609.75,7.31607e+06
2020-05-21 16:00:00,adLQvlD726eNBSB,4058.75,398.688,7573.12,6.32119e+06
2020-06-14 17:45:00,3PZuoBAID5Wc2HD,568,54.9625,7480.12,7.2182e+06
2020-05-26 12:15:00,bvBOhCH3iADSZry,11830.1,1153.83,4028.14,6.39636e+06
2020-06-11 07:00:00,pkci93gMrogZuBj,822.857,79.8571,35.1429,7.36933e+06
2020-06-01 19:45:00,ZoEaEvLYb1n2sOq,0,0,5796,7.22844e+06
2020-06-01 08:00:00,uHbuxQJl8lW7ozc,6027.71,590.614,482.143,7.16584e+06
2020-05-22 20:15:00,ZnxXDlPa8U1GXgE,0,0,7275,6.57914e+06
2020-05-22 06:45:00,sjndEbLyjtCKgGv,1182,114.943,55.1429,7.06594e+06
2020-05-31 07:45:00,3PZuoBAID5Wc2HD,2253.12,220.887,197.875,7.10969e+06
2020-05-15 22:45:00,WRmjgnKYAwPKWDb,0,0,0,7.03482e+06
2020-05-19 13:30:00,rGa61gmuvPhdLxV,7763.43,759.929,4325.29,7.14123e+06
2020-05-31 01:15:00,1IF53ai7Xc0U56Y,0,0,0,6.30554e+06
2020-05-29 19:00:00,WRmjgnKYAwPKWDb,0,0,8038,7.1409e+06
2020-05-15 01:15:00,McdE0feGgRqW7Ca,0,0,0,7.15896e+06
2020-06-08 18:15:00,zBIq5rxdHJRwDNY,453.625,43.875,8350.5,6.52326e+06
2020-06-17 04:30:00,ih0vzX44oOqAx2f,0,0,0,6.42037e+06
2020-06-04 18:00:00,WRmjgnKYAwPKWDb,780.857,75.7714,8022,7.18265e+06
2020-05-27 13:00:00,1BY6WEcLGh8j5v7,7683,751.625,4121.38,6.34779e+06
2020-05-25 20:30:00,pkci93gMrogZuBj,0,0,8812,7.25052e+06
2020-06-04 05:00:00,wCURE6d3bPkepu2,0,0,0,6.93078e+06
2020-06-08 20:00:00,McdE0feGgRqW7Ca,0,0,8580,7.34678e+06
2020-06-02 14:00:00,pkci93gMrogZuBj,6763.88,662.487,5415.62,7.30572e+06
2020-05-30 03:30:00,uHbuxQJl8lW7ozc,0,0,0,7.15193e+06
2020-05-19 19:30:00,ZoEaEvLYb1n2sOq,0,0,6805,7.13033e+06
2020-06-16 10:45:00,WRmjgnKYAwPKWDb,8655.29,846.471,2375.14,7.26369e+06
2020-05-27 23:30:00,ih0vzX44oOqAx2f,0,0,6564,6.27886e+06
2020-05-23 02:45:00,bvBOhCH3iADSZry,0,0,0,6.36891e+06
2020-06-14 03:00:00,iCRJl6heRkivqQ3,0,0,0,7.39986e+06
2020-06-08 05:15:00,zVJPv84UY57bAof,0,0,0,7.29379e+06
2020-05-23 07:45:00,bvBOhCH3iADSZry,3447.86,338.957,214.571,6.36912e+06
2020-05-27 04:45:00,1IF53ai7Xc0U56Y,0,0,0,6.27464e+06
2020-06-15 22:15:00,1IF53ai7Xc0U56Y,0,0,6846,6.42121e+06
2020-06-12 04:15:00,wCURE6d3bPkepu2,0,0,0,6.98805e+06
2020-05-17 12:30:00,3PZuoBAID5Wc2HD,7456.12,729.225,4564.5,7.00525e+06
2020-05-31 07:30:00,ZoEaEvLYb1n2sOq,1954.29,191.571,142.143,7.21699e+06
2020-05-25 02:00:00,zVJPv84UY57bAof,0,0,0,7.1888e+06
2020-06-13 23:30:00,3PZuoBAID5Wc2HD,0,0,8633,7.21072e+06
2020-06-15 14:30:00,wCURE6d3bPkepu2,10571.3,1032.07,5366.57,7.01506e+06
2020-05-28 08:30:00,zBIq5rxdHJRwDNY,6311.43,618.343,652,6.43474e+06
2020-05-25 10:15:00,z9Y9gH1T5YWrNuG,11050.1,1079.86,2174.29,7.08281e+06
2020-06-11 12:00:00,uHbuxQJl8lW7ozc,9306,910.257,2308,7.24282e+06
2020-06-11 15:00:00,wCURE6d3bPkepu2,7624.5,746.325,4481.75,6.98688e+06
2020-06-17 23:30:00,McdE0feGgRqW7Ca,0,0,5992,7.40859e+06
2020-06-12 17:15:00,VHMLBKoKgIrUVDU,1816.14,178,5757.43,7.42077e+06
2020-06-02 14:45:00,WRmjgnKYAwPKWDb,8506.14,831.429,5969.86,7.16567e+06
2020-06-17 14:15:00,1BY6WEcLGh8j5v7,5533.86,542.457,4516.43,6.48431e+06
2020-05-23 08:45:00,uHbuxQJl8lW7ozc,7643.57,748.3,825.143,7.09608e+06
2020-05-17 10:15:00,1BY6WEcLGh8j5v7,9028.14,883.186,1888.71,6.27349e+06
2020-06-07 20:30:00,wCURE6d3bPkepu2,0,0,6433,6.95953e+06
2020-06-11 16:00:00,1IF53ai7Xc0U56Y,4941.5,484.725,5173.25,6.39179e+06
2020-05-16 20:15:00,WRmjgnKYAwPKWDb,0,0,6615,7.04143e+06
2020-05-29 15:15:00,McdE0feGgRqW7Ca,7511.62,735.425,7099.5,7.27206e+06
2020-05-24 14:30:00,bvBOhCH3iADSZry,6492,635.7,6034.71,6.38281e+06
2020-06-05 06:45:00,1IF53ai7Xc0U56Y,1527.86,149.371,43.8571,6.3409e+06
2020-06-16 20:30:00,VHMLBKoKgIrUVDU,0,0,6332,7.4502e+06
2020-06-09 18:00:00,pkci93gMrogZuBj,869.714,84.4429,8216.57,7.36269e+06
2020-06-14 21:15:00,WRmjgnKYAwPKWDb,0,0,7405,7.25458e+06
2020-06-06 10:15:00,McdE0feGgRqW7Ca,9571.71,934.929,2044.43,7.32673e+06
2020-06-16 09:15:00,adLQvlD726eNBSB,6755.86,661.7,1084.14,6.51309e+06
2020-05-31 22:45:00,sjndEbLyjtCKgGv,0,0,5987,7.14224e+06
2020-05-17 23:15:00,iCRJl6heRkivqQ3,0,0,7519,7.19837e+06
2020-06-09 19:30:00,pkci93gMrogZuBj,0,0,8240,7.36272e+06
2020-05-16 23:45:00,ZnxXDlPa8U1GXgE,0,0,6676,6.53515e+06
2020-06-13 11:30:00,7JYdWkrLSPkdwr4,11094.5,1082.44,3570.25,7.81599e+06
2020-05-16 10:30:00,YxYtjZvoooNbGkE,9287.29,908.371,1870.43,7.18813e+06
2020-06-07 10:00:00,VHMLBKoKgIrUVDU,6926.88,678.4,1511.5,7.3795e+06
2020-05-19 16:45:00,McdE0feGgRqW7Ca,3799.29,373.386,6804.14,7.1919e+06
2020-06-07 13:00:00,VHMLBKoKgIrUVDU,12663.4,1234.69,4976.71,7.38297e+06
2020-06-17 17:00:00,VHMLBKoKgIrUVDU,1340,130.4,5868,7.45607e+06
2020-06-01 17:15:00,ih0vzX44oOqAx2f,976.429,94.8571,5685.86,6.31392e+06
2020-06-13 04:45:00,adLQvlD726eNBSB,0,0,0,6.48872e+06
2020-06-02 08:45:00,1BY6WEcLGh8j5v7,7080.57,693.329,833.143,6.38427e+06
2020-05-19 16:30:00,VHMLBKoKgIrUVDU,4654.38,456.712,6685.75,7.23924e+06
2020-06-02 09:30:00,ZnxXDlPa8U1GXgE,9799,957.386,1488.29,6.65693e+06
2020-06-05 20:30:00,z9Y9gH1T5YWrNuG,0,0,7739,7.171e+06
2020-05-24 09:30:00,1BY6WEcLGh8j5v7,8408.12,822.65,1285.12,6.32169e+06
2020-06-03 12:30:00,pkci93gMrogZuBj,11015.4,1075.59,3758.14,7.31141e+06
2020-05-26 04:30:00,VHMLBKoKgIrUVDU,0,0,0,7.28952e+06
2020-05-18 12:30:00,uHbuxQJl8lW7ozc,8626.12,844.062,2056.62,7.06085e+06
2020-06-15 09:00:00,WRmjgnKYAwPKWDb,8168.12,799.325,1120.5,7.2557e+06
2020-05-21 21:15:00,ih0vzX44oOqAx2f,0,0,0,6.23354e+06
2020-06-07 16:15:00,iCRJl6heRkivqQ3,6557.25,642.3,7691.88,7.35593e+06
2020-06-13 04:45:00,zBIq5rxdHJRwDNY,0,0,0,6.54939e+06
2020-06-11 03:45:00,iCRJl6heRkivqQ3,0,0,0,7.37978e+06
2020-06-06 13:45:00,7JYdWkrLSPkdwr4,9546.5,932.575,4960.5,7.7691e+06
2020-06-02 17:15:00,wCURE6d3bPkepu2,1572,153.657,7450,6.92279e+06
2020-06-08 18:00:00,uHbuxQJl8lW7ozc,855.143,82.9857,8380.86,7.22553e+06
2020-05-20 08:00:00,bvBOhCH3iADSZry,4833.12,474.125,375,6.34728e+06
2020-06-12 23:30:00,ih0vzX44oOqAx2f,0,0,5710,6.39226e+06
2020-06-13 03:45:00,adLQvlD726eNBSB,0,0,0,6.48872e+06
2020-06-11 14:30:00,uHbuxQJl8lW7ozc,9690.29,946.843,4114.43,7.24462e+06
2020-05-31 03:45:00,z9Y9gH1T5YWrNuG,0,0,0,7.1276e+06
2020-05-30 20:30:00,VHMLBKoKgIrUVDU,0,0,7270,7.32833e+06
2020-05-21 23:15:00,1BY6WEcLGh8j5v7,0,0,7243,6.30559e+06
2020-05-31 15:45:00,ih0vzX44oOqAx2f,3019.29,296.586,5540.57,6.30781e+06
2020-06-07 06:15:00,7JYdWkrLSPkdwr4,415,40.125,5.625,7.77046e+06
2020-06-09 16:15:00,z9Y9gH1T5YWrNuG,5627.14,551.457,7064.86,7.19849e+06
2020-06-06 04:45:00,pkci93gMrogZuBj,0,0,0,7.33149e+06
2020-05-17 20:15:00,3PZuoBAID5Wc2HD,0,0,7794,7.00848e+06
2020-06-14 01:45:00,bvBOhCH3iADSZry,0,0,0,6.51764e+06
2020-06-06 15:30:00,pkci93gMrogZuBj,4472.38,438.975,6063.75,7.33755e+06
2020-05-16 08:30:00,WRmjgnKYAwPKWDb,5936.86,581.757,580.714,7.0354e+06
2020-06-05 19:45:00,pkci93gMrogZuBj,0,0,7796,7.33149e+06
2020-05-27 15:15:00,3PZuoBAID5Wc2HD,5357,525.229,5719.14,7.08443e+06
2020-06-16 10:30:00,wCURE6d3bPkepu2,8568,838.343,2143.71,7.01859e+06
2020-06-08 05:30:00,adLQvlD726eNBSB,0,0,0,6.45338e+06
2020-06-05 05:15:00,adLQvlD726eNBSB,0,0,0,6.43058e+06
2020-06-04 03:30:00,ZoEaEvLYb1n2sOq,0,0,0,7.2435e+06
2020-05-26 14:00:00,sjndEbLyjtCKgGv,9399.62,917.875,6021.62,7.10413e+06
2020-06-01 14:00:00,bvBOhCH3iADSZry,2696.57,264.086,4654.71,6.43792e+06
2020-06-09 06:45:00,3PZuoBAID5Wc2HD,1618.62,158.238,55.625,7.17579e+06
2020-05-16 03:00:00,z9Y9gH1T5YWrNuG,0,0,0,7.01425e+06
2020-06-14 00:30:00,zBIq5rxdHJRwDNY,0,0,0,6.55782e+06
2020-06-16 08:30:00,ZnxXDlPa8U1GXgE,5789.29,567.386,590.429,6.75909e+06
2020-05-23 17:15:00,sjndEbLyjtCKgGv,2882.29,282.843,8316.86,7.08128e+06
2020-06-06 04:45:00,YxYtjZvoooNbGkE,0,0,0,7.34249e+06
2020-06-02 10:30:00,uHbuxQJl8lW7ozc,7532,737.3,2311,7.17325e+06
2020-06-17 07:15:00,adLQvlD726eNBSB,2119.57,207.829,61.4286,6.51846e+06
2020-06-05 01:00:00,wCURE6d3bPkepu2,0,0,0,6.93902e+06
2020-05-21 09:00:00,wCURE6d3bPkepu2,8051.25,788.05,962.625,6.82521e+06
2020-05-21 14:15:00,VHMLBKoKgIrUVDU,8533,833.529,6248.14,7.25477e+06
2020-06-16 10:45:00,sjndEbLyjtCKgGv,9520.38,930.538,2346.5,7.25189e+06
2020-05-17 11:15:00,1BY6WEcLGh8j5v7,10160.1,991.829,2945.14,6.27455e+06
2020-05-26 08:00:00,ih0vzX44oOqAx2f,4994.86,489.729,407.714,6.26499e+06
2020-06-03 05:15:00,ZoEaEvLYb1n2sOq,0,0,0,7.23573e+06
2020-05-29 08:45:00,1IF53ai7Xc0U56Y,5765.86,565.057,680.143,6.29064e+06
2020-06-07 13:00:00,ZnxXDlPa8U1GXgE,12618.8,1230.31,4942.12,6.698e+06
2020-05-29 15:45:00,McdE0feGgRqW7Ca,7475,731.862,7445.5,7.2724e+06
2020-05-22 22:00:00,iCRJl6heRkivqQ3,0,0,0,7.23459e+06
2020-06-05 13:00:00,ih0vzX44oOqAx2f,8035.25,786.462,3961,6.34098e+06
2020-06-17 06:45:00,VHMLBKoKgIrUVDU,471,45.7,0,7.4502e+06
2020-06-04 22:00:00,uHbuxQJl8lW7ozc,0,0,0,7.19454e+06
2020-06-17 06:00:00,pkci93gMrogZuBj,0,0,0,7.40948e+06
2020-06-03 13:45:00,uHbuxQJl8lW7ozc,9056.5,885.95,5009,7.18341e+06
2020-05-24 23:45:00,ZoEaEvLYb1n2sOq,0,0,7985,7.17017e+06
2020-05-25 13:45:00,ZnxXDlPa8U1GXgE,11796.1,1150.13,6383.29,6.60214e+06
2020-06-11 04:15:00,1IF53ai7Xc0U56Y,0,0,0,6.38662e+06
2020-06-09 09:15:00,WRmjgnKYAwPKWDb,7182.12,703.075,1311.75,7.21431e+06
2020-05-28 15:00:00,ih0vzX44oOqAx2f,9909.75,968.987,7045.62,6.2859e+06
2020-05-20 05:15:00,1IF53ai7Xc0U56Y,0,0,0,6.21643e+06
2020-06-06 09:45:00,YxYtjZvoooNbGkE,7203.25,704.737,1529.62,7.34402e+06
2020-06-05 07:00:00,1BY6WEcLGh8j5v7,1306.62,127.225,70.25,6.40545e+06
2020-05-21 07:45:00,z9Y9gH1T5YWrNuG,3321,326.28,312.6,7.04957e+06
2020-05-18 12:00:00,ZnxXDlPa8U1GXgE,8239.75,806.362,1634,6.54437e+06
2020-06-01 00:45:00,iCRJl6heRkivqQ3,0,0,0,7.30457e+06
2020-05-30 16:15:00,adLQvlD726eNBSB,5647.25,553.45,6912.5,6.39426e+06
2020-05-19 23:45:00,z9Y9gH1T5YWrNuG,0,0,6892,7.04046e+06
2020-06-06 11:30:00,sjndEbLyjtCKgGv,7884.38,770.05,3101.12,7.18238e+06
2020-06-14 09:15:00,3PZuoBAID5Wc2HD,8665.12,847.812,1088.5,7.21181e+06
2020-06-11 00:30:00,7JYdWkrLSPkdwr4,0,0,0,7.80109e+06
2020-05-16 05:45:00,ih0vzX44oOqAx2f,0,0,0,6.19136e+06
2020-05-15 22:45:00,zVJPv84UY57bAof,0,0,5965,7.12212e+06
2020-06-13 07:30:00,pkci93gMrogZuBj,3245.88,318.85,187.625,7.38099e+06
2020-06-02 22:15:00,ih0vzX44oOqAx2f,0,0,0,6.32131e+06
2020-05-30 17:00:00,7JYdWkrLSPkdwr4,3250.86,319.543,6952.29,7.72179e+06
2020-05-16 06:00:00,WRmjgnKYAwPKWDb,55.375,5.35,0,7.03482e+06
2020-06-15 00:45:00,WRmjgnKYAwPKWDb,0,0,0,7.25458e+06
2020-05-16 17:30:00,z9Y9gH1T5YWrNuG,1176.38,114.375,6443.75,7.0207e+06
2020-05-22 03:15:00,adLQvlD726eNBSB,0,0,0,6.32157e+06
2020-05-27 13:45:00,sjndEbLyjtCKgGv,4185.75,411.188,4883.62,7.11077e+06
2020-05-21 13:00:00,z9Y9gH1T5YWrNuG,12289.9,1198.67,4912.57,7.05417e+06
2020-06-16 22:00:00,WRmjgnKYAwPKWDb,0,0,6264,7.26758e+06
2020-06-13 19:15:00,1BY6WEcLGh8j5v7,0,0,7984,6.46366e+06
2020-06-06 16:45:00,z9Y9gH1T5YWrNuG,1283.88,124.912,6214.12,7.17722e+06
2020-05-29 10:00:00,zVJPv84UY57bAof,9679.75,945.625,1600.88,7.22207e+06
2020-05-23 08:00:00,1IF53ai7Xc0U56Y,4667.14,457.986,346.143,6.24088e+06
2020-06-02 10:15:00,ZnxXDlPa8U1GXgE,7320.29,716.686,2188.71,6.65763e+06
2020-06-11 08:30:00,7JYdWkrLSPkdwr4,3018.88,296.462,326.25,7.80142e+06
2020-06-08 08:45:00,uHbuxQJl8lW7ozc,7230.38,707.987,701,7.21785e+06
2020-05-16 13:45:00,McdE0feGgRqW7Ca,7624.62,746.325,4768.75,7.1702e+06
2020-05-17 00:00:00,bvBOhCH3iADSZry,0,0,0,6.32865e+06
2020-06-11 17:30:00,iCRJl6heRkivqQ3,1441.5,140.613,5626.88,7.38541e+06
2020-06-03 20:30:00,zBIq5rxdHJRwDNY,0,0,7888,6.48434e+06
2020-06-16 09:45:00,uHbuxQJl8lW7ozc,8998.14,880.243,1414.14,7.27616e+06
2020-06-11 18:00:00,VHMLBKoKgIrUVDU,630.5,61.05,5700.38,7.415e+06
2020-06-17 13:45:00,YxYtjZvoooNbGkE,8591.57,840.014,4492,7.42405e+06
2020-05-29 11:45:00,1BY6WEcLGh8j5v7,11271.5,1100.04,3223.75,6.36103e+06
2020-06-15 20:00:00,bvBOhCH3iADSZry,0,0,6192,6.52779e+06
2020-06-02 09:00:00,ih0vzX44oOqAx2f,6324.71,619.6,1044.14,6.31503e+06
2020-05-22 16:00:00,WRmjgnKYAwPKWDb,3257,320.271,6912.29,7.08427e+06
2020-06-14 07:45:00,VHMLBKoKgIrUVDU,4609.57,452.271,310.571,7.42988e+06
2020-05-30 10:30:00,uHbuxQJl8lW7ozc,5310.75,520.575,1404.25,7.15334e+06
2020-05-17 22:45:00,1BY6WEcLGh8j5v7,0,0,7045,6.27865e+06
2020-06-03 15:00:00,z9Y9gH1T5YWrNuG,12308.6,1201.16,6376.71,7.15365e+06
2020-05-24 05:45:00,McdE0feGgRqW7Ca,0,0,0,7.22464e+06
2020-06-02 12:45:00,sjndEbLyjtCKgGv,11006.1,1075.01,4129.43,7.15214e+06
2020-06-04 13:45:00,ih0vzX44oOqAx2f,10719.6,1047.07,5275.43,6.33429e+06
2020-06-02 23:45:00,wCURE6d3bPkepu2,0,0,2821.88,6.92287e+06
2020-06-05 21:15:00,McdE0feGgRqW7Ca,0,0,7920,7.32468e+06
2020-06-11 21:15:00,3PZuoBAID5Wc2HD,0,0,5717,7.19619e+06
2020-05-24 00:45:00,pkci93gMrogZuBj,0,0,0,7.23368e+06
2020-05-20 21:30:00,VHMLBKoKgIrUVDU,0,0,8982,7.24852e+06
2020-05-16 04:45:00,1IF53ai7Xc0U56Y,0,0,0,6.19e+06
2020-05-28 10:15:00,zBIq5rxdHJRwDNY,10181.2,995.35,2113.12,6.4362e+06
2020-06-09 16:30:00,rGa61gmuvPhdLxV,5310.12,520.513,7792.38,7.30376e+06
2020-06-10 06:45:00,wCURE6d3bPkepu2,1310.29,127.7,46.5714,6.97603e+06
2020-05-17 00:30:00,ZnxXDlPa8U1GXgE,0,0,0,6.53515e+06
2020-06-15 19:15:00,pkci93gMrogZuBj,0,0,6795,7.40322e+06
2020-06-15 09:15:00,uHbuxQJl8lW7ozc,8879.88,868.712,1309.88,7.26915e+06
2020-06-12 07:00:00,rGa61gmuvPhdLxV,941.429,91.4714,40.5714,7.31647e+06
2020-05-26 02:30:00,VHMLBKoKgIrUVDU,0,0,0,7.28952e+06
2020-06-02 18:15:00,pkci93gMrogZuBj,290.625,28.0875,7344.5,7.30764e+06
2020-05-18 22:15:00,zVJPv84UY57bAof,0,0,5390,7.1414e+06
2020-05-24 05:30:00,ZnxXDlPa8U1GXgE,0,0,0,6.58773e+06
2020-05-31 04:00:00,zBIq5rxdHJRwDNY,0,0,0,6.4573e+06
2020-06-12 22:45:00,VHMLBKoKgIrUVDU,0,0,5903,7.42091e+06
2020-05-31 16:30:00,sjndEbLyjtCKgGv,1812.43,177.643,5745,7.142e+06
2020-06-12 15:30:00,McdE0feGgRqW7Ca,5915.43,579.657,5275.86,7.37265e+06
2020-05-18 00:45:00,ZoEaEvLYb1n2sOq,0,0,0,7.11821e+06
2020-05-23 20:45:00,WRmjgnKYAwPKWDb,0,0,8431,7.09303e+06
2020-05-20 22:45:00,ih0vzX44oOqAx2f,0,0,8664,6.22594e+06
2020-06-02 11:30:00,7JYdWkrLSPkdwr4,6328.75,620.025,3004.38,7.73663e+06
2020-05-27 17:45:00,sjndEbLyjtCKgGv,620.429,60.0714,6665.14,7.11255e+06
2020-05-19 08:00:00,sjndEbLyjtCKgGv,1944.14,190.457,319.714,7.04272e+06
2020-06-15 04:15:00,VHMLBKoKgIrUVDU,0,0,0,7.43706e+06
2020-05-16 04:00:00,McdE0feGgRqW7Ca,0,0,0,7.16544e+06
2020-06-17 09:00:00,YxYtjZvoooNbGkE,5087.43,498.729,689.714,7.42025e+06
2020-06-10 14:15:00,VHMLBKoKgIrUVDU,9083.14,888.471,5245.43,7.40806e+06
2020-06-11 12:00:00,z9Y9gH1T5YWrNuG,9448,924.071,2273.29,7.20774e+06
2020-06-13 08:15:00,1BY6WEcLGh8j5v7,5900.88,578.212,518.875,6.4562e+06
2020-06-04 20:30:00,sjndEbLyjtCKgGv,0,0,0,7.17152e+06
2020-06-10 01:30:00,zBIq5rxdHJRwDNY,0,0,0,6.5314e+06
2020-05-19 03:15:00,bvBOhCH3iADSZry,0,0,0,6.34054e+06
2020-05-19 17:15:00,ZoEaEvLYb1n2sOq,1815.86,177.914,6738.71,7.13027e+06
2020-05-22 01:15:00,bvBOhCH3iADSZry,0,0,0,6.36215e+06
2020-05-21 16:45:00,ZoEaEvLYb1n2sOq,2599.12,254.938,7510.5,7.14658e+06
2020-05-27 00:30:00,z9Y9gH1T5YWrNuG,0,0,0,7.09718e+06
2020-05-27 08:45:00,YxYtjZvoooNbGkE,7634.12,747.4,822.875,7.27016e+06
2020-06-10 09:15:00,1BY6WEcLGh8j5v7,6528,639.529,971.857,6.44004e+06
2020-05-23 19:15:00,z9Y9gH1T5YWrNuG,0,0,8543,7.07276e+06
2020-06-14 14:45:00,ih0vzX44oOqAx2f,6361.5,623.2,5832.12,6.40635e+06
2020-05-20 10:45:00,zVJPv84UY57bAof,11063.3,1081.14,2693.14,7.15103e+06
2020-06-11 23:00:00,wCURE6d3bPkepu2,0,0,5651,6.98805e+06
2020-05-28 14:45:00,7JYdWkrLSPkdwr4,7921.71,775.2,6811.43,7.70536e+06
2020-05-22 04:15:00,wCURE6d3bPkepu2,0,0,0,6.83206e+06
2020-05-30 03:30:00,zVJPv84UY57bAof,0,0,0,7.22869e+06
2020-06-04 12:00:00,pkci93gMrogZuBj,13048.6,1272.21,3585.86,7.31902e+06
2020-06-06 08:45:00,iCRJl6heRkivqQ3,6326.86,619.814,925,7.34273e+06
2020-06-13 02:00:00,bvBOhCH3iADSZry,0,0,0,6.50978e+06
2020-05-21 15:30:00,1IF53ai7Xc0U56Y,7926.12,775.737,7150.62,6.23258e+06
2020-06-06 14:45:00,pkci93gMrogZuBj,2457.86,241.1,5740.57,7.33723e+06
2020-05-16 22:45:00,zVJPv84UY57bAof,0,0,6419,7.12854e+06
2020-06-07 19:15:00,ih0vzX44oOqAx2f,0,0,8019,6.35869e+06
2020-05-26 05:00:00,zVJPv84UY57bAof,0,0,0,7.19761e+06
2020-05-18 10:15:00,uHbuxQJl8lW7ozc,2257.75,221.375,680.125,7.05947e+06
2020-06-14 13:30:00,ZoEaEvLYb1n2sOq,9934.29,971.357,4606.71,7.32037e+06
2020-05-28 03:30:00,sjndEbLyjtCKgGv,0,0,0,7.11256e+06
2020-06-15 12:15:00,adLQvlD726eNBSB,5961.29,584.114,4142.57,6.50923e+06
2020-06-08 04:00:00,adLQvlD726eNBSB,0,0,0,6.45338e+06
2020-06-07 05:00:00,zBIq5rxdHJRwDNY,0,0,0,6.50673e+06
2020-06-15 13:30:00,ih0vzX44oOqAx2f,3468.62,340.462,4728.62,6.41241e+06
2020-05-21 17:45:00,ZnxXDlPa8U1GXgE,438.375,42.3875,7806.62,6.57185e+06
2020-06-13 19:30:00,bvBOhCH3iADSZry,0,0,7863,6.51764e+06
2020-06-03 21:00:00,ZoEaEvLYb1n2sOq,0,0,7774,7.2435e+06
2020-06-05 16:30:00,uHbuxQJl8lW7ozc,6255.43,612.829,7234.14,7.20177e+06
2020-06-05 05:00:00,zVJPv84UY57bAof,0,0,0,7.27127e+06
2020-05-26 08:30:00,z9Y9gH1T5YWrNuG,6734.71,659.671,695.286,7.09014e+06
2020-05-31 08:15:00,bvBOhCH3iADSZry,3302,324.35,308.75,6.42799e+06
2020-05-21 16:30:00,1BY6WEcLGh8j5v7,3912.12,384.212,7058.25,6.3054e+06
2020-06-06 11:45:00,zBIq5rxdHJRwDNY,5812.5,568.225,3262.75,6.50356e+06
2020-06-04 21:45:00,7JYdWkrLSPkdwr4,0,0,7999,7.75662e+06
2020-05-29 16:15:00,1BY6WEcLGh8j5v7,5846.57,572.943,7132.14,6.36494e+06
2020-06-13 00:15:00,3PZuoBAID5Wc2HD,0,0,0,7.20209e+06
2020-05-28 18:15:00,uHbuxQJl8lW7ozc,280.429,27.1,8370.43,7.14363e+06
2020-06-03 07:15:00,1IF53ai7Xc0U56Y,2287.25,224.262,108.75,6.32489e+06
2020-05-20 18:15:00,WRmjgnKYAwPKWDb,347.375,33.5875,8788.5,7.06972e+06
2020-05-22 02:00:00,YxYtjZvoooNbGkE,0,0,0,7.22903e+06
2020-06-12 15:15:00,uHbuxQJl8lW7ozc,4921.71,482.557,5081.43,7.25129e+06
2020-05-22 15:30:00,sjndEbLyjtCKgGv,4268.38,418.913,6545,7.07243e+06
2020-06-14 14:45:00,wCURE6d3bPkepu2,6499.14,636.643,5953.29,7.00832e+06
2020-05-31 05:30:00,3PZuoBAID5Wc2HD,0,0,0,7.10949e+06
2020-05-22 06:15:00,ZoEaEvLYb1n2sOq,564.143,54.5857,11.4286,7.1467e+06
2020-06-11 13:45:00,adLQvlD726eNBSB,6528.5,639.513,3614.12,6.48056e+06
2020-06-12 04:45:00,ih0vzX44oOqAx2f,0,0,0,6.38655e+06
2020-06-13 16:15:00,wCURE6d3bPkepu2,3241.5,317.975,8123,7.00203e+06
2020-06-06 02:45:00,uHbuxQJl8lW7ozc,0,0,0,7.20237e+06
2020-06-13 16:15:00,McdE0feGgRqW7Ca,3289,322.65,8250.12,7.38158e+06
2020-05-20 08:15:00,adLQvlD726eNBSB,6322.25,619.375,582.5,6.3051e+06
2020-06-17 19:00:00,1IF53ai7Xc0U56Y,0,0,6034,6.43357e+06
2020-05-28 18:30:00,3PZuoBAID5Wc2HD,81.1429,7.82857,8527.71,7.09398e+06
2020-05-21 17:00:00,iCRJl6heRkivqQ3,1067.38,103.75,7770.5,7.22738e+06
2020-05-16 14:00:00,z9Y9gH1T5YWrNuG,6762.14,662.229,4904.86,7.01916e+06
2020-06-17 13:15:00,7JYdWkrLSPkdwr4,9432.14,922.171,4024.29,7.84499e+06
2020-05-25 15:00:00,sjndEbLyjtCKgGv,10245.6,1001.69,7558,7.09691e+06
2020-06-17 19:45:00,1IF53ai7Xc0U56Y,0,0,6034,6.43357e+06
2020-05-19 11:15:00,7JYdWkrLSPkdwr4,7358.43,719.514,2326.29,7.6307e+06
2020-05-25 13:00:00,rGa61gmuvPhdLxV,12427,1211.64,5413.5,7.18871e+06
2020-06-10 05:00:00,iCRJl6heRkivqQ3,0,0,0,7.37322e+06
2020-06-05 17:30:00,uHbuxQJl8lW7ozc,3849.86,378.329,7685.29,7.20222e+06
2020-06-10 10:30:00,adLQvlD726eNBSB,7217.38,706.25,1987.5,6.47226e+06
2020-05-25 04:45:00,VHMLBKoKgIrUVDU,0,0,0,7.28051e+06
2020-05-31 21:00:00,zBIq5rxdHJRwDNY,0,0,0,6.46324e+06
2020-05-17 18:45:00,3PZuoBAID5Wc2HD,0,0,7794,7.00848e+06
2020-06-07 00:45:00,uHbuxQJl8lW7ozc,0,0,0,7.20886e+06
2020-06-07 14:15:00,ZoEaEvLYb1n2sOq,9206.57,899.271,6122.86,7.27149e+06
2020-05-24 20:45:00,1BY6WEcLGh8j5v7,0,0,7537,6.32794e+06
2020-05-16 17:00:00,sjndEbLyjtCKgGv,1964.38,192.55,6309.5,7.02949e+06
2020-05-23 18:30:00,ZoEaEvLYb1n2sOq,31.375,3.0125,8470.88,7.16218e+06
2020-06-13 20:45:00,rGa61gmuvPhdLxV,0,0,8389,7.33067e+06
2020-05-22 17:30:00,rGa61gmuvPhdLxV,708.25,68.625,6714.5,7.16711e+06
2020-06-13 19:45:00,zBIq5rxdHJRwDNY,0,0,8435,6.55782e+06
2020-05-29 06:45:00,adLQvlD726eNBSB,1596.38,156.062,51,6.37906e+06
2020-06-15 05:15:00,WRmjgnKYAwPKWDb,0,0,0,7.25458e+06
2020-06-05 10:45:00,adLQvlD726eNBSB,11010.8,1074.97,2515.5,6.4331e+06
2020-05-22 11:30:00,rGa61gmuvPhdLxV,13087.3,1276,2691.67,7.16301e+06
2020-06-17 18:15:00,McdE0feGgRqW7Ca,344,33.2375,5985.38,7.40858e+06
2020-06-02 02:15:00,z9Y9gH1T5YWrNuG,0,0,0,7.13983e+06
2020-06-02 10:30:00,zBIq5rxdHJRwDNY,6970.29,682.529,2250.71,6.47128e+06
2020-06-05 16:30:00,rGa61gmuvPhdLxV,6669.29,653.243,7133.43,7.27248e+06
2020-05-23 20:45:00,sjndEbLyjtCKgGv,0,0,8487,7.08145e+06
2020-05-21 17:30:00,uHbuxQJl8lW7ozc,599.125,57.975,7835.88,7.08795e+06
2020-06-13 07:00:00,3PZuoBAID5Wc2HD,2039,199.871,80.5714,7.20217e+06
2020-05-28 07:00:00,3PZuoBAID5Wc2HD,2186.5,214.387,98.375,7.08555e+06
2020-05-18 00:00:00,1BY6WEcLGh8j5v7,0,0,0,6.27865e+06
2020-06-05 01:15:00,rGa61gmuvPhdLxV,0,0,0,7.26535e+06
2020-06-12 11:00:00,3PZuoBAID5Wc2HD,6257.57,613.057,1789.14,7.19798e+06
2020-05-29 17:00:00,pkci93gMrogZuBj,3366.88,330.875,8113.12,7.28137e+06
2020-05-31 12:30:00,7JYdWkrLSPkdwr4,7417.57,725.429,3495.14,7.72547e+06
2020-05-22 08:30:00,iCRJl6heRkivqQ3,2633.62,258.275,678.125,7.22812e+06
2020-05-18 16:15:00,1IF53ai7Xc0U56Y,4213.43,413.8,5079.71,6.20943e+06
2020-05-31 07:30:00,z9Y9gH1T5YWrNuG,1985.5,194.637,141.75,7.12774e+06
2020-06-17 23:15:00,z9Y9gH1T5YWrNuG,0,0,5819,7.2512e+06
2020-06-06 17:00:00,WRmjgnKYAwPKWDb,892.75,86.6875,6288.75,7.19656e+06
2020-05-28 12:30:00,sjndEbLyjtCKgGv,10861.1,1059.77,4682.29,7.11725e+06
2020-06-14 17:00:00,iCRJl6heRkivqQ3,1774.88,173.95,7249.38,7.4071e+06
2020-06-14 09:30:00,pkci93gMrogZuBj,7766.71,760.314,1252.86,7.39041e+06
2020-06-10 21:30:00,1IF53ai7Xc0U56Y,0,0,6598,6.38662e+06
2020-06-04 07:30:00,pkci93gMrogZuBj,2426.57,237.971,191.714,7.31563e+06
2020-06-13 03:00:00,uHbuxQJl8lW7ozc,0,0,0,7.25209e+06
2020-05-25 01:45:00,zBIq5rxdHJRwDNY,0,0,0,6.41176e+06
2020-05-17 20:00:00,zVJPv84UY57bAof,0,0,7480,7.13602e+06
2020-05-22 17:45:00,WRmjgnKYAwPKWDb,510.5,49.3875,7221.38,7.08458e+06
2020-05-22 04:15:00,7JYdWkrLSPkdwr4,0,0,0,7.65164e+06
2020-05-22 11:15:00,McdE0feGgRqW7Ca,7530,736.263,2125.5,7.21118e+06
2020-06-05 08:30:00,ih0vzX44oOqAx2f,6685.57,654.871,491,6.33751e+06
2020-05-17 16:30:00,VHMLBKoKgIrUVDU,4341.5,425.875,7412.25,7.22679e+06
2020-06-15 09:45:00,McdE0feGgRqW7Ca,9134,893.157,1812.71,7.39117e+06
2020-06-05 12:15:00,1BY6WEcLGh8j5v7,3853.5,378.5,3493,6.40887e+06
2020-06-09 23:00:00,WRmjgnKYAwPKWDb,0,0,7977,7.22098e+06
2020-05-27 01:45:00,McdE0feGgRqW7Ca,0,0,0,7.24956e+06
2020-06-12 08:45:00,sjndEbLyjtCKgGv,4084.14,401.214,370.286,7.22162e+06
2020-05-22 20:15:00,ih0vzX44oOqAx2f,0,0,7000,6.24054e+06
2020-06-01 02:45:00,rGa61gmuvPhdLxV,0,0,0,7.23633e+06
2020-05-17 21:30:00,z9Y9gH1T5YWrNuG,0,0,7486,7.02823e+06
2020-05-27 09:15:00,ih0vzX44oOqAx2f,7342,718.76,1183.6,6.27348e+06
2020-05-31 03:00:00,YxYtjZvoooNbGkE,0,0,0,7.29977e+06
2020-06-06 00:00:00,bvBOhCH3iADSZry,0,0,0,6.46725e+06
2020-06-09 20:00:00,VHMLBKoKgIrUVDU,0,0,8120,7.40282e+06
2020-05-16 06:15:00,iCRJl6heRkivqQ3,332.75,32.15,3.75,7.18441e+06
2020-06-05 06:00:00,wCURE6d3bPkepu2,99.5714,9.61429,0,6.93902e+06
2020-05-26 09:45:00,wCURE6d3bPkepu2,10161.2,993.475,1719.62,6.86637e+06
2020-06-02 02:45:00,ih0vzX44oOqAx2f,0,0,0,6.31398e+06
2020-06-06 07:45:00,adLQvlD726eNBSB,5015,491.643,398,6.43883e+06
2020-05-28 05:45:00,z9Y9gH1T5YWrNuG,0,0,0,7.10388e+06
2020-06-07 00:45:00,pkci93gMrogZuBj,0,0,0,7.33792e+06
2020-06-06 12:45:00,iCRJl6heRkivqQ3,9894.5,966.075,4122.25,7.34593e+06
2020-05-29 07:15:00,7JYdWkrLSPkdwr4,1990.88,195.175,141.375,7.70697e+06
2020-05-15 19:45:00,YxYtjZvoooNbGkE,0,0,6291,7.18626e+06
2020-06-01 17:45:00,sjndEbLyjtCKgGv,697.143,67.5571,5736.86,7.14798e+06
2020-06-02 21:15:00,1BY6WEcLGh8j5v7,0,0,7029,6.39047e+06
2020-06-15 23:45:00,ih0vzX44oOqAx2f,0,0,6564,6.41425e+06
2020-06-16 14:00:00,zVJPv84UY57bAof,6645.29,650.771,4624.43,7.35572e+06
2020-05-28 01:15:00,rGa61gmuvPhdLxV,0,0,0,7.20655e+06
2020-05-15 05:00:00,sjndEbLyjtCKgGv,0,0,0,7.01683e+06
2020-06-07 16:45:00,3PZuoBAID5Wc2HD,5013.14,491.543,7908.43,7.16689e+06
2020-05-21 15:00:00,zBIq5rxdHJRwDNY,9491.25,927.8,6729.12,6.38759e+06
2020-05-30 01:45:00,WRmjgnKYAwPKWDb,0,0,0,7.1409e+06
2020-06-07 00:30:00,adLQvlD726eNBSB,0,0,0,6.44503e+06
2020-06-15 01:30:00,WRmjgnKYAwPKWDb,0,0,0,7.25458e+06
2020-05-30 21:00:00,wCURE6d3bPkepu2,0,0,7278,6.90316e+06
2020-06-15 04:15:00,ZnxXDlPa8U1GXgE,0,0,0,6.75175e+06
2020-06-01 08:15:00,iCRJl6heRkivqQ3,6093.12,597.062,633.5,7.3052e+06
2020-06-11 09:30:00,adLQvlD726eNBSB,4589.88,450.413,726.25,6.47767e+06
2020-05-17 14:00:00,adLQvlD726eNBSB,7420.25,725.625,5915.38,6.29036e+06
2020-05-17 13:45:00,uHbuxQJl8lW7ozc,7982.88,780.175,5310,7.05665e+06
2020-06-07 21:30:00,1IF53ai7Xc0U56Y,0,0,8239,6.36334e+06
2020-06-17 03:30:00,ZnxXDlPa8U1GXgE,0,0,0,6.76481e+06
2020-06-06 15:30:00,iCRJl6heRkivqQ3,4378.5,429.775,6065.25,7.34787e+06
2020-05-21 15:45:00,uHbuxQJl8lW7ozc,5287.57,518.443,7367,7.08748e+06
2020-06-04 00:30:00,wCURE6d3bPkepu2,0,0,0,6.93078e+06
2020-06-13 03:00:00,adLQvlD726eNBSB,0,0,0,6.48872e+06
2020-05-31 14:00:00,ZnxXDlPa8U1GXgE,11248.1,1097.79,5038.75,6.64842e+06
2020-06-01 01:00:00,7JYdWkrLSPkdwr4,0,0,0,7.72782e+06
2020-05-22 23:30:00,sjndEbLyjtCKgGv,0,0,0,7.07296e+06
2020-06-09 14:45:00,z9Y9gH1T5YWrNuG,7729.71,756.5,5933.86,7.19736e+06
2020-06-13 20:45:00,adLQvlD726eNBSB,0,0,8774,6.4975e+06
2020-06-09 13:00:00,zBIq5rxdHJRwDNY,10314.4,1006.93,4950.14,6.52822e+06
2020-06-09 12:15:00,1BY6WEcLGh8j5v7,8553.5,835.462,3960.38,6.43557e+06
2020-05-15 11:00:00,rGa61gmuvPhdLxV,10648.9,1039.53,2089.29,7.11358e+06
2020-06-02 11:15:00,ZnxXDlPa8U1GXgE,7024.29,687.829,2986.86,6.65843e+06
2020-06-09 01:30:00,wCURE6d3bPkepu2,0,0,0,6.96797e+06
2020-05-27 21:45:00,7JYdWkrLSPkdwr4,0,0,6638,7.69855e+06
2020-05-17 10:15:00,bvBOhCH3iADSZry,8921.57,872.829,1861.86,6.33051e+06
2020-06-09 07:45:00,7JYdWkrLSPkdwr4,2536.38,248.925,294.5,7.78709e+06
2020-06-08 23:00:00,zVJPv84UY57bAof,0,0,8377,7.30217e+06
2020-05-29 16:00:00,7JYdWkrLSPkdwr4,6745.14,660.671,7389.14,7.71422e+06
2020-06-14 22:30:00,zVJPv84UY57bAof,0,0,7320,7.34428e+06
2020-05-21 23:00:00,McdE0feGgRqW7Ca,0,0,7993,7.20906e+06
2020-05-26 07:30:00,ih0vzX44oOqAx2f,3285.43,322.871,202,6.26478e+06
2020-06-11 14:00:00,wCURE6d3bPkepu2,6695.75,655.812,3664.62,6.98607e+06
2020-06-10 06:45:00,iCRJl6heRkivqQ3,1300.75,126.525,47.75,7.37327e+06
2020-06-16 20:00:00,z9Y9gH1T5YWrNuG,0,0,6201,7.24538e+06
2020-06-05 04:30:00,WRmjgnKYAwPKWDb,0,0,0,7.18266e+06
2020-05-27 12:00:00,ZnxXDlPa8U1GXgE,10654,1040.22,3711.88,6.61636e+06
2020-06-08 01:45:00,YxYtjZvoooNbGkE,0,0,0,7.35697e+06
2020-05-29 08:45:00,WRmjgnKYAwPKWDb,5657.71,554.486,670.857,7.13353e+06
2020-05-26 07:15:00,wCURE6d3bPkepu2,2418.62,237.175,128.75,6.86478e+06
2020-05-20 21:45:00,1IF53ai7Xc0U56Y,0,0,8997,6.22543e+06
2020-06-08 16:30:00,McdE0feGgRqW7Ca,5275.71,517.3,8109.71,7.34631e+06
2020-06-12 06:45:00,z9Y9gH1T5YWrNuG,690.714,66.9286,20.1429,7.21108e+06
2020-06-06 16:45:00,uHbuxQJl8lW7ozc,1329.43,129.371,6406.86,7.20878e+06
2020-05-20 19:30:00,sjndEbLyjtCKgGv,0,0,8777,7.05806e+06
2020-05-25 12:15:00,1IF53ai7Xc0U56Y,12899,1257.66,4689,6.26217e+06
2020-05-22 01:30:00,McdE0feGgRqW7Ca,0,0,0,7.20906e+06
2020-06-07 16:30:00,ZnxXDlPa8U1GXgE,3471.57,340.743,7767.43,6.70082e+06
2020-06-07 03:00:00,YxYtjZvoooNbGkE,0,0,0,7.34881e+06
2020-06-13 05:15:00,ih0vzX44oOqAx2f,0,0,0,6.39226e+06
2020-05-21 11:45:00,zVJPv84UY57bAof,12390.9,1208.47,3589.75,7.16077e+06
2020-06-06 18:00:00,WRmjgnKYAwPKWDb,231.714,22.3571,6336,7.19661e+06
2020-05-28 20:30:00,WRmjgnKYAwPKWDb,0,0,8323,7.13286e+06
2020-06-08 07:30:00,adLQvlD726eNBSB,2755.86,270.371,187.714,6.45357e+06
2020-06-12 03:30:00,YxYtjZvoooNbGkE,0,0,0,7.38528e+06
2020-06-03 01:45:00,iCRJl6heRkivqQ3,0,0,0,7.31781e+06
2020-06-08 12:15:00,zBIq5rxdHJRwDNY,8525.86,834.129,4273.86,6.51918e+06
2020-06-02 19:15:00,bvBOhCH3iADSZry,0,0,6842,6.44549e+06
2020-06-08 22:00:00,YxYtjZvoooNbGkE,0,0,8343,7.36531e+06
2020-05-27 17:45:00,ih0vzX44oOqAx2f,614.714,59.5143,6546.29,6.27884e+06
2020-05-20 10:00:00,pkci93gMrogZuBj,10207.2,997.938,1881.12,7.20323e+06
2020-05-16 21:45:00,uHbuxQJl8lW7ozc,0,0,6271,7.05134e+06
2020-05-26 10:45:00,adLQvlD726eNBSB,12155.8,1185.91,2949,6.35824e+06
2020-05-18 09:00:00,iCRJl6heRkivqQ3,1754.71,172,471.714,7.19884e+06
2020-05-25 09:15:00,McdE0feGgRqW7Ca,9138.62,893.987,1214.62,7.23391e+06
2020-05-26 00:00:00,uHbuxQJl8lW7ozc,0,0,0,7.1207e+06
2020-05-29 08:30:00,ZoEaEvLYb1n2sOq,5019.12,492.175,523,7.20206e+06
2020-05-23 22:15:00,YxYtjZvoooNbGkE,0,0,8559,7.24468e+06
2020-05-28 15:15:00,sjndEbLyjtCKgGv,9106,890.775,7278.5,7.11984e+06
2020-05-22 18:45:00,VHMLBKoKgIrUVDU,0,0,7360,7.26372e+06
2020-05-26 10:45:00,z9Y9gH1T5YWrNuG,12196.4,1189.83,2826.12,7.09227e+06
2020-06-11 08:00:00,YxYtjZvoooNbGkE,2555.62,250.625,186,7.37987e+06
2020-06-10 07:00:00,3PZuoBAID5Wc2HD,2226.38,218.287,97.875,7.18402e+06
2020-05-16 21:45:00,iCRJl6heRkivqQ3,0,0,6438,7.19085e+06
2020-05-21 11:45:00,pkci93gMrogZuBj,12264.8,1196.19,3542.75,7.21374e+06
2020-06-14 17:30:00,1IF53ai7Xc0U56Y,1050.62,102.237,7443.25,6.41432e+06
2020-05-24 20:30:00,1IF53ai7Xc0U56Y,0,0,8273,6.25748e+06
2020-05-23 15:30:00,wCURE6d3bPkepu2,8893,870.075,7467.5,6.84669e+06
2020-05-23 23:15:00,pkci93gMrogZuBj,0,0,8475,7.23368e+06
2020-06-08 12:45:00,7JYdWkrLSPkdwr4,6412.71,628.114,4784.57,7.78329e+06
2020-06-03 05:00:00,ZoEaEvLYb1n2sOq,0,0,0,7.23573e+06
2020-05-25 00:15:00,uHbuxQJl8lW7ozc,0,0,0,7.11185e+06
2020-06-13 16:30:00,iCRJl6heRkivqQ3,3595.25,353.1,8234.75,7.39959e+06
2020-05-30 08:30:00,YxYtjZvoooNbGkE,3543.75,348.363,478.875,7.29298e+06
2020-05-25 14:00:00,YxYtjZvoooNbGkE,11448.4,1117.55,6597.5,7.25925e+06
2020-06-08 11:45:00,1BY6WEcLGh8j5v7,9205.71,900.343,3585.43,6.42734e+06
2020-05-18 22:45:00,McdE0feGgRqW7Ca,0,0,5464,7.18509e+06
2020-06-16 13:30:00,wCURE6d3bPkepu2,8425.25,824.125,4323.12,7.02077e+06
2020-05-31 18:45:00,7JYdWkrLSPkdwr4,0,0,5843,7.72782e+06
2020-05-15 10:15:00,ZnxXDlPa8U1GXgE,7869.86,769.843,1494.86,6.52367e+06
2020-05-17 17:45:00,7JYdWkrLSPkdwr4,855.143,82.9857,7506.71,7.62304e+06
2020-06-01 11:30:00,1IF53ai7Xc0U56Y,13064.9,1274.53,3526.71,6.31496e+06
2020-06-13 07:30:00,VHMLBKoKgIrUVDU,3515.57,345.6,208.571,7.42112e+06
2020-06-02 04:00:00,7JYdWkrLSPkdwr4,0,0,0,7.73362e+06
2020-05-31 17:00:00,WRmjgnKYAwPKWDb,1972.29,193.357,5685,7.15371e+06
2020-05-15 13:15:00,z9Y9gH1T5YWrNuG,6558.29,642.414,3836,7.0117e+06
2020-06-04 22:15:00,zBIq5rxdHJRwDNY,0,0,0,6.49258e+06
2020-05-17 05:00:00,wCURE6d3bPkepu2,0,0,0,6.79547e+06
2020-05-27 21:00:00,iCRJl6heRkivqQ3,0,0,0,7.27469e+06
2020-05-27 18:45:00,ih0vzX44oOqAx2f,0,0,6564,6.27886e+06
2020-05-26 01:00:00,VHMLBKoKgIrUVDU,0,0,0,7.28952e+06
2020-06-15 15:00:00,1BY6WEcLGh8j5v7,6067,594.5,5336,6.47301e+06
2020-06-14 18:45:00,wCURE6d3bPkepu2,0,0,7329,7.0097e+06
2020-06-08 15:45:00,1IF53ai7Xc0U56Y,6095.62,597.025,7703.38,6.37104e+06
2020-06-17 12:30:00,rGa61gmuvPhdLxV,10173.5,993.913,3441.75,7.35439e+06
2020-06-16 23:00:00,pkci93gMrogZuBj,0,0,6261,7.40948e+06
2020-05-22 13:00:00,uHbuxQJl8lW7ozc,9309.14,908.914,4425.57,7.0924e+06
2020-05-25 12:15:00,3PZuoBAID5Wc2HD,12885.4,1256.34,4711.71,7.06628e+06
2020-05-17 21:30:00,ZnxXDlPa8U1GXgE,0,0,7586,6.54274e+06
2020-05-16 07:00:00,YxYtjZvoooNbGkE,1531,149.55,70,7.18633e+06
2020-05-27 10:45:00,zVJPv84UY57bAof,9090.25,888.038,2324.88,7.20771e+06
2020-05-31 22:00:00,YxYtjZvoooNbGkE,0,0,5970,7.30574e+06
2020-05-20 17:30:00,7JYdWkrLSPkdwr4,1805,176.9,8702,7.64391e+06
2020-06-11 18:45:00,z9Y9gH1T5YWrNuG,0,0,5599,7.21106e+06
2020-05-21 22:00:00,7JYdWkrLSPkdwr4,0,0,0,7.65164e+06
2020-06-02 13:15:00,bvBOhCH3iADSZry,11322,1105.09,4316.75,6.44296e+06
2020-06-17 19:00:00,uHbuxQJl8lW7ozc,0,0,5967,7.287e+06
2020-06-10 06:00:00,uHbuxQJl8lW7ozc,87.125,8.4,0.5,7.23386e+06
2020-05-21 14:00:00,YxYtjZvoooNbGkE,9593.25,936.775,5927,7.22722e+06
2020-06-01 23:00:00,iCRJl6heRkivqQ3,0,0,5781,7.31035e+06
2020-05-18 04:15:00,wCURE6d3bPkepu2,0,0,0,6.803e+06
2020-06-12 21:00:00,1IF53ai7Xc0U56Y,0,0,5903,6.39823e+06
2020-05-31 22:15:00,3PZuoBAID5Wc2HD,0,0,5816,7.1153e+06
2020-05-15 10:15:00,zBIq5rxdHJRwDNY,7940,776.375,1551.75,6.34093e+06
2020-05-15 05:30:00,uHbuxQJl8lW7ozc,0,0,0,7.03868e+06
2020-06-02 08:45:00,z9Y9gH1T5YWrNuG,7483.29,732.586,885,7.14071e+06
2020-05-24 10:45:00,wCURE6d3bPkepu2,11412,1113.42,2295.62,6.85013e+06
2020-05-24 02:15:00,ZnxXDlPa8U1GXgE,0,0,0,6.58773e+06
2020-06-01 06:30:00,bvBOhCH3iADSZry,892.625,86.6625,21.375,6.43329e+06
2020-06-06 05:15:00,3PZuoBAID5Wc2HD,0,0,0,7.15249e+06
2020-06-05 15:45:00,bvBOhCH3iADSZry,8329.29,815.114,6064.71,6.46625e+06
2020-06-10 23:00:00,YxYtjZvoooNbGkE,0,0,6419,7.37969e+06
2020-06-11 20:45:00,3PZuoBAID5Wc2HD,0,0,5717,7.19619e+06
2020-06-01 14:00:00,WRmjgnKYAwPKWDb,2602.14,254.943,5033.57,7.1589e+06
2020-06-17 01:30:00,WRmjgnKYAwPKWDb,0,0,0,7.26758e+06
2020-06-10 08:15:00,bvBOhCH3iADSZry,2748.86,269.929,460.571,6.49381e+06
2020-05-18 19:30:00,WRmjgnKYAwPKWDb,0,0,5348,7.05445e+06
2020-05-28 10:30:00,rGa61gmuvPhdLxV,9549.62,933.3,2426,7.20898e+06
2020-05-31 05:30:00,sjndEbLyjtCKgGv,0,0,0,7.13626e+06
2020-06-12 15:45:00,ZnxXDlPa8U1GXgE,4629,454.188,5340.75,6.73524e+06
2020-06-07 18:15:00,sjndEbLyjtCKgGv,309.714,29.8857,6892.29,7.19255e+06
2020-05-18 06:00:00,ZnxXDlPa8U1GXgE,92.75,8.95,0.625,6.54274e+06
2020-05-30 17:45:00,iCRJl6heRkivqQ3,1038.71,100.943,7309,7.29856e+06
2020-05-31 01:00:00,wCURE6d3bPkepu2,0,0,0,6.90316e+06
2020-06-03 04:45:00,ZnxXDlPa8U1GXgE,0,0,0,6.66297e+06
2020-06-10 12:15:00,ZnxXDlPa8U1GXgE,9920.57,968.886,3292.14,6.72106e+06
2020-06-06 04:45:00,7JYdWkrLSPkdwr4,0,0,0,7.76414e+06
2020-06-10 06:00:00,wCURE6d3bPkepu2,95.625,9.2375,0.375,6.97598e+06
2020-05-15 07:45:00,iCRJl6heRkivqQ3,2000.14,196.086,222.714,7.17821e+06
2020-05-19 17:00:00,wCURE6d3bPkepu2,2700.25,265.012,6835.12,6.81523e+06
2020-05-30 18:00:00,YxYtjZvoooNbGkE,663.25,64.2375,7250.38,7.29975e+06
2020-05-28 05:15:00,bvBOhCH3iADSZry,0,0,0,6.40583e+06
2020-05-23 07:30:00,zVJPv84UY57bAof,3245.86,319.057,148.143,7.17244e+06
2020-05-16 12:30:00,ZoEaEvLYb1n2sOq,10442.9,1020.66,3474.14,7.10783e+06
2020-06-04 01:45:00,sjndEbLyjtCKgGv,0,0,0,7.16329e+06
2020-05-17 19:00:00,z9Y9gH1T5YWrNuG,0,0,7486,7.02823e+06
2020-06-08 11:45:00,adLQvlD726eNBSB,10296.4,1005.54,3987.57,6.45737e+06
2020-06-05 04:45:00,zBIq5rxdHJRwDNY,0,0,0,6.49258e+06
2020-06-07 11:30:00,WRmjgnKYAwPKWDb,11819.6,1153.6,3069,7.19968e+06
2020-05-30 20:00:00,1IF53ai7Xc0U56Y,0,0,7332,6.30554e+06
2020-05-25 17:45:00,wCURE6d3bPkepu2,488.375,47.2375,8836.75,6.86463e+06
2020-06-17 15:30:00,sjndEbLyjtCKgGv,846.429,82.1286,5448.86,7.26124e+06
2020-05-23 20:00:00,rGa61gmuvPhdLxV,0,0,8152,7.17529e+06
2020-06-17 03:00:00,ih0vzX44oOqAx2f,0,0,0,6.42037e+06
2020-06-11 05:15:00,adLQvlD726eNBSB,0,0,0,6.47694e+06
2020-05-17 12:30:00,adLQvlD726eNBSB,7258.88,710.388,4622.25,6.28907e+06
2020-06-16 05:15:00,wCURE6d3bPkepu2,0,0,0,7.01644e+06
2020-06-04 11:15:00,iCRJl6heRkivqQ3,9839.71,961.071,2874,7.32857e+06
2020-05-28 08:45:00,zBIq5rxdHJRwDNY,7130.62,698.288,822.125,6.43491e+06
2020-06-01 15:00:00,WRmjgnKYAwPKWDb,3005.57,295.014,5387.71,7.15925e+06
2020-05-21 08:15:00,zBIq5rxdHJRwDNY,5642.88,553.038,475.875,6.38134e+06
2020-06-05 20:45:00,ih0vzX44oOqAx2f,0,0,0,6.34448e+06
2020-06-12 10:00:00,z9Y9gH1T5YWrNuG,5799.38,568.312,1046.75,7.21211e+06
2020-06-04 23:15:00,zVJPv84UY57bAof,0,0,0,7.27127e+06
2020-05-18 19:30:00,pkci93gMrogZuBj,0,0,5364,7.19441e+06
2020-05-18 07:45:00,adLQvlD726eNBSB,1814.86,177.786,285.429,6.2926e+06
2020-06-15 06:45:00,z9Y9gH1T5YWrNuG,1475.5,144.025,53.375,7.23252e+06
2020-05-30 15:00:00,VHMLBKoKgIrUVDU,9569.71,935.914,5825.57,7.32688e+06
2020-06-10 14:15:00,wCURE6d3bPkepu2,9190,898.913,5203.38,6.98118e+06
2020-06-16 14:15:00,wCURE6d3bPkepu2,4477.29,439.5,4781.14,7.02123e+06
2020-05-18 05:45:00,zVJPv84UY57bAof,0,0,0,7.13602e+06
2020-06-05 06:45:00,iCRJl6heRkivqQ3,1372.29,133.757,37,7.33404e+06
2020-05-15 07:15:00,YxYtjZvoooNbGkE,2022,198.225,125.25,7.18009e+06
2020-06-07 13:00:00,z9Y9gH1T5YWrNuG,0,0,4021,7.18131e+06
2020-05-31 18:00:00,zVJPv84UY57bAof,677.714,65.7,6032.57,7.24201e+06
2020-06-14 17:00:00,zBIq5rxdHJRwDNY,1789.38,175.363,7196.12,6.56502e+06
2020-05-19 19:15:00,1BY6WEcLGh8j5v7,0,0,6449,6.2901e+06
2020-05-31 19:15:00,uHbuxQJl8lW7ozc,0,0,6081,7.16535e+06
2020-05-29 20:30:00,WRmjgnKYAwPKWDb,0,0,8038,7.1409e+06
2020-05-30 23:00:00,1BY6WEcLGh8j5v7,0,0,6754,6.37213e+06
2020-06-17 09:45:00,ih0vzX44oOqAx2f,5563.88,545.312,1095.38,6.42147e+06
2020-05-22 09:00:00,zBIq5rxdHJRwDNY,5259.38,515.575,869.125,6.38947e+06
2020-06-17 05:45:00,1BY6WEcLGh8j5v7,0,0,0,6.4798e+06
2020-05-22 13:00:00,wCURE6d3bPkepu2,9934.14,969.8,4309,6.83636e+06
2020-06-13 02:30:00,z9Y9gH1T5YWrNuG,0,0,0,7.21687e+06
2020-05-31 14:15:00,zVJPv84UY57bAof,7180,701.686,5210.57,7.24119e+06
2020-06-12 18:45:00,VHMLBKoKgIrUVDU,0,0,5903,7.42091e+06
2020-05-30 05:30:00,ZnxXDlPa8U1GXgE,0,0,0,6.63607e+06
2020-05-28 01:15:00,WRmjgnKYAwPKWDb,0,0,0,7.12454e+06
2020-05-23 18:45:00,YxYtjZvoooNbGkE,0,0,8559,7.24468e+06
2020-06-02 16:45:00,sjndEbLyjtCKgGv,3160.25,310.188,7242.5,7.15525e+06
2020-05-29 16:30:00,ih0vzX44oOqAx2f,4015.71,394.571,7615.86,6.29479e+06
2020-05-24 19:00:00,WRmjgnKYAwPKWDb,0,0,8091,7.10112e+06
2020-05-22 13:15:00,ZoEaEvLYb1n2sOq,10332.6,1008.71,4495.43,7.15118e+06
2020-06-11 04:15:00,ih0vzX44oOqAx2f,0,0,0,6.38103e+06
2020-06-08 05:45:00,sjndEbLyjtCKgGv,0,0,0,7.19255e+06
2020-06-12 00:15:00,z9Y9gH1T5YWrNuG,0,0,0,7.21106e+06
2020-06-06 23:30:00,3PZuoBAID5Wc2HD,0,0,6496,7.15898e+06
2020-05-15 17:15:00,zBIq5rxdHJRwDNY,2371.62,232.55,6318.38,6.3457e+06
2020-06-12 18:45:00,uHbuxQJl8lW7ozc,0,0,5888,7.25209e+06
2020-05-19 19:45:00,YxYtjZvoooNbGkE,0,0,6878,7.21248e+06
2020-05-15 22:15:00,McdE0feGgRqW7Ca,0,0,6471,7.16544e+06
2020-06-08 00:45:00,adLQvlD726eNBSB,0,0,0,6.45338e+06
2020-05-17 02:15:00,WRmjgnKYAwPKWDb,0,0,0,7.04143e+06
2020-06-17 17:30:00,McdE0feGgRqW7Ca,1369.8,133.32,5920.4,7.40852e+06
2020-06-03 21:00:00,McdE0feGgRqW7Ca,0,0,8010,7.30837e+06
2020-06-02 22:00:00,zBIq5rxdHJRwDNY,0,0,7421,6.47645e+06
2020-05-17 16:30:00,z9Y9gH1T5YWrNuG,4057.5,398.062,7185.25,7.02793e+06
2020-06-16 16:45:00,7JYdWkrLSPkdwr4,2157.71,211.543,5964.71,7.84076e+06
2020-06-03 01:45:00,wCURE6d3bPkepu2,0,0,0,6.92287e+06
2020-05-19 06:00:00,wCURE6d3bPkepu2,0,0,0,6.80839e+06
2020-05-22 20:00:00,ZnxXDlPa8U1GXgE,0,0,7275,6.57914e+06
2020-05-24 14:45:00,ih0vzX44oOqAx2f,8336,815.562,6426.25,6.25536e+06
2020-06-02 14:30:00,pkci93gMrogZuBj,9965.25,973.075,5780.62,7.30608e+06
2020-06-13 19:45:00,7JYdWkrLSPkdwr4,0,0,8435,7.82085e+06
2020-05-20 05:30:00,ZoEaEvLYb1n2sOq,0,0,0,7.13033e+06
2020-05-22 13:00:00,sjndEbLyjtCKgGv,9814.29,1044.9,4280,7.07017e+06
2020-06-04 09:15:00,adLQvlD726eNBSB,7417.25,725.975,1180,6.42345e+06
2020-06-03 23:15:00,McdE0feGgRqW7Ca,0,0,8010,7.30837e+06
2020-05-22 18:15:00,bvBOhCH3iADSZry,104,10.0125,6758.88,6.36891e+06
2020-05-22 11:00:00,3PZuoBAID5Wc2HD,8699.86,849.986,2279.57,7.03958e+06
2020-06-07 00:00:00,bvBOhCH3iADSZry,0,0,0,6.47312e+06
2020-06-17 00:00:00,WRmjgnKYAwPKWDb,0,0,0,7.26758e+06
2020-05-31 00:00:00,YxYtjZvoooNbGkE,0,0,908.25,7.29977e+06
2020-06-06 01:30:00,1IF53ai7Xc0U56Y,0,0,0,6.34856e+06
2020-06-09 16:15:00,WRmjgnKYAwPKWDb,5357,525.1,7436.38,7.22044e+06
2020-05-18 19:00:00,1IF53ai7Xc0U56Y,0,0,5453,6.20981e+06
2020-05-30 07:00:00,sjndEbLyjtCKgGv,1702,166.614,74.4286,7.1291e+06
2020-05-15 01:15:00,z9Y9gH1T5YWrNuG,0,0,0,7.00787e+06
2020-06-09 07:45:00,1BY6WEcLGh8j5v7,2376.71,233.2,266.857,6.43188e+06
2020-05-25 19:15:00,zBIq5rxdHJRwDNY,0,0,8443,6.4202e+06
2020-06-15 21:30:00,pkci93gMrogZuBj,0,0,6795,7.40322e+06
2020-05-19 01:15:00,wCURE6d3bPkepu2,0,0,0,6.80839e+06
2020-06-17 22:00:00,pkci93gMrogZuBj,0,0,5952,7.41543e+06
2020-06-03 11:15:00,ih0vzX44oOqAx2f,9167.71,896.771,2413.29,6.32372e+06
2020-05-28 00:15:00,1IF53ai7Xc0U56Y,0,0,0,6.28146e+06
2020-05-26 17:00:00,ih0vzX44oOqAx2f,4187.57,410.743,7607.14,6.27219e+06
2020-06-07 02:00:00,3PZuoBAID5Wc2HD,0,0,0,7.15898e+06
2020-06-09 15:00:00,1IF53ai7Xc0U56Y,8264.38,808.775,6724.62,6.37856e+06
2020-05-24 03:00:00,z9Y9gH1T5YWrNuG,0,0,0,7.07276e+06
2020-05-23 14:30:00,7JYdWkrLSPkdwr4,7499.29,734.2,6672,7.66544e+06
2020-06-03 14:15:00,YxYtjZvoooNbGkE,9647.14,943.414,5630.57,7.32456e+06
2020-06-03 02:00:00,z9Y9gH1T5YWrNuG,0,0,0,7.14727e+06
2020-06-16 07:45:00,uHbuxQJl8lW7ozc,3635.12,357.075,249,7.27499e+06
2020-06-11 23:15:00,1IF53ai7Xc0U56Y,0,0,5704,6.39232e+06
2020-06-08 18:45:00,rGa61gmuvPhdLxV,0,0,8291,7.29596e+06
2020-05-30 23:30:00,VHMLBKoKgIrUVDU,0,0,7270,7.32833e+06
2020-05-31 16:30:00,3PZuoBAID5Wc2HD,1840.71,180.429,5570.14,7.11506e+06
2020-05-17 04:30:00,ZoEaEvLYb1n2sOq,0,0,0,7.11074e+06
2020-06-15 12:15:00,VHMLBKoKgIrUVDU,5811.86,569.514,4094.86,7.44115e+06
2020-05-16 10:45:00,ZoEaEvLYb1n2sOq,8363.62,818.35,2074.5,7.10643e+06
2020-05-24 13:15:00,1IF53ai7Xc0U56Y,12267.7,1196.09,5411.43,6.25462e+06
2020-05-20 21:00:00,z9Y9gH1T5YWrNuG,0,0,8796,7.04926e+06
2020-05-18 15:00:00,z9Y9gH1T5YWrNuG,7691.43,752.971,4129.43,7.03236e+06
2020-05-20 20:15:00,7JYdWkrLSPkdwr4,0,0,8772,7.64398e+06
2020-05-15 22:45:00,wCURE6d3bPkepu2,0,0,6329,6.78893e+06
2020-06-17 18:30:00,zBIq5rxdHJRwDNY,74.8571,7.22857,5816.14,6.58337e+06
2020-05-30 13:00:00,1BY6WEcLGh8j5v7,8013.43,784.329,3431.57,6.36881e+06
2020-06-10 11:00:00,WRmjgnKYAwPKWDb,5167.14,506.543,2211.71,7.22319e+06
2020-05-23 17:45:00,uHbuxQJl8lW7ozc,1622.43,158.871,8424.71,7.10368e+06
2020-06-01 01:15:00,1BY6WEcLGh8j5v7,0,0,0,6.37793e+06
2020-05-16 20:45:00,ih0vzX44oOqAx2f,0,0,6450,6.19781e+06
2020-05-15 22:00:00,iCRJl6heRkivqQ3,0,0,6418,7.18441e+06
2020-06-13 13:45:00,iCRJl6heRkivqQ3,9233,902.686,5914.43,7.39727e+06
2020-06-03 16:15:00,z9Y9gH1T5YWrNuG,4170.5,409.1,7296.88,7.15457e+06
2020-05-24 11:30:00,McdE0feGgRqW7Ca,11529.6,1124.97,3154.71,7.22779e+06
2020-06-04 20:00:00,7JYdWkrLSPkdwr4,0,0,7999,7.75662e+06
2020-05-22 07:30:00,bvBOhCH3iADSZry,4205.88,413.175,232.875,6.36238e+06
2020-05-22 00:30:00,sjndEbLyjtCKgGv,0,0,0,7.06589e+06
2020-05-24 19:00:00,ih0vzX44oOqAx2f,0,0,7556,6.25649e+06
2020-05-16 17:15:00,pkci93gMrogZuBj,1610.29,157.543,6093.86,7.18157e+06
2020-06-15 13:00:00,3PZuoBAID5Wc2HD,10453.1,1020.9,4594.43,7.22282e+06
2020-05-17 19:30:00,zVJPv84UY57bAof,0,0,7480,7.13602e+06
2020-06-06 00:45:00,YxYtjZvoooNbGkE,0,0,0,7.34249e+06
2020-06-13 20:00:00,rGa61gmuvPhdLxV,0,0,8389,7.33067e+06
2020-05-16 23:15:00,McdE0feGgRqW7Ca,0,0,6586,7.17202e+06
2020-05-25 09:45:00,z9Y9gH1T5YWrNuG,10197.5,996.987,1671.88,7.08231e+06
2020-05-30 06:30:00,ZnxXDlPa8U1GXgE,716.25,69.425,17.75,6.63608e+06
2020-05-21 17:00:00,bvBOhCH3iADSZry,992.375,96.4375,7048.12,6.36209e+06
2020-05-24 08:30:00,McdE0feGgRqW7Ca,7403,724.843,670.857,7.22531e+06
2020-06-01 10:45:00,YxYtjZvoooNbGkE,11344.6,1106.86,2500.25,7.30824e+06
2020-05-28 08:15:00,sjndEbLyjtCKgGv,5782.14,566.614,541.429,7.11311e+06
2020-06-04 06:00:00,ZoEaEvLYb1n2sOq,66.5714,6.42857,0.142857,7.2435e+06
2020-05-22 00:00:00,adLQvlD726eNBSB,0,0,0,6.32157e+06
2020-06-06 02:00:00,zVJPv84UY57bAof,0,0,0,7.27909e+06
2020-06-15 03:30:00,zVJPv84UY57bAof,0,0,0,7.34428e+06
2020-06-02 22:30:00,3PZuoBAID5Wc2HD,0,0,0,7.12861e+06
2020-06-04 18:00:00,z9Y9gH1T5YWrNuG,882.571,85.6857,8131.57,7.16324e+06
2020-05-31 13:30:00,adLQvlD726eNBSB,5175.75,506.95,4442.5,6.39921e+06
2020-06-08 01:30:00,VHMLBKoKgIrUVDU,0,0,0,7.38621e+06
2020-05-17 03:00:00,VHMLBKoKgIrUVDU,0,0,0,7.21938e+06
2020-05-24 04:45:00,adLQvlD726eNBSB,0,0,0,6.33773e+06
2020-05-18 17:15:00,zBIq5rxdHJRwDNY,1668.38,163.287,5309.5,6.36497e+06
2020-06-04 15:45:00,iCRJl6heRkivqQ3,9108.88,891.038,7222.25,7.33292e+06
2020-05-28 02:15:00,wCURE6d3bPkepu2,0,0,0,6.8792e+06
2020-05-30 11:30:00,pkci93gMrogZuBj,7394.14,724,2080.71,7.28362e+06
2020-06-15 17:00:00,7JYdWkrLSPkdwr4,2761.71,271.171,6470.71,7.83463e+06
2020-05-25 16:00:00,uHbuxQJl8lW7ozc,7474.86,731.729,8474.43,7.12033e+06
2020-06-06 12:00:00,1IF53ai7Xc0U56Y,7979.29,779.614,3574.86,6.35213e+06
2020-06-17 03:30:00,zBIq5rxdHJRwDNY,0,0,0,6.57755e+06
2020-05-29 14:30:00,VHMLBKoKgIrUVDU,8037.14,786.657,6400.43,7.31929e+06
2020-06-07 06:15:00,VHMLBKoKgIrUVDU,420.5,40.65,5.5,7.37799e+06
2020-05-18 03:15:00,YxYtjZvoooNbGkE,0,0,0,7.20023e+06
2020-06-15 02:30:00,ZoEaEvLYb1n2sOq,0,0,0,7.32305e+06
2020-05-27 17:15:00,ZnxXDlPa8U1GXgE,1763,172.45,6660.88,6.61931e+06
2020-05-26 10:15:00,ih0vzX44oOqAx2f,8728.29,852.971,2194.14,6.26677e+06
2020-06-15 09:45:00,iCRJl6heRkivqQ3,8585.38,840.013,1763,7.40899e+06
2020-05-30 18:45:00,sjndEbLyjtCKgGv,0,0,7226,7.13626e+06
2020-06-13 00:15:00,wCURE6d3bPkepu2,0,0,0,6.99391e+06
2020-06-07 05:00:00,sjndEbLyjtCKgGv,0,0,0,7.18566e+06
2020-06-01 01:00:00,ZoEaEvLYb1n2sOq,0,0,0,7.22264e+06
2020-06-08 09:45:00,3PZuoBAID5Wc2HD,11790.5,1150.82,1696.17,7.16892e+06
2020-05-30 21:15:00,ZnxXDlPa8U1GXgE,0,0,7317,6.64338e+06
2020-05-17 07:30:00,zBIq5rxdHJRwDNY,2800.14,274.971,156.429,6.35231e+06
2020-06-15 10:30:00,iCRJl6heRkivqQ3,10234.1,998.862,2494.5,7.40972e+06
2020-05-19 18:45:00,7JYdWkrLSPkdwr4,0,0,6836,7.63521e+06
2020-06-08 03:15:00,7JYdWkrLSPkdwr4,0,0,0,7.77851e+06
2020-05-24 04:45:00,1IF53ai7Xc0U56Y,0,0,0,6.24921e+06
2020-05-15 14:00:00,YxYtjZvoooNbGkE,10150.7,992.414,4338.43,7.1843e+06
2020-06-01 14:00:00,1BY6WEcLGh8j5v7,2878.57,281.929,4787.57,6.38272e+06
2020-05-23 14:30:00,wCURE6d3bPkepu2,7614.38,745.487,6719,6.84594e+06
2020-05-24 04:00:00,uHbuxQJl8lW7ozc,0,0,0,7.10375e+06
2020-06-16 17:15:00,rGa61gmuvPhdLxV,1761.71,172.671,6132.86,7.35084e+06
2020-05-24 13:45:00,zVJPv84UY57bAof,11762.4,1147.19,5642.14,7.18648e+06
2020-06-02 00:15:00,zVJPv84UY57bAof,0,0,0,7.24777e+06
2020-06-04 21:45:00,sjndEbLyjtCKgGv,0,0,0,7.17152e+06
2020-05-20 00:00:00,bvBOhCH3iADSZry,0,0,0,6.34691e+06
2020-06-15 19:45:00,rGa61gmuvPhdLxV,0,0,6732,7.3447e+06
2020-06-14 10:45:00,zVJPv84UY57bAof,11137.4,1087.79,2318.86,7.33928e+06
2020-06-06 06:45:00,VHMLBKoKgIrUVDU,1564.57,152.829,48.1429,7.3716e+06
2020-06-01 00:45:00,z9Y9gH1T5YWrNuG,0,0,0,7.1339e+06
2020-05-24 16:45:00,1IF53ai7Xc0U56Y,3876,380.3,7971.88,6.25718e+06
2020-06-08 10:45:00,adLQvlD726eNBSB,12051.9,1175.5,2858.14,6.45624e+06
2020-06-01 02:45:00,adLQvlD726eNBSB,0,0,0,6.4007e+06
2020-06-16 06:00:00,z9Y9gH1T5YWrNuG,0,0,0,7.23918e+06
2020-05-23 11:15:00,wCURE6d3bPkepu2,13006.6,1268.15,3057.62,6.84228e+06
2020-05-24 18:15:00,sjndEbLyjtCKgGv,382.75,36.9875,7892.62,7.08934e+06
2020-06-16 14:30:00,1IF53ai7Xc0U56Y,10074.3,983.914,4998.29,6.42621e+06
2020-05-19 11:30:00,McdE0feGgRqW7Ca,4099.25,402.775,2490.5,7.18758e+06
2020-06-04 04:15:00,ih0vzX44oOqAx2f,0,0,0,6.32901e+06
2020-05-19 23:45:00,VHMLBKoKgIrUVDU,0,0,6988,7.23954e+06
2020-05-30 19:30:00,z9Y9gH1T5YWrNuG,0,0,7142,7.1276e+06
2020-06-04 17:15:00,sjndEbLyjtCKgGv,3943.43,387.457,8022.14,7.17132e+06
2020-06-17 10:15:00,iCRJl6heRkivqQ3,6762,662.325,1436.5,7.42174e+06
2020-05-27 09:15:00,zBIq5rxdHJRwDNY,7728.29,756.486,1136.57,6.42884e+06
2020-05-26 00:15:00,pkci93gMrogZuBj,0,0,0,7.25052e+06
2020-05-29 23:00:00,ZoEaEvLYb1n2sOq,0,0,0,7.2096e+06
2020-05-25 22:00:00,WRmjgnKYAwPKWDb,0,0,8879,7.11e+06
2020-05-27 20:30:00,uHbuxQJl8lW7ozc,0,0,0,7.13526e+06
2020-06-11 04:15:00,wCURE6d3bPkepu2,0,0,0,6.9824e+06
2020-06-14 02:00:00,1BY6WEcLGh8j5v7,0,0,0,6.46366e+06
2020-06-15 11:00:00,zBIq5rxdHJRwDNY,11527.6,1124.97,2946.5,6.56808e+06
2020-06-11 00:45:00,z9Y9gH1T5YWrNuG,0,0,0,7.20546e+06
2020-06-04 04:00:00,uHbuxQJl8lW7ozc,0,0,0,7.18626e+06
2020-05-31 17:30:00,WRmjgnKYAwPKWDb,1402.43,136.914,5772.29,7.1538e+06
2020-06-02 20:15:00,WRmjgnKYAwPKWDb,0,0,0,7.16692e+06
2020-05-26 19:45:00,sjndEbLyjtCKgGv,0,0,0,7.10589e+06
2020-05-15 11:45:00,z9Y9gH1T5YWrNuG,8481.29,828.9,2652.43,7.01052e+06
2020-06-11 16:30:00,adLQvlD726eNBSB,3797.12,373.175,5468.12,6.48241e+06
2020-06-09 23:45:00,VHMLBKoKgIrUVDU,0,0,8120,7.40282e+06
2020-06-14 04:45:00,WRmjgnKYAwPKWDb,0,0,0,7.24718e+06
2020-05-27 17:45:00,McdE0feGgRqW7Ca,628,60.8286,6817.71,7.25638e+06
2020-06-02 15:45:00,ih0vzX44oOqAx2f,7208.38,705.65,6607.38,6.32059e+06
2020-06-05 03:30:00,iCRJl6heRkivqQ3,0,0,0,7.334e+06
2020-06-08 00:30:00,ZoEaEvLYb1n2sOq,0,0,0,7.27345e+06
2020-05-16 19:15:00,iCRJl6heRkivqQ3,0,0,6438,7.19085e+06
2020-06-13 17:00:00,iCRJl6heRkivqQ3,1674.88,163.925,8353.75,7.39971e+06
2020-05-24 01:15:00,ZoEaEvLYb1n2sOq,0,0,0,7.16218e+06
2020-06-13 13:45:00,zVJPv84UY57bAof,8999,879.95,5870,7.33442e+06
2020-05-20 04:45:00,adLQvlD726eNBSB,0,0,0,6.30451e+06
2020-06-16 17:00:00,sjndEbLyjtCKgGv,1944.71,190.614,6098.57,7.25564e+06
2020-05-31 17:45:00,ih0vzX44oOqAx2f,1040.71,101.143,5930.71,6.3082e+06
2020-05-15 09:45:00,McdE0feGgRqW7Ca,7631.62,746.962,1167,7.16013e+06
2020-06-14 07:45:00,1IF53ai7Xc0U56Y,4595.57,450.986,310.571,6.40719e+06
2020-06-11 19:45:00,pkci93gMrogZuBj,0,0,5662,7.37496e+06
2020-05-24 01:30:00,wCURE6d3bPkepu2,0,0,0,6.84783e+06
2020-06-16 10:30:00,adLQvlD726eNBSB,8756.38,856.763,2239.5,6.51424e+06
2020-06-11 15:00:00,zVJPv84UY57bAof,7455.71,729.829,4484.71,7.3215e+06
2020-06-13 23:15:00,adLQvlD726eNBSB,0,0,8774,6.4975e+06
2020-06-11 00:30:00,pkci93gMrogZuBj,0,0,0,7.36929e+06
2020-06-10 02:15:00,bvBOhCH3iADSZry,0,0,0,6.49335e+06
2020-06-02 22:45:00,7JYdWkrLSPkdwr4,0,0,0,7.74087e+06
2020-05-27 20:30:00,ZnxXDlPa8U1GXgE,0,0,6727,6.61938e+06
2020-06-17 20:15:00,sjndEbLyjtCKgGv,0,0,5887,7.26168e+06
2020-06-05 22:45:00,sjndEbLyjtCKgGv,0,0,7759,7.17928e+06
2020-05-27 14:00:00,VHMLBKoKgIrUVDU,4304.43,422.629,5004.43,7.30262e+06
2020-06-02 12:00:00,adLQvlD726eNBSB,8525.71,834.257,3425.57,6.41026e+06
2020-06-10 20:30:00,adLQvlD726eNBSB,0,0,6667,6.47694e+06
2020-05-28 13:30:00,zBIq5rxdHJRwDNY,6591,645.2,5526.75,6.43961e+06
2020-06-01 16:15:00,z9Y9gH1T5YWrNuG,1926,188.8,5718.25,7.13962e+06
2020-05-26 19:45:00,ih0vzX44oOqAx2f,0,0,0,6.27229e+06
2020-06-06 20:00:00,ZoEaEvLYb1n2sOq,0,0,0,7.26537e+06
2020-06-10 20:45:00,zVJPv84UY57bAof,0,0,6560,7.31702e+06
2020-05-18 17:00:00,z9Y9gH1T5YWrNuG,2241.12,219.713,5217.5,7.03344e+06
2020-05-18 13:30:00,zVJPv84UY57bAof,11172.1,1090.87,2919.43,7.13893e+06
2020-05-27 13:00:00,WRmjgnKYAwPKWDb,7968.12,779.487,4332.62,7.12221e+06
2020-05-31 00:30:00,ZoEaEvLYb1n2sOq,0,0,0,7.21685e+06
2020-06-09 03:00:00,sjndEbLyjtCKgGv,0,0,0,7.20092e+06
2020-06-03 10:45:00,ZoEaEvLYb1n2sOq,10687.5,1044.22,1942.5,7.23767e+06
2020-05-26 13:00:00,1IF53ai7Xc0U56Y,7681.71,751.114,5331.71,6.27186e+06
2020-05-22 17:30:00,pkci93gMrogZuBj,790.375,76.65,7192.62,7.22517e+06
2020-05-15 01:30:00,1IF53ai7Xc0U56Y,0,0,0,6.18364e+06
2020-06-10 07:15:00,1IF53ai7Xc0U56Y,2820.29,276.857,156.143,6.38018e+06
2020-06-12 13:45:00,adLQvlD726eNBSB,9945.43,972.471,4141.14,6.48688e+06
2020-06-17 03:30:00,rGa61gmuvPhdLxV,0,0,0,7.35095e+06
2020-06-04 04:45:00,ih0vzX44oOqAx2f,0,0,0,6.32901e+06
2020-06-06 11:00:00,1IF53ai7Xc0U56Y,11159.9,1089.56,2771.25,6.35133e+06
2020-05-24 02:00:00,zBIq5rxdHJRwDNY,0,0,0,6.40448e+06
2020-06-04 10:00:00,iCRJl6heRkivqQ3,8622.75,842.513,1618.25,7.32731e+06
2020-06-15 16:30:00,rGa61gmuvPhdLxV,3503.5,344.413,6378.88,7.34435e+06
2020-05-18 19:00:00,YxYtjZvoooNbGkE,0,0,5369,7.2056e+06
2020-06-13 17:45:00,uHbuxQJl8lW7ozc,971.143,94.3714,8402.43,7.2605e+06
2020-05-22 02:00:00,VHMLBKoKgIrUVDU,0,0,0,7.25636e+06
2020-05-23 15:45:00,ih0vzX44oOqAx2f,7633.86,747.357,7476.14,6.24802e+06
2020-06-08 02:45:00,VHMLBKoKgIrUVDU,0,0,0,7.38621e+06
2020-06-12 13:00:00,1BY6WEcLGh8j5v7,7438.75,728.35,3174.75,6.45341e+06
2020-05-26 09:30:00,adLQvlD726eNBSB,9992,977.014,1604.71,6.3569e+06
2020-05-25 05:00:00,ZnxXDlPa8U1GXgE,0,0,0,6.59576e+06
2020-06-02 23:00:00,1IF53ai7Xc0U56Y,0,0,0,6.32478e+06
2020-06-14 08:00:00,VHMLBKoKgIrUVDU,4318.5,424.062,419,7.42998e+06
2020-06-12 17:15:00,7JYdWkrLSPkdwr4,1786.29,175.086,5608,7.81227e+06
2020-06-17 16:15:00,ih0vzX44oOqAx2f,3507.14,344.486,5497.86,6.42587e+06
2020-06-09 00:30:00,iCRJl6heRkivqQ3,0,0,0,7.36496e+06
2020-05-17 01:00:00,ih0vzX44oOqAx2f,0,0,0,6.19781e+06
2020-05-15 21:45:00,pkci93gMrogZuBj,0,0,6375,7.17548e+06
2020-05-26 01:15:00,wCURE6d3bPkepu2,0,0,0,6.86465e+06
2020-06-13 20:15:00,ZoEaEvLYb1n2sOq,0,0,8378,7.31576e+06
2020-05-25 02:15:00,ih0vzX44oOqAx2f,0,0,0,6.25649e+06
2020-05-28 14:00:00,ZnxXDlPa8U1GXgE,9801.83,956.617,6523.5,6.6259e+06
2020-06-02 22:00:00,z9Y9gH1T5YWrNuG,0,0,7446,7.14727e+06
2020-06-16 01:15:00,3PZuoBAID5Wc2HD,0,0,0,7.22504e+06
2020-06-01 12:30:00,bvBOhCH3iADSZry,6133.86,600.943,3716.14,6.43698e+06
2020-05-26 23:30:00,ZnxXDlPa8U1GXgE,0,0,0,6.61265e+06
2020-06-17 10:30:00,z9Y9gH1T5YWrNuG,7476.86,732.029,1592.29,7.24698e+06
2020-06-11 09:30:00,uHbuxQJl8lW7ozc,4527,444.35,710.375,7.24122e+06
2020-05-27 06:45:00,pkci93gMrogZuBj,1453.75,141.875,47.125,7.25834e+06
2020-05-26 01:45:00,WRmjgnKYAwPKWDb,0,0,0,7.11e+06
2020-06-07 05:15:00,WRmjgnKYAwPKWDb,0,0,0,7.19661e+06
2020-06-04 01:15:00,iCRJl6heRkivqQ3,0,0,0,7.3257e+06
2020-06-12 03:15:00,3PZuoBAID5Wc2HD,0,0,0,7.19619e+06
2020-06-13 18:45:00,z9Y9gH1T5YWrNuG,0,0,8363,7.22523e+06
2020-06-09 07:15:00,VHMLBKoKgIrUVDU,2872.38,281.9,165.625,7.39486e+06
2020-05-15 15:45:00,McdE0feGgRqW7Ca,5024,492.4,5780.71,7.16474e+06
2020-05-26 04:00:00,YxYtjZvoooNbGkE,0,0,0,7.26146e+06
2020-05-19 11:15:00,sjndEbLyjtCKgGv,7425.86,726.386,2359.14,7.04476e+06
2020-05-28 09:15:00,McdE0feGgRqW7Ca,9006.29,881.114,1304.43,7.25769e+06
2020-05-28 02:45:00,McdE0feGgRqW7Ca,0,0,0,7.25639e+06
2020-06-15 03:15:00,sjndEbLyjtCKgGv,0,0,0,7.24281e+06
2020-05-31 08:45:00,zVJPv84UY57bAof,7239.62,708.625,563.25,7.23654e+06
2020-06-15 10:45:00,iCRJl6heRkivqQ3,11262.9,1099.46,2713.57,7.40994e+06
2020-05-25 21:45:00,1BY6WEcLGh8j5v7,0,0,8268,6.33621e+06
2020-06-16 07:15:00,uHbuxQJl8lW7ozc,2371,232.463,107.25,7.27485e+06
2020-06-10 06:00:00,McdE0feGgRqW7Ca,100.625,9.7,0.875,7.35502e+06
2020-05-23 00:45:00,VHMLBKoKgIrUVDU,0,0,0,7.26372e+06
2020-06-11 04:00:00,ZoEaEvLYb1n2sOq,0,0,0,7.29607e+06
2020-05-29 15:15:00,rGa61gmuvPhdLxV,7329.25,717.625,7083,7.2219e+06
2020-05-18 07:15:00,adLQvlD726eNBSB,2786,273.357,133,6.29244e+06
2020-05-21 15:15:00,ih0vzX44oOqAx2f,5485.25,537.675,6805.38,6.23275e+06
2020-06-05 20:30:00,1BY6WEcLGh8j5v7,0,0,7162,6.41254e+06
2020-06-07 03:30:00,zBIq5rxdHJRwDNY,0,0,0,6.50673e+06
2020-06-07 04:00:00,pkci93gMrogZuBj,0,0,0,7.33792e+06
2020-06-01 03:15:00,rGa61gmuvPhdLxV,0,0,0,7.23633e+06
2020-05-27 11:00:00,VHMLBKoKgIrUVDU,8034.12,785.525,2684.38,7.3003e+06
2020-06-01 14:30:00,pkci93gMrogZuBj,5180.86,507.9,4894.86,7.29969e+06
2020-05-18 07:30:00,rGa61gmuvPhdLxV,3490.29,342.857,207.571,7.13174e+06
2020-05-30 04:45:00,7JYdWkrLSPkdwr4,0,0,0,7.71484e+06
2020-05-19 21:00:00,wCURE6d3bPkepu2,0,0,6956,6.81535e+06
2020-05-31 22:15:00,zVJPv84UY57bAof,0,0,6047,7.24202e+06
2020-06-03 05:30:00,WRmjgnKYAwPKWDb,0,0,0,7.16692e+06
2020-05-25 15:30:00,zVJPv84UY57bAof,7894.86,772.786,8039,7.19684e+06
2020-06-07 18:15:00,uHbuxQJl8lW7ozc,314.714,30.4429,8288.86,7.21714e+06
2020-06-17 16:15:00,iCRJl6heRkivqQ3,3519.29,345.714,5693.57,7.426e+06
2020-05-27 15:30:00,WRmjgnKYAwPKWDb,7771.38,760.675,5812.12,7.12369e+06
2020-06-13 11:00:00,sjndEbLyjtCKgGv,11604.4,1132.09,2851.12,7.22995e+06
2020-05-15 11:45:00,zBIq5rxdHJRwDNY,6566.12,643.1,2611.62,6.34199e+06
2020-05-15 21:15:00,ZnxXDlPa8U1GXgE,0,0,0,6.52848e+06
2020-05-21 13:15:00,ZnxXDlPa8U1GXgE,13269.7,1293.8,5198.5,6.56924e+06
2020-06-02 20:30:00,wCURE6d3bPkepu2,0,0,7525,6.92287e+06
2020-06-09 14:30:00,McdE0feGgRqW7Ca,9175.12,896.825,6305.25,7.35309e+06
2020-06-11 00:00:00,bvBOhCH3iADSZry,0,0,0,6.49921e+06
2020-06-15 06:45:00,ZnxXDlPa8U1GXgE,1482,144.65,53.75,6.7518e+06
2020-05-30 10:45:00,YxYtjZvoooNbGkE,5344.5,523.85,1509,7.29401e+06
2020-05-19 07:15:00,VHMLBKoKgIrUVDU,2711.12,266.012,119.125,7.23267e+06
2020-05-23 17:30:00,WRmjgnKYAwPKWDb,1981.12,194.2,8323.62,7.09292e+06
2020-05-25 16:30:00,1BY6WEcLGh8j5v7,1868.43,182.871,8127.71,6.33607e+06
2020-05-20 08:45:00,zVJPv84UY57bAof,6897.62,675.587,854.75,7.14919e+06
2020-06-15 17:15:00,adLQvlD726eNBSB,2320.75,227.55,6799.62,6.51189e+06
2020-06-14 16:15:00,sjndEbLyjtCKgGv,4213.29,413.7,6991.57,7.2425e+06
2020-06-16 02:15:00,7JYdWkrLSPkdwr4,0,0,0,7.8348e+06
2020-05-15 09:30:00,zBIq5rxdHJRwDNY,3741.88,367.462,1034.5,6.34041e+06
2020-06-02 04:45:00,VHMLBKoKgIrUVDU,0,0,0,7.34031e+06
2020-05-21 07:45:00,rGa61gmuvPhdLxV,3203.6,314.76,302.2,7.15294e+06
2020-05-30 21:30:00,7JYdWkrLSPkdwr4,0,0,7143,7.72198e+06
2020-05-17 11:30:00,sjndEbLyjtCKgGv,12412.7,1210.67,3351.14,7.03296e+06
2020-05-29 23:00:00,VHMLBKoKgIrUVDU,0,0,8172,7.32106e+06
2020-05-26 01:00:00,rGa61gmuvPhdLxV,0,0,0,7.1921e+06
2020-05-28 15:45:00,VHMLBKoKgIrUVDU,5835,571.7,7836.71,7.31221e+06
2020-06-11 14:45:00,3PZuoBAID5Wc2HD,5857.12,573.975,4386.75,7.19486e+06
2020-05-26 03:30:00,7JYdWkrLSPkdwr4,0,0,0,7.68402e+06
2020-06-13 00:15:00,adLQvlD726eNBSB,0,0,0,6.48872e+06
2020-05-30 15:00:00,pkci93gMrogZuBj,9737.29,952.2,5814,7.28735e+06
2020-05-16 09:15:00,3PZuoBAID5Wc2HD,5961.38,584.15,1070,6.9951e+06
2020-06-01 09:30:00,3PZuoBAID5Wc2HD,6396,626.538,1509.5,7.11681e+06
2020-06-09 08:15:00,VHMLBKoKgIrUVDU,6553.5,641.975,550.375,7.39525e+06
2020-06-06 21:15:00,sjndEbLyjtCKgGv,0,0,0,7.18566e+06
2020-06-08 18:30:00,pkci93gMrogZuBj,130.25,12.575,8343,7.35448e+06
2020-05-23 16:30:00,VHMLBKoKgIrUVDU,5539.75,543.013,8161.38,7.27188e+06
2020-06-15 17:00:00,zVJPv84UY57bAof,2840.71,278.914,6644.86,7.35092e+06
2020-05-20 11:00:00,wCURE6d3bPkepu2,11715.9,1142.9,2985.5,6.81833e+06
2020-05-15 21:30:00,wCURE6d3bPkepu2,0,0,6329,6.78893e+06
2020-06-10 00:00:00,wCURE6d3bPkepu2,0,0,0,6.97598e+06
2020-06-07 13:15:00,zBIq5rxdHJRwDNY,12720.3,1240.23,5193.86,6.51192e+06
2020-05-28 04:30:00,zVJPv84UY57bAof,0,0,0,7.21208e+06
2020-06-15 14:00:00,3PZuoBAID5Wc2HD,4190.86,411.543,5083,7.22331e+06
2020-05-22 22:00:00,WRmjgnKYAwPKWDb,0,0,7237,7.0846e+06
2020-05-27 05:45:00,iCRJl6heRkivqQ3,0,0,0,7.268e+06
2020-05-28 10:00:00,pkci93gMrogZuBj,9731.29,951.486,1954,7.26694e+06
2020-06-10 02:45:00,WRmjgnKYAwPKWDb,0,0,0,7.22098e+06
2020-05-21 08:00:00,zBIq5rxdHJRwDNY,4822.2,472.82,298.4,6.38122e+06
2020-06-14 16:30:00,ih0vzX44oOqAx2f,2868.75,281.663,6938.75,6.40746e+06
2020-06-14 22:45:00,ZnxXDlPa8U1GXgE,0,0,7404,6.75175e+06
2020-05-27 07:00:00,sjndEbLyjtCKgGv,1892.12,185.463,90.375,7.10598e+06
2020-05-29 22:30:00,sjndEbLyjtCKgGv,0,0,0,7.12903e+06
2020-06-15 18:30:00,7JYdWkrLSPkdwr4,15.25,1.475,6641,7.8348e+06
2020-05-28 12:30:00,VHMLBKoKgIrUVDU,11344.3,1106.94,4965.43,7.30934e+06
2020-05-24 21:30:00,1IF53ai7Xc0U56Y,0,0,8273,6.25748e+06
2020-05-22 22:45:00,1IF53ai7Xc0U56Y,0,0,7287,6.24053e+06
2020-05-30 06:45:00,ZoEaEvLYb1n2sOq,1183,115.029,38.1429,7.20964e+06
2020-05-22 08:45:00,1BY6WEcLGh8j5v7,3656.43,359.243,724.286,6.30631e+06
2020-06-02 04:45:00,1BY6WEcLGh8j5v7,0,0,0,6.38344e+06
2020-05-30 11:45:00,sjndEbLyjtCKgGv,8529.43,834.214,2300.43,7.13133e+06
2020-06-16 07:45:00,z9Y9gH1T5YWrNuG,3485.12,342.262,243.625,7.23943e+06
2020-05-17 23:30:00,adLQvlD726eNBSB,0,0,7867,6.29231e+06
2020-05-18 15:15:00,wCURE6d3bPkepu2,8128.62,795.55,4360.12,6.80736e+06
2020-06-14 04:15:00,1BY6WEcLGh8j5v7,0,0,0,6.46366e+06
2020-06-09 23:00:00,1BY6WEcLGh8j5v7,0,0,7456,6.43907e+06
2020-06-09 19:15:00,z9Y9gH1T5YWrNuG,0,0,7629,7.19905e+06
2020-05-18 20:45:00,ZnxXDlPa8U1GXgE,0,0,5424,6.54816e+06
2020-06-13 14:30:00,rGa61gmuvPhdLxV,9310.62,910.087,6637,7.32892e+06
2020-06-17 02:15:00,z9Y9gH1T5YWrNuG,0,0,0,7.24538e+06
2020-06-10 03:15:00,bvBOhCH3iADSZry,0,0,0,6.49335e+06
2020-05-22 01:15:00,VHMLBKoKgIrUVDU,0,0,0,7.25636e+06
2020-06-05 22:15:00,7JYdWkrLSPkdwr4,0,0,0,7.76414e+06
2020-06-07 03:45:00,ih0vzX44oOqAx2f,0,0,0,6.35067e+06
2020-05-24 19:45:00,ZnxXDlPa8U1GXgE,0,0,8028,6.59576e+06
2020-06-16 23:30:00,bvBOhCH3iADSZry,0,0,5757,6.53355e+06
2020-06-05 15:45:00,wCURE6d3bPkepu2,8552.88,836.8,6641.75,6.94566e+06
2020-05-20 09:00:00,adLQvlD726eNBSB,8305.57,812.829,1122.29,6.30564e+06
2020-06-08 08:00:00,ih0vzX44oOqAx2f,4033.12,396.175,355.375,6.35905e+06
2020-05-22 03:00:00,pkci93gMrogZuBj,0,0,0,7.21798e+06
2020-06-13 08:45:00,1BY6WEcLGh8j5v7,6928.75,678.625,837.875,6.45652e+06
2020-06-05 17:15:00,7JYdWkrLSPkdwr4,3764.25,369.637,7294,7.76392e+06
2020-06-06 23:00:00,zBIq5rxdHJRwDNY,0,0,0,6.50673e+06
2020-06-02 12:30:00,adLQvlD726eNBSB,8756.12,856.288,3849.25,6.41068e+06
2020-06-13 13:45:00,1BY6WEcLGh8j5v7,6757.71,661.714,5614.29,6.46129e+06
2020-06-12 10:00:00,ZnxXDlPa8U1GXgE,5884.5,576.625,1055.38,6.73096e+06
2020-05-27 05:45:00,1IF53ai7Xc0U56Y,0,0,0,6.27464e+06
2020-06-07 13:00:00,zVJPv84UY57bAof,12688.5,1237.11,4939.12,7.29047e+06
2020-06-02 03:45:00,sjndEbLyjtCKgGv,0,0,0,7.14801e+06
2020-05-31 11:00:00,pkci93gMrogZuBj,11849.9,1156.21,2397.62,7.29127e+06
2020-06-03 04:30:00,uHbuxQJl8lW7ozc,0,0,0,7.1784e+06
2020-05-19 15:15:00,7JYdWkrLSPkdwr4,6051.71,593.014,5838.57,7.63421e+06
2020-05-30 07:15:00,z9Y9gH1T5YWrNuG,2186,214.314,122.143,7.12058e+06
2020-06-01 12:15:00,YxYtjZvoooNbGkE,7261,710.457,3792,7.30953e+06
2020-06-03 00:45:00,rGa61gmuvPhdLxV,0,0,0,7.24933e+06
2020-05-31 20:00:00,iCRJl6heRkivqQ3,0,0,5969,7.30457e+06
2020-06-16 08:45:00,zVJPv84UY57bAof,5816.43,570,735.857,7.35184e+06
2020-05-20 05:30:00,iCRJl6heRkivqQ3,0,0,0,7.21072e+06
2020-06-14 20:45:00,ZnxXDlPa8U1GXgE,0,0,7404,6.75175e+06
2020-06-10 08:00:00,rGa61gmuvPhdLxV,4375.57,429.486,399.857,7.3046e+06
2020-05-23 10:45:00,wCURE6d3bPkepu2,8335.5,814.9,2528.5,6.84175e+06
2020-05-25 16:45:00,uHbuxQJl8lW7ozc,1346.12,131,8729.25,7.12058e+06
2020-06-14 17:00:00,bvBOhCH3iADSZry,1626.88,159.312,3850.12,6.52149e+06
2020-06-17 23:00:00,pkci93gMrogZuBj,0,0,5952,7.41543e+06
2020-06-11 07:15:00,WRmjgnKYAwPKWDb,1208.25,117.5,57.25,7.22742e+06
2020-06-15 14:45:00,pkci93gMrogZuBj,7302.43,714.886,5573.29,7.402e+06
2020-05-21 16:30:00,ih0vzX44oOqAx2f,4292.86,421.414,7406.86,6.23335e+06
2020-06-17 04:45:00,iCRJl6heRkivqQ3,0,0,0,7.42031e+06
2020-06-10 10:15:00,1BY6WEcLGh8j5v7,6561.71,642.786,1591.71,6.44066e+06
2020-06-16 19:45:00,bvBOhCH3iADSZry,0,0,5757,6.53355e+06
2020-06-04 14:45:00,1IF53ai7Xc0U56Y,10267.4,1002.79,6269.14,6.33893e+06
2020-05-24 08:45:00,sjndEbLyjtCKgGv,4841.38,474.988,806.125,7.08226e+06
2020-05-24 01:30:00,uHbuxQJl8lW7ozc,0,0,0,7.10375e+06
2020-06-04 06:00:00,iCRJl6heRkivqQ3,48.1429,4.65714,0,7.3257e+06
2020-06-07 01:15:00,VHMLBKoKgIrUVDU,0,0,0,7.37799e+06
2020-06-10 15:30:00,YxYtjZvoooNbGkE,4724.71,463.6,5685,7.37895e+06
2020-06-04 22:45:00,iCRJl6heRkivqQ3,0,0,0,7.334e+06
2020-05-22 16:45:00,YxYtjZvoooNbGkE,1950,191.162,6951.25,7.23599e+06
2020-06-09 18:00:00,sjndEbLyjtCKgGv,867.143,84.1571,8147.43,7.20907e+06
2020-06-12 05:30:00,YxYtjZvoooNbGkE,0,0,0,7.38528e+06
2020-05-18 22:45:00,sjndEbLyjtCKgGv,0,0,5351,7.0424e+06
2020-05-31 18:45:00,1BY6WEcLGh8j5v7,0,0,5803,6.37793e+06
2020-05-25 10:00:00,ZnxXDlPa8U1GXgE,10733,1049.01,1937.88,6.59769e+06
2020-06-10 13:15:00,wCURE6d3bPkepu2,7833.75,766.263,4288.88,6.98027e+06
2020-05-25 13:15:00,ih0vzX44oOqAx2f,11737.7,1144.43,5093,6.26159e+06
2020-05-17 20:00:00,pkci93gMrogZuBj,0,0,7397,7.18905e+06
2020-05-15 12:30:00,uHbuxQJl8lW7ozc,8398,821.2,3270.57,7.04195e+06
2020-06-12 13:45:00,ZnxXDlPa8U1GXgE,9648.75,943.587,4037.88,6.73394e+06
2020-06-04 18:00:00,sjndEbLyjtCKgGv,921.429,89.4714,8206.86,7.1715e+06
2020-05-26 10:45:00,7JYdWkrLSPkdwr4,11801,1151.28,2813.25,7.68683e+06
2020-06-04 05:00:00,iCRJl6heRkivqQ3,0,0,0,7.3257e+06
2020-05-31 18:30:00,z9Y9gH1T5YWrNuG,24.5,2.3625,6300,7.1339e+06
2020-06-02 10:15:00,uHbuxQJl8lW7ozc,6763.12,662.312,2150.62,7.17309e+06
2020-06-04 18:30:00,rGa61gmuvPhdLxV,46.25,4.45,8212,7.26535e+06
2020-05-28 16:30:00,VHMLBKoKgIrUVDU,4097.62,401.675,8162.88,7.31254e+06
2020-06-17 05:45:00,zVJPv84UY57bAof,0,0,0,7.35736e+06
2020-06-05 02:00:00,YxYtjZvoooNbGkE,0,0,0,7.33489e+06
2020-06-01 10:15:00,iCRJl6heRkivqQ3,9235.75,902.45,1955.25,7.30652e+06
2020-06-07 20:45:00,YxYtjZvoooNbGkE,0,0,8155,7.35697e+06
2020-06-11 11:15:00,WRmjgnKYAwPKWDb,7782.86,761.871,1700,7.22907e+06
2020-05-25 16:30:00,zBIq5rxdHJRwDNY,1932.57,189.186,8296.71,6.42005e+06
2020-05-23 08:15:00,7JYdWkrLSPkdwr4,6818.57,667.7,464.286,7.65923e+06
2020-05-22 16:30:00,iCRJl6heRkivqQ3,2250.25,220.637,6964.12,7.23441e+06
2020-05-25 20:30:00,wCURE6d3bPkepu2,0,0,8859,6.86465e+06
2020-05-27 10:15:00,WRmjgnKYAwPKWDb,5927.12,580.65,2082.62,7.11996e+06
2020-06-11 03:45:00,1BY6WEcLGh8j5v7,0,0,0,6.44498e+06
2020-06-06 11:45:00,rGa61gmuvPhdLxV,5380.88,526.425,3230.25,7.27632e+06
2020-05-15 02:30:00,bvBOhCH3iADSZry,0,0,0,6.3168e+06
2020-06-15 04:15:00,uHbuxQJl8lW7ozc,0,0,0,7.26784e+06
2020-05-21 10:15:00,ih0vzX44oOqAx2f,5802.71,568.486,1974.86,6.22792e+06
2020-05-17 14:30:00,WRmjgnKYAwPKWDb,5169.38,506.512,6058.75,7.04749e+06
2020-06-11 13:45:00,iCRJl6heRkivqQ3,6617.25,648.188,3533.75,7.38331e+06
2020-05-25 21:30:00,rGa61gmuvPhdLxV,0,0,8807,7.1921e+06
2020-05-25 00:00:00,zBIq5rxdHJRwDNY,0,0,909.625,6.41176e+06
2020-06-10 16:00:00,ZnxXDlPa8U1GXgE,4201.57,412.643,5890.43,6.72366e+06
2020-06-10 05:45:00,adLQvlD726eNBSB,0,0,0,6.47028e+06
2020-05-21 11:30:00,WRmjgnKYAwPKWDb,11656,1137.33,3376.57,7.0731e+06
2020-06-04 21:15:00,bvBOhCH3iADSZry,0,0,7462,6.46019e+06
2020-05-25 12:15:00,pkci93gMrogZuBj,12587.6,1227.3,4467.43,7.24617e+06
2020-06-05 04:30:00,bvBOhCH3iADSZry,0,0,0,6.46019e+06
2020-06-15 14:00:00,bvBOhCH3iADSZry,3896.38,382.863,4620.38,6.52622e+06
2020-05-31 06:15:00,ZoEaEvLYb1n2sOq,458.375,44.3375,6.875,7.21685e+06
2020-05-27 15:00:00,YxYtjZvoooNbGkE,4398.14,431.829,5547,7.27488e+06
2020-05-30 03:45:00,3PZuoBAID5Wc2HD,0,0,0,7.10219e+06
2020-06-14 20:15:00,YxYtjZvoooNbGkE,0,0,7263,7.4067e+06
2020-06-06 19:45:00,1BY6WEcLGh8j5v7,0,0,5940,6.41848e+06
2020-06-12 19:15:00,sjndEbLyjtCKgGv,0,0,5847,7.2271e+06
2020-05-22 19:45:00,1BY6WEcLGh8j5v7,0,0,6848,6.31244e+06
2020-06-07 19:30:00,z9Y9gH1T5YWrNuG,0,0,6342,7.18363e+06
2020-05-28 10:00:00,7JYdWkrLSPkdwr4,10414.1,1017.96,2009.62,7.70056e+06
2020-05-30 08:30:00,McdE0feGgRqW7Ca,3607.12,354.562,483.625,7.2737e+06
2020-05-17 02:30:00,zBIq5rxdHJRwDNY,0,0,0,6.35215e+06
2020-05-30 19:30:00,ZnxXDlPa8U1GXgE,0,0,7317,6.64338e+06
2020-06-17 11:15:00,McdE0feGgRqW7Ca,8201.14,802.671,2149.29,7.40474e+06
2020-05-29 14:00:00,rGa61gmuvPhdLxV,6619.43,648.414,6057.29,7.22087e+06
2020-06-07 03:30:00,7JYdWkrLSPkdwr4,0,0,0,7.77046e+06
2020-05-23 09:30:00,WRmjgnKYAwPKWDb,9069.5,887.2,1493.38,7.08609e+06
2020-06-09 01:30:00,7JYdWkrLSPkdwr4,0,0,0,7.78679e+06
2020-05-24 22:15:00,rGa61gmuvPhdLxV,0,0,8002,7.1833e+06
2020-06-13 05:00:00,VHMLBKoKgIrUVDU,0,0,0,7.42091e+06
2020-06-11 00:45:00,ZnxXDlPa8U1GXgE,0,0,0,6.72421e+06
2020-06-11 16:45:00,YxYtjZvoooNbGkE,3137,308.071,5365.57,7.38505e+06
2020-05-30 03:30:00,z9Y9gH1T5YWrNuG,0,0,0,7.12046e+06
2020-05-27 23:15:00,7JYdWkrLSPkdwr4,0,0,6638,7.69855e+06
2020-06-13 09:15:00,7JYdWkrLSPkdwr4,9493.62,928.462,1319.88,7.81374e+06
2020-06-01 20:15:00,1BY6WEcLGh8j5v7,0,0,5508,6.38344e+06
2020-06-17 19:45:00,zVJPv84UY57bAof,0,0,5910,7.36327e+06
2020-05-15 01:00:00,McdE0feGgRqW7Ca,0,0,0,7.15896e+06
2020-06-15 07:45:00,z9Y9gH1T5YWrNuG,3683,361.571,260.571,7.23273e+06
2020-05-15 06:15:00,z9Y9gH1T5YWrNuG,312.714,30.1857,3.42857,7.00787e+06
2020-06-05 17:00:00,z9Y9gH1T5YWrNuG,4219.38,413.75,7398.75,7.17066e+06
2020-05-25 14:30:00,McdE0feGgRqW7Ca,10213,998.343,7262.57,7.23995e+06
2020-06-04 12:45:00,zBIq5rxdHJRwDNY,8205.5,802.237,4326.38,6.48867e+06
2020-06-03 16:45:00,ih0vzX44oOqAx2f,3893.88,382.1,7330.88,6.32864e+06
2020-06-04 23:15:00,McdE0feGgRqW7Ca,0,0,0,7.31676e+06
2020-05-31 16:15:00,iCRJl6heRkivqQ3,2179.57,213.657,5676.86,7.30427e+06
2020-06-16 01:30:00,ZoEaEvLYb1n2sOq,0,0,0,7.32969e+06
2020-06-07 14:15:00,wCURE6d3bPkepu2,10590.4,1033.95,4435.25,6.95753e+06
2020-06-16 08:30:00,3PZuoBAID5Wc2HD,6262.43,613.471,615.429,7.22566e+06
2020-06-17 05:45:00,zBIq5rxdHJRwDNY,0,0,0,6.57755e+06
2020-06-01 14:00:00,zVJPv84UY57bAof,2950.71,288.986,4964.86,7.24699e+06
2020-06-10 11:00:00,1BY6WEcLGh8j5v7,4566.5,447.975,2036.5,6.44111e+06
2020-05-25 03:15:00,1IF53ai7Xc0U56Y,0,0,0,6.25748e+06
2020-06-07 03:30:00,McdE0feGgRqW7Ca,0,0,0,7.33116e+06
2020-06-12 12:30:00,zBIq5rxdHJRwDNY,7135.25,698.725,3015.62,6.54657e+06
2020-06-03 14:45:00,z9Y9gH1T5YWrNuG,9851.38,962.663,6097.38,7.15337e+06
2020-05-19 10:45:00,7JYdWkrLSPkdwr4,7851,768.186,1873,7.63024e+06
2020-05-22 05:30:00,uHbuxQJl8lW7ozc,0,0,0,7.08798e+06
2020-05-18 19:30:00,3PZuoBAID5Wc2HD,0,0,5435,7.01392e+06
2020-06-09 07:00:00,McdE0feGgRqW7Ca,2221,217.743,95.7143,7.34688e+06
2020-05-29 22:15:00,iCRJl6heRkivqQ3,0,0,0,7.29125e+06
2020-05-24 15:30:00,ZnxXDlPa8U1GXgE,3859.71,378.671,7220.71,6.59495e+06
2020-06-07 20:45:00,zBIq5rxdHJRwDNY,0,0,8183,6.51491e+06
2020-06-01 02:00:00,sjndEbLyjtCKgGv,0,0,0,7.14224e+06
2020-06-13 16:45:00,ZoEaEvLYb1n2sOq,2153.71,211.043,8193.43,7.31558e+06
2020-05-31 15:30:00,3PZuoBAID5Wc2HD,3342.57,328.529,5303.57,7.11479e+06
2020-06-13 21:30:00,ih0vzX44oOqAx2f,0,0,8255,6.40052e+06
2020-06-10 19:45:00,McdE0feGgRqW7Ca,0,0,6606,7.36162e+06
2020-06-14 04:30:00,adLQvlD726eNBSB,0,0,0,6.4975e+06
2020-05-26 05:00:00,rGa61gmuvPhdLxV,0,0,0,7.1921e+06
2020-06-03 18:45:00,3PZuoBAID5Wc2HD,0,0,7874,7.13649e+06
2020-05-31 16:45:00,YxYtjZvoooNbGkE,1813.38,177.75,5772.12,7.30554e+06
2020-06-16 05:00:00,zBIq5rxdHJRwDNY,0,0,0,6.57183e+06
2020-06-04 10:00:00,YxYtjZvoooNbGkE,8104.62,792.337,1592.88,7.32835e+06
2020-05-25 15:30:00,1BY6WEcLGh8j5v7,8066.43,789.529,7544.71,6.33548e+06
2020-05-19 11:00:00,ih0vzX44oOqAx2f,10343.1,1009.73,2071.57,6.21256e+06
2020-05-18 02:30:00,iCRJl6heRkivqQ3,0,0,0,7.19837e+06
2020-06-02 13:30:00,wCURE6d3bPkepu2,10834.7,1058.26,4996,6.92034e+06
2020-05-25 02:45:00,7JYdWkrLSPkdwr4,0,0,0,7.67524e+06
2020-06-04 06:00:00,ih0vzX44oOqAx2f,78.125,7.525,0.75,6.32901e+06
2020-05-24 01:45:00,1BY6WEcLGh8j5v7,0,0,0,6.3204e+06
2020-05-31 22:30:00,uHbuxQJl8lW7ozc,0,0,6081,7.16535e+06
2020-05-20 22:45:00,1IF53ai7Xc0U56Y,0,0,8997,6.22543e+06
2020-06-01 10:15:00,ZoEaEvLYb1n2sOq,9376.12,916.675,1950,7.22459e+06
2020-05-18 07:45:00,1BY6WEcLGh8j5v7,1606.57,157.057,253.429,6.2789e+06
2020-05-15 03:15:00,VHMLBKoKgIrUVDU,0,0,0,7.20641e+06
2020-06-06 20:45:00,wCURE6d3bPkepu2,0,0,0,6.95309e+06
2020-06-07 12:30:00,1BY6WEcLGh8j5v7,0,0,3634,6.42212e+06
2020-05-29 16:15:00,VHMLBKoKgIrUVDU,6219.5,609.337,7705.75,7.32059e+06
2020-05-30 13:00:00,rGa61gmuvPhdLxV,9507,929.65,3674.5,7.22675e+06
2020-06-12 19:00:00,YxYtjZvoooNbGkE,0,0,5780,7.39106e+06
2020-06-01 12:15:00,iCRJl6heRkivqQ3,9067.43,885.714,3768.71,7.30834e+06
2020-05-25 11:30:00,uHbuxQJl8lW7ozc,12262,1195.54,3593.38,7.11545e+06
2020-06-17 10:00:00,3PZuoBAID5Wc2HD,6346.29,621.729,1302.43,7.23268e+06
2020-05-27 01:00:00,uHbuxQJl8lW7ozc,0,0,0,7.12854e+06
2020-05-28 09:30:00,rGa61gmuvPhdLxV,9397.86,919.2,1482.86,7.20803e+06
2020-06-02 04:00:00,1BY6WEcLGh8j5v7,0,0,0,6.38344e+06
2020-05-27 05:00:00,ZnxXDlPa8U1GXgE,0,0,0,6.61265e+06
2020-05-31 05:45:00,pkci93gMrogZuBj,0,0,0,7.28888e+06
2020-05-26 08:15:00,bvBOhCH3iADSZry,5507.12,539.763,509.5,6.39285e+06
2020-06-17 02:00:00,zVJPv84UY57bAof,0,0,0,7.35736e+06
2020-05-24 13:45:00,McdE0feGgRqW7Ca,11971.1,1167.17,5813.14,7.23045e+06
2020-05-20 11:15:00,1BY6WEcLGh8j5v7,11327.1,1106.59,3088.43,6.29319e+06
2020-05-29 09:15:00,ih0vzX44oOqAx2f,8691.43,850.371,996.286,6.28817e+06
2020-06-13 04:45:00,7JYdWkrLSPkdwr4,0,0,0,7.81242e+06
2020-06-07 10:15:00,adLQvlD726eNBSB,7913.57,774.629,1705.14,6.44674e+06
2020-05-27 11:15:00,zVJPv84UY57bAof,11079.7,1081.11,2741.43,7.20812e+06
2020-05-18 11:15:00,1BY6WEcLGh8j5v7,6454.75,632.325,1092.62,6.27974e+06
2020-05-21 07:45:00,wCURE6d3bPkepu2,3253,319.6,304,6.82455e+06
2020-06-03 10:45:00,z9Y9gH1T5YWrNuG,10924.9,1067.37,1969.86,7.14924e+06
2020-05-19 02:30:00,1BY6WEcLGh8j5v7,0,0,0,6.28365e+06
2020-05-27 04:30:00,VHMLBKoKgIrUVDU,0,0,0,7.29762e+06
2020-05-27 01:30:00,ZnxXDlPa8U1GXgE,0,0,0,6.61265e+06
2020-06-06 03:45:00,YxYtjZvoooNbGkE,0,0,0,7.34249e+06
2020-06-12 00:30:00,bvBOhCH3iADSZry,0,0,0,6.50441e+06
2020-05-24 11:00:00,adLQvlD726eNBSB,10582,1033.11,2832.25,6.34057e+06
2020-05-23 07:30:00,z9Y9gH1T5YWrNuG,3208.5,315.4,147.875,7.06437e+06
2020-06-07 12:45:00,1BY6WEcLGh8j5v7,0,0,3634,6.42212e+06
2020-05-26 11:15:00,z9Y9gH1T5YWrNuG,6268.14,614.143,3321.71,7.09276e+06
2020-06-14 09:30:00,ZoEaEvLYb1n2sOq,7937.62,776.975,1222.38,7.31699e+06
2020-05-30 17:45:00,rGa61gmuvPhdLxV,1074.12,104.45,7327,7.2304e+06
2020-05-23 03:30:00,z9Y9gH1T5YWrNuG,0,0,0,7.06422e+06
2020-06-16 07:00:00,WRmjgnKYAwPKWDb,1467.43,143.143,61.5714,7.26138e+06
2020-06-01 07:00:00,bvBOhCH3iADSZry,1971.5,193.262,91.125,6.43336e+06
2020-06-04 01:45:00,1IF53ai7Xc0U56Y,0,0,0,6.33266e+06
2020-06-14 15:15:00,iCRJl6heRkivqQ3,10146.6,990.413,6436,7.40629e+06
2020-05-24 22:45:00,adLQvlD726eNBSB,0,0,8397,6.34613e+06
2020-06-02 05:45:00,wCURE6d3bPkepu2,0,0,0,6.91534e+06
2020-06-09 08:45:00,bvBOhCH3iADSZry,6366.86,623.443,795.286,6.48678e+06
2020-05-18 10:15:00,bvBOhCH3iADSZry,2061.38,202.088,629.625,6.33621e+06
2020-05-15 14:00:00,1IF53ai7Xc0U56Y,10326.4,1009.49,4354,6.188e+06
2020-06-15 12:30:00,pkci93gMrogZuBj,5718.29,560.371,4152.57,7.40057e+06
2020-06-12 17:45:00,zVJPv84UY57bAof,1604.38,156.675,5814,7.3285e+06
2020-05-20 18:30:00,ZoEaEvLYb1n2sOq,51,4.925,8735.75,7.13907e+06
2020-06-16 05:45:00,VHMLBKoKgIrUVDU,0,0,0,7.44387e+06
2020-06-11 02:00:00,rGa61gmuvPhdLxV,0,0,0,7.31077e+06
2020-06-14 02:15:00,iCRJl6heRkivqQ3,0,0,0,7.39986e+06
2020-06-17 15:45:00,pkci93gMrogZuBj,1433.86,140.057,5546.57,7.41502e+06
2020-06-07 22:00:00,1BY6WEcLGh8j5v7,0,0,5268,6.42375e+06
2020-06-15 18:15:00,ZoEaEvLYb1n2sOq,239.25,23.0875,6635.62,7.32969e+06
2020-05-18 17:00:00,1IF53ai7Xc0U56Y,2249.38,220.562,5322.75,6.20968e+06
2020-05-29 15:00:00,uHbuxQJl8lW7ozc,7855.38,768.962,6939.25,7.15057e+06
2020-06-14 02:45:00,WRmjgnKYAwPKWDb,0,0,0,7.24718e+06
2020-06-11 02:15:00,7JYdWkrLSPkdwr4,0,0,0,7.80109e+06
2020-05-19 10:45:00,rGa61gmuvPhdLxV,9084.38,887.65,1942.38,7.13884e+06
2020-05-18 14:30:00,1IF53ai7Xc0U56Y,6567.5,643.3,3889,6.20824e+06
2020-06-15 13:30:00,rGa61gmuvPhdLxV,3812,374.312,4806,7.34278e+06
2020-06-01 12:30:00,McdE0feGgRqW7Ca,7852.29,768.557,4113.71,7.29087e+06
2020-05-17 14:30:00,ZoEaEvLYb1n2sOq,4942.71,484.3,5859.29,7.1166e+06
2020-06-13 23:30:00,7JYdWkrLSPkdwr4,0,0,8435,7.82085e+06
2020-06-02 17:15:00,sjndEbLyjtCKgGv,1532,149.688,7366.88,7.15537e+06
2020-06-15 06:30:00,ZoEaEvLYb1n2sOq,964.75,93.7,23.875,7.32308e+06
2020-06-17 21:30:00,WRmjgnKYAwPKWDb,0,0,5953,7.27353e+06
2020-06-16 08:30:00,7JYdWkrLSPkdwr4,5931.14,581.214,587.429,7.83539e+06
2020-05-18 07:45:00,zBIq5rxdHJRwDNY,1779.75,174.225,271.875,6.35993e+06
2020-06-11 13:15:00,ZnxXDlPa8U1GXgE,7356.38,720.275,3244.25,6.72745e+06
2020-06-14 14:30:00,1IF53ai7Xc0U56Y,7679.29,751.671,5966.29,6.41285e+06
2020-06-17 07:00:00,pkci93gMrogZuBj,1386.88,135.35,17.125,7.4095e+06
2020-06-01 14:00:00,wCURE6d3bPkepu2,3133.71,307.043,5173,6.91458e+06
2020-05-16 20:30:00,ih0vzX44oOqAx2f,0,0,6450,6.19781e+06
2020-06-06 01:45:00,bvBOhCH3iADSZry,0,0,0,6.46725e+06
2020-05-23 20:00:00,bvBOhCH3iADSZry,0,0,7864,6.37677e+06
2020-05-27 21:00:00,rGa61gmuvPhdLxV,0,0,0,7.20655e+06
2020-05-16 16:00:00,3PZuoBAID5Wc2HD,3445.43,338.743,6272.57,7.00031e+06
2020-06-01 16:45:00,VHMLBKoKgIrUVDU,1641.43,160.843,5776.29,7.34018e+06
2020-06-08 23:30:00,ZoEaEvLYb1n2sOq,0,0,8271,7.28172e+06
2020-05-27 09:15:00,1BY6WEcLGh8j5v7,6772.29,663.229,1131.43,6.3448e+06
2020-06-13 20:45:00,wCURE6d3bPkepu2,0,0,8461,7.00237e+06
2020-05-15 06:30:00,iCRJl6heRkivqQ3,677,65.5875,14.5,7.17801e+06
2020-05-30 22:45:00,7JYdWkrLSPkdwr4,0,0,7143,7.72198e+06
2020-06-07 05:00:00,ZnxXDlPa8U1GXgE,0,0,0,6.69305e+06
2020-06-14 04:45:00,7JYdWkrLSPkdwr4,0,0,0,7.82085e+06
2020-06-07 12:15:00,rGa61gmuvPhdLxV,12969.9,1264.57,3893.71,7.28339e+06
2020-06-08 01:15:00,WRmjgnKYAwPKWDb,0,0,0,7.20468e+06
2020-05-23 23:15:00,uHbuxQJl8lW7ozc,0,0,8493,7.10375e+06
2020-06-05 02:30:00,ZoEaEvLYb1n2sOq,0,0,0,7.25154e+06
2020-05-20 03:30:00,YxYtjZvoooNbGkE,0,0,0,7.21248e+06
2020-05-15 15:45:00,pkci93gMrogZuBj,5051.14,495.129,5698.71,7.1748e+06
2020-05-19 07:30:00,adLQvlD726eNBSB,2689.29,263.771,189.714,6.29801e+06
2020-05-23 15:45:00,WRmjgnKYAwPKWDb,7544.38,738.65,7557.12,7.09215e+06
2020-05-19 10:30:00,3PZuoBAID5Wc2HD,6494.75,635.837,1723.88,7.01564e+06
2020-05-27 00:15:00,z9Y9gH1T5YWrNuG,0,0,0,7.09718e+06
2020-06-05 10:45:00,sjndEbLyjtCKgGv,9508.57,928.257,2380.29,7.1739e+06
2020-06-15 12:45:00,zVJPv84UY57bAof,6877.86,673.514,4353.43,7.34863e+06
2020-06-13 15:15:00,ZnxXDlPa8U1GXgE,10637,1039.7,7540.71,6.74333e+06
2020-06-03 07:00:00,zVJPv84UY57bAof,1434,139.838,61.375,7.25528e+06
2020-05-16 08:15:00,sjndEbLyjtCKgGv,4707.86,461.757,437.571,7.02362e+06
2020-06-05 12:00:00,iCRJl6heRkivqQ3,5694.88,557.8,3639.38,7.33764e+06
2020-05-26 15:45:00,wCURE6d3bPkepu2,7496.38,733.975,7009.88,6.87166e+06
2020-05-26 22:00:00,ih0vzX44oOqAx2f,0,0,0,6.27229e+06
2020-06-10 03:30:00,wCURE6d3bPkepu2,0,0,0,6.97598e+06
2020-06-15 20:15:00,sjndEbLyjtCKgGv,0,0,6728,7.24954e+06
2020-05-25 22:00:00,zVJPv84UY57bAof,0,0,8813,7.19761e+06
2020-06-12 21:00:00,VHMLBKoKgIrUVDU,0,0,5903,7.42091e+06
2020-06-05 10:15:00,ih0vzX44oOqAx2f,6350.12,622.05,1843.25,6.33886e+06
2020-05-25 18:30:00,rGa61gmuvPhdLxV,38.625,3.7375,8807,7.1921e+06
2020-06-16 13:15:00,WRmjgnKYAwPKWDb,7104.29,695.7,4152.14,7.26547e+06
2020-06-16 08:45:00,YxYtjZvoooNbGkE,5832.14,571.529,730.571,7.41407e+06
2020-05-28 17:00:00,z9Y9gH1T5YWrNuG,3193.43,313.571,8309.86,7.11219e+06
2020-05-21 09:30:00,iCRJl6heRkivqQ3,9860.5,964.237,1411.12,7.22102e+06
2020-05-27 14:00:00,adLQvlD726eNBSB,4477.86,439.6,5022,6.36854e+06
2020-06-15 17:00:00,z9Y9gH1T5YWrNuG,2827.38,277.675,6540.25,7.23901e+06
2020-06-16 05:30:00,1IF53ai7Xc0U56Y,0,0,0,6.42121e+06
2020-06-01 09:15:00,ZnxXDlPa8U1GXgE,5974.86,585.5,1268.43,6.65079e+06
2020-06-17 15:45:00,McdE0feGgRqW7Ca,1412.5,137.875,5578.38,7.40817e+06
2020-05-18 13:00:00,VHMLBKoKgIrUVDU,8106,793.343,2497.14,7.22959e+06
2020-05-17 00:30:00,7JYdWkrLSPkdwr4,0,0,0,7.61554e+06
2020-05-28 12:15:00,ZnxXDlPa8U1GXgE,13049.4,1272.33,4620.57,6.624e+06
2020-06-17 10:45:00,ZnxXDlPa8U1GXgE,6777.5,663.812,1790.12,6.7666e+06
2020-06-12 13:30:00,wCURE6d3bPkepu2,8334.71,815.686,3805.43,6.99186e+06
2020-05-24 10:30:00,rGa61gmuvPhdLxV,8345.88,815.45,2012.88,7.17731e+06
2020-05-26 07:45:00,VHMLBKoKgIrUVDU,4409.12,432.875,313.875,7.28984e+06
2020-06-17 22:15:00,3PZuoBAID5Wc2HD,0,0,6052,7.23742e+06
2020-06-09 04:00:00,1IF53ai7Xc0U56Y,0,0,0,6.37183e+06
2020-06-16 01:00:00,rGa61gmuvPhdLxV,0,0,0,7.3447e+06
2020-05-26 09:15:00,iCRJl6heRkivqQ3,8847.43,865.6,1264.43,7.26139e+06
2020-06-06 12:00:00,YxYtjZvoooNbGkE,7928.29,774.629,3401.43,7.34589e+06
2020-06-10 08:45:00,1IF53ai7Xc0U56Y,6798.86,665.929,743.286,6.38077e+06
2020-05-26 01:45:00,zBIq5rxdHJRwDNY,0,0,0,6.4202e+06
2020-06-06 05:30:00,McdE0feGgRqW7Ca,0,0,0,7.32468e+06
2020-06-05 09:30:00,ZoEaEvLYb1n2sOq,9438.14,922.271,1256.29,7.2528e+06
2020-06-12 06:00:00,WRmjgnKYAwPKWDb,0,0,0,7.23299e+06
2020-05-27 09:45:00,YxYtjZvoooNbGkE,9098.38,889.263,1650.25,7.27098e+06
2020-06-06 23:30:00,uHbuxQJl8lW7ozc,0,0,0,7.20886e+06
2020-06-02 20:30:00,zBIq5rxdHJRwDNY,0,0,7421,6.47645e+06
2020-05-16 19:30:00,7JYdWkrLSPkdwr4,0,0,6461,7.61554e+06
2020-05-21 23:45:00,bvBOhCH3iADSZry,0,0,4062.86,6.36215e+06
2020-05-20 00:45:00,pkci93gMrogZuBj,0,0,0,7.20135e+06
2020-06-14 12:15:00,WRmjgnKYAwPKWDb,7269.86,711.857,3676.71,7.25086e+06
2020-06-05 16:15:00,pkci93gMrogZuBj,6744.88,660.65,7015.62,7.33071e+06
2020-06-05 11:30:00,3PZuoBAID5Wc2HD,13261.1,1293.36,3271.86,7.14797e+06
2020-06-16 19:00:00,pkci93gMrogZuBj,0,0,6261,7.40948e+06
2020-05-21 12:15:00,ZoEaEvLYb1n2sOq,11388.6,1111.21,4078.43,7.14315e+06
2020-06-02 23:45:00,iCRJl6heRkivqQ3,0,0,7465,7.31781e+06
2020-05-15 09:15:00,WRmjgnKYAwPKWDb,2986,293.229,909.714,7.02958e+06
2020-06-16 02:00:00,bvBOhCH3iADSZry,0,0,0,6.52779e+06
2020-06-17 23:15:00,wCURE6d3bPkepu2,0,0,5883,7.0286e+06
2020-05-20 04:15:00,zBIq5rxdHJRwDNY,0,0,0,6.37197e+06
2020-05-23 14:45:00,wCURE6d3bPkepu2,7392.71,723.843,6900.29,6.84613e+06
2020-05-17 19:00:00,McdE0feGgRqW7Ca,0,0,7606,7.17963e+06
2020-05-31 16:45:00,bvBOhCH3iADSZry,1687,165.35,5403.38,6.43308e+06
2020-06-06 20:45:00,z9Y9gH1T5YWrNuG,0,0,0,7.17729e+06
2020-05-30 04:30:00,1IF53ai7Xc0U56Y,0,0,0,6.29821e+06
2020-06-11 18:45:00,WRmjgnKYAwPKWDb,0,0,5619,7.23299e+06
2020-06-09 00:30:00,bvBOhCH3iADSZry,0,0,0,6.48599e+06
2020-05-19 20:00:00,ZnxXDlPa8U1GXgE,0,0,6974,6.55514e+06
2020-06-01 22:00:00,sjndEbLyjtCKgGv,0,0,5766,7.14801e+06
2020-06-06 07:30:00,YxYtjZvoooNbGkE,3726.71,366.271,253,7.34274e+06
2020-05-24 16:15:00,ih0vzX44oOqAx2f,3750.86,367.643,7114,6.25605e+06
2020-05-23 00:00:00,WRmjgnKYAwPKWDb,0,0,0,7.0846e+06
2020-06-08 07:30:00,1IF53ai7Xc0U56Y,2662.86,261.257,182.429,6.36352e+06
2020-05-18 14:15:00,sjndEbLyjtCKgGv,4947.5,485.163,3660.62,7.04071e+06
2020-05-16 06:30:00,3PZuoBAID5Wc2HD,724.75,70.275,16.875,6.99405e+06
2020-06-10 02:15:00,McdE0feGgRqW7Ca,0,0,0,7.35502e+06
2020-05-31 17:00:00,uHbuxQJl8lW7ozc,1983.29,194.429,5929.14,7.1652e+06
2020-05-29 09:15:00,WRmjgnKYAwPKWDb,9104.29,890.6,1023.57,7.13388e+06
2020-05-31 22:00:00,1BY6WEcLGh8j5v7,0,0,5803,6.37793e+06
2020-06-11 05:00:00,ih0vzX44oOqAx2f,0,0,0,6.38103e+06
2020-05-18 22:00:00,ih0vzX44oOqAx2f,0,0,5286,6.21049e+06
2020-06-01 09:00:00,pkci93gMrogZuBj,6794.43,665.471,1089.14,7.29588e+06
2020-05-20 07:15:00,zVJPv84UY57bAof,2431.12,238.412,117.75,7.14845e+06
2020-05-31 13:00:00,zBIq5rxdHJRwDNY,9422.86,920.414,4145.71,6.46145e+06
2020-05-29 21:00:00,3PZuoBAID5Wc2HD,0,0,8210,7.10219e+06
2020-06-07 01:15:00,1BY6WEcLGh8j5v7,0,0,0,6.41848e+06
2020-05-15 03:00:00,pkci93gMrogZuBj,0,0,0,7.1691e+06
2020-05-28 09:15:00,rGa61gmuvPhdLxV,8782.5,859.288,1261.62,7.20781e+06
2020-05-17 23:45:00,sjndEbLyjtCKgGv,0,0,4252,7.03705e+06
2020-05-24 03:30:00,zVJPv84UY57bAof,0,0,0,7.18084e+06
2020-06-12 17:45:00,pkci93gMrogZuBj,1651.88,161.338,5800.62,7.38076e+06
2020-06-02 02:00:00,7JYdWkrLSPkdwr4,0,0,0,7.73362e+06
2020-06-01 03:15:00,VHMLBKoKgIrUVDU,0,0,0,7.3344e+06
2020-06-06 03:15:00,zBIq5rxdHJRwDNY,0,0,0,6.5003e+06
2020-06-14 16:15:00,adLQvlD726eNBSB,4051.43,397.943,7267.57,6.50476e+06
2020-05-15 02:00:00,WRmjgnKYAwPKWDb,0,0,0,7.02867e+06
2020-05-19 11:15:00,bvBOhCH3iADSZry,7154.62,700.45,2108.88,6.34265e+06
2020-05-23 15:30:00,uHbuxQJl8lW7ozc,9408.86,920.271,7387,7.10264e+06
2020-05-29 16:30:00,sjndEbLyjtCKgGv,4285.12,420.788,7782.38,7.12869e+06
2020-05-20 07:00:00,VHMLBKoKgIrUVDU,1727.43,169.043,76.5714,7.23962e+06
2020-05-26 08:00:00,adLQvlD726eNBSB,5518.62,540.888,460.75,6.35575e+06
2020-05-23 10:15:00,zVJPv84UY57bAof,7803.71,763.843,2111.71,7.17441e+06
2020-06-17 12:15:00,McdE0feGgRqW7Ca,13802.7,1345.77,3202.86,7.4058e+06
2020-06-07 14:45:00,ZnxXDlPa8U1GXgE,4454.43,437.357,6604.57,6.69966e+06
2020-05-21 11:15:00,1BY6WEcLGh8j5v7,11500,1122,2802.38,6.30115e+06
2020-06-07 09:15:00,zBIq5rxdHJRwDNY,8398,821.812,962,6.50769e+06
2020-06-11 22:45:00,1IF53ai7Xc0U56Y,0,0,5704,6.39232e+06
2020-05-29 23:30:00,adLQvlD726eNBSB,0,0,8343,6.38735e+06
2020-06-02 14:00:00,bvBOhCH3iADSZry,6191,606.543,5050.14,6.4437e+06
2020-06-02 12:15:00,sjndEbLyjtCKgGv,9699.29,948.271,3653.29,7.15166e+06
2020-05-17 19:30:00,rGa61gmuvPhdLxV,0,0,7438,7.13154e+06
2020-06-03 17:30:00,adLQvlD726eNBSB,1929.57,189.129,7914.14,6.42219e+06
2020-06-12 11:45:00,zVJPv84UY57bAof,9777.43,956.129,2385.57,7.32507e+06
2020-05-30 15:15:00,McdE0feGgRqW7Ca,9101.12,890.3,6073.38,7.27929e+06
2020-06-10 19:15:00,zBIq5rxdHJRwDNY,0,0,6498,6.5379e+06
2020-06-14 14:00:00,uHbuxQJl8lW7ozc,14125.6,1377.25,5235.5,7.26577e+06
2020-06-07 08:15:00,rGa61gmuvPhdLxV,3547.12,348.675,390.75,7.27989e+06
2020-06-14 02:15:00,zBIq5rxdHJRwDNY,0,0,0,6.55782e+06
2020-06-09 07:30:00,ZnxXDlPa8U1GXgE,2617.88,257.025,227.625,6.70993e+06
2020-06-07 13:30:00,WRmjgnKYAwPKWDb,10956.3,1069.44,5453.71,7.20206e+06
2020-06-04 23:00:00,ZnxXDlPa8U1GXgE,0,0,8178,6.67906e+06
2020-05-22 20:45:00,adLQvlD726eNBSB,0,0,7378,6.32895e+06
2020-05-21 22:00:00,iCRJl6heRkivqQ3,0,0,7837,7.22744e+06
2020-06-06 15:15:00,adLQvlD726eNBSB,5118.5,501.788,6104.38,6.44453e+06
2020-06-03 05:15:00,z9Y9gH1T5YWrNuG,0,0,0,7.14727e+06
2020-05-23 17:00:00,zBIq5rxdHJRwDNY,3482.88,342.363,8420.38,6.40423e+06
2020-05-22 15:15:00,7JYdWkrLSPkdwr4,7156.12,700.612,6468.25,7.6581e+06
2020-06-01 14:30:00,McdE0feGgRqW7Ca,4809,471.6,5387,7.29215e+06
2020-06-02 13:30:00,WRmjgnKYAwPKWDb,9975.38,974.612,4845.62,7.16455e+06
2020-06-13 05:15:00,zVJPv84UY57bAof,0,0,0,7.32855e+06
2020-05-18 13:45:00,rGa61gmuvPhdLxV,12468.9,1216.05,3199.5,7.13474e+06
2020-05-31 13:30:00,zVJPv84UY57bAof,6295.25,615.275,4612.62,7.24059e+06
2020-06-16 07:45:00,adLQvlD726eNBSB,3713.57,364.6,258,6.51226e+06
2020-06-14 07:30:00,WRmjgnKYAwPKWDb,3364.86,330.571,214.714,7.24739e+06
2020-05-31 14:00:00,ih0vzX44oOqAx2f,11110.8,1084.39,4886.75,6.30715e+06
2020-06-12 00:30:00,3PZuoBAID5Wc2HD,0,0,0,7.19619e+06
2020-05-30 02:45:00,zBIq5rxdHJRwDNY,0,0,0,6.4499e+06
2020-05-27 22:15:00,3PZuoBAID5Wc2HD,0,0,6740,7.08545e+06
2020-06-13 15:00:00,1IF53ai7Xc0U56Y,10502.9,1026.65,7386.88,6.40561e+06
2020-06-16 16:15:00,YxYtjZvoooNbGkE,3476.12,341.525,5885.62,7.41922e+06
2020-05-24 10:45:00,ih0vzX44oOqAx2f,11673.9,1139.34,2284.57,6.25122e+06
2020-06-13 18:00:00,YxYtjZvoooNbGkE,593.375,57.4375,8365,7.39942e+06
2020-06-15 17:45:00,sjndEbLyjtCKgGv,1279,124.571,6692.86,7.2495e+06
2020-06-10 21:45:00,VHMLBKoKgIrUVDU,0,0,6479,7.4093e+06
2020-05-26 07:45:00,wCURE6d3bPkepu2,4049,397.812,285.75,6.86494e+06
2020-06-10 01:45:00,zBIq5rxdHJRwDNY,0,0,0,6.5314e+06
2020-06-05 01:30:00,zVJPv84UY57bAof,0,0,0,7.27127e+06
2020-05-28 08:30:00,rGa61gmuvPhdLxV,6623.57,648.843,684.286,7.20723e+06
2020-06-14 12:00:00,VHMLBKoKgIrUVDU,7406.57,725.171,3524.43,7.43309e+06
2020-05-18 16:00:00,z9Y9gH1T5YWrNuG,5866.57,574.886,4855.57,7.03308e+06
2020-06-05 08:30:00,zBIq5rxdHJRwDNY,7261.14,711,509.714,6.49309e+06
2020-05-20 08:45:00,rGa61gmuvPhdLxV,6843.38,670.263,848.25,7.14466e+06
2020-06-15 15:30:00,McdE0feGgRqW7Ca,5645.86,553.357,6125.29,7.39548e+06
2020-05-18 13:15:00,1IF53ai7Xc0U56Y,9926.5,969.987,2718.38,6.20707e+06
2020-05-17 19:15:00,z9Y9gH1T5YWrNuG,0,0,7486,7.02823e+06
2020-05-30 15:15:00,ih0vzX44oOqAx2f,8754.57,856.571,5913.43,6.30103e+06
2020-05-31 22:45:00,zVJPv84UY57bAof,0,0,6047,7.24202e+06
2020-06-02 01:15:00,1BY6WEcLGh8j5v7,0,0,0,6.38344e+06
2020-05-25 13:00:00,ih0vzX44oOqAx2f,12031.1,1173.03,4800.62,6.26129e+06
2020-05-30 09:15:00,wCURE6d3bPkepu2,5533.38,542.425,757.5,6.89664e+06
2020-05-16 12:45:00,VHMLBKoKgIrUVDU,11725.4,1143.85,3971.62,7.21664e+06
2020-06-16 00:45:00,7JYdWkrLSPkdwr4,0,0,0,7.8348e+06
2020-05-30 12:15:00,adLQvlD726eNBSB,10800.9,1054.73,2979.57,6.39033e+06
2020-05-18 20:15:00,1IF53ai7Xc0U56Y,0,0,5453,6.20981e+06
2020-06-05 23:00:00,rGa61gmuvPhdLxV,0,0,7741,7.27309e+06
2020-05-25 22:15:00,adLQvlD726eNBSB,0,0,9163,6.35529e+06
2020-05-17 05:15:00,pkci93gMrogZuBj,0,0,0,7.18165e+06
2020-06-03 01:00:00,ZoEaEvLYb1n2sOq,0,0,0,7.23573e+06
2020-06-10 19:30:00,zVJPv84UY57bAof,0,0,6560,7.31702e+06
2020-05-16 02:30:00,iCRJl6heRkivqQ3,0,0,0,7.18441e+06
2020-06-09 19:45:00,McdE0feGgRqW7Ca,0,0,8235,7.35502e+06
2020-06-16 06:15:00,sjndEbLyjtCKgGv,201.429,19.4429,1.14286,7.24954e+06
2020-06-06 04:30:00,ih0vzX44oOqAx2f,0,0,0,6.34448e+06
2020-05-15 21:45:00,zBIq5rxdHJRwDNY,0,0,6396,6.34578e+06
2020-06-01 19:00:00,3PZuoBAID5Wc2HD,0,0,5965,7.12127e+06
2020-05-15 21:45:00,3PZuoBAID5Wc2HD,0,0,0,6.99403e+06
2020-05-24 22:30:00,VHMLBKoKgIrUVDU,0,0,8180,7.28051e+06
2020-05-28 00:30:00,adLQvlD726eNBSB,0,0,0,6.37037e+06
2020-06-14 17:45:00,1IF53ai7Xc0U56Y,596.143,57.6857,7461.86,6.41434e+06
2020-06-15 22:00:00,bvBOhCH3iADSZry,0,0,6192,6.52779e+06
2020-05-27 08:00:00,1IF53ai7Xc0U56Y,4776.75,468.575,425.125,6.27506e+06
2020-06-15 18:15:00,bvBOhCH3iADSZry,215.375,20.8125,6188.75,6.52779e+06
2020-06-08 00:30:00,VHMLBKoKgIrUVDU,0,0,0,7.38621e+06
2020-06-11 17:30:00,z9Y9gH1T5YWrNuG,1407.62,137.2,5535,7.211e+06
2020-06-02 22:45:00,zVJPv84UY57bAof,0,0,7451,7.25522e+06
2020-06-06 06:00:00,rGa61gmuvPhdLxV,122.625,11.8375,0.625,7.27309e+06
2020-06-12 09:30:00,ZoEaEvLYb1n2sOq,5270.43,516.614,748.143,7.30238e+06
2020-06-12 12:45:00,VHMLBKoKgIrUVDU,7811.25,764.638,3246.12,7.41826e+06
2020-06-03 01:30:00,zBIq5rxdHJRwDNY,0,0,0,6.47645e+06
2020-05-31 15:30:00,uHbuxQJl8lW7ozc,3183,312.729,5570.86,7.16484e+06
2020-05-24 01:45:00,ih0vzX44oOqAx2f,0,0,0,6.24894e+06
2020-06-12 12:00:00,zVJPv84UY57bAof,10160.9,993.062,2636.12,7.32532e+06
2020-06-16 23:15:00,1BY6WEcLGh8j5v7,0,0,5848,6.4798e+06
2020-05-20 19:15:00,pkci93gMrogZuBj,0,0,8849,7.2102e+06
2020-06-12 19:00:00,zVJPv84UY57bAof,0,0,5863,7.32855e+06
2020-06-14 10:45:00,YxYtjZvoooNbGkE,11288,1102.44,2297.86,7.40174e+06
2020-05-23 16:00:00,rGa61gmuvPhdLxV,6142.43,601.886,7382.14,7.17452e+06
2020-05-16 13:30:00,bvBOhCH3iADSZry,8715.29,852.686,4304.43,6.32681e+06
2020-06-11 21:45:00,ZnxXDlPa8U1GXgE,0,0,5692,6.7299e+06
2020-05-25 13:45:00,7JYdWkrLSPkdwr4,11507.3,1122.96,6311,7.68155e+06
2020-05-25 18:00:00,zVJPv84UY57bAof,440.5,42.5875,8800.88,7.1976e+06
2020-06-04 18:30:00,WRmjgnKYAwPKWDb,42.4286,4.11429,8037.86,7.18266e+06
2020-06-02 19:00:00,pkci93gMrogZuBj,0,0,7350,7.30765e+06
2020-06-14 23:15:00,VHMLBKoKgIrUVDU,0,0,7489,7.43706e+06
2020-06-02 05:30:00,1BY6WEcLGh8j5v7,0,0,0,6.38344e+06
2020-06-08 07:30:00,zVJPv84UY57bAof,2313.57,226.871,167.286,7.29396e+06
2020-05-25 18:45:00,bvBOhCH3iADSZry,0,0,8124,6.39234e+06
2020-06-10 23:30:00,rGa61gmuvPhdLxV,0,0,6565,7.31077e+06
2020-06-01 20:30:00,adLQvlD726eNBSB,0,0,6127,6.40683e+06
2020-05-22 06:30:00,adLQvlD726eNBSB,951.875,92.45,30.125,6.3216e+06
2020-05-24 15:15:00,sjndEbLyjtCKgGv,5510.43,540.114,7027.71,7.08848e+06
2020-05-15 01:45:00,adLQvlD726eNBSB,0,0,0,6.27136e+06
2020-06-04 02:45:00,z9Y9gH1T5YWrNuG,0,0,0,7.15511e+06
2020-05-17 19:30:00,1BY6WEcLGh8j5v7,0,0,7045,6.27865e+06
2020-05-18 09:15:00,YxYtjZvoooNbGkE,1716.5,168.225,512.125,7.20074e+06
2020-06-17 14:00:00,YxYtjZvoooNbGkE,6418.12,628.6,4665.88,7.42422e+06
2020-06-11 11:15:00,z9Y9gH1T5YWrNuG,7779.62,761.562,1687.5,7.20715e+06
2020-05-26 17:00:00,rGa61gmuvPhdLxV,4388.43,430.357,7659.29,7.19976e+06
2020-05-26 06:00:00,zBIq5rxdHJRwDNY,124.25,12,0.75,6.4202e+06
2020-06-15 23:45:00,zBIq5rxdHJRwDNY,0,0,6696,6.57183e+06
2020-05-23 07:45:00,YxYtjZvoooNbGkE,3708.29,364.457,230,7.23635e+06
2020-05-30 16:00:00,ZnxXDlPa8U1GXgE,6780.12,664.087,6638.62,6.6427e+06
2020-06-11 07:00:00,adLQvlD726eNBSB,808.25,78.4375,35.375,6.47698e+06
2020-06-08 11:00:00,zBIq5rxdHJRwDNY,11506.4,1122.86,2981.12,6.51789e+06
2020-06-16 11:45:00,1BY6WEcLGh8j5v7,7353,719.85,3028.75,6.47698e+06
2020-05-22 16:00:00,3PZuoBAID5Wc2HD,3279.71,322.471,6987.29,7.04429e+06
2020-06-16 03:45:00,rGa61gmuvPhdLxV,0,0,0,7.3447e+06
2020-05-25 20:45:00,ZnxXDlPa8U1GXgE,0,0,8910,6.60467e+06
2020-06-03 01:00:00,WRmjgnKYAwPKWDb,0,0,0,7.16692e+06
2020-06-13 17:30:00,rGa61gmuvPhdLxV,1266.88,123.513,8328.88,7.33061e+06
2020-06-15 13:45:00,zBIq5rxdHJRwDNY,3449.86,339.171,4886.14,6.57002e+06
2020-06-03 14:45:00,ZnxXDlPa8U1GXgE,9827.5,960.325,6169.25,6.66914e+06
2020-06-08 15:45:00,7JYdWkrLSPkdwr4,6550.25,641.425,7491.5,7.786e+06
2020-05-30 01:45:00,3PZuoBAID5Wc2HD,0,0,0,7.10219e+06
2020-06-12 04:00:00,rGa61gmuvPhdLxV,0,0,0,7.31643e+06
2020-05-28 06:00:00,YxYtjZvoooNbGkE,161.143,15.5714,0.571429,7.27603e+06
2020-05-15 13:30:00,YxYtjZvoooNbGkE,8100.29,792.843,3932.57,7.1839e+06
2020-06-09 23:15:00,zVJPv84UY57bAof,0,0,8289,7.31046e+06
2020-06-04 19:00:00,3PZuoBAID5Wc2HD,0,0,8215,7.1447e+06
2020-06-14 06:30:00,1IF53ai7Xc0U56Y,695.286,67.3714,16.4286,6.4069e+06
2020-06-08 22:15:00,ZnxXDlPa8U1GXgE,0,0,8435,6.7097e+06
2020-06-13 14:15:00,ZnxXDlPa8U1GXgE,11950,1165.89,6514.71,6.7423e+06
2020-05-19 02:15:00,1IF53ai7Xc0U56Y,0,0,0,6.20981e+06
2020-06-17 21:30:00,1BY6WEcLGh8j5v7,0,0,5521,6.48532e+06
2020-05-27 01:30:00,sjndEbLyjtCKgGv,0,0,0,7.10589e+06
2020-06-15 05:00:00,ZnxXDlPa8U1GXgE,0,0,0,6.75175e+06
2020-05-16 04:15:00,rGa61gmuvPhdLxV,0,0,0,7.11787e+06
2020-06-15 19:15:00,iCRJl6heRkivqQ3,0,0,6777,7.414e+06
2020-06-17 02:00:00,McdE0feGgRqW7Ca,0,0,0,7.4026e+06
2020-05-26 08:15:00,rGa61gmuvPhdLxV,5759.75,564.45,528.375,7.19263e+06
2020-05-27 23:00:00,ih0vzX44oOqAx2f,0,0,6564,6.27886e+06
2020-06-08 20:45:00,7JYdWkrLSPkdwr4,0,0,8283,7.78679e+06
2020-06-04 16:45:00,ih0vzX44oOqAx2f,3866.12,379.575,7619.38,6.33663e+06
2020-05-18 11:30:00,adLQvlD726eNBSB,5328.43,522.3,1366.71,6.29368e+06
2020-06-15 14:15:00,McdE0feGgRqW7Ca,6224.38,609.062,5248,7.39461e+06
2020-05-23 09:30:00,McdE0feGgRqW7Ca,7871,770.35,1482,7.21743e+06
2020-06-09 23:00:00,3PZuoBAID5Wc2HD,0,0,8186,7.18392e+06
2020-05-29 23:00:00,wCURE6d3bPkepu2,0,0,0,6.89588e+06
2020-06-08 00:15:00,3PZuoBAID5Wc2HD,0,0,0,7.16722e+06
2020-06-07 01:00:00,adLQvlD726eNBSB,0,0,0,6.44503e+06
2020-06-15 21:15:00,McdE0feGgRqW7Ca,0,0,6872,7.39623e+06
2020-05-29 15:15:00,zBIq5rxdHJRwDNY,7413.71,725.871,6729.57,6.44872e+06
2020-06-06 14:15:00,sjndEbLyjtCKgGv,12498.3,1218.97,5424.57,7.1847e+06
2020-05-31 04:30:00,wCURE6d3bPkepu2,0,0,0,6.90316e+06
2020-06-06 18:00:00,rGa61gmuvPhdLxV,141.5,13.65,6410.5,7.2795e+06
2020-05-25 20:45:00,ih0vzX44oOqAx2f,0,0,8085,6.26458e+06
2020-06-02 18:15:00,z9Y9gH1T5YWrNuG,309,29.8571,7441.43,7.14727e+06
2020-05-19 07:45:00,zVJPv84UY57bAof,3338.5,327.675,253.625,7.14166e+06
2020-06-09 13:30:00,McdE0feGgRqW7Ca,10203.6,996.275,5545.5,7.35233e+06
2020-06-06 04:45:00,zBIq5rxdHJRwDNY,0,0,0,6.5003e+06
2020-05-31 15:45:00,z9Y9gH1T5YWrNuG,3041.43,298.771,5871.71,7.13347e+06
2020-06-14 06:45:00,YxYtjZvoooNbGkE,1068.88,103.9,37.875,7.39948e+06
2020-05-15 02:30:00,1BY6WEcLGh8j5v7,0,0,0,6.25956e+06
2020-05-19 08:30:00,z9Y9gH1T5YWrNuG,4150.57,407.6,462.714,7.03404e+06
2020-05-25 21:30:00,sjndEbLyjtCKgGv,0,0,8760,7.09811e+06
2020-06-05 10:30:00,YxYtjZvoooNbGkE,10145.2,990.675,2033.5,7.33692e+06
2020-05-15 09:00:00,1IF53ai7Xc0U56Y,8229.25,805.325,804.125,6.18445e+06
2020-05-27 00:45:00,ih0vzX44oOqAx2f,0,0,0,6.27229e+06
2020-06-10 13:00:00,YxYtjZvoooNbGkE,9749.12,952.35,4102.62,7.37737e+06
2020-06-11 12:15:00,pkci93gMrogZuBj,8503.62,832.125,2510,7.3718e+06
2020-06-13 02:00:00,1IF53ai7Xc0U56Y,0,0,0,6.39823e+06
2020-05-30 10:00:00,3PZuoBAID5Wc2HD,4792,470.087,1196,7.10338e+06
2020-05-16 11:00:00,ih0vzX44oOqAx2f,7637.57,747.629,2286.86,6.19365e+06
2020-06-01 10:30:00,pkci93gMrogZuBj,11530.9,1125.94,2133.29,7.29692e+06
2020-05-25 16:15:00,ZoEaEvLYb1n2sOq,4288.88,421.125,8514.88,7.17868e+06
2020-05-25 03:45:00,1BY6WEcLGh8j5v7,0,0,0,6.32794e+06
2020-05-23 09:15:00,z9Y9gH1T5YWrNuG,8974.86,878.014,1251.86,7.06547e+06
2020-06-16 07:15:00,ih0vzX44oOqAx2f,2335.29,228.986,105.286,6.41435e+06
2020-06-09 02:15:00,zVJPv84UY57bAof,0,0,0,7.30217e+06
2020-06-07 03:00:00,WRmjgnKYAwPKWDb,0,0,0,7.19661e+06
2020-06-05 13:00:00,ZnxXDlPa8U1GXgE,8473.12,829.1,4041.5,6.6831e+06
2020-05-23 23:45:00,7JYdWkrLSPkdwr4,0,0,8450,7.66722e+06
2020-06-09 23:45:00,McdE0feGgRqW7Ca,0,0,5882.14,7.35502e+06
2020-05-16 08:30:00,7JYdWkrLSPkdwr4,5856.25,573.85,574.25,7.60965e+06
2020-06-16 08:15:00,adLQvlD726eNBSB,4723,463.471,496.571,6.5125e+06
2020-05-22 18:00:00,YxYtjZvoooNbGkE,278.714,26.9286,7080.86,7.23611e+06
2020-06-09 22:15:00,WRmjgnKYAwPKWDb,0,0,7977,7.22098e+06
2020-05-22 05:00:00,7JYdWkrLSPkdwr4,0,0,0,7.65164e+06
2020-06-04 14:15:00,iCRJl6heRkivqQ3,7958.25,778.062,5882.5,7.33158e+06
2020-06-04 02:00:00,adLQvlD726eNBSB,0,0,0,6.42227e+06
2020-06-12 22:15:00,bvBOhCH3iADSZry,0,0,5372,6.50978e+06
2020-05-28 19:00:00,zVJPv84UY57bAof,0,0,8391,7.22047e+06
2020-06-13 12:00:00,rGa61gmuvPhdLxV,13420.3,1308.46,4078.86,7.32636e+06
2020-06-14 08:00:00,wCURE6d3bPkepu2,4301.5,422.488,412.875,7.00278e+06
2020-05-18 13:30:00,iCRJl6heRkivqQ3,10836.6,1058.05,2938.25,7.20131e+06
2020-05-18 16:00:00,McdE0feGgRqW7Ca,6108.29,598.5,4963,7.18459e+06
2020-06-05 04:45:00,ZnxXDlPa8U1GXgE,0,0,0,6.67906e+06
2020-05-30 14:15:00,ZnxXDlPa8U1GXgE,11485.1,1121.2,5053,6.64112e+06
2020-05-25 23:30:00,1IF53ai7Xc0U56Y,0,0,9048,6.26653e+06
2020-06-17 07:15:00,1IF53ai7Xc0U56Y,2112.57,207.157,59.8571,6.42759e+06
2020-06-06 23:00:00,McdE0feGgRqW7Ca,0,0,0,7.33116e+06
2020-05-25 10:45:00,zBIq5rxdHJRwDNY,11120,1086.65,2591.12,6.41435e+06
2020-05-20 22:30:00,1BY6WEcLGh8j5v7,0,0,8249,6.29835e+06
2020-06-08 20:15:00,YxYtjZvoooNbGkE,0,0,8343,7.36531e+06
2020-05-19 05:30:00,zVJPv84UY57bAof,0,0,0,7.1414e+06
2020-06-02 21:30:00,ZoEaEvLYb1n2sOq,0,0,7287,7.23573e+06
2020-06-03 16:15:00,uHbuxQJl8lW7ozc,3940,386.529,7306.71,7.18571e+06
2020-05-28 17:30:00,pkci93gMrogZuBj,1170.5,113.938,8224,7.27321e+06
2020-05-24 09:00:00,adLQvlD726eNBSB,8667,847.957,1048.29,6.33878e+06
2020-05-16 15:45:00,bvBOhCH3iADSZry,3590,352.887,5707.12,6.32822e+06
2020-05-16 05:15:00,uHbuxQJl8lW7ozc,0,0,0,7.04507e+06
2020-06-02 04:15:00,1BY6WEcLGh8j5v7,0,0,0,6.38344e+06
2020-06-01 02:30:00,zBIq5rxdHJRwDNY,0,0,0,6.46324e+06
2020-06-04 01:45:00,ZoEaEvLYb1n2sOq,0,0,0,7.2435e+06
2020-06-03 00:30:00,YxYtjZvoooNbGkE,0,0,0,7.31893e+06
2020-06-01 00:30:00,z9Y9gH1T5YWrNuG,0,0,0,7.1339e+06
2020-05-18 14:30:00,rGa61gmuvPhdLxV,6547.29,641.329,3799.29,7.13534e+06
2020-05-16 03:45:00,zBIq5rxdHJRwDNY,0,0,0,6.34578e+06
2020-05-16 08:45:00,7JYdWkrLSPkdwr4,6347.86,621.871,728.571,7.6098e+06
2020-06-15 04:15:00,3PZuoBAID5Wc2HD,0,0,0,7.21822e+06
2020-05-17 18:30:00,zVJPv84UY57bAof,0,0,7480,7.13602e+06
2020-05-20 07:15:00,3PZuoBAID5Wc2HD,2684.25,263.35,129.125,7.02064e+06
2020-05-17 01:30:00,WRmjgnKYAwPKWDb,0,0,0,7.04143e+06
2020-06-09 20:15:00,WRmjgnKYAwPKWDb,0,0,7977,7.22098e+06
2020-05-17 22:45:00,uHbuxQJl8lW7ozc,0,0,7454,7.05879e+06
2020-06-05 13:00:00,ZoEaEvLYb1n2sOq,8470.38,828.825,3990.62,7.25553e+06
2020-06-16 02:45:00,VHMLBKoKgIrUVDU,0,0,0,7.44387e+06
2020-06-02 20:15:00,rGa61gmuvPhdLxV,0,0,7361,7.24933e+06
2020-06-13 07:15:00,rGa61gmuvPhdLxV,2513.43,246.471,119,7.3224e+06
2020-05-15 08:45:00,McdE0feGgRqW7Ca,3473.14,341.257,641.429,7.15961e+06
2020-05-23 14:00:00,pkci93gMrogZuBj,10633.1,1038.51,6254.57,7.23145e+06
2020-06-16 16:00:00,ih0vzX44oOqAx2f,4857.88,476.4,5685.75,6.41993e+06
2020-06-07 03:45:00,pkci93gMrogZuBj,0,0,0,7.33792e+06
2020-06-06 13:30:00,uHbuxQJl8lW7ozc,8681.75,848.7,4766.12,7.20714e+06
2020-05-22 09:30:00,uHbuxQJl8lW7ozc,6059.25,593.7,1146.88,7.08912e+06
2020-06-02 16:30:00,1BY6WEcLGh8j5v7,4259.43,418.214,6754.57,6.39019e+06
2020-05-29 23:45:00,uHbuxQJl8lW7ozc,0,0,0,7.15193e+06
2020-06-15 12:00:00,McdE0feGgRqW7Ca,9850.38,962.237,3910.12,7.39327e+06
2020-06-09 05:00:00,sjndEbLyjtCKgGv,0,0,0,7.20092e+06
2020-05-18 03:45:00,zBIq5rxdHJRwDNY,0,0,0,6.35966e+06
2020-05-21 21:45:00,ih0vzX44oOqAx2f,0,0,0,6.23354e+06
2020-05-27 01:00:00,ih0vzX44oOqAx2f,0,0,0,6.27229e+06
2020-05-23 16:00:00,ZnxXDlPa8U1GXgE,6877,673.538,7829.25,6.58697e+06
2020-06-12 14:15:00,uHbuxQJl8lW7ozc,7541.29,738.329,4479.29,7.25069e+06
2020-05-17 17:45:00,sjndEbLyjtCKgGv,869.286,84.3857,7420.71,7.03703e+06
2020-05-28 04:00:00,bvBOhCH3iADSZry,0,0,0,6.40583e+06
2020-05-28 16:30:00,7JYdWkrLSPkdwr4,4078.38,399.8,7938.5,7.70649e+06
2020-06-05 13:30:00,wCURE6d3bPkepu2,10171.7,993.414,4539.71,6.94356e+06
2020-05-19 04:45:00,zBIq5rxdHJRwDNY,0,0,0,6.36505e+06
2020-06-16 19:15:00,ZoEaEvLYb1n2sOq,0,0,6191,7.33588e+06
2020-06-04 10:15:00,rGa61gmuvPhdLxV,8574.14,837.586,1775.57,7.25891e+06
2020-06-02 12:00:00,zBIq5rxdHJRwDNY,8329.62,815.125,3388.12,6.47242e+06
2020-06-03 02:00:00,zBIq5rxdHJRwDNY,0,0,0,6.47645e+06
2020-06-06 15:45:00,3PZuoBAID5Wc2HD,3343.43,328.457,6220.57,7.15871e+06
2020-05-19 18:15:00,bvBOhCH3iADSZry,0,0,6369,6.34691e+06
2020-05-26 14:15:00,zVJPv84UY57bAof,3463.25,340.137,6177.62,7.20379e+06
2020-05-19 09:00:00,adLQvlD726eNBSB,5815.88,569.95,699.25,6.29852e+06
2020-05-27 09:45:00,McdE0feGgRqW7Ca,8904.88,870.375,1705.62,7.25127e+06
2020-06-13 03:00:00,1IF53ai7Xc0U56Y,0,0,0,6.39823e+06
2020-06-07 13:00:00,rGa61gmuvPhdLxV,12553,1223.91,4844.88,7.28435e+06
2020-05-31 00:15:00,uHbuxQJl8lW7ozc,0,0,0,7.15927e+06
2020-05-19 08:30:00,ih0vzX44oOqAx2f,4289.57,421.186,450.286,6.21094e+06
2020-06-06 04:00:00,7JYdWkrLSPkdwr4,0,0,0,7.76414e+06
2020-05-31 14:45:00,WRmjgnKYAwPKWDb,2715.57,266.329,5146.43,7.15318e+06
2020-05-16 04:30:00,adLQvlD726eNBSB,0,0,0,6.27774e+06
2020-06-12 15:45:00,ih0vzX44oOqAx2f,4474.38,439.163,5183.38,6.39174e+06
2020-06-04 09:30:00,WRmjgnKYAwPKWDb,6600.57,646.429,1344.57,7.17597e+06
2020-05-20 18:45:00,3PZuoBAID5Wc2HD,0,0,8982,7.02949e+06
2020-05-15 19:30:00,iCRJl6heRkivqQ3,0,0,6418,7.18441e+06
2020-05-31 19:45:00,rGa61gmuvPhdLxV,0,0,5894,7.23633e+06
2020-05-17 14:30:00,ZnxXDlPa8U1GXgE,3627.25,356.05,5957.12,6.54111e+06
2020-06-07 15:15:00,ih0vzX44oOqAx2f,7636.43,747.4,6785.29,6.35746e+06
2020-05-19 00:45:00,z9Y9gH1T5YWrNuG,0,0,0,7.03357e+06
2020-06-11 14:30:00,rGa61gmuvPhdLxV,9484.71,927.043,4103.14,7.31487e+06
2020-05-26 08:15:00,pkci93gMrogZuBj,5756.71,564.171,527.143,7.25105e+06
2020-06-17 04:45:00,adLQvlD726eNBSB,0,0,0,6.5184e+06
2020-06-11 12:30:00,zVJPv84UY57bAof,8003.86,783.414,2726.14,7.31974e+06
2020-06-10 04:00:00,bvBOhCH3iADSZry,0,0,0,6.49335e+06
2020-06-03 20:15:00,bvBOhCH3iADSZry,0,0,7237,6.45272e+06
2020-05-31 18:15:00,zVJPv84UY57bAof,264.75,25.575,6043.88,7.24202e+06
2020-05-15 05:00:00,WRmjgnKYAwPKWDb,0,0,0,7.02867e+06
2020-06-03 16:30:00,1BY6WEcLGh8j5v7,2390.14,234.357,6939.86,6.39741e+06
2020-06-14 01:00:00,WRmjgnKYAwPKWDb,0,0,0,7.24718e+06
2020-06-10 19:30:00,VHMLBKoKgIrUVDU,0,0,6479,7.4093e+06
2020-06-04 13:15:00,zVJPv84UY57bAof,11975.7,1168.44,4884.43,7.26794e+06
2020-05-18 00:30:00,zVJPv84UY57bAof,0,0,0,7.13602e+06
2020-06-01 06:15:00,ZnxXDlPa8U1GXgE,462.625,44.7625,7.375,6.64953e+06
2020-05-29 16:15:00,adLQvlD726eNBSB,6347.29,621.843,7856.57,6.38687e+06
2020-06-16 07:15:00,YxYtjZvoooNbGkE,2357.75,231.188,107.5,7.41344e+06
2020-06-15 07:00:00,1BY6WEcLGh8j5v7,1940.71,190.257,89.4286,6.46776e+06
2020-05-28 01:30:00,3PZuoBAID5Wc2HD,0,0,0,7.08545e+06
2020-06-09 00:15:00,ZnxXDlPa8U1GXgE,0,0,0,6.7097e+06
2020-06-06 01:00:00,adLQvlD726eNBSB,0,0,0,6.43843e+06
2020-06-16 14:15:00,VHMLBKoKgIrUVDU,4313,423.443,4842.57,7.44871e+06
2020-05-27 13:45:00,bvBOhCH3iADSZry,4520.29,443.557,4447.86,6.40415e+06
2020-06-15 21:45:00,1BY6WEcLGh8j5v7,0,0,6275,6.47395e+06
2020-05-28 06:30:00,1IF53ai7Xc0U56Y,877,85.1143,24,6.28149e+06
2020-06-09 23:00:00,YxYtjZvoooNbGkE,0,0,7958,7.37327e+06
2020-06-13 19:30:00,ZnxXDlPa8U1GXgE,0,0,8558,6.74434e+06
2020-06-07 16:00:00,YxYtjZvoooNbGkE,7379.14,722.5,7424.57,7.35624e+06
2020-05-25 01:30:00,bvBOhCH3iADSZry,0,0,0,6.38421e+06
2020-05-30 22:15:00,adLQvlD726eNBSB,0,0,7419,6.39477e+06
2020-05-16 19:00:00,McdE0feGgRqW7Ca,0,0,6586,7.17202e+06
2020-05-24 10:00:00,McdE0feGgRqW7Ca,7511.43,735.071,1669.29,7.22631e+06
2020-06-13 23:45:00,zVJPv84UY57bAof,0,0,8410,7.33696e+06
2020-05-20 20:30:00,ih0vzX44oOqAx2f,0,0,8664,6.22594e+06
2020-06-13 10:00:00,z9Y9gH1T5YWrNuG,8649.86,845.443,1824.57,7.21869e+06
2020-06-17 14:15:00,ZnxXDlPa8U1GXgE,6103,597.957,4844.71,6.76965e+06
2020-05-17 06:15:00,wCURE6d3bPkepu2,118.375,11.4375,1.5,6.79547e+06
2020-06-03 23:30:00,McdE0feGgRqW7Ca,0,0,8010,7.30837e+06
2020-06-04 10:45:00,ZoEaEvLYb1n2sOq,12599.6,1228.9,2282.43,7.24578e+06
2020-05-25 07:30:00,iCRJl6heRkivqQ3,2731.57,267.971,184.857,7.25145e+06
2020-05-15 03:00:00,zBIq5rxdHJRwDNY,0,0,0,6.33938e+06
2020-06-13 06:15:00,wCURE6d3bPkepu2,351.125,33.9375,6.375,6.99391e+06
2020-05-23 23:00:00,iCRJl6heRkivqQ3,0,0,8627,7.24322e+06
2020-06-12 00:30:00,ZnxXDlPa8U1GXgE,0,0,0,6.7299e+06
2020-05-22 23:30:00,ZnxXDlPa8U1GXgE,0,0,7275,6.57914e+06
2020-05-30 22:45:00,ZoEaEvLYb1n2sOq,0,0,7248,7.21685e+06
2020-06-07 02:45:00,ZoEaEvLYb1n2sOq,0,0,0,7.26537e+06
2020-05-26 20:30:00,pkci93gMrogZuBj,0,0,0,7.25829e+06
2020-06-04 01:00:00,ih0vzX44oOqAx2f,0,0,0,6.32901e+06
2020-06-17 07:15:00,VHMLBKoKgIrUVDU,2093.71,205.271,57.2857,7.45026e+06
2020-06-10 13:30:00,bvBOhCH3iADSZry,10753,1050.96,4138,6.49748e+06
2020-06-09 05:45:00,YxYtjZvoooNbGkE,0,0,0,7.36531e+06
2020-06-06 04:30:00,ZoEaEvLYb1n2sOq,0,0,0,7.25908e+06
2020-05-28 05:15:00,wCURE6d3bPkepu2,0,0,0,6.8792e+06
2020-06-09 23:15:00,z9Y9gH1T5YWrNuG,0,0,7629,7.19905e+06
2020-05-29 23:00:00,bvBOhCH3iADSZry,0,0,7438,6.42102e+06
2020-05-24 12:30:00,ZoEaEvLYb1n2sOq,11524.8,1124.36,4273,7.16646e+06
2020-06-04 01:00:00,uHbuxQJl8lW7ozc,0,0,0,7.18626e+06
2020-06-05 08:00:00,VHMLBKoKgIrUVDU,2857.86,280.514,289,7.36411e+06
2020-06-10 09:45:00,bvBOhCH3iADSZry,5356.29,525.114,1324.43,6.49467e+06
2020-06-12 02:15:00,pkci93gMrogZuBj,0,0,0,7.37496e+06
2020-06-06 06:00:00,uHbuxQJl8lW7ozc,129.75,12.5125,0.75,7.20237e+06
2020-06-17 15:00:00,z9Y9gH1T5YWrNuG,5113,501.288,5282.88,7.25067e+06
2020-05-19 09:30:00,McdE0feGgRqW7Ca,8285.86,810.614,1013.43,7.1861e+06
2020-06-02 08:30:00,ZoEaEvLYb1n2sOq,7805,763.957,623.857,7.22906e+06
2020-06-12 14:30:00,adLQvlD726eNBSB,6498.86,636.629,4732.43,6.48747e+06
2020-05-25 17:00:00,uHbuxQJl8lW7ozc,1148.43,111.643,8759.43,7.12061e+06
2020-05-15 22:15:00,ih0vzX44oOqAx2f,0,0,0,6.19136e+06
2020-06-03 18:30:00,rGa61gmuvPhdLxV,92.5,8.9375,7806.38,7.25714e+06
2020-06-09 05:45:00,ZnxXDlPa8U1GXgE,0,0,0,6.7097e+06
2020-06-17 01:30:00,ih0vzX44oOqAx2f,0,0,0,6.42037e+06
2020-06-17 09:30:00,ih0vzX44oOqAx2f,6760.86,662.143,952.286,6.42132e+06
2020-05-30 05:30:00,uHbuxQJl8lW7ozc,0,0,0,7.15193e+06
2020-06-05 17:00:00,iCRJl6heRkivqQ3,4203.29,412.086,7454.43,7.34145e+06
2020-05-31 05:30:00,McdE0feGgRqW7Ca,0,0,0,7.28056e+06
2020-06-08 21:15:00,z9Y9gH1T5YWrNuG,0,0,7793,7.19142e+06
2020-06-17 16:00:00,bvBOhCH3iADSZry,2928,287.663,5128.62,6.53868e+06
2020-06-17 05:15:00,wCURE6d3bPkepu2,0,0,0,7.02272e+06
2020-06-17 05:15:00,ZoEaEvLYb1n2sOq,0,0,0,7.33588e+06
2020-05-20 11:30:00,adLQvlD726eNBSB,12952.3,1262.84,3772.43,6.30829e+06
2020-05-17 00:30:00,pkci93gMrogZuBj,0,0,0,7.18165e+06
2020-06-05 02:15:00,YxYtjZvoooNbGkE,0,0,0,7.33489e+06
2020-05-22 17:15:00,McdE0feGgRqW7Ca,1213,117.971,6841.43,7.2159e+06
2020-06-01 17:30:00,1IF53ai7Xc0U56Y,693.714,67.2143,5968,6.3174e+06
2020-05-19 03:00:00,ZoEaEvLYb1n2sOq,0,0,0,7.12353e+06
2020-06-09 15:30:00,ZnxXDlPa8U1GXgE,8612.71,842.771,6982.71,6.71668e+06
2020-06-03 23:00:00,ih0vzX44oOqAx2f,0,0,7699,6.32901e+06
2020-06-03 10:00:00,adLQvlD726eNBSB,6023.86,590.271,1463.29,6.41574e+06
2020-05-17 19:15:00,sjndEbLyjtCKgGv,0,0,7441,7.03705e+06
2020-06-14 14:45:00,zVJPv84UY57bAof,6647.12,651.075,5966.75,7.34293e+06
2020-05-28 01:30:00,rGa61gmuvPhdLxV,0,0,0,7.20655e+06
2020-06-01 08:00:00,VHMLBKoKgIrUVDU,6446.62,631.513,518,7.33492e+06
2020-06-10 14:30:00,WRmjgnKYAwPKWDb,5435.75,532.462,5387.12,7.22637e+06
2020-06-15 18:45:00,VHMLBKoKgIrUVDU,0,0,6814,7.44387e+06
2020-05-31 22:45:00,zBIq5rxdHJRwDNY,0,0,0,6.46324e+06
2020-06-12 03:15:00,uHbuxQJl8lW7ozc,0,0,0,7.24621e+06
2020-06-15 09:15:00,1BY6WEcLGh8j5v7,8573,838.457,1236.71,6.46891e+06
2020-06-15 10:30:00,bvBOhCH3iADSZry,9114.38,890.325,2296.75,6.5239e+06
2020-06-06 16:30:00,McdE0feGgRqW7Ca,1380.29,134.4,6370.14,7.33105e+06
2020-06-09 02:30:00,bvBOhCH3iADSZry,0,0,0,6.48599e+06
2020-06-10 16:15:00,sjndEbLyjtCKgGv,5346.57,524.071,6076.14,7.21517e+06
2020-05-27 18:30:00,1BY6WEcLGh8j5v7,0,0,6164,6.34983e+06
2020-06-11 22:45:00,adLQvlD726eNBSB,0,0,5790,6.48273e+06
2020-05-16 10:45:00,ZnxXDlPa8U1GXgE,8517.88,833.375,2189.5,6.53067e+06
2020-06-17 11:45:00,uHbuxQJl8lW7ozc,11905.4,1162.03,2534.43,7.28357e+06
2020-06-16 22:00:00,1BY6WEcLGh8j5v7,0,0,5848,6.4798e+06
2020-06-03 19:45:00,zBIq5rxdHJRwDNY,0,0,7888,6.48434e+06
2020-05-19 17:00:00,YxYtjZvoooNbGkE,2685.75,263.587,6757.25,7.21236e+06
2020-06-01 04:00:00,pkci93gMrogZuBj,0,0,0,7.29479e+06
2020-06-16 10:00:00,z9Y9gH1T5YWrNuG,10613,1036.3,1639.14,7.24082e+06
2020-06-12 11:00:00,7JYdWkrLSPkdwr4,6103.62,598.025,1738.62,7.8084e+06
2020-06-02 11:30:00,sjndEbLyjtCKgGv,6402.62,627.237,3091,7.1511e+06
2020-05-17 06:45:00,adLQvlD726eNBSB,965,93.7286,26.2857,6.28447e+06
2020-06-02 21:30:00,pkci93gMrogZuBj,0,0,7350,7.30765e+06
2020-06-03 10:30:00,adLQvlD726eNBSB,9176.57,897.6,1789.86,6.41607e+06
2020-05-24 00:15:00,iCRJl6heRkivqQ3,0,0,0,7.24322e+06
2020-05-16 15:45:00,z9Y9gH1T5YWrNuG,3933.29,386.457,6023.43,7.02028e+06
2020-05-25 07:30:00,3PZuoBAID5Wc2HD,2695.86,264.471,209.857,7.06178e+06
2020-06-01 14:15:00,3PZuoBAID5Wc2HD,3503.25,343.238,5206,7.12051e+06
2020-05-28 04:15:00,1BY6WEcLGh8j5v7,0,0,0,6.34983e+06
2020-06-07 00:30:00,zVJPv84UY57bAof,0,0,0,7.28553e+06
2020-05-31 13:15:00,ZnxXDlPa8U1GXgE,5153.38,505.387,4566.88,6.64795e+06
2020-05-25 00:15:00,iCRJl6heRkivqQ3,0,0,0,7.25126e+06
2020-05-22 07:30:00,adLQvlD726eNBSB,5018.88,492.025,270.625,6.32184e+06
2020-06-11 04:30:00,1IF53ai7Xc0U56Y,0,0,0,6.38662e+06
2020-05-15 05:30:00,pkci93gMrogZuBj,0,0,0,7.1691e+06
2020-05-30 22:00:00,iCRJl6heRkivqQ3,0,0,7345,7.2986e+06
2020-05-26 17:00:00,YxYtjZvoooNbGkE,4304.57,422.143,7761.14,7.26923e+06
2020-05-18 20:30:00,z9Y9gH1T5YWrNuG,0,0,5347,7.03357e+06
2020-05-16 22:30:00,zVJPv84UY57bAof,0,0,6419,7.12854e+06
2020-05-25 08:30:00,7JYdWkrLSPkdwr4,6804.71,666.457,642.143,7.67588e+06
2020-06-11 05:15:00,ih0vzX44oOqAx2f,0,0,0,6.38103e+06
2020-06-08 20:15:00,1BY6WEcLGh8j5v7,0,0,7864,6.43161e+06
2020-06-03 18:45:00,rGa61gmuvPhdLxV,0,0,7807,7.25714e+06
2020-05-21 14:30:00,uHbuxQJl8lW7ozc,7431.71,727.071,6455.71,7.08657e+06
2020-06-12 20:30:00,zVJPv84UY57bAof,0,0,5863,7.32855e+06
2020-06-10 23:15:00,YxYtjZvoooNbGkE,0,0,6419,7.37969e+06
2020-05-17 08:15:00,ZoEaEvLYb1n2sOq,5084.86,498.471,480.429,7.11122e+06
2020-06-16 08:30:00,pkci93gMrogZuBj,5941.14,582.129,591.571,7.40381e+06
2020-05-19 02:45:00,YxYtjZvoooNbGkE,0,0,0,7.2056e+06
2020-06-09 15:30:00,z9Y9gH1T5YWrNuG,8459.62,827.837,6548.5,7.19797e+06
2020-05-22 23:00:00,zBIq5rxdHJRwDNY,0,0,0,6.39581e+06
2020-06-05 17:00:00,McdE0feGgRqW7Ca,4238.12,415.863,7572.75,7.32433e+06
2020-05-19 04:15:00,WRmjgnKYAwPKWDb,0,0,0,7.05445e+06
2020-05-16 13:45:00,pkci93gMrogZuBj,6867.12,672.475,4392.5,7.17987e+06
2020-06-11 22:15:00,ih0vzX44oOqAx2f,0,0,5521,6.38655e+06
2020-06-14 05:00:00,VHMLBKoKgIrUVDU,0,0,0,7.42957e+06
2020-06-10 22:30:00,z9Y9gH1T5YWrNuG,0,0,6412,7.20546e+06
2020-06-02 06:15:00,ZoEaEvLYb1n2sOq,388.625,37.575,4.625,7.22844e+06
2020-05-30 09:00:00,3PZuoBAID5Wc2HD,3806.38,374.062,677.5,7.10287e+06
2020-06-04 10:30:00,pkci93gMrogZuBj,10168.9,992.663,2039.25,7.31748e+06
2020-06-13 05:15:00,iCRJl6heRkivqQ3,0,0,0,7.39136e+06
2020-06-06 22:15:00,zBIq5rxdHJRwDNY,0,0,0,6.50673e+06
2020-06-11 07:15:00,1IF53ai7Xc0U56Y,1225.71,119.214,59,6.38668e+06
2020-05-18 14:15:00,McdE0feGgRqW7Ca,5003.88,490.663,3743.62,7.18337e+06
2020-06-17 04:00:00,sjndEbLyjtCKgGv,0,0,0,7.25579e+06
2020-06-06 11:45:00,ZnxXDlPa8U1GXgE,5325.14,520.9,3329.57,6.69003e+06
2020-06-12 01:00:00,ZnxXDlPa8U1GXgE,0,0,0,6.7299e+06
2020-06-05 10:30:00,adLQvlD726eNBSB,10824.6,1056.69,2218.86,6.4328e+06
2020-06-13 12:30:00,1BY6WEcLGh8j5v7,10536.8,1028.83,4487.25,6.46017e+06
2020-06-04 07:30:00,ZnxXDlPa8U1GXgE,2679.14,262.986,201.286,6.67109e+06
2020-05-15 14:00:00,ZoEaEvLYb1n2sOq,10121.7,989.586,4283.43,7.10238e+06
2020-06-04 04:45:00,VHMLBKoKgIrUVDU,0,0,0,7.35566e+06
2020-06-04 03:45:00,ZoEaEvLYb1n2sOq,0,0,0,7.2435e+06
2020-05-25 21:30:00,adLQvlD726eNBSB,0,0,9163,6.35529e+06
2020-06-01 23:00:00,YxYtjZvoooNbGkE,0,0,5777,7.31152e+06
2020-05-18 14:30:00,3PZuoBAID5Wc2HD,6721.86,658.386,3891,7.01237e+06
2020-06-02 13:15:00,ZnxXDlPa8U1GXgE,12188.7,1189.19,4769.43,6.66021e+06
2020-06-08 19:00:00,adLQvlD726eNBSB,0,0,8620,6.462e+06
2020-05-16 08:30:00,McdE0feGgRqW7Ca,6130.75,600.663,578.625,7.16601e+06
2020-05-30 18:30:00,YxYtjZvoooNbGkE,26.25,2.525,7265.75,7.29977e+06
2020-06-15 11:15:00,1BY6WEcLGh8j5v7,7742.86,757.357,3004.86,6.47068e+06
2020-06-06 10:30:00,WRmjgnKYAwPKWDb,10191,994.014,2200.86,7.19247e+06
2020-06-08 05:30:00,ZoEaEvLYb1n2sOq,0,0,0,7.27345e+06
2020-06-07 16:00:00,iCRJl6heRkivqQ3,7544.57,738.643,7515,7.35575e+06
2020-06-16 23:45:00,VHMLBKoKgIrUVDU,0,0,6332,7.4502e+06
2020-05-28 08:30:00,iCRJl6heRkivqQ3,6633.14,649.729,689.286,7.27538e+06
2020-05-24 17:15:00,sjndEbLyjtCKgGv,2775.75,272.438,7767,7.08922e+06
2020-05-30 23:45:00,VHMLBKoKgIrUVDU,0,0,7270,7.32833e+06
2020-06-08 11:00:00,uHbuxQJl8lW7ozc,12391.1,1208.49,2986.25,7.22014e+06
2020-06-04 16:30:00,bvBOhCH3iADSZry,5463.71,535.529,6989.14,6.45971e+06
2020-06-14 09:00:00,3PZuoBAID5Wc2HD,6322.29,619.343,897,7.21162e+06
2020-06-11 15:15:00,McdE0feGgRqW7Ca,6517.86,638.529,4741,7.36636e+06
2020-05-27 18:30:00,7JYdWkrLSPkdwr4,0,0,6638,7.69855e+06
2020-06-08 20:15:00,3PZuoBAID5Wc2HD,0,0,8509,7.17573e+06
2020-05-26 11:15:00,3PZuoBAID5Wc2HD,8019.62,784.038,3433.62,7.07407e+06
2020-06-03 14:45:00,ih0vzX44oOqAx2f,9325.5,911.462,6005.5,6.32732e+06
2020-05-22 17:45:00,1BY6WEcLGh8j5v7,480,46.4429,6833.43,6.31242e+06
2020-06-06 07:30:00,zBIq5rxdHJRwDNY,3705.88,364.238,251,6.50055e+06
2020-06-03 04:15:00,1BY6WEcLGh8j5v7,0,0,0,6.39047e+06
2020-06-11 06:45:00,ZoEaEvLYb1n2sOq,526.125,50.9125,18.75,7.29609e+06
2020-06-12 11:30:00,wCURE6d3bPkepu2,10702.3,1045.47,2149.71,6.9902e+06
2020-05-18 22:00:00,bvBOhCH3iADSZry,0,0,4962,6.34054e+06
2020-06-14 21:45:00,z9Y9gH1T5YWrNuG,0,0,7238,7.23247e+06
2020-06-01 01:15:00,VHMLBKoKgIrUVDU,0,0,0,7.3344e+06
2020-06-11 05:15:00,WRmjgnKYAwPKWDb,0,0,0,7.22737e+06
2020-06-10 07:30:00,adLQvlD726eNBSB,3744.75,368.025,241.5,6.47052e+06
2020-05-22 03:15:00,ZoEaEvLYb1n2sOq,0,0,0,7.14668e+06
2020-05-31 20:30:00,1BY6WEcLGh8j5v7,0,0,5803,6.37793e+06
2020-05-18 20:00:00,zVJPv84UY57bAof,0,0,5390,7.1414e+06
2020-05-22 07:30:00,uHbuxQJl8lW7ozc,4416.5,433.738,245.375,7.08822e+06
2020-05-19 11:00:00,zVJPv84UY57bAof,10505.3,1025.93,2198.43,7.1436e+06
2020-05-28 04:15:00,rGa61gmuvPhdLxV,0,0,0,7.20655e+06
2020-05-16 08:00:00,ih0vzX44oOqAx2f,4119.86,404.743,326.571,6.19169e+06
2020-05-15 08:00:00,iCRJl6heRkivqQ3,2916.38,286.3,280.875,7.17827e+06
2020-05-24 05:45:00,zVJPv84UY57bAof,0,0,0,7.18084e+06
2020-06-13 11:45:00,WRmjgnKYAwPKWDb,9901.29,966.629,3900.29,7.24268e+06
2020-05-21 21:45:00,rGa61gmuvPhdLxV,0,0,7766,7.1604e+06
2020-05-25 18:45:00,1IF53ai7Xc0U56Y,0,0,9048,6.26653e+06
2020-05-23 11:45:00,1BY6WEcLGh8j5v7,12432.9,1212.83,3422.38,6.31586e+06
2020-06-09 04:15:00,1BY6WEcLGh8j5v7,0,0,0,6.43161e+06
2020-05-15 13:15:00,sjndEbLyjtCKgGv,6686.57,654.943,3814.43,7.02065e+06
2020-05-25 00:00:00,zVJPv84UY57bAof,0,0,0,7.1888e+06
2020-05-20 11:15:00,zVJPv84UY57bAof,12123.1,1182.01,3258.57,7.1516e+06
2020-06-17 08:00:00,z9Y9gH1T5YWrNuG,3444.57,338.629,295.143,7.24568e+06
2020-05-15 10:00:00,3PZuoBAID5Wc2HD,7384.62,722,1366.38,6.98913e+06
2020-06-16 10:30:00,1IF53ai7Xc0U56Y,8596.12,841.138,2210,6.42342e+06
2020-06-06 00:45:00,1IF53ai7Xc0U56Y,0,0,0,6.34856e+06
2020-05-15 21:30:00,VHMLBKoKgIrUVDU,0,0,0,7.21267e+06
2020-06-03 03:15:00,YxYtjZvoooNbGkE,0,0,0,7.31893e+06
2020-05-17 22:00:00,z9Y9gH1T5YWrNuG,0,0,7486,7.02823e+06
2020-06-02 18:00:00,wCURE6d3bPkepu2,372.5,36.0125,7510.75,6.92285e+06
2020-06-14 22:45:00,VHMLBKoKgIrUVDU,0,0,7489,7.43706e+06
2020-05-26 12:00:00,zBIq5rxdHJRwDNY,9327.86,910.629,3849.71,6.42405e+06
2020-06-07 20:00:00,z9Y9gH1T5YWrNuG,0,0,6342,7.18363e+06
2020-05-21 14:15:00,bvBOhCH3iADSZry,7563.88,739.812,5657.25,6.3607e+06
2020-06-06 05:15:00,ZnxXDlPa8U1GXgE,0,0,0,6.6867e+06
2020-06-03 02:15:00,pkci93gMrogZuBj,0,0,0,7.30765e+06
2020-05-16 20:30:00,1BY6WEcLGh8j5v7,0,0,6292,6.2716e+06
2020-06-17 23:00:00,WRmjgnKYAwPKWDb,0,0,5953,7.27353e+06
2020-05-30 08:00:00,sjndEbLyjtCKgGv,3104.5,304.85,286.375,7.12932e+06
2020-06-10 16:30:00,zBIq5rxdHJRwDNY,3464.43,340.214,6190.71,6.5376e+06
2020-05-18 12:30:00,adLQvlD726eNBSB,8956.86,876.271,2119.29,6.29443e+06
2020-05-19 00:30:00,VHMLBKoKgIrUVDU,0,0,0,7.23255e+06
2020-06-04 09:45:00,ZnxXDlPa8U1GXgE,6334.12,620.413,1424,6.67231e+06
2020-06-07 09:15:00,3PZuoBAID5Wc2HD,8350.14,817.143,984.429,7.15997e+06
2020-06-07 23:30:00,ZnxXDlPa8U1GXgE,0,0,8209,6.70126e+06
2020-05-15 14:45:00,YxYtjZvoooNbGkE,6827.88,668.138,5001.12,7.18497e+06
2020-05-20 07:15:00,1IF53ai7Xc0U56Y,2737.71,268.614,132.571,6.21656e+06
2020-05-29 16:15:00,z9Y9gH1T5YWrNuG,6560,642.6,7624.5,7.11999e+06
2020-05-26 13:15:00,bvBOhCH3iADSZry,8409.71,821.657,4871,6.39721e+06
2020-06-17 17:00:00,ZnxXDlPa8U1GXgE,1305.43,127.043,5791.57,6.7706e+06
2020-06-07 09:30:00,1BY6WEcLGh8j5v7,6679,654.143,1118.86,6.4196e+06
2020-05-26 19:45:00,ZoEaEvLYb1n2sOq,0,0,0,7.18669e+06
2020-05-16 03:00:00,zVJPv84UY57bAof,0,0,0,7.12212e+06
2020-06-10 22:45:00,1BY6WEcLGh8j5v7,0,0,5911,6.44498e+06
2020-05-17 05:15:00,bvBOhCH3iADSZry,0,0,0,6.32865e+06
2020-06-06 22:30:00,sjndEbLyjtCKgGv,0,0,0,7.18566e+06
2020-05-27 02:30:00,iCRJl6heRkivqQ3,0,0,0,7.268e+06
2020-05-20 06:00:00,wCURE6d3bPkepu2,116.429,11.2429,0.857143,6.81535e+06
2020-05-15 08:00:00,VHMLBKoKgIrUVDU,2879.62,282.675,279.125,7.20669e+06
2020-05-24 15:00:00,zVJPv84UY57bAof,8949.14,875.457,6875.29,7.18771e+06
2020-06-02 01:00:00,ih0vzX44oOqAx2f,0,0,0,6.31398e+06
2020-05-26 09:45:00,ZoEaEvLYb1n2sOq,9872.38,965.375,1706.12,7.18062e+06
2020-06-17 23:15:00,pkci93gMrogZuBj,0,0,5952,7.41543e+06
2020-05-28 20:30:00,ZoEaEvLYb1n2sOq,0,0,8247,7.20154e+06
2020-06-11 07:15:00,wCURE6d3bPkepu2,1208.14,117.471,58,6.98246e+06
2020-05-22 04:30:00,adLQvlD726eNBSB,0,0,0,6.32157e+06
2020-05-22 22:00:00,sjndEbLyjtCKgGv,0,0,0,7.07296e+06
2020-06-11 22:45:00,7JYdWkrLSPkdwr4,0,0,5573,7.80666e+06
2020-05-26 08:30:00,1BY6WEcLGh8j5v7,6380.43,625.057,664.857,6.33687e+06
2020-06-12 17:15:00,pkci93gMrogZuBj,1838.88,180.262,5700,7.38066e+06
2020-06-12 10:30:00,bvBOhCH3iADSZry,7455.75,729.962,1291.12,6.5057e+06
2020-06-03 16:15:00,McdE0feGgRqW7Ca,4222.75,414.238,7454.88,7.30781e+06
2020-05-31 23:30:00,bvBOhCH3iADSZry,0,0,5586,6.43327e+06
2020-06-09 09:15:00,McdE0feGgRqW7Ca,8154.12,797.962,1311.25,7.34809e+06
2020-05-20 00:30:00,YxYtjZvoooNbGkE,0,0,0,7.21248e+06
2020-05-16 17:00:00,iCRJl6heRkivqQ3,1977.5,193.863,6314.38,7.19072e+06
2020-05-21 12:00:00,VHMLBKoKgIrUVDU,11001.7,1073.9,4023.86,7.25255e+06
2020-05-28 04:00:00,zBIq5rxdHJRwDNY,0,0,0,6.43408e+06
2020-05-16 19:30:00,wCURE6d3bPkepu2,0,0,6543,6.79547e+06
2020-05-23 14:00:00,VHMLBKoKgIrUVDU,10521.9,1027.7,6378.43,7.2701e+06
2020-06-05 23:15:00,McdE0feGgRqW7Ca,0,0,7920,7.32468e+06
2020-06-01 06:30:00,wCURE6d3bPkepu2,954.286,92.6714,22.4286,6.90943e+06
2020-05-22 12:00:00,uHbuxQJl8lW7ozc,12732.9,1241.87,3294.71,7.09127e+06
2020-05-22 18:30:00,7JYdWkrLSPkdwr4,0,0,7135,7.65877e+06
2020-05-15 21:15:00,ih0vzX44oOqAx2f,0,0,0,6.19136e+06
2020-05-15 08:15:00,3PZuoBAID5Wc2HD,4523.71,443.957,376,6.98814e+06
2020-05-20 22:45:00,3PZuoBAID5Wc2HD,0,0,8982,7.02949e+06
2020-06-04 14:15:00,bvBOhCH3iADSZry,5919.57,579.671,5298.57,6.45802e+06
2020-05-29 20:45:00,bvBOhCH3iADSZry,0,0,7438,6.42102e+06
2020-06-01 17:45:00,7JYdWkrLSPkdwr4,687.429,66.6143,5773.71,7.73359e+06
2020-05-16 22:45:00,ZoEaEvLYb1n2sOq,0,0,6384,7.11074e+06
2020-06-10 01:30:00,z9Y9gH1T5YWrNuG,0,0,0,7.19905e+06
2020-05-20 19:45:00,YxYtjZvoooNbGkE,0,0,8818,7.22129e+06
2020-05-31 13:15:00,McdE0feGgRqW7Ca,5404.57,529.843,4617.14,7.28518e+06
2020-05-25 20:00:00,bvBOhCH3iADSZry,0,0,8124,6.39234e+06
2020-05-24 06:45:00,1IF53ai7Xc0U56Y,1302,126.775,46.625,6.24925e+06
2020-06-15 15:30:00,1BY6WEcLGh8j5v7,4351.71,426.986,5594.14,6.47327e+06
2020-05-27 15:45:00,1IF53ai7Xc0U56Y,6817.38,667.587,6130.75,6.28077e+06
2020-06-14 18:15:00,adLQvlD726eNBSB,269.143,25.9714,7584.86,6.50508e+06
2020-05-19 16:30:00,sjndEbLyjtCKgGv,4688.38,460.05,6576.38,7.04898e+06
2020-05-31 05:00:00,adLQvlD726eNBSB,0,0,0,6.39477e+06
2020-06-14 13:30:00,1IF53ai7Xc0U56Y,10485.4,1024.99,4786.86,6.41167e+06
2020-06-04 04:30:00,zBIq5rxdHJRwDNY,0,0,0,6.48434e+06
2020-05-19 11:30:00,bvBOhCH3iADSZry,3576.25,351.525,2215.75,6.34275e+06
2020-06-05 21:15:00,sjndEbLyjtCKgGv,0,0,7759,7.17928e+06
2020-06-08 15:15:00,zBIq5rxdHJRwDNY,9553.38,934.237,7199,6.52211e+06
2020-05-21 14:15:00,YxYtjZvoooNbGkE,8306.86,811.543,6136.57,7.22743e+06
2020-06-12 13:30:00,rGa61gmuvPhdLxV,8417.5,823.712,3793.88,7.32023e+06
2020-06-03 18:45:00,pkci93gMrogZuBj,0,0,7786,7.31544e+06
2020-06-03 17:45:00,iCRJl6heRkivqQ3,1287.29,125.314,7838.86,7.32565e+06
2020-05-15 21:15:00,pkci93gMrogZuBj,0,0,6375,7.17548e+06
2020-06-03 04:45:00,zVJPv84UY57bAof,0,0,0,7.25522e+06
2020-05-26 12:30:00,1BY6WEcLGh8j5v7,7978.38,780.013,4329,6.34054e+06
2020-06-02 12:45:00,1BY6WEcLGh8j5v7,10311.4,1007.5,3900.12,6.38734e+06
2020-06-08 01:00:00,7JYdWkrLSPkdwr4,0,0,0,7.77851e+06
2020-05-18 07:30:00,McdE0feGgRqW7Ca,3478.43,341.7,213.429,7.17984e+06
2020-06-11 14:45:00,zVJPv84UY57bAof,6552.62,641.8,4309.25,7.32133e+06
2020-06-11 16:15:00,WRmjgnKYAwPKWDb,4441.88,436.025,5211.75,7.23258e+06
2020-05-27 01:15:00,zVJPv84UY57bAof,0,0,0,7.20538e+06
2020-05-20 06:45:00,adLQvlD726eNBSB,1069.71,103.971,45,6.30456e+06
2020-06-12 15:45:00,WRmjgnKYAwPKWDb,4624.14,453.771,5267.14,7.23825e+06
2020-06-16 13:15:00,adLQvlD726eNBSB,7658.12,749.638,4229.38,6.51623e+06
2020-05-31 10:15:00,z9Y9gH1T5YWrNuG,12873,1255.46,1779.12,7.12938e+06
2020-06-03 07:15:00,sjndEbLyjtCKgGv,2181.88,213.925,104.75,7.15555e+06
2020-06-05 22:30:00,z9Y9gH1T5YWrNuG,0,0,7739,7.171e+06
2020-05-18 15:45:00,McdE0feGgRqW7Ca,7149.88,700.125,4805.12,7.18443e+06
2020-06-03 15:45:00,7JYdWkrLSPkdwr4,5177.88,507.675,7007.62,7.74788e+06
2020-05-19 22:00:00,ZoEaEvLYb1n2sOq,0,0,6805,7.13033e+06
2020-05-20 21:15:00,VHMLBKoKgIrUVDU,0,0,8982,7.24852e+06
2020-06-07 06:00:00,VHMLBKoKgIrUVDU,67.7143,6.52857,0,7.37799e+06
2020-05-20 02:30:00,3PZuoBAID5Wc2HD,0,0,0,7.02051e+06
2020-05-31 21:30:00,ZoEaEvLYb1n2sOq,0,0,5796,7.22264e+06
2020-05-24 15:00:00,uHbuxQJl8lW7ozc,9723.29,950.871,6980.43,7.11073e+06
2020-06-05 07:45:00,iCRJl6heRkivqQ3,2275.75,223.137,214.875,7.33421e+06
2020-06-16 20:15:00,7JYdWkrLSPkdwr4,0,0,6166,7.84096e+06
2020-06-08 08:45:00,sjndEbLyjtCKgGv,7119.62,697.225,702.625,7.19326e+06
2020-05-26 14:00:00,bvBOhCH3iADSZry,7561.25,739.987,5652,6.39799e+06
2020-05-26 23:15:00,ZnxXDlPa8U1GXgE,0,0,0,6.61265e+06
2020-06-02 21:30:00,wCURE6d3bPkepu2,0,0,7525,6.92287e+06
2020-05-26 09:30:00,1BY6WEcLGh8j5v7,8831.71,864.1,1419.43,6.33763e+06
2020-06-14 23:00:00,YxYtjZvoooNbGkE,0,0,7263,7.4067e+06
2020-06-17 07:45:00,1IF53ai7Xc0U56Y,4042.25,397.175,218.625,6.42775e+06
2020-06-13 20:00:00,1IF53ai7Xc0U56Y,0,0,8654,6.40688e+06
2020-05-25 19:15:00,VHMLBKoKgIrUVDU,0,0,9013,7.28952e+06
2020-05-18 21:15:00,VHMLBKoKgIrUVDU,0,0,5457,7.23255e+06
2020-06-17 09:15:00,ZoEaEvLYb1n2sOq,5389.88,528.275,812.75,7.33669e+06
2020-05-27 00:45:00,YxYtjZvoooNbGkE,0,0,0,7.26933e+06
2020-06-16 19:30:00,wCURE6d3bPkepu2,0,0,6274,7.02272e+06
2020-05-25 04:15:00,3PZuoBAID5Wc2HD,0,0,0,7.06157e+06
2020-06-13 11:15:00,7JYdWkrLSPkdwr4,12898.1,1257.56,3266.57,7.81568e+06
2020-05-23 17:30:00,wCURE6d3bPkepu2,2099.14,205.8,8493.57,6.84772e+06
2020-06-04 14:30:00,3PZuoBAID5Wc2HD,7534.75,737.562,6092.12,7.14258e+06
2020-06-14 21:00:00,1BY6WEcLGh8j5v7,0,0,4012,6.46768e+06
2020-05-22 05:45:00,1IF53ai7Xc0U56Y,0,0,0,6.23325e+06
2020-05-24 07:45:00,YxYtjZvoooNbGkE,4064.75,399.35,284,7.24496e+06
2020-06-04 14:30:00,ZoEaEvLYb1n2sOq,7098.71,695.071,5879.43,7.24938e+06
2020-05-25 00:00:00,VHMLBKoKgIrUVDU,0,0,1168.57,7.28051e+06
2020-06-07 08:45:00,rGa61gmuvPhdLxV,4983.38,488.788,581.125,7.28008e+06
2020-05-18 14:30:00,pkci93gMrogZuBj,6318.38,619,3800,7.19285e+06
2020-05-19 05:45:00,zVJPv84UY57bAof,0,0,0,7.1414e+06
2020-05-26 18:00:00,z9Y9gH1T5YWrNuG,368.429,35.6143,7738.57,7.09718e+06
2020-06-07 01:15:00,zBIq5rxdHJRwDNY,0,0,0,6.50673e+06
2020-05-17 07:15:00,McdE0feGgRqW7Ca,2415,236.814,96,7.17212e+06
2020-06-04 11:45:00,ih0vzX44oOqAx2f,9775.29,955.143,3239.57,6.33225e+06
2020-05-23 19:00:00,zBIq5rxdHJRwDNY,0,0,8674,6.40448e+06
2020-06-14 03:15:00,ZnxXDlPa8U1GXgE,0,0,0,6.74434e+06
2020-05-16 02:15:00,sjndEbLyjtCKgGv,0,0,0,7.02318e+06
2020-05-26 16:45:00,zBIq5rxdHJRwDNY,5850.14,573.271,7265.43,6.42747e+06
2020-05-21 16:15:00,zVJPv84UY57bAof,3424.14,336.614,7652.43,7.16483e+06
2020-06-11 11:45:00,iCRJl6heRkivqQ3,8332.12,815.413,2086.38,7.38187e+06
2020-06-05 17:15:00,ZoEaEvLYb1n2sOq,3917.12,384.262,7297,7.25884e+06
2020-06-05 05:30:00,sjndEbLyjtCKgGv,0,0,0,7.17152e+06
2020-06-10 00:00:00,rGa61gmuvPhdLxV,0,0,0,7.3042e+06
2020-05-26 06:00:00,YxYtjZvoooNbGkE,140.25,13.525,1.625,7.26147e+06
2020-06-06 15:00:00,adLQvlD726eNBSB,4273.14,419.471,5985,6.44441e+06
2020-06-11 23:00:00,McdE0feGgRqW7Ca,0,0,5750,7.36737e+06
2020-05-16 22:30:00,1IF53ai7Xc0U56Y,0,0,6592,6.19659e+06
2020-06-07 07:45:00,ih0vzX44oOqAx2f,2429.12,238.2,229.75,6.3509e+06
2020-05-28 01:15:00,YxYtjZvoooNbGkE,0,0,0,7.27603e+06
2020-06-02 06:30:00,zBIq5rxdHJRwDNY,486.714,47.0714,16.7143,6.46905e+06
2020-06-07 09:30:00,uHbuxQJl8lW7ozc,7065.88,691.888,1163.12,7.21002e+06
2020-06-17 20:00:00,adLQvlD726eNBSB,0,0,6110,6.52451e+06
2020-06-14 04:30:00,sjndEbLyjtCKgGv,0,0,0,7.2355e+06
2020-05-19 23:30:00,McdE0feGgRqW7Ca,0,0,7007,7.1921e+06
2020-06-07 03:45:00,1IF53ai7Xc0U56Y,0,0,0,6.3551e+06
2020-06-05 12:15:00,rGa61gmuvPhdLxV,5408.86,529.814,3766.14,7.26912e+06
2020-06-13 16:15:00,YxYtjZvoooNbGkE,2891.57,283.657,8045.86,7.3991e+06
2020-06-06 22:45:00,adLQvlD726eNBSB,0,0,6603,6.44503e+06
2020-05-18 20:00:00,YxYtjZvoooNbGkE,0,0,5369,7.2056e+06
2020-06-08 03:00:00,pkci93gMrogZuBj,0,0,0,7.34613e+06
2020-05-25 17:45:00,VHMLBKoKgIrUVDU,501.875,48.55,8989.38,7.2895e+06
2020-05-23 07:00:00,ZnxXDlPa8U1GXgE,1023.62,99.4625,37.375,6.57918e+06
2020-06-01 15:15:00,VHMLBKoKgIrUVDU,2034.75,199.45,5521.5,7.33993e+06
2020-05-30 18:45:00,McdE0feGgRqW7Ca,0,0,7352,7.28056e+06
2020-06-08 10:45:00,McdE0feGgRqW7Ca,11488.4,1120.99,2792.43,7.34099e+06
2020-06-16 11:00:00,ih0vzX44oOqAx2f,11862.3,1157.37,2580.14,6.41683e+06
2020-06-08 14:00:00,zBIq5rxdHJRwDNY,8416.38,822.462,5943,6.52085e+06
2020-05-24 07:00:00,uHbuxQJl8lW7ozc,1701.71,166.6,75.4286,7.10382e+06
2020-06-13 09:15:00,ih0vzX44oOqAx2f,8115,794.112,1236.62,6.3935e+06
2020-05-31 17:00:00,adLQvlD726eNBSB,2033.14,199.286,5774.43,6.40055e+06
2020-06-01 02:30:00,wCURE6d3bPkepu2,0,0,0,6.9094e+06
2020-05-16 05:00:00,ZoEaEvLYb1n2sOq,0,0,0,7.10436e+06
2020-05-15 20:45:00,z9Y9gH1T5YWrNuG,0,0,6386,7.01425e+06
2020-06-01 15:45:00,1IF53ai7Xc0U56Y,1480.62,144.4,5708.62,6.31714e+06
2020-06-14 00:45:00,pkci93gMrogZuBj,0,0,0,7.38916e+06
2020-05-20 01:30:00,ZoEaEvLYb1n2sOq,0,0,0,7.13033e+06
2020-06-07 11:30:00,ZoEaEvLYb1n2sOq,11433.1,1116.05,2981,7.26835e+06
2020-06-07 15:00:00,3PZuoBAID5Wc2HD,9150.71,893.871,6837.86,7.16582e+06
2020-06-04 20:15:00,rGa61gmuvPhdLxV,0,0,0,7.26535e+06
2020-05-25 04:45:00,7JYdWkrLSPkdwr4,0,0,0,7.67524e+06
2020-05-18 10:45:00,1BY6WEcLGh8j5v7,5274.88,517.2,795.25,6.27945e+06
2020-05-27 15:00:00,ih0vzX44oOqAx2f,4266.43,418.9,5434.57,6.27773e+06
2020-05-20 07:45:00,McdE0feGgRqW7Ca,4341.25,426.288,291.25,7.19239e+06
2020-05-22 17:15:00,iCRJl6heRkivqQ3,1195.57,116.257,7096.43,7.23454e+06
2020-05-31 18:45:00,sjndEbLyjtCKgGv,0,0,5987,7.14224e+06
2020-06-02 01:15:00,iCRJl6heRkivqQ3,0,0,0,7.31035e+06
2020-06-13 21:45:00,uHbuxQJl8lW7ozc,0,0,8437,7.26053e+06
2020-06-03 01:15:00,McdE0feGgRqW7Ca,0,0,0,7.30036e+06
2020-05-22 15:15:00,ZoEaEvLYb1n2sOq,6635.12,649.763,6371,7.15306e+06
2020-05-15 01:30:00,bvBOhCH3iADSZry,0,0,0,6.3168e+06
2020-06-06 17:45:00,3PZuoBAID5Wc2HD,333.125,32.2125,6484,7.15897e+06
2020-06-11 04:30:00,uHbuxQJl8lW7ozc,0,0,0,7.24051e+06
2020-05-24 20:45:00,McdE0feGgRqW7Ca,0,0,8055,7.23269e+06
2020-05-23 20:30:00,3PZuoBAID5Wc2HD,0,0,8652,7.05327e+06
2020-06-17 21:30:00,wCURE6d3bPkepu2,0,0,5883,7.0286e+06
2020-05-29 23:30:00,sjndEbLyjtCKgGv,0,0,0,7.12903e+06
2020-05-23 07:30:00,rGa61gmuvPhdLxV,2869.57,281.557,129.571,7.16727e+06
2020-06-15 04:30:00,McdE0feGgRqW7Ca,0,0,0,7.38936e+06
2020-05-31 16:30:00,7JYdWkrLSPkdwr4,1802,176.625,5603.88,7.72758e+06
2020-06-12 14:15:00,adLQvlD726eNBSB,7258,710.686,4575.14,6.48731e+06
2020-06-07 07:00:00,zBIq5rxdHJRwDNY,1725.29,169.1,86.1429,6.50681e+06
2020-05-25 08:15:00,ZnxXDlPa8U1GXgE,6067.75,594.525,472.125,6.59623e+06
2020-06-12 20:30:00,rGa61gmuvPhdLxV,0,0,5849,7.32228e+06
2020-05-22 10:00:00,adLQvlD726eNBSB,5945.71,582.629,1532.14,6.32311e+06
2020-05-27 06:30:00,zBIq5rxdHJRwDNY,765.875,74.3,18.375,6.42772e+06
2020-05-22 10:45:00,ZoEaEvLYb1n2sOq,9018,881.062,1941.62,7.14863e+06
2020-06-10 07:15:00,pkci93gMrogZuBj,2398.71,235.214,136.429,7.36285e+06
2020-06-01 19:15:00,zVJPv84UY57bAof,0,0,5742,7.24777e+06
2020-05-19 00:45:00,adLQvlD726eNBSB,0,0,0,6.29782e+06
2020-06-14 20:15:00,adLQvlD726eNBSB,0,0,7590,6.50509e+06
2020-05-15 15:15:00,iCRJl6heRkivqQ3,6134.57,600.943,5428.43,7.18342e+06
2020-05-17 16:30:00,zBIq5rxdHJRwDNY,4373.86,429.071,7208.14,6.35936e+06
2020-06-17 18:15:00,z9Y9gH1T5YWrNuG,339.5,32.8,5813.12,7.2512e+06
2020-05-31 19:00:00,ZnxXDlPa8U1GXgE,0,0,6142,6.64952e+06
2020-06-07 05:15:00,wCURE6d3bPkepu2,0,0,0,6.95309e+06
2020-06-06 04:45:00,z9Y9gH1T5YWrNuG,0,0,0,7.171e+06
2020-06-03 01:00:00,uHbuxQJl8lW7ozc,0,0,0,7.1784e+06
2020-06-17 19:45:00,VHMLBKoKgIrUVDU,0,0,6007,7.45621e+06
2020-05-27 15:30:00,YxYtjZvoooNbGkE,9681.86,946.8,5789.57,7.27512e+06
2020-06-14 04:45:00,zBIq5rxdHJRwDNY,0,0,0,6.55782e+06
2020-05-20 02:00:00,iCRJl6heRkivqQ3,0,0,0,7.21072e+06
2020-06-06 10:30:00,ih0vzX44oOqAx2f,8873.38,865.6,2129.75,6.34661e+06
2020-05-28 01:45:00,ih0vzX44oOqAx2f,0,0,0,6.27886e+06
2020-06-09 12:30:00,wCURE6d3bPkepu2,9783.88,955.388,4371.38,6.97234e+06
2020-06-09 09:45:00,YxYtjZvoooNbGkE,10453.7,1020.43,1705,7.36702e+06
2020-06-14 00:00:00,ZoEaEvLYb1n2sOq,0,0,1047.25,7.31576e+06
2020-06-15 15:00:00,iCRJl6heRkivqQ3,6702.14,656.414,5742.29,7.41297e+06
2020-06-05 00:45:00,McdE0feGgRqW7Ca,0,0,0,7.31676e+06
2020-05-22 14:30:00,ih0vzX44oOqAx2f,10918,1066.56,5671.14,6.23921e+06
2020-05-25 06:45:00,zBIq5rxdHJRwDNY,1143.29,111.157,39.5714,6.4118e+06
2020-06-11 13:00:00,zVJPv84UY57bAof,7010.57,686.529,3050.57,7.32007e+06
2020-05-28 19:15:00,ih0vzX44oOqAx2f,0,0,8315,6.28717e+06
2020-05-24 15:45:00,z9Y9gH1T5YWrNuG,2766.57,271.414,7251.71,7.08001e+06
2020-06-07 19:15:00,WRmjgnKYAwPKWDb,0,0,8071,7.20468e+06
2020-05-27 05:15:00,ZnxXDlPa8U1GXgE,0,0,0,6.61265e+06
2020-06-08 13:45:00,7JYdWkrLSPkdwr4,9859.38,962.4,5640.62,7.78415e+06
2020-06-07 12:15:00,adLQvlD726eNBSB,13651.1,1331,4079.43,6.44911e+06
2020-05-24 14:45:00,sjndEbLyjtCKgGv,9579.71,936.729,6616.43,7.08807e+06
2020-05-16 17:15:00,sjndEbLyjtCKgGv,1598.57,156.314,6353.86,7.02954e+06
2020-05-26 08:00:00,z9Y9gH1T5YWrNuG,5042.57,494.343,407.286,7.08985e+06
2020-05-18 07:00:00,YxYtjZvoooNbGkE,1674.29,163.814,75,7.2003e+06
2020-05-20 17:30:00,ZoEaEvLYb1n2sOq,1865,182.8,8664,7.139e+06
2020-05-31 06:15:00,sjndEbLyjtCKgGv,444.25,42.975,6,7.13626e+06
2020-05-23 08:45:00,McdE0feGgRqW7Ca,7822.57,765.757,851.143,7.2168e+06
2020-05-25 16:45:00,zBIq5rxdHJRwDNY,1280.88,124.612,8333,6.42009e+06
2020-05-25 06:00:00,pkci93gMrogZuBj,0,0,0,7.24171e+06
2020-06-12 17:30:00,bvBOhCH3iADSZry,2010.29,197.043,5282,6.50969e+06
2020-05-27 03:30:00,1BY6WEcLGh8j5v7,0,0,0,6.34367e+06
2020-05-21 21:45:00,iCRJl6heRkivqQ3,0,0,7837,7.22744e+06
2020-05-17 15:30:00,adLQvlD726eNBSB,7468.88,730.987,7028,6.29147e+06
2020-05-26 22:45:00,ZoEaEvLYb1n2sOq,0,0,0,7.18669e+06
2020-05-15 20:30:00,z9Y9gH1T5YWrNuG,0,0,6386,7.01425e+06
2020-06-02 08:15:00,3PZuoBAID5Wc2HD,8263.25,808.638,413.375,7.12168e+06
2020-06-08 06:00:00,VHMLBKoKgIrUVDU,102,9.82857,0.428571,7.38621e+06
2020-06-05 10:45:00,ZoEaEvLYb1n2sOq,9338.57,912.143,2292,7.25383e+06
2020-05-29 23:15:00,ZoEaEvLYb1n2sOq,0,0,0,7.2096e+06
2020-05-18 07:15:00,wCURE6d3bPkepu2,2695.38,264.475,130.125,6.80313e+06
2020-05-23 03:15:00,zBIq5rxdHJRwDNY,0,0,0,6.39581e+06
2020-06-14 04:30:00,ZoEaEvLYb1n2sOq,0,0,0,7.31576e+06
2020-06-14 03:00:00,ih0vzX44oOqAx2f,0,0,0,6.40052e+06
2020-05-31 18:45:00,WRmjgnKYAwPKWDb,0,0,5837,7.15387e+06
2020-05-22 12:15:00,zBIq5rxdHJRwDNY,10607.5,1036,3530.25,6.39213e+06
2020-05-29 17:15:00,1BY6WEcLGh8j5v7,2109,206.786,7480,6.36529e+06
2020-05-21 23:45:00,McdE0feGgRqW7Ca,0,0,5709.29,7.20906e+06
2020-06-14 03:00:00,ZoEaEvLYb1n2sOq,0,0,0,7.31576e+06
2020-05-15 10:45:00,uHbuxQJl8lW7ozc,6817.5,667.2,1930.38,7.04061e+06
2020-06-02 07:45:00,1IF53ai7Xc0U56Y,2367.43,232.143,209.286,6.31765e+06
2020-05-24 05:15:00,VHMLBKoKgIrUVDU,0,0,0,7.27233e+06
2020-06-14 14:15:00,uHbuxQJl8lW7ozc,12408,1210.54,5564.71,7.2661e+06
2020-06-09 00:45:00,1IF53ai7Xc0U56Y,0,0,0,6.37183e+06
2020-06-07 14:15:00,sjndEbLyjtCKgGv,7469.5,730.825,4906.88,7.19056e+06
2020-05-19 21:30:00,rGa61gmuvPhdLxV,0,0,6910,7.14381e+06
2020-06-13 17:30:00,bvBOhCH3iADSZry,1158,112.629,7806.71,6.51759e+06
2020-06-17 11:00:00,pkci93gMrogZuBj,6762,662.1,1912.43,7.41139e+06
2020-06-06 05:30:00,1BY6WEcLGh8j5v7,0,0,0,6.41254e+06
2020-05-26 17:15:00,1BY6WEcLGh8j5v7,945.125,91.8,7414.75,6.34362e+06
2020-06-03 20:00:00,wCURE6d3bPkepu2,0,0,7907,6.93078e+06
2020-06-03 18:45:00,YxYtjZvoooNbGkE,0,0,7827,7.32676e+06
2020-05-26 15:00:00,uHbuxQJl8lW7ozc,5384.25,527.837,6580,7.12728e+06
2020-06-04 06:00:00,3PZuoBAID5Wc2HD,77.125,7.4375,0.75,7.13649e+06
2020-06-15 02:15:00,bvBOhCH3iADSZry,0,0,0,6.5216e+06
2020-06-01 15:15:00,bvBOhCH3iADSZry,1860.25,182.312,5023,6.43829e+06
2020-05-27 14:00:00,sjndEbLyjtCKgGv,4218.29,414.371,4984.71,7.11087e+06
2020-05-27 07:45:00,ZnxXDlPa8U1GXgE,4001.14,393.014,302.857,6.61295e+06
2020-06-10 14:00:00,McdE0feGgRqW7Ca,7213.57,706.2,5156.57,7.36017e+06
2020-05-26 03:15:00,ih0vzX44oOqAx2f,0,0,0,6.26458e+06
2020-05-27 04:00:00,adLQvlD726eNBSB,0,0,0,6.36352e+06
2020-05-15 11:00:00,pkci93gMrogZuBj,10114.6,987.371,2115.86,7.17122e+06
2020-05-19 08:30:00,rGa61gmuvPhdLxV,4142.29,406.514,469.857,7.13737e+06
2020-06-15 13:15:00,uHbuxQJl8lW7ozc,6253.75,612.625,4825,7.27266e+06
2020-05-24 23:30:00,adLQvlD726eNBSB,0,0,8397,6.34613e+06
2020-06-08 00:15:00,ZoEaEvLYb1n2sOq,0,0,0,7.27345e+06
2020-06-09 08:15:00,ih0vzX44oOqAx2f,6128.86,600.5,510.571,6.36742e+06
2020-06-06 04:15:00,zVJPv84UY57bAof,0,0,0,7.27909e+06
2020-06-06 19:15:00,WRmjgnKYAwPKWDb,0,0,6341,7.19661e+06
2020-05-23 16:45:00,sjndEbLyjtCKgGv,4130.43,405.729,8147.29,7.08111e+06
2020-05-26 17:30:00,adLQvlD726eNBSB,679.375,65.775,8191.25,6.36349e+06
2020-05-30 03:00:00,sjndEbLyjtCKgGv,0,0,0,7.12903e+06
2020-05-17 08:00:00,ih0vzX44oOqAx2f,4994.38,489.775,364.125,6.19817e+06
2020-06-07 05:00:00,1BY6WEcLGh8j5v7,0,0,0,6.41848e+06
2020-06-14 13:00:00,WRmjgnKYAwPKWDb,8858.38,866.663,4226,7.2514e+06
2020-06-17 14:00:00,ih0vzX44oOqAx2f,5862.62,574.538,4558,6.42493e+06
2020-06-04 16:15:00,ZnxXDlPa8U1GXgE,6886.88,674.5,7493.75,6.67838e+06
2020-06-02 12:45:00,3PZuoBAID5Wc2HD,11755.6,1147.41,4043.57,7.12531e+06
2020-05-30 01:15:00,iCRJl6heRkivqQ3,0,0,0,7.29125e+06
2020-06-14 14:45:00,VHMLBKoKgIrUVDU,6428.29,629.729,6108.86,7.43567e+06
2020-06-01 03:30:00,iCRJl6heRkivqQ3,0,0,0,7.30457e+06
2020-06-09 05:45:00,z9Y9gH1T5YWrNuG,0,0,0,7.19142e+06
2020-05-24 06:15:00,bvBOhCH3iADSZry,373.75,36.125,6.625,6.37678e+06
2020-06-16 05:30:00,bvBOhCH3iADSZry,0,0,0,6.52779e+06
2020-06-10 15:45:00,7JYdWkrLSPkdwr4,3767.86,370.314,5734.43,7.80046e+06
2020-05-29 11:00:00,pkci93gMrogZuBj,12076.4,1177.46,2745.43,7.276e+06
2020-06-14 22:30:00,ZoEaEvLYb1n2sOq,0,0,7289,7.32305e+06
2020-05-23 01:30:00,WRmjgnKYAwPKWDb,0,0,0,7.0846e+06
2020-06-13 00:30:00,zVJPv84UY57bAof,0,0,0,7.32855e+06
2020-05-27 11:45:00,ZnxXDlPa8U1GXgE,10684.9,1042.97,3453.57,6.6161e+06
2020-05-30 08:00:00,7JYdWkrLSPkdwr4,3064.86,300.986,291.857,7.71513e+06
2020-05-30 15:45:00,iCRJl6heRkivqQ3,7684.71,752.314,6463,7.29772e+06
2020-06-13 12:00:00,pkci93gMrogZuBj,13077.4,1275.04,4048.14,7.38486e+06
2020-06-16 22:15:00,McdE0feGgRqW7Ca,0,0,6365,7.4026e+06
2020-05-25 15:00:00,McdE0feGgRqW7Ca,10460.6,1022.57,7723.86,7.24041e+06
2020-05-23 13:30:00,ZoEaEvLYb1n2sOq,12390.4,1208.06,5651.71,7.15936e+06
2020-05-23 15:00:00,z9Y9gH1T5YWrNuG,6142,601.763,7023.5,7.07124e+06
2020-05-18 18:15:00,1BY6WEcLGh8j5v7,0,0,4998,6.28365e+06
2020-06-17 11:30:00,iCRJl6heRkivqQ3,7785.57,762.157,2326.86,7.42263e+06
2020-05-31 21:00:00,adLQvlD726eNBSB,0,0,5933,6.4007e+06
2020-06-07 20:45:00,McdE0feGgRqW7Ca,0,0,7042,7.3382e+06
2020-06-15 06:30:00,adLQvlD726eNBSB,1008.14,97.9571,24.5714,6.50511e+06
2020-06-08 14:15:00,sjndEbLyjtCKgGv,11278.1,1100.83,6170.25,7.19872e+06
2020-06-03 17:30:00,zBIq5rxdHJRwDNY,2235.25,219.162,7801,6.48426e+06
2020-06-11 05:45:00,z9Y9gH1T5YWrNuG,0,0,0,7.20546e+06
2020-06-11 01:45:00,uHbuxQJl8lW7ozc,0,0,0,7.24051e+06
2020-06-12 05:30:00,ZoEaEvLYb1n2sOq,0,0,0,7.30163e+06
2020-06-16 08:15:00,1IF53ai7Xc0U56Y,4671.57,458.443,491.143,6.42171e+06
2020-05-17 22:15:00,ih0vzX44oOqAx2f,0,0,7391,6.2052e+06
2020-05-21 16:00:00,7JYdWkrLSPkdwr4,3915.75,384.675,7284,7.65126e+06
2020-06-06 01:30:00,WRmjgnKYAwPKWDb,0,0,0,7.19027e+06
2020-06-04 23:00:00,zBIq5rxdHJRwDNY,0,0,0,6.49258e+06
2020-05-25 00:30:00,7JYdWkrLSPkdwr4,0,0,0,7.67524e+06
2020-05-15 01:15:00,ZoEaEvLYb1n2sOq,0,0,0,7.0981e+06
2020-05-18 18:15:00,YxYtjZvoooNbGkE,178.75,17.275,5367.5,7.2056e+06
2020-06-06 15:15:00,zVJPv84UY57bAof,5026,492.729,5954.43,7.28504e+06
2020-05-18 03:45:00,uHbuxQJl8lW7ozc,0,0,0,7.05879e+06
2020-05-23 04:00:00,adLQvlD726eNBSB,0,0,0,6.32895e+06
2020-05-31 07:00:00,VHMLBKoKgIrUVDU,1215.12,118.15,73.5,7.3284e+06
2020-06-03 07:00:00,uHbuxQJl8lW7ozc,1451.75,141.613,61.75,7.17847e+06
2020-06-15 17:00:00,wCURE6d3bPkepu2,2856.25,280.512,6571,7.01627e+06
2020-05-24 02:45:00,3PZuoBAID5Wc2HD,0,0,0,7.05327e+06
2020-05-19 12:45:00,zVJPv84UY57bAof,11761.5,1147.65,3732.25,7.14514e+06
2020-05-30 10:45:00,uHbuxQJl8lW7ozc,5415,530.743,1534.57,7.15347e+06
2020-05-26 13:45:00,7JYdWkrLSPkdwr4,12314.3,1200.61,5836.29,7.68986e+06
2020-05-23 00:15:00,sjndEbLyjtCKgGv,0,0,0,7.07296e+06
2020-05-31 02:15:00,VHMLBKoKgIrUVDU,0,0,0,7.32833e+06
2020-06-13 18:15:00,z9Y9gH1T5YWrNuG,282.5,27.275,8358.62,7.22523e+06
2020-06-08 19:00:00,ih0vzX44oOqAx2f,0,0,8217,6.36691e+06
2020-06-16 11:45:00,VHMLBKoKgIrUVDU,7720.62,755.675,3276.38,7.44715e+06
2020-05-30 09:30:00,pkci93gMrogZuBj,6276.12,614.85,912.375,7.28245e+06
2020-06-01 23:45:00,rGa61gmuvPhdLxV,0,0,5637,7.24197e+06
2020-06-06 02:30:00,zBIq5rxdHJRwDNY,0,0,0,6.5003e+06
2020-05-28 12:00:00,YxYtjZvoooNbGkE,11930,1164.01,4155.14,7.28018e+06
2020-05-23 08:45:00,7JYdWkrLSPkdwr4,7697.57,753.557,847.429,7.65962e+06
2020-05-23 10:45:00,McdE0feGgRqW7Ca,9082,887.25,2570.88,7.21852e+06
2020-05-18 05:15:00,z9Y9gH1T5YWrNuG,0,0,0,7.02823e+06
2020-05-23 20:45:00,3PZuoBAID5Wc2HD,0,0,8652,7.05327e+06
2020-05-27 01:45:00,rGa61gmuvPhdLxV,0,0,0,7.19987e+06
2020-06-14 21:45:00,zVJPv84UY57bAof,0,0,7320,7.34428e+06
2020-05-25 12:30:00,sjndEbLyjtCKgGv,12594.9,1228.01,4801.75,7.09415e+06
2020-05-23 23:45:00,YxYtjZvoooNbGkE,0,0,8559,7.24468e+06
2020-05-17 00:15:00,wCURE6d3bPkepu2,0,0,0,6.79547e+06
2020-05-31 06:30:00,pkci93gMrogZuBj,824.143,79.9857,23.1429,7.2889e+06
2020-05-28 00:00:00,wCURE6d3bPkepu2,0,0,0,6.8792e+06
2020-05-30 23:45:00,adLQvlD726eNBSB,0,0,7419,6.39477e+06
2020-05-15 17:15:00,zVJPv84UY57bAof,2339.38,229.387,5889.25,7.12204e+06
2020-05-15 09:45:00,bvBOhCH3iADSZry,6281,615.343,1006.86,6.31781e+06
2020-05-20 19:15:00,bvBOhCH3iADSZry,0,0,8131,6.35504e+06
2020-06-05 17:15:00,rGa61gmuvPhdLxV,4134.62,405.663,7491.62,7.27284e+06
2020-05-16 18:30:00,zVJPv84UY57bAof,0,0,6419,7.12854e+06
2020-06-13 15:30:00,ih0vzX44oOqAx2f,7626.88,746.263,7500,6.39976e+06
2020-06-16 01:45:00,WRmjgnKYAwPKWDb,0,0,0,7.26132e+06
2020-06-17 15:15:00,7JYdWkrLSPkdwr4,1583.38,154.812,5390.5,7.84636e+06
2020-06-13 21:45:00,WRmjgnKYAwPKWDb,0,0,8399,7.24718e+06
2020-05-27 16:30:00,iCRJl6heRkivqQ3,5286.86,518.171,6404.29,7.2744e+06
2020-05-28 04:15:00,1IF53ai7Xc0U56Y,0,0,0,6.28146e+06
2020-05-15 16:15:00,pkci93gMrogZuBj,4776.71,468.643,5943.43,7.17505e+06
2020-06-04 01:30:00,pkci93gMrogZuBj,0,0,0,7.31544e+06
2020-05-27 16:30:00,uHbuxQJl8lW7ozc,5590.62,547.938,6419.5,7.13496e+06
2020-06-01 14:00:00,ih0vzX44oOqAx2f,2972.57,291.114,4988,6.31322e+06
2020-05-18 18:15:00,ZoEaEvLYb1n2sOq,168.375,16.25,5317.62,7.12353e+06
2020-05-22 08:30:00,YxYtjZvoooNbGkE,2588.43,253.871,672.571,7.22971e+06
2020-05-20 07:15:00,WRmjgnKYAwPKWDb,2643.5,259.337,126.875,7.06106e+06
2020-06-05 07:00:00,z9Y9gH1T5YWrNuG,1392.14,135.771,71.5714,7.16333e+06
2020-06-09 22:00:00,ZnxXDlPa8U1GXgE,0,0,8074,6.71777e+06
2020-05-29 13:00:00,YxYtjZvoooNbGkE,12619.9,1230.44,4906.29,7.28931e+06
2020-06-09 11:30:00,adLQvlD726eNBSB,8455,826.443,3588.43,6.46559e+06
2020-05-17 11:15:00,WRmjgnKYAwPKWDb,12425.8,1211.86,3191.25,7.04462e+06
2020-06-07 08:30:00,sjndEbLyjtCKgGv,3636.29,357.429,484.714,7.18614e+06
2020-05-18 05:45:00,ZoEaEvLYb1n2sOq,0,0,0,7.11821e+06
2020-06-13 09:00:00,ZnxXDlPa8U1GXgE,9083.86,888.629,1087.86,6.73687e+06
2020-06-08 19:45:00,VHMLBKoKgIrUVDU,0,0,8488,7.3947e+06
2020-06-06 00:00:00,McdE0feGgRqW7Ca,0,0,0,7.32468e+06
2020-05-27 17:30:00,1IF53ai7Xc0U56Y,970.125,94.2125,6786.12,6.28142e+06
2020-05-27 00:15:00,ZoEaEvLYb1n2sOq,0,0,0,7.18669e+06
2020-06-03 21:00:00,ZnxXDlPa8U1GXgE,0,0,7916,6.67088e+06
2020-06-09 12:30:00,VHMLBKoKgIrUVDU,10022.9,978.75,4471.12,7.39917e+06
2020-05-18 09:00:00,1IF53ai7Xc0U56Y,1789.25,175.4,485.125,6.20484e+06
2020-05-16 17:00:00,zBIq5rxdHJRwDNY,1982.75,194.35,6249.12,6.35203e+06
2020-05-28 07:00:00,zVJPv84UY57bAof,1859.14,182.214,82.2857,7.21216e+06
2020-06-06 21:45:00,McdE0feGgRqW7Ca,0,0,0,7.33116e+06
2020-06-01 21:00:00,wCURE6d3bPkepu2,0,0,5939,6.91534e+06
2020-05-29 17:15:00,sjndEbLyjtCKgGv,2337,229.114,8034.43,7.12894e+06
2020-06-04 09:00:00,pkci93gMrogZuBj,7225.5,707.362,885.5,7.31632e+06
2020-06-15 22:30:00,rGa61gmuvPhdLxV,0,0,6732,7.3447e+06
2020-05-23 14:00:00,WRmjgnKYAwPKWDb,10566.9,1032.24,6241.29,7.09084e+06
2020-06-15 14:30:00,z9Y9gH1T5YWrNuG,10431,1018.3,5351.43,7.23782e+06
2020-05-23 20:45:00,VHMLBKoKgIrUVDU,0,0,8611,7.27233e+06
2020-05-27 14:15:00,ZnxXDlPa8U1GXgE,4103.43,403.057,5115,6.61776e+06
2020-05-30 17:45:00,1BY6WEcLGh8j5v7,910.429,88.4,6721.71,6.3721e+06
2020-06-15 17:45:00,1IF53ai7Xc0U56Y,1240.75,120.838,6811.5,6.42118e+06
2020-06-17 12:30:00,bvBOhCH3iADSZry,8931.86,873.429,3161.86,6.53671e+06
2020-06-02 06:00:00,1IF53ai7Xc0U56Y,92.875,8.9625,0.75,6.31744e+06
2020-06-13 21:00:00,WRmjgnKYAwPKWDb,0,0,8399,7.24718e+06
2020-06-09 10:45:00,YxYtjZvoooNbGkE,11940.6,1164.56,2619.38,7.36793e+06
2020-06-01 19:00:00,McdE0feGgRqW7Ca,0,0,5992,7.29275e+06
2020-05-20 09:15:00,pkci93gMrogZuBj,8361.86,818.329,1214.14,7.20256e+06
2020-05-31 19:30:00,1BY6WEcLGh8j5v7,0,0,5803,6.37793e+06
2020-06-14 08:45:00,WRmjgnKYAwPKWDb,5430,532.275,744.375,7.24792e+06
2020-05-30 23:45:00,7JYdWkrLSPkdwr4,0,0,7143,7.72198e+06
2020-05-18 20:00:00,zBIq5rxdHJRwDNY,0,0,5390,6.36505e+06
2020-05-23 22:30:00,rGa61gmuvPhdLxV,0,0,8152,7.17529e+06
2020-05-29 08:45:00,McdE0feGgRqW7Ca,5601.86,549.014,669,7.26562e+06
2020-05-16 06:30:00,bvBOhCH3iADSZry,650.571,63,16,6.32253e+06
2020-06-03 09:15:00,adLQvlD726eNBSB,6499.75,636.7,1009.25,6.41529e+06
2020-05-23 09:45:00,wCURE6d3bPkepu2,9665.5,944.625,1639,6.84086e+06
2020-05-17 05:30:00,iCRJl6heRkivqQ3,0,0,0,7.19085e+06
2020-05-23 18:45:00,ih0vzX44oOqAx2f,0,0,8395,6.24894e+06
2020-06-01 14:30:00,WRmjgnKYAwPKWDb,5315.43,521.129,5212,7.15908e+06
2020-05-31 08:15:00,ZoEaEvLYb1n2sOq,3429.29,336.986,322.857,7.21717e+06
2020-05-27 14:30:00,zVJPv84UY57bAof,8841.88,864.913,5238,7.21062e+06
2020-05-28 06:00:00,ZoEaEvLYb1n2sOq,143.571,13.8571,0.428571,7.19329e+06
2020-05-27 02:15:00,ZnxXDlPa8U1GXgE,0,0,0,6.61265e+06
2020-05-22 11:45:00,ih0vzX44oOqAx2f,12385.1,1208.33,2920.5,6.23646e+06
2020-05-28 18:00:00,wCURE6d3bPkepu2,479.857,46.4143,8501.29,6.8877e+06
2020-05-23 01:30:00,ih0vzX44oOqAx2f,0,0,0,6.24054e+06
2020-06-04 09:00:00,McdE0feGgRqW7Ca,9058.5,886.025,946.625,7.30932e+06
2020-05-23 21:15:00,McdE0feGgRqW7Ca,0,0,8684,7.22464e+06
2020-05-16 11:45:00,7JYdWkrLSPkdwr4,8857.75,866.538,2900.62,7.61198e+06
2020-05-21 12:45:00,z9Y9gH1T5YWrNuG,10639.1,1038.44,4632.75,7.05389e+06
2020-06-12 15:00:00,1IF53ai7Xc0U56Y,5746.14,563.129,4958.29,6.39728e+06
2020-06-06 21:30:00,wCURE6d3bPkepu2,0,0,0,6.95309e+06
2020-06-04 20:30:00,VHMLBKoKgIrUVDU,0,0,8160,7.36382e+06
2020-05-28 16:30:00,pkci93gMrogZuBj,5259.43,515.6,7915,7.2729e+06
2020-06-10 20:00:00,7JYdWkrLSPkdwr4,0,0,6362,7.80109e+06
2020-06-13 20:30:00,3PZuoBAID5Wc2HD,0,0,8633,7.21072e+06
2020-06-01 12:45:00,WRmjgnKYAwPKWDb,3792.25,372.688,4146.75,7.15801e+06
2020-06-02 21:45:00,pkci93gMrogZuBj,0,0,7350,7.30765e+06
2020-06-15 04:15:00,pkci93gMrogZuBj,0,0,0,7.39642e+06
2020-05-16 05:45:00,McdE0feGgRqW7Ca,0,0,0,7.16544e+06
2020-05-22 06:45:00,ZnxXDlPa8U1GXgE,1199,116.586,53.7143,6.57192e+06
2020-06-14 04:30:00,wCURE6d3bPkepu2,0,0,0,7.00237e+06
2020-05-24 19:15:00,zBIq5rxdHJRwDNY,0,0,7277,6.41176e+06
2020-06-08 16:00:00,sjndEbLyjtCKgGv,4914.57,480.929,7720.43,7.20027e+06
2020-05-23 16:00:00,VHMLBKoKgIrUVDU,6886.5,674.438,7871.5,7.27159e+06
2020-06-11 11:45:00,sjndEbLyjtCKgGv,8281.25,810.45,2081.25,7.21768e+06
2020-06-17 14:30:00,iCRJl6heRkivqQ3,8134.75,796.038,5044.38,7.42535e+06
2020-06-03 23:45:00,7JYdWkrLSPkdwr4,0,0,7749,7.74862e+06
2020-05-18 15:15:00,ih0vzX44oOqAx2f,7950,778.171,4276,6.20948e+06
2020-06-12 05:15:00,iCRJl6heRkivqQ3,0,0,0,7.38547e+06
2020-06-04 09:00:00,iCRJl6heRkivqQ3,7903.12,773.45,905.25,7.3266e+06
2020-06-17 10:15:00,adLQvlD726eNBSB,7017.12,687.225,1493.5,6.51989e+06
2020-06-01 02:15:00,WRmjgnKYAwPKWDb,0,0,0,7.15387e+06
2020-06-14 16:00:00,1BY6WEcLGh8j5v7,5295.75,519.1,3599,6.46726e+06
2020-05-30 14:15:00,z9Y9gH1T5YWrNuG,11392,1112.43,4888.71,7.12534e+06
2020-05-25 00:00:00,wCURE6d3bPkepu2,0,0,0,6.85579e+06
2020-06-13 09:45:00,z9Y9gH1T5YWrNuG,8421.88,822.962,1608.5,7.21848e+06
2020-05-15 10:45:00,adLQvlD726eNBSB,4962,486.55,1842.5,6.2732e+06
2020-05-19 14:45:00,YxYtjZvoooNbGkE,9590,937.875,5481.88,7.21108e+06
2020-05-19 04:00:00,1IF53ai7Xc0U56Y,0,0,0,6.20981e+06
2020-05-31 22:30:00,VHMLBKoKgIrUVDU,0,0,6076,7.3344e+06
2020-05-15 12:45:00,sjndEbLyjtCKgGv,10235.1,1000.27,3455.86,7.02029e+06
2020-06-16 17:15:00,McdE0feGgRqW7Ca,1774.38,173.912,6252.75,7.40248e+06
2020-06-03 13:45:00,zVJPv84UY57bAof,9345.5,914.1,4998,7.26022e+06
2020-06-01 15:00:00,VHMLBKoKgIrUVDU,2975.86,292.1,5459.29,7.33986e+06
2020-05-16 05:00:00,ih0vzX44oOqAx2f,0,0,0,6.19136e+06
2020-05-24 19:45:00,3PZuoBAID5Wc2HD,0,0,8300,7.06157e+06
2020-06-10 01:45:00,ih0vzX44oOqAx2f,0,0,0,6.37476e+06
2020-06-07 10:00:00,1IF53ai7Xc0U56Y,6933.25,679,1507.38,6.35661e+06
2020-05-23 02:00:00,adLQvlD726eNBSB,0,0,0,6.32895e+06
2020-06-07 11:15:00,z9Y9gH1T5YWrNuG,13821.1,1347.56,2762.86,7.18005e+06
2020-05-18 19:30:00,sjndEbLyjtCKgGv,0,0,5351,7.0424e+06
2020-05-18 04:45:00,uHbuxQJl8lW7ozc,0,0,0,7.05879e+06
2020-05-18 01:45:00,zVJPv84UY57bAof,0,0,0,7.13602e+06
2020-05-24 09:00:00,zVJPv84UY57bAof,7273,712.086,952.714,7.18179e+06
2020-06-16 12:45:00,zVJPv84UY57bAof,6999.12,684.638,3776.38,7.35488e+06
2020-06-10 01:00:00,VHMLBKoKgIrUVDU,0,0,0,7.40282e+06
2020-05-20 06:15:00,ZnxXDlPa8U1GXgE,204.25,19.775,0.125,6.55514e+06
2020-06-07 04:30:00,adLQvlD726eNBSB,0,0,0,6.44503e+06
2020-06-17 08:30:00,ih0vzX44oOqAx2f,4005.43,393.586,475.571,6.42085e+06
2020-06-10 01:15:00,iCRJl6heRkivqQ3,0,0,0,7.37322e+06
2020-05-29 20:45:00,rGa61gmuvPhdLxV,0,0,0,7.22307e+06
2020-05-31 12:30:00,ih0vzX44oOqAx2f,6694.29,655.171,3748.43,6.30602e+06
2020-06-07 22:15:00,ZoEaEvLYb1n2sOq,0,0,8085,7.27345e+06
2020-05-23 11:15:00,1BY6WEcLGh8j5v7,10864.1,1060.34,2835.38,6.31527e+06
2020-06-06 16:45:00,YxYtjZvoooNbGkE,1275.43,124.071,6250.29,7.34874e+06
2020-06-09 13:45:00,adLQvlD726eNBSB,9609.86,938.986,5832.29,6.46784e+06
2020-06-11 04:30:00,3PZuoBAID5Wc2HD,0,0,0,7.19047e+06
2020-05-24 06:15:00,iCRJl6heRkivqQ3,384.714,37.2143,7,7.24323e+06
2020-05-22 21:45:00,McdE0feGgRqW7Ca,0,0,0,7.21595e+06
2020-06-07 09:15:00,adLQvlD726eNBSB,8549.88,836.587,1013.12,6.44604e+06
2020-06-10 23:15:00,3PZuoBAID5Wc2HD,0,0,6550,7.19047e+06
2020-05-16 02:00:00,pkci93gMrogZuBj,0,0,0,7.17548e+06
2020-05-29 12:45:00,YxYtjZvoooNbGkE,12466.1,1215.45,4596.12,7.289e+06
2020-06-09 14:45:00,bvBOhCH3iADSZry,6909.57,676.557,5801.57,6.49179e+06
2020-05-31 12:00:00,adLQvlD726eNBSB,7305.12,715.075,3187.88,6.39796e+06
2020-05-25 18:00:00,VHMLBKoKgIrUVDU,434,41.9714,9001.71,7.28951e+06
2020-06-07 15:15:00,z9Y9gH1T5YWrNuG,6709.38,656.962,5080.62,7.18237e+06
2020-05-30 06:15:00,WRmjgnKYAwPKWDb,318.375,30.7625,4.625,7.1409e+06
2020-06-09 17:45:00,7JYdWkrLSPkdwr4,1401.62,136.675,7887.12,7.79468e+06
2020-05-15 07:30:00,WRmjgnKYAwPKWDb,2052.5,201.2,177.625,7.02885e+06
2020-06-12 01:15:00,rGa61gmuvPhdLxV,0,0,0,7.31643e+06
2020-06-05 01:30:00,zBIq5rxdHJRwDNY,0,0,0,6.49258e+06
2020-06-12 00:15:00,1BY6WEcLGh8j5v7,0,0,0,6.45024e+06
2020-05-19 09:00:00,rGa61gmuvPhdLxV,5490.86,538.071,672.571,7.13757e+06
2020-06-13 06:00:00,1BY6WEcLGh8j5v7,94.875,9.1625,0.5,6.45568e+06
2020-05-25 23:45:00,z9Y9gH1T5YWrNuG,0,0,8802,7.08944e+06
2020-05-21 20:00:00,wCURE6d3bPkepu2,0,0,7811,6.83206e+06
2020-05-18 03:00:00,YxYtjZvoooNbGkE,0,0,0,7.20023e+06
2020-05-30 03:30:00,bvBOhCH3iADSZry,0,0,0,6.42102e+06
2020-06-13 19:15:00,VHMLBKoKgIrUVDU,0,0,8652,7.42957e+06
2020-06-06 04:15:00,wCURE6d3bPkepu2,0,0,0,6.94677e+06
2020-05-19 11:00:00,zBIq5rxdHJRwDNY,10082.6,984.757,2171,6.36722e+06
2020-05-15 01:30:00,wCURE6d3bPkepu2,0,0,0,6.7826e+06
2020-05-19 04:30:00,uHbuxQJl8lW7ozc,0,0,0,7.0642e+06
2020-06-01 10:00:00,iCRJl6heRkivqQ3,7588,742.786,1771.14,7.30634e+06
2020-06-07 07:45:00,z9Y9gH1T5YWrNuG,2496.25,244.812,232.75,7.17752e+06
2020-06-05 07:30:00,1IF53ai7Xc0U56Y,2217.25,217.387,178.25,6.34103e+06
2020-06-03 05:30:00,7JYdWkrLSPkdwr4,0,0,0,7.74087e+06
2020-06-11 01:30:00,VHMLBKoKgIrUVDU,0,0,0,7.4093e+06
2020-06-02 00:45:00,WRmjgnKYAwPKWDb,0,0,0,7.1597e+06
2020-06-01 06:00:00,zVJPv84UY57bAof,76.4286,7.38571,0.428571,7.24202e+06
2020-06-07 18:30:00,ZnxXDlPa8U1GXgE,54,5.21429,8208.86,6.70126e+06
2020-05-28 18:00:00,ZoEaEvLYb1n2sOq,475,45.9571,8232.86,7.20152e+06
2020-06-04 05:15:00,iCRJl6heRkivqQ3,0,0,0,7.3257e+06
2020-05-27 19:15:00,1BY6WEcLGh8j5v7,0,0,6164,6.34983e+06
2020-06-07 07:30:00,ih0vzX44oOqAx2f,2029.57,198.957,175.286,6.35085e+06
2020-05-19 02:45:00,bvBOhCH3iADSZry,0,0,0,6.34054e+06
2020-06-02 22:00:00,1IF53ai7Xc0U56Y,0,0,0,6.32478e+06
2020-06-06 16:30:00,sjndEbLyjtCKgGv,1369.57,133.357,6271,7.18555e+06
2020-05-28 02:15:00,rGa61gmuvPhdLxV,0,0,0,7.20655e+06
2020-06-10 01:00:00,McdE0feGgRqW7Ca,0,0,0,7.35502e+06
2020-06-14 02:15:00,VHMLBKoKgIrUVDU,0,0,0,7.42957e+06
2020-06-01 21:45:00,WRmjgnKYAwPKWDb,0,0,5834,7.1597e+06
2020-06-16 00:30:00,VHMLBKoKgIrUVDU,0,0,0,7.44387e+06
2020-06-07 05:30:00,McdE0feGgRqW7Ca,0,0,0,7.33116e+06
2020-05-26 01:15:00,1BY6WEcLGh8j5v7,0,0,0,6.33621e+06
2020-06-13 07:15:00,zBIq5rxdHJRwDNY,2528.57,247.986,120.571,6.54951e+06
2020-06-04 13:30:00,adLQvlD726eNBSB,8205.75,803.025,5330.5,6.4276e+06
2020-06-01 14:15:00,sjndEbLyjtCKgGv,3271.38,320.788,5048.62,7.14729e+06
2020-05-20 05:00:00,wCURE6d3bPkepu2,0,0,0,6.81535e+06
2020-05-24 09:30:00,z9Y9gH1T5YWrNuG,8123.43,794.771,1321.14,7.07408e+06
2020-06-03 08:30:00,rGa61gmuvPhdLxV,4502.88,441.938,551.625,7.24988e+06
2020-06-01 06:00:00,z9Y9gH1T5YWrNuG,71,6.84286,0.285714,7.1339e+06
2020-05-19 04:30:00,WRmjgnKYAwPKWDb,0,0,0,7.05445e+06
2020-05-17 13:00:00,rGa61gmuvPhdLxV,5654.86,554.229,4747.86,7.12885e+06
2020-05-25 02:45:00,3PZuoBAID5Wc2HD,0,0,0,7.06157e+06
2020-06-15 13:15:00,1IF53ai7Xc0U56Y,5936,581.7,4813.43,6.41918e+06
2020-06-03 23:30:00,WRmjgnKYAwPKWDb,0,0,7710,7.17463e+06
2020-05-15 22:00:00,rGa61gmuvPhdLxV,0,0,6373,7.11787e+06
2020-06-16 02:15:00,3PZuoBAID5Wc2HD,0,0,0,7.22504e+06
2020-05-18 02:15:00,YxYtjZvoooNbGkE,0,0,0,7.20023e+06
2020-05-15 08:00:00,uHbuxQJl8lW7ozc,3193,313.538,284,7.03896e+06
2020-06-15 18:30:00,ZoEaEvLYb1n2sOq,13.1429,1.27143,6639,7.32969e+06
2020-06-11 05:00:00,rGa61gmuvPhdLxV,0,0,0,7.31077e+06
2020-06-11 20:30:00,VHMLBKoKgIrUVDU,0,0,5716,7.41501e+06
2020-06-04 22:45:00,uHbuxQJl8lW7ozc,0,0,0,7.19454e+06
2020-06-06 11:15:00,rGa61gmuvPhdLxV,11248.2,1097.46,2874.12,7.27596e+06
2020-06-07 15:45:00,ZnxXDlPa8U1GXgE,6268.43,613.771,7341.43,6.7004e+06
2020-06-07 21:15:00,YxYtjZvoooNbGkE,0,0,8155,7.35697e+06
2020-05-20 07:00:00,ZoEaEvLYb1n2sOq,1567,153.186,69.5714,7.1304e+06
2020-05-23 19:30:00,adLQvlD726eNBSB,0,0,8783,6.33773e+06
2020-05-25 03:45:00,7JYdWkrLSPkdwr4,0,0,0,7.67524e+06
2020-05-26 01:15:00,adLQvlD726eNBSB,0,0,0,6.35529e+06
2020-05-17 14:45:00,z9Y9gH1T5YWrNuG,8764.88,856.875,6079,7.02682e+06
2020-05-26 23:30:00,pkci93gMrogZuBj,0,0,0,7.25829e+06
2020-06-13 13:00:00,1BY6WEcLGh8j5v7,9604.62,937.675,5057.62,6.46074e+06
2020-05-20 07:15:00,rGa61gmuvPhdLxV,2392.12,234.562,116.875,7.14393e+06
2020-06-13 11:15:00,1IF53ai7Xc0U56Y,13094.8,1276.74,3390.88,6.40162e+06
2020-06-10 21:45:00,WRmjgnKYAwPKWDb,0,0,6389,7.22737e+06
2020-06-15 09:15:00,ZoEaEvLYb1n2sOq,9220.25,901.575,1291.38,7.32434e+06
2020-05-19 16:00:00,pkci93gMrogZuBj,6601.12,646.612,6345,7.20076e+06
2020-06-15 06:00:00,wCURE6d3bPkepu2,110.571,10.6714,0.571429,7.0097e+06
2020-05-28 00:15:00,McdE0feGgRqW7Ca,0,0,0,7.25639e+06
2020-06-06 20:45:00,1IF53ai7Xc0U56Y,0,0,6542,6.3551e+06
2020-05-24 15:15:00,ZnxXDlPa8U1GXgE,5848.38,573.075,7099.62,6.59483e+06
2020-06-04 17:15:00,ih0vzX44oOqAx2f,3847.62,378.1,7810,6.33682e+06
2020-05-29 18:15:00,7JYdWkrLSPkdwr4,123.286,11.9143,8005.57,7.71483e+06
2020-05-20 11:15:00,McdE0feGgRqW7Ca,12349.1,1204.03,3325.71,7.19542e+06
2020-06-05 12:00:00,adLQvlD726eNBSB,4642.71,455.5,3757.57,6.43434e+06
2020-05-30 20:00:00,sjndEbLyjtCKgGv,0,0,7226,7.13626e+06
2020-06-15 15:00:00,7JYdWkrLSPkdwr4,6309,618.071,5644,7.8338e+06
2020-05-24 18:30:00,z9Y9gH1T5YWrNuG,152.429,14.7,7874.86,7.08064e+06
2020-05-26 07:45:00,sjndEbLyjtCKgGv,4095,402.275,289.5,7.0984e+06
2020-06-16 22:30:00,VHMLBKoKgIrUVDU,0,0,6332,7.4502e+06
2020-06-11 17:30:00,YxYtjZvoooNbGkE,1422,138.6,5526.88,7.38521e+06
2020-05-19 19:15:00,zBIq5rxdHJRwDNY,0,0,6924,6.37197e+06
2020-05-31 20:15:00,WRmjgnKYAwPKWDb,0,0,5837,7.15387e+06
2020-05-17 23:00:00,rGa61gmuvPhdLxV,0,0,7438,7.13154e+06
2020-05-24 07:45:00,sjndEbLyjtCKgGv,4065.71,399.457,286,7.08174e+06
2020-06-08 09:30:00,zVJPv84UY57bAof,11463.7,1118.55,1331.67,7.29512e+06
2020-05-30 14:30:00,1BY6WEcLGh8j5v7,9844.57,962.643,4936.29,6.37031e+06
2020-05-28 02:30:00,ih0vzX44oOqAx2f,0,0,0,6.27886e+06
2020-05-30 02:30:00,pkci93gMrogZuBj,0,0,0,7.28154e+06
2020-05-20 22:45:00,ZoEaEvLYb1n2sOq,0,0,8736,7.13907e+06
2020-06-15 17:00:00,rGa61gmuvPhdLxV,2904.71,285.214,6556.86,7.34453e+06
2020-06-12 18:30:00,pkci93gMrogZuBj,79.8571,7.68571,5850.43,7.38081e+06
2020-05-23 04:30:00,pkci93gMrogZuBj,0,0,0,7.2252e+06
2020-05-18 07:45:00,YxYtjZvoooNbGkE,1772.62,173.512,270,7.2005e+06
2020-06-06 05:15:00,zVJPv84UY57bAof,0,0,0,7.27909e+06
2020-05-26 16:30:00,rGa61gmuvPhdLxV,5548.86,543.843,7378.14,7.19948e+06
2020-06-07 03:15:00,wCURE6d3bPkepu2,0,0,0,6.95309e+06
2020-06-03 14:45:00,pkci93gMrogZuBj,10040.7,981.386,6055.57,7.31371e+06
2020-05-15 18:15:00,ih0vzX44oOqAx2f,95.2,9.2,6175,6.19136e+06
2020-05-18 19:00:00,WRmjgnKYAwPKWDb,0,0,5348,7.05445e+06
2020-06-02 20:15:00,ih0vzX44oOqAx2f,0,0,0,6.32131e+06
2020-05-22 06:45:00,iCRJl6heRkivqQ3,1180.29,114.786,53.8571,7.2275e+06
2020-06-04 01:45:00,zVJPv84UY57bAof,0,0,0,7.26305e+06
2020-05-16 04:15:00,3PZuoBAID5Wc2HD,0,0,0,6.99403e+06
2020-06-02 03:30:00,ZoEaEvLYb1n2sOq,0,0,0,7.22844e+06
2020-06-11 00:00:00,ZnxXDlPa8U1GXgE,0,0,804.75,6.72421e+06
2020-06-01 12:00:00,ZoEaEvLYb1n2sOq,5586.38,547.487,3636.75,7.22628e+06
2020-05-30 00:45:00,wCURE6d3bPkepu2,0,0,0,6.89588e+06
2020-06-14 21:00:00,ZoEaEvLYb1n2sOq,0,0,7289,7.32305e+06
2020-05-15 21:15:00,uHbuxQJl8lW7ozc,0,0,6387,7.04507e+06
2020-06-07 14:45:00,uHbuxQJl8lW7ozc,5279,517.325,6598.12,7.21545e+06
2020-05-24 18:45:00,1IF53ai7Xc0U56Y,0,0,8273,6.25748e+06
2020-05-28 15:45:00,ZnxXDlPa8U1GXgE,6455.62,632.362,7853.12,6.62723e+06
2020-06-11 04:15:00,YxYtjZvoooNbGkE,0,0,0,7.37969e+06
2020-05-17 10:15:00,adLQvlD726eNBSB,10139.6,991.35,2167.88,6.28661e+06
2020-06-14 23:00:00,adLQvlD726eNBSB,0,0,7590,6.50509e+06
2020-06-02 10:00:00,ZnxXDlPa8U1GXgE,9536.12,932.612,1974.5,6.65742e+06
2020-06-03 00:30:00,1IF53ai7Xc0U56Y,0,0,0,6.32478e+06
2020-06-08 16:45:00,z9Y9gH1T5YWrNuG,4839.5,474.8,7508,7.19114e+06
2020-06-11 06:00:00,7JYdWkrLSPkdwr4,0,0,0,7.80109e+06
2020-06-07 11:15:00,iCRJl6heRkivqQ3,13688.6,1334.64,2752.14,7.35099e+06
2020-06-17 09:45:00,WRmjgnKYAwPKWDb,5762.12,564.675,1135.88,7.26871e+06
2020-06-13 02:15:00,zVJPv84UY57bAof,0,0,0,7.32855e+06
2020-05-21 16:30:00,wCURE6d3bPkepu2,4335,425.625,7610,6.83185e+06
2020-06-02 06:00:00,McdE0feGgRqW7Ca,93.5714,9.02857,0.428571,7.29275e+06
2020-06-08 00:15:00,YxYtjZvoooNbGkE,0,0,0,7.35697e+06
2020-06-16 17:00:00,adLQvlD726eNBSB,1957.25,191.85,6236.25,6.51824e+06
2020-06-14 22:30:00,adLQvlD726eNBSB,0,0,7590,6.50509e+06
2020-05-18 18:30:00,adLQvlD726eNBSB,9,0.875,5506,6.29782e+06
2020-05-17 04:00:00,ZoEaEvLYb1n2sOq,0,0,0,7.11074e+06
2020-06-17 02:45:00,bvBOhCH3iADSZry,0,0,0,6.53355e+06
2020-06-08 10:30:00,uHbuxQJl8lW7ozc,10175.5,993.513,2418,7.21957e+06
2020-06-15 06:15:00,wCURE6d3bPkepu2,462.125,44.7,6.75,7.0097e+06
2020-05-30 16:00:00,WRmjgnKYAwPKWDb,6517.14,638.443,6540.71,7.14744e+06
2020-05-31 17:45:00,3PZuoBAID5Wc2HD,1055,102.55,5779.75,7.11527e+06
2020-05-30 02:30:00,z9Y9gH1T5YWrNuG,0,0,0,7.12046e+06
2020-06-12 11:00:00,VHMLBKoKgIrUVDU,6290.88,616.325,1780.25,7.41679e+06
2020-05-20 20:00:00,McdE0feGgRqW7Ca,0,0,8964,7.20106e+06
2020-06-02 15:45:00,wCURE6d3bPkepu2,7654,749.013,6768,6.92211e+06
2020-05-26 18:00:00,iCRJl6heRkivqQ3,369.625,35.725,7860.62,7.26799e+06
2020-06-05 23:00:00,sjndEbLyjtCKgGv,0,0,7759,7.17928e+06
2020-05-22 06:00:00,1IF53ai7Xc0U56Y,236.125,22.8,1,6.23325e+06
2020-05-25 00:45:00,1BY6WEcLGh8j5v7,0,0,0,6.32794e+06
2020-05-15 11:15:00,rGa61gmuvPhdLxV,8062.62,788.237,2300.5,7.11379e+06
2020-05-22 22:30:00,z9Y9gH1T5YWrNuG,0,0,0,7.06422e+06
2020-05-27 18:00:00,ih0vzX44oOqAx2f,299.25,28.925,6557.5,6.27885e+06
2020-05-21 19:00:00,sjndEbLyjtCKgGv,0,0,7825,7.06589e+06
2020-05-20 03:45:00,1BY6WEcLGh8j5v7,0,0,0,6.2901e+06
2020-06-12 12:00:00,sjndEbLyjtCKgGv,10471.3,1023.1,2631,7.22388e+06
2020-06-01 11:00:00,ZnxXDlPa8U1GXgE,10288.2,1004.48,2787.38,6.65231e+06
2020-05-28 18:00:00,ih0vzX44oOqAx2f,473.75,45.8,8302,6.28716e+06
2020-05-24 14:00:00,z9Y9gH1T5YWrNuG,8905.5,870.05,5952.5,7.07871e+06
2020-05-22 23:00:00,bvBOhCH3iADSZry,0,0,6760,6.36891e+06
2020-06-01 23:00:00,pkci93gMrogZuBj,0,0,5509,7.3003e+06
2020-05-29 20:15:00,3PZuoBAID5Wc2HD,0,0,8210,7.10219e+06
2020-05-20 05:15:00,bvBOhCH3iADSZry,0,0,0,6.34691e+06
2020-06-14 15:00:00,wCURE6d3bPkepu2,8754.38,856.138,6131.38,7.0085e+06
2020-05-17 22:15:00,pkci93gMrogZuBj,0,0,7397,7.18905e+06
2020-06-15 17:45:00,zBIq5rxdHJRwDNY,1233.38,120.125,6663.75,6.5718e+06
2020-06-15 21:15:00,rGa61gmuvPhdLxV,0,0,6732,7.3447e+06
2020-05-25 00:00:00,ih0vzX44oOqAx2f,0,0,0,6.25649e+06
2020-06-10 23:00:00,VHMLBKoKgIrUVDU,0,0,6479,7.4093e+06
2020-06-02 17:45:00,7JYdWkrLSPkdwr4,593.375,57.4125,7239,7.74086e+06
2020-06-16 10:00:00,pkci93gMrogZuBj,11152.8,1089.17,1641,7.40486e+06
2020-06-04 13:15:00,adLQvlD726eNBSB,13240.6,1291.33,5059.43,6.42733e+06
2020-06-03 19:45:00,YxYtjZvoooNbGkE,0,0,7827,7.32676e+06
2020-06-06 16:00:00,adLQvlD726eNBSB,2700,264.8,6397,6.44482e+06
2020-06-09 09:30:00,1BY6WEcLGh8j5v7,6756.29,661.043,1352.43,6.43297e+06
2020-05-28 10:45:00,7JYdWkrLSPkdwr4,8776,857.243,2735.14,7.70129e+06
2020-05-29 10:45:00,uHbuxQJl8lW7ozc,11457.2,1118.3,2475.12,7.14611e+06
2020-05-26 21:45:00,1IF53ai7Xc0U56Y,0,0,0,6.27464e+06
2020-06-01 18:45:00,z9Y9gH1T5YWrNuG,0,0,5931,7.13983e+06
2020-05-23 04:30:00,adLQvlD726eNBSB,0,0,0,6.32895e+06
2020-05-15 07:00:00,sjndEbLyjtCKgGv,1877.12,184.012,78.125,7.01691e+06
2020-06-02 16:30:00,pkci93gMrogZuBj,4683.57,459.529,7052.86,7.30735e+06
2020-05-22 23:15:00,zBIq5rxdHJRwDNY,0,0,0,6.39581e+06
2020-05-22 22:30:00,sjndEbLyjtCKgGv,0,0,0,7.07296e+06
2020-05-28 00:00:00,1BY6WEcLGh8j5v7,0,0,880.571,6.34983e+06
2020-06-13 01:00:00,ih0vzX44oOqAx2f,0,0,0,6.39226e+06
2020-06-12 12:00:00,VHMLBKoKgIrUVDU,10274,1003.86,2691.25,7.4177e+06
2020-05-30 16:45:00,zBIq5rxdHJRwDNY,4339.29,426.014,7091.71,6.457e+06
2020-06-07 19:45:00,bvBOhCH3iADSZry,0,0,5169,6.47829e+06
2020-05-20 01:30:00,McdE0feGgRqW7Ca,0,0,0,7.1921e+06
2020-06-05 03:15:00,3PZuoBAID5Wc2HD,0,0,0,7.1447e+06
2020-06-02 22:30:00,iCRJl6heRkivqQ3,0,0,7465,7.31781e+06
2020-05-28 20:30:00,1IF53ai7Xc0U56Y,0,0,8496,6.28996e+06
2020-06-03 23:30:00,ZoEaEvLYb1n2sOq,0,0,7774,7.2435e+06
2020-05-31 15:30:00,sjndEbLyjtCKgGv,3313.14,325.514,5480.29,7.14174e+06
2020-05-18 18:00:00,wCURE6d3bPkepu2,435.625,42.1125,5384.38,6.80838e+06
2020-06-07 12:45:00,adLQvlD726eNBSB,13412.4,1307.7,4728.71,6.44976e+06
2020-06-07 22:45:00,7JYdWkrLSPkdwr4,0,0,8053,7.77851e+06
2020-05-25 03:00:00,zBIq5rxdHJRwDNY,0,0,0,6.41176e+06
2020-06-08 01:00:00,z9Y9gH1T5YWrNuG,0,0,0,7.18363e+06
2020-05-17 12:45:00,zVJPv84UY57bAof,9179.25,897.15,4575.88,7.13311e+06
2020-06-04 08:15:00,VHMLBKoKgIrUVDU,5986.12,586.6,515.5,7.35618e+06
2020-05-25 01:00:00,uHbuxQJl8lW7ozc,0,0,0,7.11185e+06
2020-05-17 21:15:00,ih0vzX44oOqAx2f,0,0,7391,6.2052e+06
2020-05-30 06:30:00,ih0vzX44oOqAx2f,703.875,68.225,17.125,6.29514e+06
2020-06-07 22:30:00,pkci93gMrogZuBj,0,0,8214,7.34613e+06
2020-05-16 14:00:00,wCURE6d3bPkepu2,6527,639.3,4941.29,6.79387e+06
2020-06-16 20:45:00,rGa61gmuvPhdLxV,0,0,6243,7.35095e+06
2020-05-28 18:30:00,bvBOhCH3iADSZry,54.8571,5.3,7751.57,6.41358e+06
2020-05-26 13:45:00,sjndEbLyjtCKgGv,11891,1159.83,5744.29,7.10386e+06
2020-05-19 13:00:00,VHMLBKoKgIrUVDU,10151.1,991.371,3986.86,7.23654e+06
2020-05-22 19:30:00,WRmjgnKYAwPKWDb,0,0,7237,7.0846e+06
2020-06-06 22:15:00,1IF53ai7Xc0U56Y,0,0,6542,6.3551e+06
2020-06-15 22:00:00,ZoEaEvLYb1n2sOq,0,0,6639,7.32969e+06
2020-06-14 14:45:00,iCRJl6heRkivqQ3,6613.75,647.837,6009.5,7.40586e+06
2020-05-22 21:45:00,ZoEaEvLYb1n2sOq,0,0,0,7.15371e+06
2020-06-03 15:00:00,wCURE6d3bPkepu2,11943.1,1165.59,6434,6.9293e+06
2020-05-19 03:45:00,iCRJl6heRkivqQ3,0,0,0,7.20377e+06
2020-05-27 18:00:00,ZnxXDlPa8U1GXgE,302,29.15,6720.5,6.61937e+06
2020-06-07 14:45:00,zVJPv84UY57bAof,5207.14,510.2,6586.14,7.29212e+06
2020-05-18 09:45:00,uHbuxQJl8lW7ozc,1518.62,148.363,592,7.05938e+06
2020-06-09 14:45:00,adLQvlD726eNBSB,7879.29,771.057,6579,6.46858e+06
2020-05-26 22:15:00,McdE0feGgRqW7Ca,0,0,0,7.24956e+06
2020-05-22 10:45:00,3PZuoBAID5Wc2HD,7525.25,736.525,2067.12,7.03937e+06
2020-05-29 09:30:00,pkci93gMrogZuBj,6803.14,666.2,1222.57,7.27448e+06
2020-06-04 11:30:00,YxYtjZvoooNbGkE,9178.57,897.443,3038.71,7.32979e+06
2020-06-12 11:30:00,adLQvlD726eNBSB,9868.88,965.013,2238.5,6.48497e+06
2020-05-31 07:45:00,bvBOhCH3iADSZry,2124.62,208.275,182.5,6.42786e+06
2020-05-31 10:00:00,WRmjgnKYAwPKWDb,6862.29,671.643,1306,7.14934e+06
2020-06-09 06:30:00,z9Y9gH1T5YWrNuG,738.375,71.5625,22.25,7.19145e+06
2020-05-25 04:30:00,ih0vzX44oOqAx2f,0,0,0,6.25649e+06
2020-06-08 04:15:00,pkci93gMrogZuBj,0,0,0,7.34613e+06
2020-05-19 06:15:00,7JYdWkrLSPkdwr4,91.625,8.825,1,7.62837e+06
2020-06-02 06:15:00,ZnxXDlPa8U1GXgE,404.125,39.075,6.375,6.65545e+06
2020-06-03 02:15:00,z9Y9gH1T5YWrNuG,0,0,0,7.14727e+06
2020-06-04 11:45:00,YxYtjZvoooNbGkE,10763.5,1050.85,3284.88,7.33004e+06
2020-06-03 04:45:00,WRmjgnKYAwPKWDb,0,0,0,7.16692e+06
2020-06-15 03:15:00,McdE0feGgRqW7Ca,0,0,0,7.38936e+06
2020-06-07 08:15:00,iCRJl6heRkivqQ3,3579.38,351.863,395.625,7.34863e+06
2020-05-15 07:15:00,adLQvlD726eNBSB,2143.71,210.171,134.143,6.27149e+06
2020-05-22 21:15:00,wCURE6d3bPkepu2,0,0,0,6.83922e+06
2020-05-30 22:15:00,ZoEaEvLYb1n2sOq,0,0,7248,7.21685e+06
2020-06-08 06:15:00,1BY6WEcLGh8j5v7,427.286,41.2857,6.42857,6.42376e+06
2020-05-20 09:30:00,YxYtjZvoooNbGkE,8679.88,849.3,1439,7.21392e+06
2020-06-04 09:30:00,adLQvlD726eNBSB,7400.43,723.943,1364.43,6.42363e+06
2020-06-13 07:15:00,zVJPv84UY57bAof,2566.14,251.657,119.571,7.32867e+06
2020-05-25 01:15:00,7JYdWkrLSPkdwr4,0,0,0,7.67524e+06
2020-05-26 23:15:00,pkci93gMrogZuBj,0,0,0,7.25829e+06
2020-06-07 18:15:00,ih0vzX44oOqAx2f,303.25,29.2875,8015,6.35869e+06
2020-05-27 10:45:00,7JYdWkrLSPkdwr4,7683.29,751.643,2376,7.69429e+06
2020-06-05 04:30:00,7JYdWkrLSPkdwr4,0,0,0,7.75662e+06
2020-06-12 05:00:00,adLQvlD726eNBSB,0,0,0,6.48273e+06
2020-05-16 23:45:00,WRmjgnKYAwPKWDb,0,0,6615,7.04143e+06
2020-05-16 19:30:00,adLQvlD726eNBSB,0,0,6705,6.28444e+06
2020-05-24 20:45:00,VHMLBKoKgIrUVDU,0,0,8180,7.28051e+06
2020-05-17 07:15:00,3PZuoBAID5Wc2HD,2782,272.914,105.714,7.00079e+06
2020-05-25 00:30:00,YxYtjZvoooNbGkE,0,0,0,7.25265e+06
2020-05-15 18:00:00,iCRJl6heRkivqQ3,296,28.5857,6412.29,7.1844e+06
2020-05-31 16:00:00,ZoEaEvLYb1n2sOq,2985.86,293.129,5447.71,7.2223e+06
2020-06-08 20:15:00,z9Y9gH1T5YWrNuG,0,0,7793,7.19142e+06
2020-05-16 14:15:00,1IF53ai7Xc0U56Y,8922.71,872.914,5143.71,6.19515e+06
2020-06-03 07:30:00,ZnxXDlPa8U1GXgE,2824.71,277.057,170.429,6.66314e+06
2020-05-18 18:15:00,z9Y9gH1T5YWrNuG,184.143,17.7571,5345.57,7.03357e+06
2020-05-26 17:45:00,rGa61gmuvPhdLxV,495.571,47.9429,7751,7.19985e+06
2020-05-15 02:45:00,z9Y9gH1T5YWrNuG,0,0,0,7.00787e+06
2020-06-11 17:00:00,7JYdWkrLSPkdwr4,2355.75,230.988,5415.88,7.80651e+06
2020-05-20 20:15:00,WRmjgnKYAwPKWDb,0,0,8793,7.06972e+06
2020-05-31 12:45:00,1IF53ai7Xc0U56Y,13485.1,1314.79,3817.29,6.30936e+06
2020-05-16 14:30:00,McdE0feGgRqW7Ca,7618.14,745.814,5334.14,7.17077e+06
2020-06-12 07:15:00,1IF53ai7Xc0U56Y,1073.88,104.4,66.875,6.39239e+06
2020-06-04 08:45:00,sjndEbLyjtCKgGv,5137.86,503.5,752,7.16404e+06
2020-06-03 09:45:00,3PZuoBAID5Wc2HD,6039.14,591.743,1284.86,7.1299e+06
2020-05-22 05:45:00,ih0vzX44oOqAx2f,0,0,0,6.23354e+06
2020-06-10 23:15:00,ZoEaEvLYb1n2sOq,0,0,6392,7.29607e+06
2020-05-18 07:30:00,sjndEbLyjtCKgGv,3421.86,336.157,208.714,7.03726e+06
2020-06-15 19:30:00,YxYtjZvoooNbGkE,0,0,6633,7.41334e+06
2020-05-31 22:00:00,zVJPv84UY57bAof,0,0,6047,7.24202e+06
2020-05-22 01:45:00,wCURE6d3bPkepu2,0,0,0,6.83206e+06
2020-05-22 14:45:00,WRmjgnKYAwPKWDb,10018.3,979.557,6141.71,7.0835e+06
2020-05-17 02:30:00,zVJPv84UY57bAof,0,0,0,7.12854e+06
2020-06-05 10:00:00,McdE0feGgRqW7Ca,10704.8,1045.22,1721.25,7.31848e+06
2020-05-29 12:45:00,ZnxXDlPa8U1GXgE,12588.7,1227.4,4624.14,6.63254e+06
2020-05-31 00:15:00,VHMLBKoKgIrUVDU,0,0,0,7.32833e+06
2020-06-01 19:00:00,ih0vzX44oOqAx2f,0,0,5751,6.31398e+06
2020-05-26 03:00:00,WRmjgnKYAwPKWDb,0,0,0,7.11e+06
2020-06-03 10:00:00,sjndEbLyjtCKgGv,5941.43,582.186,1402.14,7.15685e+06
2020-06-01 05:15:00,sjndEbLyjtCKgGv,0,0,0,7.14224e+06
2020-05-23 19:45:00,1BY6WEcLGh8j5v7,0,0,7966,6.3204e+06
2020-06-01 22:45:00,bvBOhCH3iADSZry,0,0,5378,6.43864e+06
2020-06-11 09:15:00,YxYtjZvoooNbGkE,4153.86,408.057,590.143,7.38028e+06
2020-05-15 19:15:00,uHbuxQJl8lW7ozc,0,0,6387,7.04507e+06
2020-06-03 05:00:00,uHbuxQJl8lW7ozc,0,0,0,7.1784e+06
2020-05-18 11:15:00,McdE0feGgRqW7Ca,7190.71,704.129,1187.29,7.18081e+06
2020-05-18 04:00:00,pkci93gMrogZuBj,0,0,0,7.18905e+06
2020-06-12 14:00:00,adLQvlD726eNBSB,9124.25,892.525,4377,6.48711e+06
2020-06-17 09:30:00,3PZuoBAID5Wc2HD,6956.29,681.229,1003.86,7.23238e+06
2020-05-21 17:30:00,YxYtjZvoooNbGkE,592.857,57.3857,7711,7.229e+06
2020-05-23 04:00:00,sjndEbLyjtCKgGv,0,0,0,7.07296e+06
2020-06-13 10:30:00,WRmjgnKYAwPKWDb,11378.1,1110.61,2520,7.2413e+06
2020-05-30 13:30:00,rGa61gmuvPhdLxV,10709.5,1046.04,4208.38,7.22728e+06
2020-06-17 19:00:00,iCRJl6heRkivqQ3,0,0,5957,7.42626e+06
2020-06-16 04:00:00,sjndEbLyjtCKgGv,0,0,0,7.24954e+06
2020-06-10 15:00:00,zBIq5rxdHJRwDNY,2128.43,208.543,5581.86,6.53699e+06
2020-06-05 06:15:00,YxYtjZvoooNbGkE,303.125,29.3,4.5,7.33489e+06
2020-06-02 06:30:00,pkci93gMrogZuBj,484.143,46.8286,17.2857,7.30032e+06
2020-05-19 05:45:00,rGa61gmuvPhdLxV,0,0,0,7.1369e+06
2020-05-25 01:45:00,YxYtjZvoooNbGkE,0,0,0,7.25265e+06
2020-06-15 14:30:00,McdE0feGgRqW7Ca,10688.6,1043.56,5463.57,7.39482e+06
2020-05-29 08:15:00,sjndEbLyjtCKgGv,4206.14,413.186,416.286,7.12132e+06
2020-06-04 16:00:00,ih0vzX44oOqAx2f,7701.86,754.014,7162.14,6.33617e+06
2020-05-29 17:45:00,bvBOhCH3iADSZry,853.75,82.8625,7415.25,6.421e+06
2020-05-26 09:30:00,bvBOhCH3iADSZry,8783.14,859.357,1400.14,6.39374e+06
2020-06-16 16:30:00,iCRJl6heRkivqQ3,2756.38,270.337,6035.38,7.42004e+06
2020-06-04 07:30:00,WRmjgnKYAwPKWDb,2617.71,257.043,206.857,7.17483e+06
2020-05-19 17:45:00,pkci93gMrogZuBj,547.857,53.0857,6933.71,7.20134e+06
2020-06-17 09:15:00,ZnxXDlPa8U1GXgE,5389,528.225,825.125,6.76563e+06
2020-06-14 23:15:00,1IF53ai7Xc0U56Y,0,0,7487,6.41437e+06
2020-06-15 22:00:00,rGa61gmuvPhdLxV,0,0,6732,7.3447e+06
2020-06-16 06:30:00,McdE0feGgRqW7Ca,706.75,68.4875,12.625,7.39624e+06
2020-05-29 14:00:00,1BY6WEcLGh8j5v7,6237.5,611.075,5559.88,6.36337e+06
2020-05-16 21:45:00,zVJPv84UY57bAof,0,0,6419,7.12854e+06
2020-05-29 11:15:00,ZnxXDlPa8U1GXgE,11007.7,1074.46,2994.57,6.63091e+06
2020-06-17 00:30:00,wCURE6d3bPkepu2,0,0,0,7.02272e+06
2020-05-25 12:15:00,adLQvlD726eNBSB,13060.7,1273.43,4759.57,6.35089e+06
2020-05-31 08:00:00,VHMLBKoKgIrUVDU,2670.29,261.986,257,7.32859e+06
2020-05-22 17:30:00,z9Y9gH1T5YWrNuG,820.143,79.5714,7038.86,7.06419e+06
2020-06-03 15:00:00,WRmjgnKYAwPKWDb,11666.9,1139.04,6368.14,7.17329e+06
2020-05-29 09:45:00,7JYdWkrLSPkdwr4,8444.43,825.857,1370.71,7.7082e+06
2020-06-11 11:45:00,WRmjgnKYAwPKWDb,8361,818.243,2070.43,7.22944e+06
2020-06-02 20:30:00,adLQvlD726eNBSB,0,0,0,6.41428e+06
2020-05-19 04:15:00,wCURE6d3bPkepu2,0,0,0,6.80839e+06
2020-05-15 03:00:00,zVJPv84UY57bAof,0,0,0,7.11615e+06
2020-05-18 14:30:00,VHMLBKoKgIrUVDU,6729.14,659.1,3899.29,7.231e+06
2020-05-28 01:00:00,uHbuxQJl8lW7ozc,0,0,0,7.13526e+06
2020-05-19 17:30:00,pkci93gMrogZuBj,1283.38,124.838,6909.75,7.20132e+06
2020-06-16 10:30:00,7JYdWkrLSPkdwr4,8340.71,816.229,2136.29,7.83694e+06
2020-06-17 02:00:00,pkci93gMrogZuBj,0,0,0,7.40948e+06
2020-06-08 00:30:00,pkci93gMrogZuBj,0,0,0,7.34613e+06
2020-05-25 15:00:00,uHbuxQJl8lW7ozc,10402.3,1016.9,7608.14,7.11946e+06
2020-06-05 22:00:00,McdE0feGgRqW7Ca,0,0,7920,7.32468e+06
2020-05-18 21:15:00,zVJPv84UY57bAof,0,0,5390,7.1414e+06
2020-06-15 19:00:00,z9Y9gH1T5YWrNuG,0,0,6716,7.23918e+06
2020-06-12 01:15:00,pkci93gMrogZuBj,0,0,0,7.37496e+06
2020-06-17 01:15:00,uHbuxQJl8lW7ozc,0,0,0,7.28104e+06
2020-06-10 08:00:00,uHbuxQJl8lW7ozc,4238.75,415.988,416.125,7.23428e+06
2020-06-14 16:30:00,WRmjgnKYAwPKWDb,2845.43,279.343,7175.71,7.25435e+06
2020-06-03 08:45:00,YxYtjZvoooNbGkE,5077.62,497.775,663.875,7.31959e+06
2020-05-24 14:15:00,pkci93gMrogZuBj,11396.4,1112.86,6148.14,7.23982e+06
2020-06-08 20:15:00,7JYdWkrLSPkdwr4,0,0,8283,7.78679e+06
2020-06-16 01:30:00,wCURE6d3bPkepu2,0,0,0,7.01644e+06
2020-05-25 02:30:00,ZnxXDlPa8U1GXgE,0,0,0,6.59576e+06
2020-06-17 12:15:00,YxYtjZvoooNbGkE,13839.9,1349.4,3128.57,7.42268e+06
2020-05-18 10:00:00,sjndEbLyjtCKgGv,1747.62,171.275,626.25,7.03768e+06
2020-05-23 12:15:00,ZoEaEvLYb1n2sOq,13291.4,1296.24,4278.25,7.15799e+06
2020-06-03 19:30:00,7JYdWkrLSPkdwr4,0,0,7749,7.74862e+06
2020-06-15 19:30:00,McdE0feGgRqW7Ca,0,0,6872,7.39623e+06
2020-05-25 06:00:00,WRmjgnKYAwPKWDb,0,0,0,7.10112e+06
2020-05-20 02:45:00,rGa61gmuvPhdLxV,0,0,0,7.14381e+06
2020-05-19 07:30:00,sjndEbLyjtCKgGv,2739.71,268.814,177,7.04258e+06
2020-06-11 05:15:00,7JYdWkrLSPkdwr4,0,0,0,7.80109e+06
2020-06-04 02:00:00,zVJPv84UY57bAof,0,0,0,7.26305e+06
2020-06-08 01:00:00,pkci93gMrogZuBj,0,0,0,7.34613e+06
2020-06-13 00:30:00,YxYtjZvoooNbGkE,0,0,0,7.39106e+06
2020-05-21 16:15:00,WRmjgnKYAwPKWDb,3283.86,322.743,7351.86,7.07708e+06
2020-05-16 04:30:00,ZnxXDlPa8U1GXgE,0,0,0,6.52848e+06
2020-05-22 06:30:00,VHMLBKoKgIrUVDU,910.143,88.4,27.8571,7.25639e+06
2020-05-20 03:30:00,bvBOhCH3iADSZry,0,0,0,6.34691e+06
2020-05-18 16:45:00,YxYtjZvoooNbGkE,2920.25,286.6,5178.75,7.20541e+06
2020-06-11 16:45:00,1IF53ai7Xc0U56Y,3247.29,319.3,5472.14,6.39209e+06
2020-05-28 19:15:00,VHMLBKoKgIrUVDU,0,0,8509,7.31289e+06
2020-06-01 04:00:00,ZnxXDlPa8U1GXgE,0,0,0,6.64952e+06
2020-06-15 02:00:00,z9Y9gH1T5YWrNuG,0,0,0,7.23247e+06
2020-05-26 09:30:00,uHbuxQJl8lW7ozc,9461,925.371,1477.57,7.12217e+06
2020-06-07 03:45:00,bvBOhCH3iADSZry,0,0,0,6.47312e+06
2020-05-18 23:15:00,uHbuxQJl8lW7ozc,0,0,5408,7.0642e+06
2020-05-23 07:30:00,iCRJl6heRkivqQ3,3199.38,314.413,142.375,7.23474e+06
2020-06-01 21:45:00,YxYtjZvoooNbGkE,0,0,5777,7.31152e+06
2020-05-28 03:30:00,1BY6WEcLGh8j5v7,0,0,0,6.34983e+06
2020-06-04 04:45:00,adLQvlD726eNBSB,0,0,0,6.42227e+06
2020-06-06 03:30:00,VHMLBKoKgIrUVDU,0,0,0,7.37155e+06
2020-06-08 00:30:00,7JYdWkrLSPkdwr4,0,0,0,7.77851e+06
2020-05-17 03:45:00,pkci93gMrogZuBj,0,0,0,7.18165e+06
2020-06-09 00:30:00,3PZuoBAID5Wc2HD,0,0,0,7.17573e+06
2020-06-05 04:00:00,wCURE6d3bPkepu2,0,0,0,6.93902e+06
2020-05-24 16:30:00,adLQvlD726eNBSB,3575,350.486,8002.29,6.34574e+06
2020-06-12 21:30:00,WRmjgnKYAwPKWDb,0,0,5794,7.23878e+06
2020-06-02 03:30:00,ZnxXDlPa8U1GXgE,0,0,0,6.65544e+06
2020-05-23 00:15:00,VHMLBKoKgIrUVDU,0,0,0,7.26372e+06
2020-05-25 01:00:00,WRmjgnKYAwPKWDb,0,0,0,7.10112e+06
2020-06-07 22:45:00,zBIq5rxdHJRwDNY,0,0,8183,6.51491e+06
2020-06-12 07:00:00,YxYtjZvoooNbGkE,927.857,90.1143,41,7.38532e+06
2020-06-03 10:45:00,zVJPv84UY57bAof,10649.5,1040.47,1967.5,7.25718e+06
2020-06-17 10:15:00,3PZuoBAID5Wc2HD,6952.25,680.875,1466.25,7.23284e+06
2020-05-25 23:45:00,ZnxXDlPa8U1GXgE,0,0,8910,6.60467e+06
2020-06-16 01:00:00,VHMLBKoKgIrUVDU,0,0,0,7.44387e+06
2020-06-12 14:30:00,pkci93gMrogZuBj,6400.12,626.987,4613.62,7.37957e+06
2020-06-05 16:45:00,3PZuoBAID5Wc2HD,4409.14,432.871,7365,7.15207e+06
2020-05-18 02:15:00,WRmjgnKYAwPKWDb,0,0,0,7.0491e+06
2020-06-01 12:45:00,VHMLBKoKgIrUVDU,3840.25,377.312,4229.88,7.33863e+06
2020-06-02 21:00:00,iCRJl6heRkivqQ3,0,0,7465,7.31781e+06
2020-06-11 18:00:00,McdE0feGgRqW7Ca,653.143,63.2571,5733.86,7.36736e+06
2020-05-19 23:00:00,rGa61gmuvPhdLxV,0,0,6910,7.14381e+06
2020-05-17 08:30:00,zVJPv84UY57bAof,5579.88,546.925,597.875,7.12913e+06
2020-06-07 06:30:00,wCURE6d3bPkepu2,789.571,76.5714,19.1429,6.95311e+06
2020-05-26 07:30:00,1BY6WEcLGh8j5v7,3162.29,310.743,197.429,6.33641e+06
2020-06-02 17:15:00,bvBOhCH3iADSZry,1436.14,140.143,6774.86,6.44542e+06
2020-06-07 10:30:00,adLQvlD726eNBSB,10408.9,1016.64,1922.5,6.44695e+06
2020-06-09 03:30:00,bvBOhCH3iADSZry,0,0,0,6.48599e+06
2020-05-31 04:45:00,iCRJl6heRkivqQ3,0,0,0,7.2986e+06
2020-05-22 22:15:00,uHbuxQJl8lW7ozc,0,0,0,7.09525e+06
2020-06-03 19:45:00,zVJPv84UY57bAof,0,0,7836,7.26305e+06
2020-05-26 03:30:00,rGa61gmuvPhdLxV,0,0,0,7.1921e+06
2020-05-26 23:15:00,adLQvlD726eNBSB,0,0,0,6.36352e+06
2020-06-06 23:45:00,WRmjgnKYAwPKWDb,0,0,6341,7.19661e+06
2020-06-15 09:00:00,VHMLBKoKgIrUVDU,8696.75,850.862,1138.5,7.43819e+06
2020-06-02 09:30:00,7JYdWkrLSPkdwr4,9606.12,938.35,1343.75,7.73497e+06
2020-05-25 00:15:00,rGa61gmuvPhdLxV,0,0,0,7.1833e+06
2020-06-04 14:30:00,sjndEbLyjtCKgGv,6992.62,684.737,6008.88,7.1693e+06
2020-06-07 14:15:00,ZnxXDlPa8U1GXgE,10298.1,1005.33,6204,6.69926e+06
2020-06-04 22:15:00,ZoEaEvLYb1n2sOq,0,0,0,7.25154e+06
2020-05-19 15:45:00,wCURE6d3bPkepu2,5435.43,532.8,6226.57,6.81462e+06
2020-05-25 14:45:00,uHbuxQJl8lW7ozc,10662.6,1042.23,7368.57,7.11922e+06
2020-05-28 05:45:00,sjndEbLyjtCKgGv,0,0,0,7.11256e+06
2020-06-14 13:45:00,pkci93gMrogZuBj,11443.6,1117.03,4874.14,7.39404e+06
2020-05-29 07:30:00,WRmjgnKYAwPKWDb,2235.62,219.188,192,7.13305e+06
2020-06-13 09:30:00,adLQvlD726eNBSB,9454.57,924.271,1626.43,6.49035e+06
2020-05-31 01:45:00,ih0vzX44oOqAx2f,0,0,0,6.30227e+06
2020-06-06 21:00:00,rGa61gmuvPhdLxV,0,0,0,7.2795e+06
2020-06-15 20:00:00,zVJPv84UY57bAof,0,0,6820,7.3511e+06
2020-05-20 13:00:00,bvBOhCH3iADSZry,11152.1,1088.96,5000.43,6.35191e+06
2020-05-20 02:15:00,uHbuxQJl8lW7ozc,0,0,0,7.0712e+06
2020-05-25 17:45:00,zBIq5rxdHJRwDNY,468.75,45.3375,8420.5,6.42018e+06
2020-05-22 09:45:00,ih0vzX44oOqAx2f,4883,479.057,1269.43,6.23481e+06
2020-06-08 22:15:00,YxYtjZvoooNbGkE,0,0,8343,7.36531e+06
2020-05-24 12:30:00,zBIq5rxdHJRwDNY,10352.9,1011.71,3962.57,6.40844e+06
2020-06-17 04:30:00,sjndEbLyjtCKgGv,0,0,0,7.25579e+06
2020-06-15 04:00:00,McdE0feGgRqW7Ca,0,0,0,7.38936e+06
2020-05-29 21:00:00,z9Y9gH1T5YWrNuG,0,0,0,7.12046e+06
2020-05-21 16:30:00,7JYdWkrLSPkdwr4,4258,418.087,7462.62,7.65144e+06
2020-06-11 11:15:00,7JYdWkrLSPkdwr4,7712.62,755.05,1681.38,7.80277e+06
2020-05-22 16:30:00,zBIq5rxdHJRwDNY,2253.38,220.925,7021,6.39562e+06
2020-06-13 21:15:00,McdE0feGgRqW7Ca,0,0,8595,7.38192e+06
2020-06-10 01:45:00,sjndEbLyjtCKgGv,0,0,0,7.2091e+06
2020-06-02 22:15:00,7JYdWkrLSPkdwr4,0,0,0,7.74087e+06
2020-05-22 04:00:00,McdE0feGgRqW7Ca,0,0,0,7.20906e+06
2020-06-10 22:30:00,1BY6WEcLGh8j5v7,0,0,5911,6.44498e+06
2020-06-01 08:45:00,1IF53ai7Xc0U56Y,7278.29,712.643,987.857,6.31242e+06
2020-06-10 11:45:00,pkci93gMrogZuBj,10476.4,1022.95,2743.25,7.36546e+06
2020-05-26 01:45:00,3PZuoBAID5Wc2HD,0,0,0,7.07064e+06
2020-05-19 02:00:00,ZoEaEvLYb1n2sOq,0,0,0,7.12353e+06
2020-05-18 15:00:00,ZoEaEvLYb1n2sOq,7831.86,766.643,4108.71,7.12232e+06
2020-06-02 09:45:00,bvBOhCH3iADSZry,9331.71,912.714,1543.57,6.44019e+06
2020-05-28 01:45:00,ZnxXDlPa8U1GXgE,0,0,0,6.61938e+06
2020-05-30 20:30:00,zBIq5rxdHJRwDNY,0,0,7396,6.4573e+06
2020-05-23 21:30:00,WRmjgnKYAwPKWDb,0,0,8431,7.09303e+06
2020-05-26 07:45:00,zBIq5rxdHJRwDNY,3902.14,383.443,277.143,6.42048e+06
2020-05-19 06:15:00,zBIq5rxdHJRwDNY,103.714,9.98571,0.714286,6.36505e+06
2020-05-27 16:45:00,zVJPv84UY57bAof,3367.5,330.275,6507.62,7.21189e+06
2020-06-03 07:15:00,ih0vzX44oOqAx2f,2185.88,214.3,104.25,6.32142e+06
2020-05-21 20:15:00,ih0vzX44oOqAx2f,0,0,0,6.23354e+06
2020-06-11 09:30:00,sjndEbLyjtCKgGv,4473.71,439.257,701.143,7.2163e+06
2020-06-12 13:00:00,sjndEbLyjtCKgGv,8040,786.943,3403.29,7.22466e+06
2020-06-12 21:45:00,z9Y9gH1T5YWrNuG,0,0,5803,7.21687e+06
2020-05-17 13:30:00,YxYtjZvoooNbGkE,9824.29,959.486,5152.86,7.19788e+06
2020-05-24 14:15:00,YxYtjZvoooNbGkE,11191.4,1092.81,6247.29,7.25093e+06
2020-06-04 09:15:00,wCURE6d3bPkepu2,6655.5,651.825,1095.12,6.93187e+06
2020-05-24 12:15:00,1IF53ai7Xc0U56Y,12893.6,1257.14,4201.29,6.25341e+06
2020-05-23 14:45:00,3PZuoBAID5Wc2HD,7104.88,695.763,7019.25,7.05164e+06
2020-05-15 22:30:00,ZoEaEvLYb1n2sOq,0,0,6261,7.10436e+06
2020-05-26 22:15:00,1IF53ai7Xc0U56Y,0,0,0,6.27464e+06
2020-05-25 09:15:00,3PZuoBAID5Wc2HD,9388,918.237,1281.38,7.06285e+06
2020-05-20 03:30:00,pkci93gMrogZuBj,0,0,0,7.20135e+06
2020-06-09 05:30:00,VHMLBKoKgIrUVDU,0,0,0,7.3947e+06
2020-05-20 08:15:00,7JYdWkrLSPkdwr4,5979.43,585.9,552.286,7.63576e+06
2020-06-14 09:30:00,WRmjgnKYAwPKWDb,8281,810.429,1279.86,7.24846e+06
2020-05-27 16:00:00,McdE0feGgRqW7Ca,6741.43,660.257,6249.57,7.25581e+06
2020-06-03 23:15:00,zBIq5rxdHJRwDNY,0,0,7888,6.48434e+06
2020-05-17 14:30:00,wCURE6d3bPkepu2,3150.57,309.343,5950.71,6.80142e+06
2020-05-18 17:45:00,1IF53ai7Xc0U56Y,744.286,72.1857,5430.14,6.20978e+06
2020-06-05 12:15:00,wCURE6d3bPkepu2,4703.75,461.575,3755.38,6.94278e+06
2020-06-03 23:30:00,3PZuoBAID5Wc2HD,0,0,7874,7.13649e+06
2020-05-22 08:30:00,pkci93gMrogZuBj,2601.5,255.113,664.25,7.21864e+06
2020-06-17 17:15:00,VHMLBKoKgIrUVDU,1576.25,154.188,5905.12,7.45611e+06
2020-06-02 14:45:00,rGa61gmuvPhdLxV,8304.71,811.814,6043.57,7.24801e+06
2020-06-09 04:15:00,YxYtjZvoooNbGkE,0,0,0,7.36531e+06
2020-05-26 10:30:00,pkci93gMrogZuBj,11909.6,1161.97,2455,7.25297e+06
2020-06-07 09:00:00,wCURE6d3bPkepu2,9500.62,929.163,753.25,6.95385e+06
2020-05-29 20:30:00,ZoEaEvLYb1n2sOq,0,0,0,7.2096e+06
2020-06-11 06:45:00,VHMLBKoKgIrUVDU,537.571,52.0286,19,7.40931e+06
2020-06-11 18:30:00,zBIq5rxdHJRwDNY,58.125,5.625,5647,6.54355e+06
2020-05-25 18:45:00,adLQvlD726eNBSB,0,0,9163,6.35529e+06
2020-05-17 21:15:00,VHMLBKoKgIrUVDU,0,0,7717,7.2271e+06
2020-05-15 15:15:00,1BY6WEcLGh8j5v7,6339.38,620.987,4840.25,6.2644e+06
2020-06-13 01:45:00,ZnxXDlPa8U1GXgE,0,0,0,6.73578e+06
2020-05-17 05:45:00,uHbuxQJl8lW7ozc,0,0,0,7.05134e+06
2020-05-26 13:45:00,ZoEaEvLYb1n2sOq,12482.7,1217.07,5726.57,7.18464e+06
2020-06-09 21:00:00,3PZuoBAID5Wc2HD,0,0,8186,7.18392e+06
2020-05-29 21:15:00,YxYtjZvoooNbGkE,0,0,0,7.2925e+06
2020-06-02 07:45:00,zBIq5rxdHJRwDNY,2358.88,231.312,202.625,6.46924e+06
2020-06-08 10:30:00,1IF53ai7Xc0U56Y,12612.9,1230.12,2534.5,6.36587e+06
2020-06-13 07:45:00,McdE0feGgRqW7Ca,4305.75,422.812,291.25,7.37362e+06
2020-05-27 10:00:00,VHMLBKoKgIrUVDU,9481,926.625,1972.5,7.29959e+06
2020-06-02 00:00:00,bvBOhCH3iADSZry,0,0,0,6.43864e+06
2020-06-14 20:45:00,McdE0feGgRqW7Ca,0,0,7435,7.38936e+06
2020-05-22 12:45:00,ZoEaEvLYb1n2sOq,11215.6,1094.37,3952.86,7.15064e+06
2020-05-19 01:45:00,McdE0feGgRqW7Ca,0,0,0,7.18509e+06
2020-05-24 21:15:00,1IF53ai7Xc0U56Y,0,0,8273,6.25748e+06
2020-05-25 12:00:00,ZoEaEvLYb1n2sOq,12445.9,1213.46,4158,7.17433e+06
2020-05-20 00:45:00,zVJPv84UY57bAof,0,0,0,7.14834e+06
2020-06-04 20:30:00,bvBOhCH3iADSZry,0,0,7462,6.46019e+06
2020-05-25 06:00:00,uHbuxQJl8lW7ozc,0,0,0,7.11185e+06
2020-06-16 02:30:00,YxYtjZvoooNbGkE,0,0,0,7.41334e+06
2020-05-18 05:15:00,WRmjgnKYAwPKWDb,0,0,0,7.0491e+06
2020-06-08 15:30:00,ZoEaEvLYb1n2sOq,7145.38,699.425,7304.88,7.28076e+06
2020-05-22 08:15:00,zVJPv84UY57bAof,4738.57,464.443,593,7.16572e+06
2020-06-13 08:30:00,McdE0feGgRqW7Ca,7097.14,694.986,715.143,7.37404e+06
2020-05-17 21:45:00,1IF53ai7Xc0U56Y,0,0,7759,6.20435e+06
2020-06-16 02:15:00,pkci93gMrogZuBj,0,0,0,7.40322e+06
2020-05-21 22:45:00,YxYtjZvoooNbGkE,0,0,7740,7.22903e+06
2020-05-22 11:30:00,adLQvlD726eNBSB,14300.3,1394.29,2760.14,6.32433e+06
2020-06-13 04:45:00,z9Y9gH1T5YWrNuG,0,0,0,7.21687e+06
2020-06-10 19:00:00,rGa61gmuvPhdLxV,0,0,6565,7.31077e+06
2020-06-02 09:45:00,ZnxXDlPa8U1GXgE,10072.1,984.743,1725.86,6.65717e+06
2020-06-03 00:30:00,iCRJl6heRkivqQ3,0,0,0,7.31781e+06
2020-06-12 18:00:00,WRmjgnKYAwPKWDb,816.571,79.2143,5774.14,7.23876e+06
2020-05-27 03:00:00,WRmjgnKYAwPKWDb,0,0,0,7.11788e+06
2020-05-17 18:00:00,z9Y9gH1T5YWrNuG,316,30.5375,7480,7.02822e+06
2020-06-03 11:15:00,sjndEbLyjtCKgGv,9255.43,905.329,2449.57,7.1579e+06
2020-05-19 22:15:00,WRmjgnKYAwPKWDb,0,0,0,7.06093e+06
2020-05-19 16:45:00,pkci93gMrogZuBj,3787.14,372.186,6734.71,7.20115e+06
2020-05-28 02:30:00,ZnxXDlPa8U1GXgE,0,0,0,6.61938e+06
2020-05-15 14:45:00,uHbuxQJl8lW7ozc,6642.14,650.357,5075.14,7.04376e+06
2020-06-11 11:00:00,ZoEaEvLYb1n2sOq,7094.38,694.712,1490.75,7.29756e+06
2020-06-01 11:30:00,3PZuoBAID5Wc2HD,13251.3,1292.39,3491.86,7.1188e+06
2020-05-30 09:00:00,1BY6WEcLGh8j5v7,3486.62,342.538,611.125,6.36599e+06
2020-06-03 15:30:00,1IF53ai7Xc0U56Y,7387,723.129,6970.43,6.33175e+06
2020-05-15 16:30:00,bvBOhCH3iADSZry,4333,425.543,5429.86,6.32223e+06
2020-05-22 21:30:00,1IF53ai7Xc0U56Y,0,0,7287,6.24053e+06
2020-05-18 02:00:00,zBIq5rxdHJRwDNY,0,0,0,6.35966e+06
2020-05-19 10:45:00,bvBOhCH3iADSZry,6996.57,684.957,1700.43,6.34224e+06
2020-05-31 03:45:00,sjndEbLyjtCKgGv,0,0,0,7.13626e+06
2020-05-17 23:15:00,wCURE6d3bPkepu2,0,0,7530,6.803e+06
2020-05-31 17:15:00,3PZuoBAID5Wc2HD,1806.38,177.075,5709,7.1152e+06
2020-06-01 06:15:00,pkci93gMrogZuBj,455.571,44.1,5.28571,7.2948e+06
2020-05-31 02:15:00,z9Y9gH1T5YWrNuG,0,0,0,7.1276e+06
2020-05-16 04:45:00,wCURE6d3bPkepu2,0,0,0,6.78893e+06
2020-06-03 07:30:00,zVJPv84UY57bAof,2784.25,273.087,166.75,7.25538e+06
2020-06-15 19:00:00,YxYtjZvoooNbGkE,0,0,6633,7.41334e+06
2020-05-19 11:00:00,3PZuoBAID5Wc2HD,9996.88,976.237,2131,7.01605e+06
2020-06-16 19:00:00,ZoEaEvLYb1n2sOq,0,0,6191,7.33588e+06
2020-05-29 06:30:00,rGa61gmuvPhdLxV,997.143,96.8857,19.2857,7.21483e+06
2020-05-15 11:45:00,zVJPv84UY57bAof,6012,589.086,2254,7.1184e+06
2020-06-13 17:15:00,bvBOhCH3iADSZry,1678.5,164.387,7772.12,6.51755e+06
2020-05-21 16:00:00,WRmjgnKYAwPKWDb,4026.88,395.562,7262.75,7.07699e+06
2020-06-03 02:30:00,bvBOhCH3iADSZry,0,0,0,6.44549e+06
2020-06-14 12:00:00,ih0vzX44oOqAx2f,7419,726.414,3314.86,6.40383e+06
2020-05-18 20:45:00,sjndEbLyjtCKgGv,0,0,5351,7.0424e+06
2020-05-18 20:15:00,McdE0feGgRqW7Ca,0,0,5464,7.18509e+06
2020-06-16 03:00:00,rGa61gmuvPhdLxV,0,0,0,7.3447e+06
2020-06-17 22:00:00,wCURE6d3bPkepu2,0,0,5883,7.0286e+06
2020-06-13 08:45:00,sjndEbLyjtCKgGv,7179.12,702.975,864.25,7.22797e+06
2020-06-14 06:00:00,1BY6WEcLGh8j5v7,51.2857,4.94286,0,6.46366e+06
2020-05-18 10:30:00,3PZuoBAID5Wc2HD,3242.57,318.557,748.857,7.00923e+06
2020-06-02 11:00:00,rGa61gmuvPhdLxV,9703.86,948.586,2667.71,7.24464e+06
2020-05-24 20:30:00,sjndEbLyjtCKgGv,0,0,7902,7.08935e+06
2020-05-29 21:45:00,ZoEaEvLYb1n2sOq,0,0,0,7.2096e+06
2020-06-10 23:45:00,McdE0feGgRqW7Ca,0,0,4718.57,7.36162e+06
2020-05-28 14:45:00,McdE0feGgRqW7Ca,8832.38,862.837,6990.25,7.26338e+06
2020-05-27 16:00:00,1BY6WEcLGh8j5v7,6064.62,594.225,5654.38,6.34932e+06
2020-06-03 13:00:00,WRmjgnKYAwPKWDb,10663.8,1041.58,4385.12,7.1713e+06
2020-05-26 13:15:00,adLQvlD726eNBSB,10723,1046.62,5556.75,6.36085e+06
2020-06-01 14:15:00,VHMLBKoKgIrUVDU,3329.75,326.325,5167.88,7.33957e+06
2020-05-23 01:15:00,iCRJl6heRkivqQ3,0,0,0,7.23459e+06
2020-05-20 19:30:00,1BY6WEcLGh8j5v7,0,0,8249,6.29835e+06
2020-06-12 14:15:00,WRmjgnKYAwPKWDb,7030.14,688.5,4419.86,7.23741e+06
2020-06-15 23:30:00,ih0vzX44oOqAx2f,0,0,6564,6.41425e+06
2020-06-05 04:30:00,adLQvlD726eNBSB,0,0,0,6.43058e+06
2020-06-02 07:00:00,wCURE6d3bPkepu2,1749.29,171.186,61,6.9154e+06
2020-05-27 12:15:00,rGa61gmuvPhdLxV,7618.71,745.3,3775,7.20364e+06
2020-06-04 01:00:00,1IF53ai7Xc0U56Y,0,0,0,6.33266e+06
2020-06-11 11:30:00,adLQvlD726eNBSB,7498.43,734.157,1935.43,6.47888e+06
2020-05-24 10:00:00,3PZuoBAID5Wc2HD,6621.43,648.557,1783.71,7.05505e+06
2020-05-18 03:00:00,McdE0feGgRqW7Ca,0,0,0,7.17963e+06
2020-06-13 09:15:00,iCRJl6heRkivqQ3,8282.38,810.325,1217.5,7.39258e+06
2020-05-16 04:30:00,ZoEaEvLYb1n2sOq,0,0,0,7.10436e+06
2020-06-07 07:45:00,zBIq5rxdHJRwDNY,2516.88,246.838,231.625,6.50696e+06
2020-05-16 09:45:00,McdE0feGgRqW7Ca,7223.29,707.286,1353.57,7.16679e+06
2020-05-15 11:00:00,z9Y9gH1T5YWrNuG,9592.57,937.343,2044.57,7.00991e+06
2020-06-12 21:30:00,McdE0feGgRqW7Ca,0,0,5955,7.37333e+06
2020-06-09 23:45:00,ZnxXDlPa8U1GXgE,0,0,8074,6.71777e+06
2020-05-26 21:30:00,McdE0feGgRqW7Ca,0,0,0,7.24956e+06
2020-06-08 22:15:00,1IF53ai7Xc0U56Y,0,0,8495,6.37183e+06
2020-05-18 06:45:00,7JYdWkrLSPkdwr4,1153.62,112.162,44.25,7.62311e+06
2020-06-07 20:30:00,VHMLBKoKgIrUVDU,0,0,8219,7.38621e+06
2020-06-16 14:00:00,z9Y9gH1T5YWrNuG,6833.75,669.188,4596.38,7.24378e+06
2020-05-23 16:15:00,WRmjgnKYAwPKWDb,5184.25,508.288,7885.38,7.09248e+06
2020-06-01 19:30:00,YxYtjZvoooNbGkE,0,0,5777,7.31152e+06
2020-05-15 21:30:00,bvBOhCH3iADSZry,0,0,5707,6.32251e+06
2020-05-27 10:30:00,rGa61gmuvPhdLxV,8626.43,843.7,2095.43,7.20196e+06
2020-05-15 10:15:00,3PZuoBAID5Wc2HD,5928.86,581.1,1509,6.98927e+06
2020-06-04 06:30:00,z9Y9gH1T5YWrNuG,720.875,69.875,17.75,7.15513e+06
2020-06-05 02:45:00,ZoEaEvLYb1n2sOq,0,0,0,7.25154e+06
2020-05-22 15:15:00,sjndEbLyjtCKgGv,6125,600.2,6426.43,7.07231e+06
2020-05-21 10:00:00,ZnxXDlPa8U1GXgE,8219.83,802.783,1596.83,6.56595e+06
2020-06-14 07:45:00,wCURE6d3bPkepu2,4315.71,423.671,305.857,7.00267e+06
2020-05-17 10:30:00,1BY6WEcLGh8j5v7,10591.8,1034.71,2128.25,6.27373e+06
2020-05-15 00:45:00,ZnxXDlPa8U1GXgE,0,0,0,6.52217e+06
2020-06-11 09:45:00,iCRJl6heRkivqQ3,4830.43,473.614,821,7.3806e+06
2020-05-18 02:30:00,VHMLBKoKgIrUVDU,0,0,0,7.2271e+06
2020-06-06 16:15:00,ZoEaEvLYb1n2sOq,1491.43,145.6,6154.86,7.26523e+06
2020-06-12 15:00:00,rGa61gmuvPhdLxV,5915.71,579.657,4900,7.32133e+06
2020-05-31 23:30:00,YxYtjZvoooNbGkE,0,0,5970,7.30574e+06
2020-05-25 19:15:00,iCRJl6heRkivqQ3,0,0,8869,7.26013e+06
2020-06-15 08:15:00,1IF53ai7Xc0U56Y,8263.62,808.725,582.5,6.41495e+06
2020-05-19 17:45:00,McdE0feGgRqW7Ca,540.714,52.3857,7002.29,7.19209e+06
2020-05-20 04:30:00,3PZuoBAID5Wc2HD,0,0,0,7.02051e+06
2020-05-18 18:00:00,ZnxXDlPa8U1GXgE,434.143,41.9857,5414.86,6.54815e+06
2020-06-16 01:30:00,1IF53ai7Xc0U56Y,0,0,0,6.42121e+06
2020-05-17 16:15:00,rGa61gmuvPhdLxV,5031.33,493.367,7020,7.13112e+06
2020-05-23 05:00:00,bvBOhCH3iADSZry,0,0,0,6.36891e+06
2020-06-07 23:00:00,adLQvlD726eNBSB,0,0,8353,6.45338e+06
2020-05-15 20:00:00,YxYtjZvoooNbGkE,0,0,6291,7.18626e+06
2020-05-22 11:45:00,YxYtjZvoooNbGkE,11918.9,1162.84,2923.14,7.23196e+06
2020-06-09 01:00:00,ZnxXDlPa8U1GXgE,0,0,0,6.7097e+06
2020-06-07 15:45:00,zVJPv84UY57bAof,6941.12,679.562,7331,7.29286e+06
2020-06-13 00:30:00,1IF53ai7Xc0U56Y,0,0,0,6.39823e+06
2020-05-30 14:30:00,uHbuxQJl8lW7ozc,10719.3,1047.73,5317.43,7.15725e+06
2020-05-17 23:00:00,sjndEbLyjtCKgGv,0,0,7441,7.03705e+06
2020-06-05 09:15:00,bvBOhCH3iADSZry,8346,816.657,989.143,6.46118e+06
2020-06-12 21:30:00,adLQvlD726eNBSB,0,0,5988,6.48872e+06
2020-05-16 20:15:00,1IF53ai7Xc0U56Y,0,0,6592,6.19659e+06
2020-06-17 23:30:00,iCRJl6heRkivqQ3,0,0,5957,7.42626e+06
2020-05-16 08:45:00,iCRJl6heRkivqQ3,6524,639.057,724.429,7.18513e+06
2020-05-31 16:45:00,wCURE6d3bPkepu2,1819.71,178.357,6047.14,6.90921e+06
2020-05-30 10:30:00,zBIq5rxdHJRwDNY,5265.29,516.114,1397.14,6.4513e+06
2020-05-30 21:15:00,WRmjgnKYAwPKWDb,0,0,7130,7.14803e+06
2020-05-31 17:00:00,ih0vzX44oOqAx2f,1956.12,191.762,5815,6.30808e+06
2020-06-15 04:00:00,1IF53ai7Xc0U56Y,0,0,0,6.41437e+06
2020-06-01 17:15:00,ZoEaEvLYb1n2sOq,983.714,95.5571,5729.14,7.22837e+06
2020-05-29 09:00:00,z9Y9gH1T5YWrNuG,6972.62,682.712,807.5,7.11317e+06
2020-06-13 14:00:00,z9Y9gH1T5YWrNuG,12057.2,1176.61,6091.5,7.22296e+06
2020-05-22 08:45:00,rGa61gmuvPhdLxV,4208.5,413.25,768,7.16117e+06
2020-05-22 10:15:00,VHMLBKoKgIrUVDU,11564.1,1128.26,1679,7.25804e+06
2020-06-13 08:45:00,YxYtjZvoooNbGkE,6436.57,630.429,860.857,7.39192e+06
2020-06-02 02:45:00,iCRJl6heRkivqQ3,0,0,0,7.31035e+06
2020-05-29 22:45:00,iCRJl6heRkivqQ3,0,0,0,7.29125e+06
2020-05-18 07:00:00,zBIq5rxdHJRwDNY,1672.43,163.643,74.2857,6.35973e+06
2020-06-11 22:00:00,McdE0feGgRqW7Ca,0,0,5750,7.36737e+06
2020-06-11 01:45:00,rGa61gmuvPhdLxV,0,0,0,7.31077e+06
2020-05-25 06:15:00,wCURE6d3bPkepu2,393,38,3,6.85579e+06
2020-05-24 21:15:00,1BY6WEcLGh8j5v7,0,0,7537,6.32794e+06
2020-06-10 19:30:00,rGa61gmuvPhdLxV,0,0,6565,7.31077e+06
2020-06-17 12:30:00,sjndEbLyjtCKgGv,9188.62,898.163,3426.38,7.25922e+06
2020-05-21 15:30:00,1BY6WEcLGh8j5v7,6464.5,633.275,6624.75,6.30497e+06
2020-05-23 19:30:00,McdE0feGgRqW7Ca,0,0,8684,7.22464e+06
2020-05-22 23:30:00,WRmjgnKYAwPKWDb,0,0,7237,7.0846e+06
2020-06-12 22:45:00,McdE0feGgRqW7Ca,0,0,5955,7.37333e+06
2020-05-19 10:45:00,3PZuoBAID5Wc2HD,8634.71,844.043,1908.57,7.01583e+06
2020-05-22 11:15:00,sjndEbLyjtCKgGv,7573.12,740.438,2365.38,7.06825e+06
2020-06-08 01:45:00,zBIq5rxdHJRwDNY,0,0,0,6.51491e+06
2020-06-08 23:15:00,YxYtjZvoooNbGkE,0,0,8343,7.36531e+06
2020-05-25 17:30:00,iCRJl6heRkivqQ3,702.857,68.1,8832.14,7.26009e+06
2020-05-21 16:45:00,zBIq5rxdHJRwDNY,2473.14,242.614,7631.14,6.38849e+06
2020-06-01 07:45:00,sjndEbLyjtCKgGv,4836,474.214,356.571,7.1426e+06
2020-05-27 14:00:00,3PZuoBAID5Wc2HD,4402.75,432.262,4909.75,7.08362e+06
2020-06-06 16:15:00,WRmjgnKYAwPKWDb,1488.57,145.343,6196,7.19647e+06
2020-05-20 19:00:00,YxYtjZvoooNbGkE,0,0,8818,7.22129e+06
2020-06-14 15:15:00,bvBOhCH3iADSZry,9140,893.862,3098.88,6.52074e+06
2020-05-31 04:00:00,sjndEbLyjtCKgGv,0,0,0,7.13626e+06
2020-05-16 18:45:00,bvBOhCH3iADSZry,0,0,6138,6.32865e+06
2020-05-22 10:45:00,adLQvlD726eNBSB,9119.12,890.913,2093.75,6.32367e+06
2020-06-09 16:30:00,ZnxXDlPa8U1GXgE,5252.88,514.9,7631.5,6.71733e+06
2020-06-15 10:00:00,1BY6WEcLGh8j5v7,7887.75,772.075,1857.5,6.46953e+06
2020-05-25 15:15:00,YxYtjZvoooNbGkE,8971.38,877.638,7836.5,7.26049e+06
2020-06-06 18:00:00,1IF53ai7Xc0U56Y,241.375,23.2875,6536,6.35509e+06
2020-06-07 02:45:00,ih0vzX44oOqAx2f,0,0,0,6.35067e+06
2020-05-17 08:15:00,bvBOhCH3iADSZry,4846.88,475.288,463.875,6.32911e+06
2020-05-24 12:45:00,sjndEbLyjtCKgGv,12097.1,1179.89,4530,7.08598e+06
2020-06-07 07:15:00,zBIq5rxdHJRwDNY,1840.62,180.438,128.625,6.50686e+06
2020-06-16 23:30:00,1BY6WEcLGh8j5v7,0,0,5848,6.4798e+06
2020-05-20 04:15:00,1IF53ai7Xc0U56Y,0,0,0,6.21643e+06
2020-05-29 08:15:00,adLQvlD726eNBSB,4511,442.657,436.429,6.37945e+06
2020-06-03 19:15:00,adLQvlD726eNBSB,0,0,7991,6.42227e+06
2020-06-01 20:30:00,VHMLBKoKgIrUVDU,0,0,5909,7.34031e+06
2020-05-21 11:15:00,zBIq5rxdHJRwDNY,12138.4,1184.22,2947.38,6.38381e+06
2020-05-23 07:15:00,z9Y9gH1T5YWrNuG,2139.14,209.6,79.7143,7.0643e+06
2020-06-06 05:30:00,VHMLBKoKgIrUVDU,0,0,0,7.37155e+06
2020-06-04 05:45:00,3PZuoBAID5Wc2HD,0,0,0,7.13649e+06
2020-06-04 01:45:00,adLQvlD726eNBSB,0,0,0,6.42227e+06
2020-05-26 19:15:00,3PZuoBAID5Wc2HD,0,0,0,7.07871e+06
2020-05-19 04:15:00,rGa61gmuvPhdLxV,0,0,0,7.1369e+06
2020-06-17 23:15:00,zVJPv84UY57bAof,0,0,5910,7.36327e+06
2020-05-28 15:30:00,McdE0feGgRqW7Ca,8386.43,820.686,7706.71,7.2641e+06
2020-05-16 09:45:00,wCURE6d3bPkepu2,7072.71,692.614,1317.86,6.79024e+06
2020-06-08 08:15:00,YxYtjZvoooNbGkE,3283.88,322.812,434,7.3574e+06
2020-06-08 00:00:00,iCRJl6heRkivqQ3,0,0,0,7.35651e+06
2020-05-16 14:00:00,1BY6WEcLGh8j5v7,6122.57,599.814,4787.29,6.2701e+06
2020-05-17 21:00:00,McdE0feGgRqW7Ca,0,0,7606,7.17963e+06
2020-06-07 16:00:00,ih0vzX44oOqAx2f,7113,696.529,7305.57,6.35798e+06
2020-05-20 19:45:00,ZnxXDlPa8U1GXgE,0,0,8909,6.56404e+06
2020-05-26 12:30:00,adLQvlD726eNBSB,8109,792.314,4815.43,6.36011e+06
2020-06-07 10:45:00,sjndEbLyjtCKgGv,13209.7,1287.93,2154.43,7.18781e+06
2020-06-15 14:15:00,rGa61gmuvPhdLxV,6184.43,605.086,5098.29,7.34307e+06
2020-05-22 11:45:00,iCRJl6heRkivqQ3,12815.6,1249.91,2934,7.23038e+06
2020-05-30 22:45:00,ih0vzX44oOqAx2f,0,0,7146,6.30227e+06
2020-06-16 02:45:00,zVJPv84UY57bAof,0,0,0,7.3511e+06
2020-06-03 21:30:00,1BY6WEcLGh8j5v7,0,0,7341,6.39781e+06
2020-06-08 01:30:00,WRmjgnKYAwPKWDb,0,0,0,7.20468e+06
2020-05-31 20:00:00,VHMLBKoKgIrUVDU,0,0,6076,7.3344e+06
2020-06-15 21:00:00,zVJPv84UY57bAof,0,0,6820,7.3511e+06
2020-05-18 17:15:00,1IF53ai7Xc0U56Y,1684.86,164.929,5371.43,6.20972e+06
2020-05-22 11:00:00,YxYtjZvoooNbGkE,6797.86,665.214,2210.29,7.23124e+06
2020-05-22 08:45:00,ih0vzX44oOqAx2f,3848.86,378.086,741.286,6.23428e+06
2020-05-16 09:30:00,McdE0feGgRqW7Ca,6050.12,592.812,1196.25,7.16663e+06
2020-06-16 06:30:00,VHMLBKoKgIrUVDU,706.125,68.4625,11.5,7.44388e+06
2020-05-19 10:30:00,zVJPv84UY57bAof,7223.29,706.714,1764.29,7.14317e+06
2020-06-06 10:30:00,wCURE6d3bPkepu2,7746.38,756.35,2128.75,6.9489e+06
2020-06-11 04:30:00,z9Y9gH1T5YWrNuG,0,0,0,7.20546e+06
2020-06-02 20:45:00,VHMLBKoKgIrUVDU,0,0,0,7.34774e+06
2020-05-29 14:45:00,z9Y9gH1T5YWrNuG,8720.88,853.25,6551.5,7.11891e+06
2020-05-21 16:45:00,wCURE6d3bPkepu2,2444,239.757,7707.57,6.83195e+06
2020-06-03 16:00:00,3PZuoBAID5Wc2HD,5894,577.671,7270,7.13588e+06
2020-06-06 02:30:00,7JYdWkrLSPkdwr4,0,0,0,7.76414e+06
2020-05-28 08:15:00,bvBOhCH3iADSZry,5443.88,533.575,517.375,6.40635e+06
2020-06-06 21:00:00,1IF53ai7Xc0U56Y,0,0,6542,6.3551e+06
2020-05-30 03:30:00,pkci93gMrogZuBj,0,0,0,7.28154e+06
2020-05-19 20:30:00,McdE0feGgRqW7Ca,0,0,7007,7.1921e+06
2020-06-09 08:00:00,WRmjgnKYAwPKWDb,5666,555.386,399.143,7.2134e+06
2020-05-28 11:00:00,ih0vzX44oOqAx2f,10885.6,1062.09,2954.86,6.28181e+06
2020-06-01 22:00:00,adLQvlD726eNBSB,0,0,6127,6.40683e+06
2020-05-18 07:30:00,iCRJl6heRkivqQ3,3512.29,345,207,7.19857e+06
2020-05-19 01:15:00,7JYdWkrLSPkdwr4,0,0,0,7.62837e+06
2020-06-13 18:15:00,iCRJl6heRkivqQ3,298.625,28.8375,8490.88,7.39985e+06
2020-06-04 12:00:00,1IF53ai7Xc0U56Y,11078,1081.41,3690,6.33635e+06
2020-06-15 23:30:00,z9Y9gH1T5YWrNuG,0,0,6716,7.23918e+06
2020-05-20 19:00:00,pkci93gMrogZuBj,0,0,8849,7.2102e+06
2020-05-16 22:00:00,zBIq5rxdHJRwDNY,0,0,6374,6.35215e+06
2020-06-17 08:15:00,YxYtjZvoooNbGkE,3779.38,371.387,385.25,7.41994e+06
2020-06-17 23:00:00,7JYdWkrLSPkdwr4,0,0,5856,7.84682e+06
2020-05-19 17:00:00,McdE0feGgRqW7Ca,2717.25,266.7,6886,7.19198e+06
2020-05-27 09:15:00,rGa61gmuvPhdLxV,8636.29,845.029,1189.29,7.20106e+06
2020-05-31 10:00:00,wCURE6d3bPkepu2,7130.14,698,1472.57,6.90463e+06
2020-06-16 16:45:00,McdE0feGgRqW7Ca,2293,224.825,6154.25,7.40238e+06
2020-05-22 06:30:00,zBIq5rxdHJRwDNY,896.5,87.0625,28.75,6.38863e+06
2020-05-18 00:15:00,iCRJl6heRkivqQ3,0,0,0,7.19837e+06
2020-06-04 00:45:00,3PZuoBAID5Wc2HD,0,0,0,7.13649e+06
2020-06-16 16:15:00,wCURE6d3bPkepu2,3528.38,346.625,5931.12,7.02238e+06
2020-06-13 17:15:00,zBIq5rxdHJRwDNY,1757.29,172.257,8336.29,6.55772e+06
2020-06-17 16:00:00,zVJPv84UY57bAof,3269.62,321.25,5556.88,7.36292e+06
2020-05-19 21:00:00,7JYdWkrLSPkdwr4,0,0,6836,7.63521e+06
2020-05-31 10:15:00,uHbuxQJl8lW7ozc,9430.43,921.057,1603.43,7.16088e+06
2020-05-19 05:45:00,3PZuoBAID5Wc2HD,0,0,0,7.01392e+06
2020-06-16 12:00:00,WRmjgnKYAwPKWDb,3443.88,338.275,3374,7.26469e+06
2020-06-17 14:00:00,3PZuoBAID5Wc2HD,6091.25,596.763,4796,7.23617e+06
2020-05-30 14:30:00,McdE0feGgRqW7Ca,10849.4,1060.34,5327.57,7.27854e+06
2020-06-04 05:15:00,McdE0feGgRqW7Ca,0,0,0,7.30837e+06
2020-05-24 12:45:00,rGa61gmuvPhdLxV,11698.3,1141.17,4431.86,7.17972e+06
2020-06-13 12:15:00,WRmjgnKYAwPKWDb,11717.8,1143.2,4465.25,7.24325e+06
2020-05-26 20:00:00,McdE0feGgRqW7Ca,0,0,0,7.24956e+06
2020-06-05 09:15:00,adLQvlD726eNBSB,9011.57,881.343,1160,6.43174e+06
2020-06-12 21:15:00,1IF53ai7Xc0U56Y,0,0,5903,6.39823e+06
2020-06-16 20:00:00,uHbuxQJl8lW7ozc,0,0,6292,7.28104e+06
2020-06-13 13:30:00,7JYdWkrLSPkdwr4,7705,754.263,5777.88,7.81819e+06
2020-05-25 21:30:00,1IF53ai7Xc0U56Y,0,0,9048,6.26653e+06
2020-06-07 20:00:00,adLQvlD726eNBSB,0,0,8353,6.45338e+06
2020-06-05 20:00:00,VHMLBKoKgIrUVDU,0,0,0,7.37155e+06
2020-05-20 00:00:00,1BY6WEcLGh8j5v7,0,0,806.125,6.2901e+06
2020-05-16 23:30:00,rGa61gmuvPhdLxV,0,0,6233,7.1241e+06
2020-06-04 11:00:00,YxYtjZvoooNbGkE,10351.3,1010.94,2547.14,7.3293e+06
2020-05-21 14:30:00,ZnxXDlPa8U1GXgE,8358.5,817.125,6413.25,6.57046e+06
2020-06-04 11:45:00,ZnxXDlPa8U1GXgE,9926.71,969.943,3314.71,6.6742e+06
2020-06-06 20:45:00,pkci93gMrogZuBj,0,0,0,7.33792e+06
2020-05-27 05:15:00,wCURE6d3bPkepu2,0,0,0,6.87248e+06
2020-05-22 15:45:00,1BY6WEcLGh8j5v7,4687.14,459.886,6460.71,6.31205e+06
2020-05-15 23:00:00,ih0vzX44oOqAx2f,0,0,0,6.19136e+06
2020-06-17 12:00:00,adLQvlD726eNBSB,11742.2,1145.88,2918.25,6.52132e+06
2020-06-13 08:30:00,wCURE6d3bPkepu2,6800.86,666.114,685.857,6.99459e+06
2020-06-17 12:00:00,VHMLBKoKgIrUVDU,11310.9,1104.21,2861.25,7.45306e+06
2020-06-09 18:30:00,1BY6WEcLGh8j5v7,85.4286,8.21429,7455.14,6.43907e+06
2020-06-01 01:45:00,wCURE6d3bPkepu2,0,0,0,6.9094e+06
2020-05-25 11:15:00,adLQvlD726eNBSB,12567.2,1225.28,3523.5,6.34965e+06
2020-05-16 07:30:00,1BY6WEcLGh8j5v7,2322.14,227.7,157.429,6.26547e+06
2020-05-30 14:15:00,1BY6WEcLGh8j5v7,10641.1,1040.11,4687.5,6.37006e+06
2020-06-15 02:15:00,uHbuxQJl8lW7ozc,0,0,0,7.26784e+06
2020-05-22 13:15:00,7JYdWkrLSPkdwr4,11912.1,1162.26,4564.14,7.6562e+06
2020-06-15 04:30:00,1BY6WEcLGh8j5v7,0,0,0,6.46768e+06
2020-05-22 00:45:00,ZnxXDlPa8U1GXgE,0,0,0,6.57186e+06
2020-06-06 23:30:00,McdE0feGgRqW7Ca,0,0,0,7.33116e+06
2020-06-04 04:15:00,McdE0feGgRqW7Ca,0,0,0,7.30837e+06
2020-06-02 08:00:00,ZoEaEvLYb1n2sOq,3823,375.371,268.857,7.22871e+06
2020-06-12 12:30:00,3PZuoBAID5Wc2HD,7207.62,705.788,3066.88,7.19925e+06
2020-05-26 03:00:00,uHbuxQJl8lW7ozc,0,0,0,7.1207e+06
2020-05-17 10:00:00,McdE0feGgRqW7Ca,10128.9,990.125,1833.12,7.17385e+06
2020-06-12 12:30:00,YxYtjZvoooNbGkE,7024.38,687.925,2993.62,7.38827e+06
2020-05-23 22:30:00,ZoEaEvLYb1n2sOq,0,0,8471,7.16218e+06
2020-05-16 21:00:00,bvBOhCH3iADSZry,0,0,6138,6.32865e+06
2020-06-10 04:45:00,YxYtjZvoooNbGkE,0,0,0,7.37327e+06
2020-06-15 17:45:00,wCURE6d3bPkepu2,1257.57,122.5,6712.43,7.01641e+06
2020-06-07 06:00:00,adLQvlD726eNBSB,80,7.72857,0.285714,6.44503e+06
2020-05-18 01:45:00,bvBOhCH3iADSZry,0,0,0,6.33558e+06
2020-06-02 07:30:00,VHMLBKoKgIrUVDU,2146.86,210.471,154.571,7.34047e+06
2020-06-10 19:30:00,ZoEaEvLYb1n2sOq,0,0,6392,7.29607e+06
2020-05-25 04:00:00,adLQvlD726eNBSB,0,0,0,6.34613e+06
2020-05-21 13:30:00,McdE0feGgRqW7Ca,9585,935.857,5595.43,7.20666e+06
2020-06-10 21:00:00,zVJPv84UY57bAof,0,0,6560,7.31702e+06
2020-05-15 02:45:00,zVJPv84UY57bAof,0,0,0,7.11615e+06
2020-06-05 08:00:00,YxYtjZvoooNbGkE,2724,267.314,281.571,7.33517e+06
2020-06-05 17:15:00,3PZuoBAID5Wc2HD,3715.12,364.775,7561.5,7.15226e+06
2020-06-12 17:00:00,iCRJl6heRkivqQ3,1947.71,190.943,5693,7.39116e+06
2020-05-23 23:00:00,1IF53ai7Xc0U56Y,0,0,8673,6.24921e+06
2020-06-07 09:15:00,1IF53ai7Xc0U56Y,8509.62,832.663,993,6.35609e+06
2020-06-12 18:15:00,McdE0feGgRqW7Ca,376,36.3429,5948.57,7.37332e+06
2020-05-24 21:15:00,WRmjgnKYAwPKWDb,0,0,8091,7.10112e+06
2020-06-07 15:00:00,z9Y9gH1T5YWrNuG,10007.3,977.329,4897,7.18219e+06
2020-06-14 15:30:00,adLQvlD726eNBSB,6939.57,679.486,6845.43,6.50434e+06
2020-06-08 07:15:00,ZoEaEvLYb1n2sOq,1825.86,178.843,121.714,7.27357e+06
2020-06-03 07:15:00,uHbuxQJl8lW7ozc,2236.43,219.257,106,7.17851e+06
2020-06-04 11:30:00,1BY6WEcLGh8j5v7,8034.71,786.386,2851.57,6.40066e+06
2020-05-16 05:30:00,VHMLBKoKgIrUVDU,0,0,0,7.21267e+06
2020-05-16 06:15:00,VHMLBKoKgIrUVDU,357.375,34.525,4,7.21267e+06
2020-06-10 05:00:00,1BY6WEcLGh8j5v7,0,0,0,6.43907e+06
2020-05-29 10:00:00,rGa61gmuvPhdLxV,8670.5,848.1,1614.12,7.21643e+06
2020-06-07 20:15:00,wCURE6d3bPkepu2,0,0,6433,6.95953e+06
2020-05-17 18:00:00,sjndEbLyjtCKgGv,315.625,30.5125,7434.62,7.03705e+06
2020-05-25 01:30:00,zVJPv84UY57bAof,0,0,0,7.1888e+06
2020-05-30 00:30:00,wCURE6d3bPkepu2,0,0,0,6.89588e+06
2020-05-25 22:15:00,rGa61gmuvPhdLxV,0,0,8807,7.1921e+06
2020-06-13 06:15:00,zVJPv84UY57bAof,349.714,33.8286,5.14286,7.32856e+06
2020-05-30 00:45:00,pkci93gMrogZuBj,0,0,0,7.28154e+06
2020-06-03 09:15:00,7JYdWkrLSPkdwr4,6339,621.014,961.286,7.74183e+06
2020-06-04 22:30:00,uHbuxQJl8lW7ozc,0,0,0,7.19454e+06
2020-05-17 08:45:00,zBIq5rxdHJRwDNY,7387.86,723.357,759.714,6.35291e+06
2020-06-10 16:15:00,zVJPv84UY57bAof,5259.5,515.6,6135.62,7.31659e+06
2020-06-12 17:45:00,adLQvlD726eNBSB,1542.62,150.613,5938.38,6.48867e+06
2020-05-23 23:15:00,wCURE6d3bPkepu2,0,0,8605,6.84783e+06
2020-06-14 04:30:00,ZnxXDlPa8U1GXgE,0,0,0,6.74434e+06
2020-06-16 14:30:00,adLQvlD726eNBSB,10757.4,1050.13,5062.57,6.51706e+06
2020-06-16 09:30:00,VHMLBKoKgIrUVDU,7485.29,732.871,1228.29,7.4451e+06
2020-06-06 14:45:00,ih0vzX44oOqAx2f,2358.88,231.312,5536.12,6.35001e+06
2020-05-22 23:45:00,McdE0feGgRqW7Ca,0,0,0,7.21595e+06
2020-06-09 09:45:00,uHbuxQJl8lW7ozc,9191,898.462,1775.62,7.22733e+06
2020-06-01 00:30:00,uHbuxQJl8lW7ozc,0,0,0,7.16535e+06
2020-05-21 13:45:00,ZoEaEvLYb1n2sOq,10623.4,1036.81,5579,7.14465e+06
2020-05-27 19:30:00,rGa61gmuvPhdLxV,0,0,0,7.20655e+06
2020-05-27 02:45:00,iCRJl6heRkivqQ3,0,0,0,7.268e+06
2020-06-08 00:30:00,uHbuxQJl8lW7ozc,0,0,0,7.21715e+06
2020-05-22 10:30:00,wCURE6d3bPkepu2,6233.14,610.186,1837.71,6.83389e+06
2020-05-23 02:00:00,1IF53ai7Xc0U56Y,0,0,0,6.24053e+06
2020-05-27 15:45:00,z9Y9gH1T5YWrNuG,5880,576.043,5979.14,7.10316e+06
2020-05-23 00:15:00,YxYtjZvoooNbGkE,0,0,0,7.23612e+06
2020-06-08 08:15:00,3PZuoBAID5Wc2HD,3473,341.4,465,7.16769e+06
2020-06-10 07:45:00,pkci93gMrogZuBj,4037.14,396.671,293.286,7.36301e+06
2020-06-06 05:30:00,ZoEaEvLYb1n2sOq,0,0,0,7.25908e+06
2020-05-28 18:30:00,rGa61gmuvPhdLxV,72.4286,6.95714,8265.14,7.21481e+06
2020-06-03 00:30:00,ZoEaEvLYb1n2sOq,0,0,0,7.23573e+06
2020-05-15 04:15:00,z9Y9gH1T5YWrNuG,0,0,0,7.00787e+06
2020-06-09 07:45:00,adLQvlD726eNBSB,2738.86,268.914,324.714,6.46233e+06
2020-06-03 02:00:00,wCURE6d3bPkepu2,0,0,0,6.92287e+06
2020-06-09 06:00:00,VHMLBKoKgIrUVDU,153.143,14.7571,0.714286,7.3947e+06
2020-05-22 09:15:00,1BY6WEcLGh8j5v7,5106.43,500.6,953.714,6.30654e+06
2020-05-26 01:15:00,z9Y9gH1T5YWrNuG,0,0,0,7.08944e+06
2020-05-26 10:00:00,WRmjgnKYAwPKWDb,10701.6,1045.97,2047.71,7.11204e+06
2020-05-15 18:30:00,rGa61gmuvPhdLxV,0,0,6373,7.11787e+06
2020-06-07 21:30:00,3PZuoBAID5Wc2HD,0,0,8242,7.16722e+06
2020-06-03 17:45:00,YxYtjZvoooNbGkE,1291.75,125.812,7783.12,7.32671e+06
2020-06-13 11:15:00,bvBOhCH3iADSZry,11911.8,1161.67,3028.38,6.51281e+06
2020-06-04 11:15:00,zVJPv84UY57bAof,9387.14,916.914,2874.14,7.26593e+06
2020-05-18 11:30:00,uHbuxQJl8lW7ozc,5357.88,525.175,1323.38,7.06012e+06
2020-06-04 03:00:00,adLQvlD726eNBSB,0,0,0,6.42227e+06
2020-06-12 05:45:00,YxYtjZvoooNbGkE,0,0,0,7.38528e+06
2020-05-31 02:00:00,zVJPv84UY57bAof,0,0,0,7.23598e+06
2020-06-17 13:30:00,z9Y9gH1T5YWrNuG,8768.25,857.812,4199.75,7.24958e+06
2020-06-05 02:00:00,wCURE6d3bPkepu2,0,0,0,6.93902e+06
2020-05-21 11:15:00,WRmjgnKYAwPKWDb,13109.2,1278.14,3061.62,7.07279e+06
2020-06-11 09:45:00,ih0vzX44oOqAx2f,4680.14,459.143,801.857,6.38183e+06
2020-06-13 18:30:00,ZoEaEvLYb1n2sOq,65.125,6.2875,8377.5,7.31576e+06
2020-05-24 18:00:00,WRmjgnKYAwPKWDb,598.429,57.9286,8071,7.1011e+06
2020-05-20 05:15:00,adLQvlD726eNBSB,0,0,0,6.30451e+06
2020-05-18 14:15:00,ih0vzX44oOqAx2f,4798.86,470.8,3617.14,6.20882e+06
2020-05-20 13:00:00,z9Y9gH1T5YWrNuG,11524.4,1124.79,5401,7.04587e+06
2020-05-18 21:00:00,rGa61gmuvPhdLxV,0,0,5365,7.1369e+06
2020-05-20 10:30:00,zVJPv84UY57bAof,10994.1,1074.42,2427,7.15076e+06
2020-05-21 22:30:00,1BY6WEcLGh8j5v7,0,0,7243,6.30559e+06
2020-06-12 05:15:00,zBIq5rxdHJRwDNY,0,0,0,6.54355e+06
2020-05-20 06:00:00,ih0vzX44oOqAx2f,99.8571,9.64286,0.285714,6.21728e+06
2020-05-29 06:15:00,wCURE6d3bPkepu2,527.333,51.0667,2.33333,6.88771e+06
2020-05-24 22:30:00,3PZuoBAID5Wc2HD,0,0,8300,7.06157e+06
2020-05-29 09:30:00,rGa61gmuvPhdLxV,6912.88,676.913,1226.25,7.21604e+06
2020-05-17 06:30:00,7JYdWkrLSPkdwr4,441,42.6375,6.75,7.61554e+06
2020-06-14 10:00:00,McdE0feGgRqW7Ca,8463.71,828.214,1672.14,7.3836e+06
2020-06-17 11:15:00,1BY6WEcLGh8j5v7,7522.75,736.525,1985.75,6.48178e+06
2020-06-09 12:00:00,wCURE6d3bPkepu2,9848.57,961.586,3929.43,6.9719e+06
2020-06-06 12:15:00,wCURE6d3bPkepu2,9313.86,909.657,3626,6.9504e+06
2020-06-02 19:30:00,zBIq5rxdHJRwDNY,0,0,7421,6.47645e+06
2020-06-09 10:00:00,sjndEbLyjtCKgGv,6249,611.771,1913.71,7.20284e+06
2020-06-09 00:30:00,1BY6WEcLGh8j5v7,0,0,0,6.43161e+06
2020-06-10 18:45:00,7JYdWkrLSPkdwr4,0,0,6362,7.80109e+06
2020-06-10 02:15:00,ZoEaEvLYb1n2sOq,0,0,0,7.28968e+06
2020-05-21 19:30:00,zVJPv84UY57bAof,0,0,7944,7.16512e+06
2020-06-12 09:15:00,z9Y9gH1T5YWrNuG,5973.43,585.3,618.286,7.21168e+06
2020-05-28 18:30:00,iCRJl6heRkivqQ3,52,5,8345,7.28304e+06
2020-06-01 09:15:00,adLQvlD726eNBSB,6419.29,628.871,1370.43,6.40207e+06
2020-05-15 05:15:00,ZnxXDlPa8U1GXgE,0,0,0,6.52217e+06
2020-06-13 07:45:00,zVJPv84UY57bAof,4211.57,413.714,284.857,7.32883e+06
2020-05-23 20:30:00,YxYtjZvoooNbGkE,0,0,8559,7.24468e+06
2020-06-15 10:45:00,YxYtjZvoooNbGkE,8553.88,836.263,2684.62,7.40939e+06
2020-05-20 20:15:00,ZnxXDlPa8U1GXgE,0,0,8909,6.56404e+06
2020-06-10 11:30:00,sjndEbLyjtCKgGv,10554,1030.23,2508.29,7.2116e+06
2020-05-26 04:00:00,3PZuoBAID5Wc2HD,0,0,0,7.07064e+06
2020-05-17 10:30:00,7JYdWkrLSPkdwr4,10010.9,978.214,2267,7.6178e+06
2020-06-12 07:45:00,wCURE6d3bPkepu2,1293.71,125.886,115.286,6.98817e+06
2020-06-09 07:15:00,ZoEaEvLYb1n2sOq,2557.57,250.786,150.714,7.28187e+06
2020-06-16 00:15:00,wCURE6d3bPkepu2,0,0,0,7.01644e+06
2020-06-16 15:00:00,pkci93gMrogZuBj,4308,422.843,5282.14,7.4085e+06
2020-06-10 09:15:00,iCRJl6heRkivqQ3,8069.71,789.771,1016.57,7.37424e+06
2020-06-01 03:45:00,zVJPv84UY57bAof,0,0,0,7.24202e+06
2020-05-20 02:45:00,1BY6WEcLGh8j5v7,0,0,0,6.2901e+06
2020-06-06 05:15:00,sjndEbLyjtCKgGv,0,0,0,7.17928e+06
2020-05-31 00:15:00,3PZuoBAID5Wc2HD,0,0,0,7.10949e+06
2020-05-24 01:30:00,bvBOhCH3iADSZry,0,0,0,6.37677e+06
2020-05-27 14:30:00,YxYtjZvoooNbGkE,9880.29,965.314,5241.86,7.27457e+06
2020-06-04 10:15:00,bvBOhCH3iADSZry,6683.38,654.175,1658.88,6.45438e+06
2020-05-30 08:30:00,wCURE6d3bPkepu2,3556.57,349.629,475.714,6.89636e+06
2020-05-19 14:00:00,wCURE6d3bPkepu2,9482.86,927.457,4805.86,6.8132e+06
2020-05-16 10:15:00,ih0vzX44oOqAx2f,7136.88,698.75,1676.62,6.19304e+06
2020-05-18 01:30:00,ih0vzX44oOqAx2f,0,0,0,6.2052e+06
2020-06-09 15:00:00,ZoEaEvLYb1n2sOq,8101.71,792.914,6483.43,7.28821e+06
2020-05-25 02:30:00,rGa61gmuvPhdLxV,0,0,0,7.1833e+06
2020-06-02 13:00:00,ZnxXDlPa8U1GXgE,12785.2,1246.96,4475.38,6.65992e+06
2020-06-12 06:45:00,McdE0feGgRqW7Ca,725,70.2875,22,7.3674e+06
2020-05-15 11:30:00,ZnxXDlPa8U1GXgE,6904.57,676.071,2281.14,6.52445e+06
2020-06-13 01:00:00,YxYtjZvoooNbGkE,0,0,0,7.39106e+06
2020-05-31 04:30:00,YxYtjZvoooNbGkE,0,0,0,7.29977e+06
2020-06-17 00:45:00,3PZuoBAID5Wc2HD,0,0,0,7.23137e+06
2020-05-27 09:00:00,YxYtjZvoooNbGkE,8382.86,820.343,1009.86,7.27034e+06
2020-05-15 13:30:00,pkci93gMrogZuBj,7972.12,780.325,3991.12,7.17309e+06
2020-06-14 23:45:00,7JYdWkrLSPkdwr4,0,0,7306,7.82816e+06
2020-06-16 09:45:00,ZnxXDlPa8U1GXgE,8921,872.688,1416.5,6.75992e+06
2020-05-27 03:15:00,1BY6WEcLGh8j5v7,0,0,0,6.34367e+06
2020-06-03 14:45:00,adLQvlD726eNBSB,11173.1,1091.01,6293.71,6.42057e+06
2020-06-13 02:30:00,iCRJl6heRkivqQ3,0,0,0,7.39136e+06
2020-06-16 03:45:00,3PZuoBAID5Wc2HD,0,0,0,7.22504e+06
2020-06-12 21:45:00,adLQvlD726eNBSB,0,0,5988,6.48872e+06
2020-05-19 22:00:00,bvBOhCH3iADSZry,0,0,6369,6.34691e+06
2020-06-07 03:45:00,iCRJl6heRkivqQ3,0,0,0,7.34823e+06
2020-05-31 21:45:00,wCURE6d3bPkepu2,0,0,6247,6.9094e+06
2020-05-23 02:15:00,sjndEbLyjtCKgGv,0,0,0,7.07296e+06
2020-06-02 11:15:00,ih0vzX44oOqAx2f,6838,669.643,2908.57,6.31689e+06
2020-05-16 08:15:00,ih0vzX44oOqAx2f,4711.75,462.175,434.75,6.19179e+06
2020-06-16 14:15:00,1IF53ai7Xc0U56Y,4473.38,439.087,4827.75,6.42604e+06
2020-05-25 17:45:00,bvBOhCH3iADSZry,457.875,44.2875,8102.88,6.39231e+06
2020-05-23 18:45:00,iCRJl6heRkivqQ3,0,0,8627,7.24322e+06
2020-05-28 19:15:00,z9Y9gH1T5YWrNuG,0,0,8477,7.11236e+06
2020-05-22 23:30:00,bvBOhCH3iADSZry,0,0,6760,6.36891e+06
2020-05-21 14:15:00,1IF53ai7Xc0U56Y,8614.5,841.638,6243.38,6.23167e+06
2020-06-01 17:30:00,1BY6WEcLGh8j5v7,656.125,63.5375,5466.38,6.3834e+06
2020-06-06 12:00:00,ZoEaEvLYb1n2sOq,8113.57,792.671,3372.14,7.26245e+06
2020-05-29 17:45:00,rGa61gmuvPhdLxV,938.143,91.1,8235.86,7.22305e+06
2020-05-16 15:30:00,3PZuoBAID5Wc2HD,5218.71,511.586,6071.43,7.0001e+06
2020-05-22 00:00:00,1IF53ai7Xc0U56Y,0,0,0,6.23325e+06
2020-05-23 15:45:00,bvBOhCH3iADSZry,7076.43,693,7017,6.37592e+06
2020-05-30 10:15:00,McdE0feGgRqW7Ca,4520.71,443.729,1289,7.2745e+06
2020-06-06 06:15:00,ZnxXDlPa8U1GXgE,428.75,41.475,7,6.68671e+06
2020-05-19 17:30:00,ih0vzX44oOqAx2f,1242.12,120.812,6761,6.21725e+06
2020-05-31 09:30:00,z9Y9gH1T5YWrNuG,9648.12,943.15,1157.25,7.12875e+06
2020-05-27 00:45:00,sjndEbLyjtCKgGv,0,0,0,7.10589e+06
2020-05-28 21:15:00,uHbuxQJl8lW7ozc,0,0,8374,7.14363e+06
2020-05-22 08:30:00,rGa61gmuvPhdLxV,2570.14,252.014,670,7.16107e+06
2020-05-26 14:30:00,VHMLBKoKgIrUVDU,8159.38,797.913,6526.25,7.29605e+06
2020-06-08 02:00:00,3PZuoBAID5Wc2HD,0,0,0,7.16722e+06
2020-06-04 23:00:00,z9Y9gH1T5YWrNuG,0,0,0,7.16326e+06
2020-05-19 03:45:00,YxYtjZvoooNbGkE,0,0,0,7.2056e+06
2020-06-17 22:00:00,McdE0feGgRqW7Ca,0,0,5992,7.40859e+06
2020-05-18 20:45:00,z9Y9gH1T5YWrNuG,0,0,5347,7.03357e+06
2020-05-31 23:45:00,pkci93gMrogZuBj,0,0,5915,7.29479e+06
2020-05-20 05:30:00,YxYtjZvoooNbGkE,0,0,0,7.21248e+06
2020-05-22 15:15:00,McdE0feGgRqW7Ca,5913.29,579.557,6242.57,7.2153e+06
2020-06-14 19:00:00,McdE0feGgRqW7Ca,0,0,7435,7.38936e+06
2020-05-23 08:00:00,ih0vzX44oOqAx2f,4400.62,432,320.875,6.24086e+06
2020-06-15 10:30:00,1IF53ai7Xc0U56Y,10915.9,1065.11,2582.29,6.41695e+06
2020-05-21 20:15:00,ZnxXDlPa8U1GXgE,0,0,0,6.57186e+06
2020-05-22 11:30:00,zBIq5rxdHJRwDNY,12225.4,1192.74,2608.86,6.39121e+06
2020-06-14 18:45:00,ih0vzX44oOqAx2f,0,0,7165,6.40768e+06
2020-06-02 08:00:00,1BY6WEcLGh8j5v7,4657.86,456.9,272,6.38371e+06
2020-05-22 05:30:00,z9Y9gH1T5YWrNuG,0,0,0,7.05715e+06
2020-05-17 13:45:00,sjndEbLyjtCKgGv,7522.12,735.975,5308.5,7.03492e+06
2020-06-10 22:00:00,iCRJl6heRkivqQ3,0,0,6559,7.37978e+06
2020-06-04 18:00:00,wCURE6d3bPkepu2,891.714,86.5429,8227.29,6.939e+06
2020-05-15 07:45:00,bvBOhCH3iADSZry,1890.12,185.3,207.625,6.31701e+06
2020-06-16 15:00:00,uHbuxQJl8lW7ozc,4321.29,424.243,5310,7.28005e+06
2020-06-13 17:00:00,wCURE6d3bPkepu2,1597.57,156.314,8320,7.00223e+06
2020-06-13 08:00:00,YxYtjZvoooNbGkE,5123,502.225,400.25,7.39146e+06
2020-05-21 18:45:00,iCRJl6heRkivqQ3,0,0,7837,7.22744e+06
2020-06-08 02:00:00,WRmjgnKYAwPKWDb,0,0,0,7.20468e+06
2020-05-27 00:30:00,1IF53ai7Xc0U56Y,0,0,0,6.27464e+06
2020-06-09 11:30:00,wCURE6d3bPkepu2,8295.14,810.929,3407.57,6.97138e+06
2020-06-17 19:45:00,rGa61gmuvPhdLxV,0,0,5950,7.3569e+06
2020-06-06 22:45:00,wCURE6d3bPkepu2,0,0,0,6.95309e+06
2020-05-27 04:30:00,z9Y9gH1T5YWrNuG,0,0,0,7.09718e+06
2020-06-11 08:45:00,VHMLBKoKgIrUVDU,3468.86,341.014,415.143,7.40971e+06
2020-06-07 02:30:00,VHMLBKoKgIrUVDU,0,0,0,7.37799e+06
2020-05-18 10:30:00,rGa61gmuvPhdLxV,3216,315.887,736.75,7.13227e+06
2020-06-08 03:00:00,iCRJl6heRkivqQ3,0,0,0,7.35651e+06
2020-06-05 00:15:00,ZnxXDlPa8U1GXgE,0,0,0,6.67906e+06
2020-05-18 22:15:00,WRmjgnKYAwPKWDb,0,0,5348,7.05445e+06
2020-05-24 02:45:00,iCRJl6heRkivqQ3,0,0,0,7.24322e+06
2020-05-31 19:15:00,WRmjgnKYAwPKWDb,0,0,5837,7.15387e+06
2020-06-08 05:30:00,ih0vzX44oOqAx2f,0,0,0,6.35869e+06
2020-05-24 03:00:00,7JYdWkrLSPkdwr4,0,0,0,7.66722e+06
2020-05-24 20:45:00,7JYdWkrLSPkdwr4,0,0,8021,7.67524e+06
2020-05-20 03:15:00,wCURE6d3bPkepu2,0,0,0,6.81535e+06
2020-05-27 15:00:00,pkci93gMrogZuBj,6145.12,601.987,5476.38,7.26377e+06
2020-05-18 16:00:00,ZnxXDlPa8U1GXgE,6085.14,596.243,4916.86,6.54765e+06
2020-06-07 20:30:00,WRmjgnKYAwPKWDb,0,0,8071,7.20468e+06
2020-06-03 01:30:00,zVJPv84UY57bAof,0,0,0,7.25522e+06
2020-06-17 12:45:00,ih0vzX44oOqAx2f,9663.86,944.7,3560.43,6.42393e+06
2020-06-11 06:00:00,ZnxXDlPa8U1GXgE,0,0,0,6.72421e+06
2020-05-26 12:00:00,7JYdWkrLSPkdwr4,10425,1017.34,4081.62,7.6881e+06
2020-06-12 18:00:00,ZnxXDlPa8U1GXgE,871.5,84.625,5861.25,6.73576e+06
2020-06-07 02:15:00,ZoEaEvLYb1n2sOq,0,0,0,7.26537e+06
2020-06-07 11:15:00,McdE0feGgRqW7Ca,14091.7,1373.93,2826.57,7.33399e+06
2020-05-25 04:00:00,uHbuxQJl8lW7ozc,0,0,0,7.11185e+06
2020-05-24 23:45:00,wCURE6d3bPkepu2,0,0,3411.86,6.85579e+06
2020-06-13 23:45:00,1IF53ai7Xc0U56Y,0,0,8654,6.40688e+06
2020-06-12 20:45:00,pkci93gMrogZuBj,0,0,5851,7.38081e+06
2020-05-17 23:30:00,pkci93gMrogZuBj,0,0,7397,7.18905e+06
2020-05-30 09:15:00,sjndEbLyjtCKgGv,5669.86,555.729,756.429,7.12979e+06
2020-06-05 11:45:00,uHbuxQJl8lW7ozc,13590.7,1325.07,3502.57,7.19804e+06
2020-06-01 18:30:00,zVJPv84UY57bAof,24,2.325,5742,7.24777e+06
2020-06-10 09:30:00,7JYdWkrLSPkdwr4,9168,896.743,1249.43,7.79598e+06
2020-05-25 19:45:00,pkci93gMrogZuBj,0,0,8812,7.25052e+06
2020-05-16 04:00:00,ih0vzX44oOqAx2f,0,0,0,6.19136e+06
2020-05-30 02:45:00,VHMLBKoKgIrUVDU,0,0,0,7.32106e+06
2020-06-14 13:15:00,ZnxXDlPa8U1GXgE,11373.1,1110.25,4425.5,6.74877e+06
2020-05-15 06:45:00,McdE0feGgRqW7Ca,1331.86,129.886,38.7143,7.159e+06
2020-05-17 18:45:00,bvBOhCH3iADSZry,0,0,6928,6.33558e+06
2020-06-08 04:00:00,zBIq5rxdHJRwDNY,0,0,0,6.51491e+06
2020-06-16 00:45:00,YxYtjZvoooNbGkE,0,0,0,7.41334e+06
2020-05-22 17:45:00,uHbuxQJl8lW7ozc,504.143,48.7571,7261.86,7.09524e+06
2020-06-09 06:00:00,McdE0feGgRqW7Ca,172.25,16.6375,1.375,7.34678e+06
2020-06-04 02:30:00,sjndEbLyjtCKgGv,0,0,0,7.16329e+06
2020-05-28 11:45:00,WRmjgnKYAwPKWDb,13077.1,1275.01,3986.75,7.12852e+06
2020-06-17 19:15:00,ZnxXDlPa8U1GXgE,0,0,5929,6.77074e+06
2020-06-15 01:00:00,rGa61gmuvPhdLxV,0,0,0,7.33797e+06
2020-05-15 10:00:00,bvBOhCH3iADSZry,5785.12,567.062,1173.25,6.31798e+06
2020-06-03 19:00:00,sjndEbLyjtCKgGv,0,0,7846,7.16329e+06
2020-06-08 20:15:00,rGa61gmuvPhdLxV,0,0,8291,7.29596e+06
2020-05-22 04:15:00,ZoEaEvLYb1n2sOq,0,0,0,7.14668e+06
2020-06-09 08:45:00,3PZuoBAID5Wc2HD,7927,775.663,914.25,7.17665e+06
2020-05-25 03:15:00,bvBOhCH3iADSZry,0,0,0,6.38421e+06
2020-06-15 13:30:00,1IF53ai7Xc0U56Y,3583.88,351.775,4936.25,6.4193e+06
2020-06-04 06:45:00,ih0vzX44oOqAx2f,1198,116.529,42.5714,6.32905e+06
2020-05-21 18:00:00,VHMLBKoKgIrUVDU,328.286,31.7,7834.14,7.25636e+06
2020-06-11 13:15:00,uHbuxQJl8lW7ozc,7367.62,721.362,3232.88,7.24374e+06
2020-05-21 15:30:00,z9Y9gH1T5YWrNuG,7504.88,734.725,7221,7.05648e+06
2020-06-04 23:45:00,1BY6WEcLGh8j5v7,0,0,7571,6.40538e+06
2020-06-01 14:00:00,z9Y9gH1T5YWrNuG,3199.14,313.471,5175.86,7.13907e+06
2020-06-14 12:00:00,zBIq5rxdHJRwDNY,7329.71,717.686,3409.86,6.56123e+06
2020-05-16 13:15:00,iCRJl6heRkivqQ3,10772.6,1052.58,4225.75,7.18864e+06
2020-05-28 21:30:00,3PZuoBAID5Wc2HD,0,0,8528,7.09398e+06
2020-06-13 10:45:00,wCURE6d3bPkepu2,11670.1,1138.19,2590.14,6.9965e+06
2020-05-23 01:30:00,sjndEbLyjtCKgGv,0,0,0,7.07296e+06
2020-06-05 21:00:00,1BY6WEcLGh8j5v7,0,0,7162,6.41254e+06
2020-06-12 16:30:00,bvBOhCH3iADSZry,2536.14,248.714,5084.71,6.50949e+06
2020-06-08 11:30:00,3PZuoBAID5Wc2HD,10953.4,1069.24,3675.88,7.1709e+06
2020-06-12 18:30:00,3PZuoBAID5Wc2HD,80.2857,7.75714,5899.86,7.20209e+06
2020-06-17 02:15:00,7JYdWkrLSPkdwr4,0,0,0,7.84096e+06
2020-06-10 17:00:00,3PZuoBAID5Wc2HD,2396.14,234.957,6377.43,7.1903e+06
2020-06-02 01:45:00,WRmjgnKYAwPKWDb,0,0,0,7.1597e+06
2020-05-20 01:15:00,ZoEaEvLYb1n2sOq,0,0,0,7.13033e+06
2020-06-10 09:30:00,1BY6WEcLGh8j5v7,8517.38,833.4,1155,6.44022e+06
2020-05-23 08:45:00,iCRJl6heRkivqQ3,7652.43,749.171,830.429,7.23542e+06
2020-06-10 18:30:00,zVJPv84UY57bAof,0,0,6560,7.31702e+06
2020-06-12 10:45:00,VHMLBKoKgIrUVDU,6773.29,663.386,1629,7.41664e+06
2020-05-21 23:30:00,bvBOhCH3iADSZry,0,0,7110,6.36215e+06
2020-06-07 08:15:00,VHMLBKoKgIrUVDU,3589.43,352.829,394.571,7.37838e+06
2020-06-16 14:30:00,wCURE6d3bPkepu2,9896.62,966.675,4944.75,7.02139e+06
2020-05-25 16:15:00,wCURE6d3bPkepu2,4437.25,435.525,8625.5,6.86442e+06
2020-06-10 13:00:00,zBIq5rxdHJRwDNY,10293.4,1005.26,4148.14,6.53555e+06
2020-06-01 14:30:00,rGa61gmuvPhdLxV,5308.14,520.4,5016.14,7.24135e+06
2020-06-14 15:00:00,3PZuoBAID5Wc2HD,8781.25,858.475,6334.25,7.21705e+06
2020-05-17 08:45:00,pkci93gMrogZuBj,7345,719.171,749.571,7.1824e+06
2020-06-12 05:00:00,1IF53ai7Xc0U56Y,0,0,0,6.39232e+06
2020-06-04 20:15:00,wCURE6d3bPkepu2,0,0,0,6.93902e+06
2020-05-29 17:30:00,7JYdWkrLSPkdwr4,1243.38,121.05,7956.75,7.71478e+06
2020-06-11 22:15:00,sjndEbLyjtCKgGv,0,0,5654,7.22125e+06
2020-05-18 21:15:00,WRmjgnKYAwPKWDb,0,0,5348,7.05445e+06
2020-06-14 10:30:00,1IF53ai7Xc0U56Y,11588.9,1131.33,2137.38,6.40902e+06
2020-06-05 09:00:00,ZoEaEvLYb1n2sOq,6629.86,649.014,864.714,7.2524e+06
2020-06-14 18:15:00,WRmjgnKYAwPKWDb,246.5,23.7875,7400.25,7.25458e+06
2020-06-07 17:15:00,zBIq5rxdHJRwDNY,3528.88,346.675,8033.62,6.51476e+06
2020-06-11 06:30:00,McdE0feGgRqW7Ca,369.125,35.6875,6.75,7.36163e+06
2020-06-08 05:30:00,uHbuxQJl8lW7ozc,0,0,0,7.21715e+06
2020-06-10 19:00:00,wCURE6d3bPkepu2,0,0,6423,6.9824e+06
2020-05-20 17:30:00,sjndEbLyjtCKgGv,1863,182.6,8706,7.05799e+06
2020-06-11 06:45:00,7JYdWkrLSPkdwr4,526.429,50.9286,18.5714,7.80111e+06
2020-05-24 11:15:00,bvBOhCH3iADSZry,10768.7,1051.1,2809,6.37958e+06
2020-05-29 09:30:00,zVJPv84UY57bAof,6624.75,648.862,1219.12,7.22169e+06
2020-05-28 11:30:00,YxYtjZvoooNbGkE,12949,1262.54,3530.86,7.27956e+06
2020-06-03 06:15:00,WRmjgnKYAwPKWDb,336.625,32.5,3.75,7.16692e+06
2020-05-22 00:45:00,YxYtjZvoooNbGkE,0,0,0,7.22903e+06
2020-05-17 16:15:00,ZnxXDlPa8U1GXgE,4629.14,454.386,7172.57,6.54232e+06
2020-06-05 20:45:00,McdE0feGgRqW7Ca,0,0,7920,7.32468e+06
2020-05-19 21:45:00,sjndEbLyjtCKgGv,0,0,6879,7.04928e+06
2020-06-04 05:45:00,iCRJl6heRkivqQ3,0,0,0,7.3257e+06
2020-06-16 07:15:00,3PZuoBAID5Wc2HD,2422.12,237.575,108.375,7.22515e+06
2020-06-06 00:30:00,zVJPv84UY57bAof,0,0,0,7.27909e+06
2020-05-24 06:15:00,VHMLBKoKgIrUVDU,418.75,40.475,6.5,7.27234e+06
2020-06-11 15:45:00,z9Y9gH1T5YWrNuG,6243.71,611.7,4948,7.21041e+06
2020-05-27 14:30:00,ZnxXDlPa8U1GXgE,10276.1,1003.6,5267.43,6.61792e+06
2020-05-18 05:45:00,McdE0feGgRqW7Ca,0,0,0,7.17963e+06
2020-05-20 21:15:00,pkci93gMrogZuBj,0,0,8849,7.2102e+06
2020-05-22 11:00:00,zVJPv84UY57bAof,8366,817.757,2202.14,7.16733e+06
2020-05-25 11:15:00,McdE0feGgRqW7Ca,12380.7,1207.09,3371.29,7.23606e+06
2020-06-15 16:15:00,VHMLBKoKgIrUVDU,2506.5,245.863,6384,7.44344e+06
2020-06-10 18:00:00,ZnxXDlPa8U1GXgE,568.714,55.0571,6428.57,6.7242e+06
2020-05-31 04:30:00,adLQvlD726eNBSB,0,0,0,6.39477e+06
2020-05-17 20:30:00,1BY6WEcLGh8j5v7,0,0,7045,6.27865e+06
2020-05-16 18:15:00,z9Y9gH1T5YWrNuG,123.143,11.8714,6487.43,7.02074e+06
2020-05-22 15:30:00,ZnxXDlPa8U1GXgE,4200.38,412.163,6730.88,6.57859e+06
2020-06-06 18:30:00,adLQvlD726eNBSB,0,0,6603,6.44503e+06
2020-05-27 11:30:00,1IF53ai7Xc0U56Y,13073.5,1274.67,3151.5,6.27779e+06
2020-05-26 17:00:00,WRmjgnKYAwPKWDb,3887.88,381.35,7779.38,7.11778e+06
2020-05-24 15:45:00,pkci93gMrogZuBj,2914.12,285.887,7362.88,7.24104e+06
2020-06-13 06:15:00,1IF53ai7Xc0U56Y,381.857,36.8857,5.71429,6.39823e+06
2020-06-11 01:15:00,pkci93gMrogZuBj,0,0,0,7.36929e+06
2020-05-16 12:15:00,ZoEaEvLYb1n2sOq,7674.25,751.237,3258.62,7.10762e+06
2020-05-25 10:15:00,1IF53ai7Xc0U56Y,11394.9,1112.91,2295.38,6.25978e+06
2020-05-23 12:30:00,WRmjgnKYAwPKWDb,12230,1193.11,4620.25,7.08922e+06
2020-06-07 04:45:00,ZnxXDlPa8U1GXgE,0,0,0,6.69305e+06
2020-06-12 06:45:00,ZoEaEvLYb1n2sOq,678,65.6875,19.25,7.30165e+06
2020-06-06 11:30:00,bvBOhCH3iADSZry,8105.86,791.929,2896.43,6.47015e+06
2020-06-06 20:30:00,YxYtjZvoooNbGkE,0,0,0,7.34881e+06
2020-05-24 07:45:00,ih0vzX44oOqAx2f,3887.57,382.014,278.429,6.24922e+06
2020-06-04 00:30:00,zVJPv84UY57bAof,0,0,0,7.26305e+06
2020-06-05 23:15:00,adLQvlD726eNBSB,0,0,0,6.43843e+06
2020-06-14 08:30:00,ZnxXDlPa8U1GXgE,4791.62,486.114,612.714,6.74496e+06
2020-05-22 15:30:00,zVJPv84UY57bAof,4478.12,439.462,6638.75,7.17176e+06
2020-05-17 01:45:00,rGa61gmuvPhdLxV,0,0,0,7.1241e+06
2020-06-08 05:30:00,wCURE6d3bPkepu2,0,0,0,6.95953e+06
2020-06-09 11:00:00,iCRJl6heRkivqQ3,13702.7,1336,3025.43,7.36798e+06
2020-05-18 15:00:00,VHMLBKoKgIrUVDU,7890.43,772.357,4244.57,7.23134e+06
2020-05-26 18:15:00,McdE0feGgRqW7Ca,0,0,7911,7.24956e+06
2020-05-29 09:45:00,z9Y9gH1T5YWrNuG,8649.14,846.143,1377.57,7.11374e+06
2020-05-23 19:45:00,3PZuoBAID5Wc2HD,0,0,8652,7.05327e+06
2020-05-16 02:30:00,ih0vzX44oOqAx2f,0,0,0,6.19136e+06
2020-05-20 10:00:00,bvBOhCH3iADSZry,9438.38,923.175,1786,6.34869e+06
2020-05-18 18:15:00,adLQvlD726eNBSB,191,18.4,5504.29,6.29781e+06
2020-06-02 12:15:00,zBIq5rxdHJRwDNY,9530.86,931.729,3617.71,6.47265e+06
2020-05-24 19:00:00,zBIq5rxdHJRwDNY,0,0,7277,6.41176e+06
2020-05-29 11:00:00,bvBOhCH3iADSZry,10364.7,1012.76,2467.86,6.41605e+06
2020-06-12 03:15:00,VHMLBKoKgIrUVDU,0,0,0,7.41501e+06
2020-06-17 22:45:00,wCURE6d3bPkepu2,0,0,5883,7.0286e+06
2020-05-24 23:45:00,uHbuxQJl8lW7ozc,0,0,8106,7.11185e+06
2020-06-14 19:15:00,ZnxXDlPa8U1GXgE,0,0,7404,6.75175e+06
2020-06-09 23:45:00,1IF53ai7Xc0U56Y,0,0,8189,6.38002e+06
2020-05-15 12:45:00,z9Y9gH1T5YWrNuG,9541.29,931.957,3489.71,7.01136e+06
2020-05-19 10:00:00,sjndEbLyjtCKgGv,6086.57,596.429,1352.57,7.04376e+06
2020-05-29 12:45:00,rGa61gmuvPhdLxV,12530.4,1221.72,4736.88,7.21955e+06
2020-05-21 19:30:00,bvBOhCH3iADSZry,0,0,7110,6.36215e+06
2020-06-05 08:00:00,1BY6WEcLGh8j5v7,2653.5,260.363,266.5,6.40565e+06
2020-05-22 08:00:00,uHbuxQJl8lW7ozc,4770.25,467.975,459.25,7.08844e+06
2020-06-08 01:15:00,ZoEaEvLYb1n2sOq,0,0,0,7.27345e+06
2020-05-28 09:45:00,sjndEbLyjtCKgGv,9555.29,934.443,1726.71,7.11429e+06
2020-06-10 20:15:00,WRmjgnKYAwPKWDb,0,0,6389,7.22737e+06
2020-05-26 16:45:00,3PZuoBAID5Wc2HD,5792.43,567.671,7837.14,7.07847e+06
2020-05-31 13:15:00,WRmjgnKYAwPKWDb,7018,686.357,4195.29,7.15222e+06
2020-05-30 09:00:00,wCURE6d3bPkepu2,3766.43,370.129,645.429,6.89653e+06
2020-06-01 21:00:00,VHMLBKoKgIrUVDU,0,0,5909,7.34031e+06
2020-05-22 22:30:00,7JYdWkrLSPkdwr4,0,0,7135,7.65877e+06
2020-05-30 03:30:00,ZnxXDlPa8U1GXgE,0,0,0,6.63607e+06
2020-05-23 10:15:00,McdE0feGgRqW7Ca,8906.43,870.9,2155.43,7.21811e+06
2020-05-15 15:00:00,ZoEaEvLYb1n2sOq,5021.86,492.629,5140.71,7.10324e+06
2020-06-12 09:30:00,ZnxXDlPa8U1GXgE,5331.75,522.638,757.625,6.73066e+06
2020-06-05 18:30:00,bvBOhCH3iADSZry,84.2857,8.14286,7064.43,6.46725e+06
2020-06-09 14:45:00,uHbuxQJl8lW7ozc,8869.86,867.571,6568.86,7.23212e+06
2020-05-16 05:45:00,VHMLBKoKgIrUVDU,0,0,0,7.21267e+06
2020-05-27 03:00:00,1IF53ai7Xc0U56Y,0,0,0,6.27464e+06
2020-06-06 12:15:00,adLQvlD726eNBSB,8437.5,824.513,3883.12,6.44231e+06
2020-05-20 05:00:00,zBIq5rxdHJRwDNY,0,0,0,6.37197e+06
2020-05-19 14:15:00,pkci93gMrogZuBj,9002.38,880.45,5053.88,7.19946e+06
2020-06-05 19:45:00,YxYtjZvoooNbGkE,0,0,7603,7.34249e+06
2020-06-15 23:15:00,iCRJl6heRkivqQ3,0,0,6777,7.414e+06
2020-06-10 09:30:00,bvBOhCH3iADSZry,7761.75,759.688,1146.5,6.49449e+06
2020-06-15 22:30:00,pkci93gMrogZuBj,0,0,6795,7.40322e+06
2020-05-24 03:45:00,7JYdWkrLSPkdwr4,0,0,0,7.66722e+06
2020-06-07 19:15:00,pkci93gMrogZuBj,0,0,8214,7.34613e+06
2020-06-16 15:45:00,adLQvlD726eNBSB,4981,488.486,5817.14,6.51782e+06
2020-05-30 19:30:00,3PZuoBAID5Wc2HD,0,0,7299,7.10949e+06
2020-06-04 02:15:00,bvBOhCH3iADSZry,0,0,0,6.45272e+06
2020-06-03 21:00:00,adLQvlD726eNBSB,0,0,7991,6.42227e+06
2020-06-05 22:00:00,zVJPv84UY57bAof,0,0,7817,7.27909e+06
2020-06-03 10:15:00,zVJPv84UY57bAof,6206.62,608.075,1539.75,7.25676e+06
2020-05-28 00:45:00,sjndEbLyjtCKgGv,0,0,0,7.11256e+06
2020-06-06 01:45:00,YxYtjZvoooNbGkE,0,0,0,7.34249e+06
2020-06-11 05:45:00,uHbuxQJl8lW7ozc,0,0,0,7.24051e+06
2020-05-28 01:30:00,ih0vzX44oOqAx2f,0,0,0,6.27886e+06
2020-05-24 14:00:00,zBIq5rxdHJRwDNY,10388.1,1015.53,5500.14,6.40998e+06
2020-06-03 01:00:00,YxYtjZvoooNbGkE,0,0,0,7.31893e+06
2020-06-11 01:30:00,uHbuxQJl8lW7ozc,0,0,0,7.24051e+06
2020-06-04 10:00:00,sjndEbLyjtCKgGv,9804.71,957.614,1621.29,7.16491e+06
2020-05-26 12:15:00,WRmjgnKYAwPKWDb,11345.6,1106.96,4419.12,7.11442e+06
2020-06-17 19:15:00,1IF53ai7Xc0U56Y,0,0,6034,6.43357e+06
2020-05-31 13:15:00,adLQvlD726eNBSB,7320.43,715.829,4295.71,6.39907e+06
2020-06-08 00:00:00,1BY6WEcLGh8j5v7,0,0,752.571,6.42375e+06
2020-06-16 18:30:00,1BY6WEcLGh8j5v7,75.4286,7.27143,5847.86,6.4798e+06
2020-05-19 17:30:00,VHMLBKoKgIrUVDU,1270.62,123.612,6959.5,7.23951e+06
2020-05-30 08:00:00,3PZuoBAID5Wc2HD,3186.57,312.957,299.429,7.10249e+06
2020-05-15 11:15:00,1IF53ai7Xc0U56Y,6082.38,595.925,2194.12,6.18584e+06
2020-05-25 22:45:00,bvBOhCH3iADSZry,0,0,8124,6.39234e+06
2020-06-09 08:00:00,YxYtjZvoooNbGkE,5102.38,500.262,369.5,7.36568e+06
2020-05-29 14:15:00,bvBOhCH3iADSZry,8123.71,795.057,5617,6.4192e+06
2020-05-24 00:00:00,z9Y9gH1T5YWrNuG,0,0,2135.75,7.07276e+06
2020-06-14 17:00:00,1IF53ai7Xc0U56Y,1842.12,180.575,7364.5,6.41425e+06
2020-06-10 19:00:00,YxYtjZvoooNbGkE,0,0,6419,7.37969e+06
2020-05-18 03:45:00,1BY6WEcLGh8j5v7,0,0,0,6.27865e+06
2020-05-31 01:45:00,wCURE6d3bPkepu2,0,0,0,6.90316e+06
2020-05-18 17:30:00,1IF53ai7Xc0U56Y,1166.62,113.45,5406.12,6.20976e+06
2020-06-10 13:30:00,z9Y9gH1T5YWrNuG,11703.7,1141.8,4542.86,7.2036e+06
2020-06-04 07:00:00,VHMLBKoKgIrUVDU,1938.29,190,80.5714,7.35574e+06
2020-06-07 13:45:00,1BY6WEcLGh8j5v7,1134.71,111.486,3636.57,6.42212e+06
2020-05-31 10:45:00,iCRJl6heRkivqQ3,9312.86,910.043,2199.43,7.3008e+06
2020-05-19 11:00:00,McdE0feGgRqW7Ca,11280.1,1100.64,2179.71,7.18727e+06
2020-06-11 20:15:00,McdE0feGgRqW7Ca,0,0,5750,7.36737e+06
2020-05-23 02:15:00,WRmjgnKYAwPKWDb,0,0,0,7.0846e+06
2020-05-21 15:15:00,WRmjgnKYAwPKWDb,5600,548.971,6830.14,7.07656e+06
2020-05-15 05:45:00,ih0vzX44oOqAx2f,0,0,0,6.18518e+06
2020-05-21 11:00:00,VHMLBKoKgIrUVDU,12141.3,1184.54,2789.71,7.25131e+06
2020-05-27 12:15:00,McdE0feGgRqW7Ca,10288.7,1005.53,3983.43,7.25354e+06
2020-06-02 08:15:00,WRmjgnKYAwPKWDb,8129.5,795.587,410.625,7.16011e+06
2020-05-22 12:15:00,uHbuxQJl8lW7ozc,11632.1,1135.19,3580,7.09156e+06
2020-06-15 15:45:00,zVJPv84UY57bAof,5856.86,573.929,6253.43,7.35053e+06
2020-06-07 00:30:00,wCURE6d3bPkepu2,0,0,0,6.95309e+06
2020-05-22 05:30:00,VHMLBKoKgIrUVDU,0,0,0,7.25636e+06
2020-06-17 18:00:00,wCURE6d3bPkepu2,600.714,58.1429,5866.57,7.02858e+06
2020-05-23 01:15:00,bvBOhCH3iADSZry,0,0,0,6.36891e+06
2020-06-10 13:15:00,WRmjgnKYAwPKWDb,7635.43,746.914,4277.14,7.22526e+06
2020-06-16 21:30:00,zVJPv84UY57bAof,0,0,6262,7.35736e+06
2020-05-17 10:45:00,bvBOhCH3iADSZry,11185.4,1093.01,2349,6.331e+06
2020-06-15 06:15:00,uHbuxQJl8lW7ozc,460.571,44.5571,6.71429,7.26784e+06
2020-05-18 15:30:00,z9Y9gH1T5YWrNuG,7624.43,746.386,4522.14,7.03275e+06
2020-05-16 08:30:00,uHbuxQJl8lW7ozc,6091.71,596.886,578.857,7.04565e+06
2020-06-11 13:45:00,wCURE6d3bPkepu2,6442.71,631.157,3502,6.9859e+06
2020-06-16 07:30:00,rGa61gmuvPhdLxV,2809,275.488,168.125,7.34487e+06
2020-05-29 17:00:00,uHbuxQJl8lW7ozc,3333.25,327.525,8135.62,7.15177e+06
2020-06-05 02:45:00,1BY6WEcLGh8j5v7,0,0,0,6.40538e+06
2020-06-16 01:15:00,uHbuxQJl8lW7ozc,0,0,0,7.27474e+06
2020-05-19 22:30:00,sjndEbLyjtCKgGv,0,0,6879,7.04928e+06
2020-05-30 21:45:00,1IF53ai7Xc0U56Y,0,0,7332,6.30554e+06
2020-06-02 22:15:00,rGa61gmuvPhdLxV,0,0,7361,7.24933e+06
2020-05-24 22:45:00,1BY6WEcLGh8j5v7,0,0,7537,6.32794e+06
2020-05-21 15:00:00,wCURE6d3bPkepu2,10640.8,1039.75,6803.75,6.83105e+06
2020-06-08 08:00:00,zBIq5rxdHJRwDNY,3937.14,386.786,341.571,6.51525e+06
2020-06-02 12:45:00,VHMLBKoKgIrUVDU,11171.3,1091.09,4123.86,7.34444e+06
2020-05-23 17:45:00,iCRJl6heRkivqQ3,1601.14,156.786,8560.29,7.24315e+06
2020-05-29 19:30:00,3PZuoBAID5Wc2HD,0,0,8210,7.10219e+06
2020-05-27 13:15:00,zBIq5rxdHJRwDNY,4561.29,447.5,4418,6.43212e+06
2020-06-10 11:30:00,VHMLBKoKgIrUVDU,7337.29,717.957,2566.57,7.40538e+06
2020-05-25 14:45:00,7JYdWkrLSPkdwr4,8959.14,876.3,7364.86,7.68261e+06
2020-05-27 21:30:00,sjndEbLyjtCKgGv,0,0,0,7.11256e+06
2020-06-08 18:00:00,3PZuoBAID5Wc2HD,749.75,72.7,8487,7.17571e+06
2020-06-02 08:45:00,sjndEbLyjtCKgGv,7521.12,736.263,880.75,7.14889e+06
2020-05-23 10:30:00,VHMLBKoKgIrUVDU,9013.62,881.288,2392,7.26611e+06
2020-05-21 11:45:00,VHMLBKoKgIrUVDU,12288.8,1198.84,3727.88,7.25225e+06
2020-05-27 20:00:00,rGa61gmuvPhdLxV,0,0,0,7.20655e+06
2020-06-11 21:45:00,zBIq5rxdHJRwDNY,0,0,5647,6.54355e+06
2020-06-07 16:30:00,7JYdWkrLSPkdwr4,3298.43,323.686,7631.14,7.77809e+06
2020-05-16 22:45:00,uHbuxQJl8lW7ozc,0,0,6271,7.05134e+06
2020-06-06 05:15:00,McdE0feGgRqW7Ca,0,0,0,7.32468e+06
2020-06-05 22:45:00,uHbuxQJl8lW7ozc,0,0,7838,7.20237e+06
2020-06-02 23:30:00,ZoEaEvLYb1n2sOq,0,0,7287,7.23573e+06
2020-05-23 04:30:00,McdE0feGgRqW7Ca,0,0,0,7.21595e+06
2020-05-16 15:45:00,ZoEaEvLYb1n2sOq,3813.29,374.714,5921,7.11028e+06
2020-06-08 13:00:00,1BY6WEcLGh8j5v7,9730.88,950.263,4726.12,6.42848e+06
2020-05-23 11:30:00,7JYdWkrLSPkdwr4,13032.1,1270.66,3351.43,7.66212e+06
2020-06-17 10:00:00,WRmjgnKYAwPKWDb,6264,613.686,1284.86,7.26886e+06
2020-06-02 16:00:00,1BY6WEcLGh8j5v7,6637,649.957,6506.14,6.38995e+06
2020-06-07 11:15:00,sjndEbLyjtCKgGv,13735,1339.17,2768.43,7.18842e+06
2020-06-15 08:30:00,wCURE6d3bPkepu2,7820.12,765.462,734.875,7.01043e+06
2020-06-02 02:30:00,YxYtjZvoooNbGkE,0,0,0,7.31152e+06
2020-05-18 05:30:00,YxYtjZvoooNbGkE,0,0,0,7.20023e+06
2020-05-28 01:45:00,7JYdWkrLSPkdwr4,0,0,0,7.69855e+06
2020-05-31 21:15:00,1IF53ai7Xc0U56Y,0,0,5889,6.31143e+06
2020-06-06 11:15:00,ZoEaEvLYb1n2sOq,10718,1046.12,2874.75,7.26195e+06
2020-06-17 07:45:00,zBIq5rxdHJRwDNY,3678,361.486,211.143,6.57776e+06
2020-05-20 03:45:00,3PZuoBAID5Wc2HD,0,0,0,7.02051e+06
2020-06-16 08:45:00,sjndEbLyjtCKgGv,5876,575.8,735,7.25027e+06
2020-05-16 12:45:00,bvBOhCH3iADSZry,10950.4,1070.17,3603.71,6.32611e+06
2020-05-29 16:30:00,pkci93gMrogZuBj,4252.75,417.562,7930.88,7.28119e+06
2020-05-23 02:15:00,1BY6WEcLGh8j5v7,0,0,0,6.31244e+06
2020-06-02 00:15:00,z9Y9gH1T5YWrNuG,0,0,0,7.13983e+06
2020-05-20 05:30:00,sjndEbLyjtCKgGv,0,0,0,7.04928e+06
2020-06-09 04:30:00,1IF53ai7Xc0U56Y,0,0,0,6.37183e+06
2020-05-25 16:15:00,pkci93gMrogZuBj,4224,414.825,8581.75,7.25029e+06
2020-06-01 22:45:00,YxYtjZvoooNbGkE,0,0,5777,7.31152e+06
2020-06-02 19:00:00,bvBOhCH3iADSZry,0,0,6842,6.44549e+06
2020-06-10 17:45:00,bvBOhCH3iADSZry,1090.71,106.029,5836.57,6.49918e+06
2020-05-18 18:15:00,zVJPv84UY57bAof,189.857,18.3143,5387.43,7.1414e+06
2020-05-29 10:30:00,VHMLBKoKgIrUVDU,12421.8,1211.44,2162.5,7.31505e+06
2020-06-17 19:15:00,ih0vzX44oOqAx2f,0,0,5758,6.42613e+06
2020-06-01 08:15:00,YxYtjZvoooNbGkE,5956,583.663,632.25,7.30637e+06
2020-05-15 13:30:00,iCRJl6heRkivqQ3,8068.71,789.786,4039.86,7.18203e+06
2020-06-15 18:45:00,bvBOhCH3iADSZry,0,0,6192,6.52779e+06
2020-06-02 20:15:00,zBIq5rxdHJRwDNY,0,0,7421,6.47645e+06
2020-05-19 05:30:00,uHbuxQJl8lW7ozc,0,0,0,7.0642e+06
2020-06-03 07:15:00,McdE0feGgRqW7Ca,2222.38,217.887,106.5,7.30047e+06
2020-06-10 04:45:00,rGa61gmuvPhdLxV,0,0,0,7.3042e+06
2020-05-16 14:15:00,zBIq5rxdHJRwDNY,8731,854.25,4932.75,6.35071e+06
2020-06-05 12:30:00,WRmjgnKYAwPKWDb,3676.57,361.343,3837.86,7.1865e+06
2020-05-18 05:30:00,pkci93gMrogZuBj,0,0,0,7.18905e+06
2020-06-16 12:30:00,zVJPv84UY57bAof,6688.29,654.971,3621.43,7.35472e+06
2020-06-16 04:30:00,zBIq5rxdHJRwDNY,0,0,0,6.57183e+06
2020-06-01 02:30:00,iCRJl6heRkivqQ3,0,0,0,7.30457e+06
2020-06-03 00:15:00,pkci93gMrogZuBj,0,0,0,7.30765e+06
2020-06-03 02:15:00,1BY6WEcLGh8j5v7,0,0,0,6.39047e+06
2020-05-22 14:00:00,7JYdWkrLSPkdwr4,10066.5,982.337,5324.62,7.65696e+06
2020-06-15 12:30:00,McdE0feGgRqW7Ca,5675.12,556.2,4261.5,7.39362e+06
2020-05-25 18:30:00,VHMLBKoKgIrUVDU,28,2.7,9013,7.28952e+06
2020-05-28 20:15:00,z9Y9gH1T5YWrNuG,0,0,8477,7.11236e+06
2020-06-15 02:15:00,WRmjgnKYAwPKWDb,0,0,0,7.25458e+06
2020-05-31 12:00:00,WRmjgnKYAwPKWDb,6737.12,659.675,3105,7.15113e+06
2020-05-18 17:00:00,wCURE6d3bPkepu2,2249.38,220.55,5263.38,6.80826e+06
2020-05-26 04:45:00,VHMLBKoKgIrUVDU,0,0,0,7.28952e+06
2020-06-11 14:00:00,3PZuoBAID5Wc2HD,6806.86,666.643,3731.43,7.1942e+06
2020-06-08 01:00:00,ih0vzX44oOqAx2f,0,0,0,6.35869e+06
2020-05-15 14:45:00,iCRJl6heRkivqQ3,7290.43,713.271,5114.14,7.18311e+06
2020-06-16 13:30:00,bvBOhCH3iADSZry,7705,754.186,3992.14,6.53178e+06
2020-06-01 09:45:00,uHbuxQJl8lW7ozc,6909.62,676.525,1554.75,7.16691e+06
2020-06-09 15:45:00,McdE0feGgRqW7Ca,7842.25,767.675,7317.25,7.3541e+06
2020-05-26 21:15:00,YxYtjZvoooNbGkE,0,0,0,7.26933e+06
2020-05-23 17:00:00,YxYtjZvoooNbGkE,3389.5,333.262,8309.25,7.24443e+06
2020-05-30 02:00:00,ih0vzX44oOqAx2f,0,0,0,6.29512e+06
2020-06-17 15:45:00,bvBOhCH3iADSZry,1302.29,126.957,5079.86,6.53863e+06
2020-05-26 21:30:00,pkci93gMrogZuBj,0,0,0,7.25829e+06
2020-06-06 22:00:00,uHbuxQJl8lW7ozc,0,0,0,7.20886e+06
2020-05-23 07:45:00,McdE0feGgRqW7Ca,3715.57,365.171,233.571,7.21619e+06
2020-06-08 12:00:00,pkci93gMrogZuBj,10012.5,978.938,4044,7.35018e+06
2020-05-15 14:30:00,zBIq5rxdHJRwDNY,7498.62,733.388,4924,6.3443e+06
2020-06-06 03:00:00,z9Y9gH1T5YWrNuG,0,0,0,7.171e+06
2020-05-15 05:15:00,bvBOhCH3iADSZry,0,0,0,6.3168e+06
2020-05-29 11:00:00,iCRJl6heRkivqQ3,11797,1150.93,2724.57,7.28576e+06
2020-06-13 19:30:00,7JYdWkrLSPkdwr4,0,0,8435,7.82085e+06
2020-06-08 21:00:00,7JYdWkrLSPkdwr4,0,0,8283,7.78679e+06
2020-06-13 11:15:00,z9Y9gH1T5YWrNuG,12947,1262.36,3128.71,7.22e+06
2020-06-12 05:30:00,pkci93gMrogZuBj,0,0,0,7.37496e+06
2020-06-02 05:45:00,McdE0feGgRqW7Ca,0,0,0,7.29275e+06
2020-06-14 23:00:00,1BY6WEcLGh8j5v7,0,0,4012,6.46768e+06
2020-06-12 04:15:00,zBIq5rxdHJRwDNY,0,0,0,6.54355e+06
2020-06-07 16:45:00,ZnxXDlPa8U1GXgE,5098.75,499.837,7861.75,6.70092e+06
2020-05-29 21:15:00,VHMLBKoKgIrUVDU,0,0,8172,7.32106e+06
2020-06-01 23:00:00,zBIq5rxdHJRwDNY,0,0,5794,6.46903e+06
2020-06-02 06:00:00,pkci93gMrogZuBj,43.5714,4.2,0.428571,7.3003e+06
2020-06-09 17:00:00,z9Y9gH1T5YWrNuG,3238.29,318.329,7401.71,7.19883e+06
2020-06-03 12:15:00,ZoEaEvLYb1n2sOq,9980,975.812,3471.88,7.2392e+06
2020-05-25 01:00:00,ih0vzX44oOqAx2f,0,0,0,6.25649e+06
2020-05-26 19:30:00,7JYdWkrLSPkdwr4,0,0,0,7.69191e+06
2020-05-25 14:00:00,zBIq5rxdHJRwDNY,11030.9,1078,6291.5,6.41805e+06
2020-06-08 09:45:00,ZoEaEvLYb1n2sOq,11379.4,1110.9,1575.12,7.27503e+06
2020-06-10 17:45:00,rGa61gmuvPhdLxV,1207,117.4,6536.14,7.31074e+06
2020-05-19 13:00:00,YxYtjZvoooNbGkE,9759,953.929,3889.14,7.20949e+06
2020-06-06 04:45:00,1BY6WEcLGh8j5v7,0,0,0,6.41254e+06
2020-06-04 21:30:00,uHbuxQJl8lW7ozc,0,0,0,7.19454e+06
2020-05-29 08:45:00,wCURE6d3bPkepu2,5532.29,542.229,660.429,6.88837e+06
2020-05-15 10:00:00,WRmjgnKYAwPKWDb,6619.25,648.275,1329.75,7.03e+06
2020-05-30 16:45:00,bvBOhCH3iADSZry,3833.86,376.757,6391.71,6.42741e+06
2020-06-14 03:30:00,uHbuxQJl8lW7ozc,0,0,0,7.26053e+06
2020-05-24 07:15:00,rGa61gmuvPhdLxV,2318.38,227.312,124,7.17542e+06
2020-06-10 03:45:00,McdE0feGgRqW7Ca,0,0,0,7.35502e+06
2020-05-28 06:30:00,pkci93gMrogZuBj,740.143,71.7571,20.2857,7.26501e+06
2020-05-19 20:00:00,VHMLBKoKgIrUVDU,0,0,6988,7.23954e+06
2020-06-04 06:30:00,wCURE6d3bPkepu2,718.75,69.65,19.375,6.9308e+06
2020-06-08 00:30:00,McdE0feGgRqW7Ca,0,0,0,7.3382e+06
2020-05-25 02:30:00,ih0vzX44oOqAx2f,0,0,0,6.25649e+06
2020-06-08 05:15:00,pkci93gMrogZuBj,0,0,0,7.34613e+06
2020-06-05 11:00:00,ZnxXDlPa8U1GXgE,9266,905.571,2558.43,6.68162e+06
2020-05-24 04:30:00,uHbuxQJl8lW7ozc,0,0,0,7.10375e+06
2020-06-16 01:45:00,ZoEaEvLYb1n2sOq,0,0,0,7.32969e+06
2020-05-27 12:15:00,wCURE6d3bPkepu2,9060.12,885.788,3907.62,6.87639e+06
2020-05-26 17:15:00,uHbuxQJl8lW7ozc,1061.38,103.287,7793.25,7.12849e+06
2020-06-14 08:30:00,1BY6WEcLGh8j5v7,4431,451.286,567.143,6.46423e+06
2020-06-05 20:45:00,rGa61gmuvPhdLxV,0,0,7741,7.27309e+06
2020-06-04 08:30:00,bvBOhCH3iADSZry,5721.14,560.686,599.714,6.45332e+06
2020-06-11 06:30:00,3PZuoBAID5Wc2HD,370.143,35.7571,7.85714,7.19048e+06
2020-06-09 22:45:00,1BY6WEcLGh8j5v7,0,0,7456,6.43907e+06
2020-05-19 05:00:00,iCRJl6heRkivqQ3,0,0,0,7.20377e+06
2020-06-14 18:45:00,WRmjgnKYAwPKWDb,0,0,7405,7.25458e+06
2020-06-13 13:00:00,pkci93gMrogZuBj,9375,915.729,5228.57,7.38604e+06
2020-05-22 16:45:00,wCURE6d3bPkepu2,1958.57,192,7035.29,6.83909e+06
2020-06-16 08:15:00,WRmjgnKYAwPKWDb,4653.12,456.738,482.875,7.2618e+06
2020-06-07 21:30:00,zBIq5rxdHJRwDNY,0,0,8183,6.51491e+06
2020-06-16 08:45:00,ZnxXDlPa8U1GXgE,5955.75,583.587,743.75,6.75925e+06
2020-05-15 15:15:00,ZnxXDlPa8U1GXgE,6732.25,659.3,5311.12,6.52748e+06
2020-06-13 02:15:00,3PZuoBAID5Wc2HD,0,0,0,7.20209e+06
2020-06-16 10:30:00,ZnxXDlPa8U1GXgE,8753,856.371,2165.29,6.76067e+06
2020-06-11 08:15:00,7JYdWkrLSPkdwr4,2874.57,281.971,255.429,7.80135e+06
2020-05-26 05:30:00,adLQvlD726eNBSB,0,0,0,6.35529e+06
2020-06-14 11:45:00,WRmjgnKYAwPKWDb,5892.71,577.243,3330.43,7.25051e+06
2020-05-28 03:30:00,wCURE6d3bPkepu2,0,0,0,6.8792e+06
2020-05-20 10:00:00,uHbuxQJl8lW7ozc,10300.4,1006.99,1909,7.07311e+06
2020-06-07 16:00:00,pkci93gMrogZuBj,7370.57,721.586,7448.57,7.34537e+06
2020-06-14 04:00:00,z9Y9gH1T5YWrNuG,0,0,0,7.22523e+06
2020-06-13 03:15:00,1IF53ai7Xc0U56Y,0,0,0,6.39823e+06
2020-05-26 09:30:00,YxYtjZvoooNbGkE,9512.86,930.371,1487.57,7.26295e+06
2020-05-24 20:15:00,wCURE6d3bPkepu2,0,0,7961,6.85579e+06
2020-06-17 08:15:00,ZnxXDlPa8U1GXgE,3856.12,378.913,388.5,6.7652e+06
2020-06-09 03:00:00,wCURE6d3bPkepu2,0,0,0,6.96797e+06
2020-06-09 08:00:00,pkci93gMrogZuBj,5131.71,503.157,370.857,7.35485e+06
2020-05-26 18:15:00,bvBOhCH3iADSZry,0,0,7364,6.3997e+06
2020-05-15 22:30:00,ih0vzX44oOqAx2f,0,0,0,6.19136e+06
2020-05-28 05:00:00,VHMLBKoKgIrUVDU,0,0,0,7.30438e+06
2020-05-30 12:15:00,rGa61gmuvPhdLxV,10397,1015.03,2885.29,7.22596e+06
2020-05-27 16:15:00,1IF53ai7Xc0U56Y,4969.38,487.05,6411.12,6.28105e+06
2020-05-22 08:00:00,adLQvlD726eNBSB,5202.25,509.887,521,6.32209e+06
2020-06-17 04:15:00,zBIq5rxdHJRwDNY,0,0,0,6.57755e+06
2020-05-20 01:45:00,zBIq5rxdHJRwDNY,0,0,0,6.37197e+06
2020-06-08 01:15:00,rGa61gmuvPhdLxV,0,0,0,7.28767e+06
2020-05-25 06:30:00,3PZuoBAID5Wc2HD,811.25,78.675,18.75,7.06159e+06
2020-06-12 13:00:00,7JYdWkrLSPkdwr4,7849.29,768.371,3358,7.81002e+06
2020-05-25 11:45:00,ZnxXDlPa8U1GXgE,12627.6,1231.19,3956.86,6.59971e+06
2020-06-17 22:45:00,1IF53ai7Xc0U56Y,0,0,6034,6.43357e+06
2020-05-17 06:15:00,McdE0feGgRqW7Ca,137.75,13.2875,1.125,7.17202e+06
2020-05-19 01:30:00,7JYdWkrLSPkdwr4,0,0,0,7.62837e+06
2020-06-06 17:30:00,YxYtjZvoooNbGkE,455.857,44.0714,6307.86,7.3488e+06
2020-05-27 21:30:00,adLQvlD726eNBSB,0,0,6857,6.37037e+06
2020-05-26 13:45:00,z9Y9gH1T5YWrNuG,11842,1155.03,5805,7.09524e+06
2020-05-22 14:00:00,adLQvlD726eNBSB,9574.5,935.237,5500.25,6.32707e+06
2020-06-07 23:15:00,McdE0feGgRqW7Ca,0,0,7042,7.3382e+06
2020-05-24 04:15:00,z9Y9gH1T5YWrNuG,0,0,0,7.07276e+06
2020-06-06 18:15:00,bvBOhCH3iADSZry,88.2857,8.51429,5872.57,6.47312e+06
2020-06-12 15:45:00,zBIq5rxdHJRwDNY,4649.12,456.188,5293.75,6.54884e+06
2020-05-27 09:45:00,rGa61gmuvPhdLxV,5913.14,579.543,1622.71,7.20149e+06
2020-06-08 17:45:00,bvBOhCH3iADSZry,1209.38,117.75,7649.75,6.48594e+06
2020-06-14 07:00:00,McdE0feGgRqW7Ca,2002.62,196.2,72,7.382e+06
2020-05-28 06:15:00,7JYdWkrLSPkdwr4,451,43.6,8,7.69856e+06
2020-05-28 03:15:00,ZoEaEvLYb1n2sOq,0,0,0,7.19329e+06
2020-05-24 23:15:00,bvBOhCH3iADSZry,0,0,7440,6.38421e+06
2020-06-05 21:45:00,VHMLBKoKgIrUVDU,0,0,0,7.37155e+06
2020-06-07 04:30:00,ZoEaEvLYb1n2sOq,0,0,0,7.26537e+06
2020-06-14 17:30:00,ih0vzX44oOqAx2f,1023.88,99.575,7124.25,6.40764e+06
2020-06-11 09:30:00,ih0vzX44oOqAx2f,4373.25,429.538,688.25,6.38172e+06
2020-05-16 15:15:00,z9Y9gH1T5YWrNuG,5840.43,572.286,5780.43,7.02003e+06
2020-06-06 05:00:00,1IF53ai7Xc0U56Y,0,0,0,6.34856e+06
2020-05-23 12:00:00,WRmjgnKYAwPKWDb,12189.5,1188.84,3982.88,7.08858e+06
2020-06-05 09:15:00,zVJPv84UY57bAof,8761.75,857,1072.75,7.27235e+06
2020-06-03 20:30:00,zVJPv84UY57bAof,0,0,7836,7.26305e+06
2020-05-23 20:00:00,iCRJl6heRkivqQ3,0,0,8627,7.24322e+06
2020-05-20 18:15:00,zBIq5rxdHJRwDNY,367.429,35.5,8885.71,6.38086e+06
2020-05-18 21:30:00,zBIq5rxdHJRwDNY,0,0,5390,6.36505e+06
2020-06-16 21:15:00,uHbuxQJl8lW7ozc,0,0,6292,7.28104e+06
2020-05-27 11:45:00,iCRJl6heRkivqQ3,10145.4,990.429,3324.86,7.27132e+06
2020-06-05 00:15:00,1IF53ai7Xc0U56Y,0,0,0,6.34086e+06
2020-05-27 01:15:00,iCRJl6heRkivqQ3,0,0,0,7.268e+06
2020-06-08 09:45:00,1IF53ai7Xc0U56Y,11880.4,1159.28,1686.62,6.36502e+06
2020-05-17 07:30:00,ZoEaEvLYb1n2sOq,2770.62,272.038,154.375,7.1109e+06
2020-06-09 11:30:00,iCRJl6heRkivqQ3,8677,847.8,3555.29,7.36851e+06
2020-05-23 10:45:00,pkci93gMrogZuBj,12421.3,1211.53,2540.43,7.22774e+06
2020-05-20 02:00:00,1IF53ai7Xc0U56Y,0,0,0,6.21643e+06
2020-06-17 16:30:00,ih0vzX44oOqAx2f,1877.71,183.971,5559.14,6.42593e+06
2020-05-28 17:00:00,1BY6WEcLGh8j5v7,3109,305.371,7818.71,6.35765e+06
2020-06-12 10:30:00,ih0vzX44oOqAx2f,7952.38,778.362,1362.38,6.38792e+06
2020-06-10 03:00:00,McdE0feGgRqW7Ca,0,0,0,7.35502e+06
2020-06-07 00:30:00,VHMLBKoKgIrUVDU,0,0,0,7.37799e+06
2020-06-10 22:00:00,wCURE6d3bPkepu2,0,0,6423,6.9824e+06
2020-06-14 23:15:00,7JYdWkrLSPkdwr4,0,0,7306,7.82816e+06
2020-06-16 18:00:00,zBIq5rxdHJRwDNY,670.375,64.925,5701.75,6.57753e+06
2020-05-18 05:45:00,YxYtjZvoooNbGkE,0,0,0,7.20023e+06
2020-05-20 01:30:00,YxYtjZvoooNbGkE,0,0,0,7.21248e+06
2020-06-10 09:15:00,VHMLBKoKgIrUVDU,6769,662.938,1075.25,7.40389e+06
2020-05-15 07:15:00,iCRJl6heRkivqQ3,2036.43,199.629,124.429,7.17812e+06
2020-06-05 06:30:00,7JYdWkrLSPkdwr4,632.25,61.2,17.25,7.75664e+06
2020-06-04 07:15:00,3PZuoBAID5Wc2HD,2763.86,271.157,144.857,7.13663e+06
2020-06-03 02:00:00,rGa61gmuvPhdLxV,0,0,0,7.24933e+06
2020-06-09 05:15:00,wCURE6d3bPkepu2,0,0,0,6.96797e+06
2020-06-10 00:45:00,7JYdWkrLSPkdwr4,0,0,0,7.79473e+06
2020-06-03 14:30:00,adLQvlD726eNBSB,8817,862.3,6069.12,6.42035e+06
2020-05-21 16:00:00,pkci93gMrogZuBj,3936.62,386.788,7389.5,7.21759e+06
2020-06-17 16:30:00,ZnxXDlPa8U1GXgE,1935,189.657,5727.57,6.77054e+06
2020-05-24 06:30:00,iCRJl6heRkivqQ3,720.125,69.775,20.125,7.24324e+06
2020-05-18 17:45:00,YxYtjZvoooNbGkE,726.125,70.4,5346.5,7.20558e+06
2020-06-05 09:30:00,ih0vzX44oOqAx2f,9787.43,956.614,1241.71,6.33826e+06
2020-06-03 11:30:00,ih0vzX44oOqAx2f,10169.6,993.85,2640,6.32395e+06
2020-05-23 21:30:00,VHMLBKoKgIrUVDU,0,0,8611,7.27233e+06
2020-05-16 11:00:00,WRmjgnKYAwPKWDb,9206.71,900.471,2453,7.03727e+06
2020-05-25 16:00:00,WRmjgnKYAwPKWDb,7665.57,750.429,8505,7.10962e+06
2020-05-16 11:15:00,VHMLBKoKgIrUVDU,8020.88,785,2636.62,7.2153e+06
2020-05-19 04:15:00,McdE0feGgRqW7Ca,0,0,0,7.18509e+06
2020-05-15 10:15:00,sjndEbLyjtCKgGv,8947.12,874.163,1574.75,7.01841e+06
2020-06-04 09:15:00,ih0vzX44oOqAx2f,6185.75,606.013,1082.25,6.33009e+06
2020-05-28 03:00:00,WRmjgnKYAwPKWDb,0,0,0,7.12454e+06
2020-05-16 15:15:00,wCURE6d3bPkepu2,5890.14,577.157,5830.71,6.79476e+06
2020-05-20 06:30:00,z9Y9gH1T5YWrNuG,699.286,67.7714,20.2857,7.04049e+06
2020-05-25 07:00:00,YxYtjZvoooNbGkE,1700,166.529,72.1429,7.25272e+06
2020-06-02 07:45:00,YxYtjZvoooNbGkE,2361,231.525,205.75,7.31172e+06
2020-06-03 16:00:00,ZnxXDlPa8U1GXgE,5374.43,526.929,7267.71,6.67024e+06
2020-05-23 15:45:00,3PZuoBAID5Wc2HD,7572,741.337,7763.88,7.05238e+06
2020-05-17 00:30:00,iCRJl6heRkivqQ3,0,0,0,7.19085e+06
2020-06-02 17:15:00,1BY6WEcLGh8j5v7,1451.86,141.771,6961.43,6.3904e+06
2020-06-09 05:00:00,zVJPv84UY57bAof,0,0,0,7.30217e+06
2020-05-31 12:30:00,zVJPv84UY57bAof,7012.38,686.2,3736.25,7.23971e+06
2020-05-26 03:45:00,uHbuxQJl8lW7ozc,0,0,0,7.1207e+06
2020-05-29 20:00:00,bvBOhCH3iADSZry,0,0,7438,6.42102e+06
2020-06-04 12:30:00,YxYtjZvoooNbGkE,9734,950.286,4073.57,7.33083e+06
2020-06-16 23:00:00,z9Y9gH1T5YWrNuG,0,0,6201,7.24538e+06
2020-06-02 11:30:00,zVJPv84UY57bAof,6371.25,624.175,3098.62,7.25086e+06
2020-05-19 00:45:00,rGa61gmuvPhdLxV,0,0,0,7.1369e+06
2020-05-27 21:15:00,z9Y9gH1T5YWrNuG,0,0,0,7.10388e+06
2020-05-27 06:45:00,1BY6WEcLGh8j5v7,1427.88,139.375,45.25,6.34371e+06
2020-05-16 21:45:00,adLQvlD726eNBSB,0,0,6705,6.28444e+06
2020-05-30 01:00:00,1IF53ai7Xc0U56Y,0,0,0,6.29821e+06
2020-05-19 05:00:00,VHMLBKoKgIrUVDU,0,0,0,7.23255e+06
2020-06-12 08:45:00,zVJPv84UY57bAof,4139.25,406.538,373.25,7.32306e+06
2020-05-30 21:45:00,ih0vzX44oOqAx2f,0,0,7146,6.30227e+06
2020-05-17 17:30:00,1BY6WEcLGh8j5v7,1279.57,124.486,7000.71,6.27861e+06
2020-06-16 15:15:00,rGa61gmuvPhdLxV,4802.5,471.125,5382.38,7.35009e+06
2020-05-29 14:45:00,ih0vzX44oOqAx2f,8844.88,865.3,6423,6.29359e+06
2020-05-31 17:45:00,zVJPv84UY57bAof,1048.25,101.862,6011.12,7.24199e+06
2020-06-05 06:30:00,bvBOhCH3iADSZry,534.5,51.7125,15.5,6.4602e+06
2020-05-28 10:45:00,YxYtjZvoooNbGkE,9042.43,883.357,2724.86,7.27875e+06
2020-05-17 22:15:00,sjndEbLyjtCKgGv,0,0,7441,7.03705e+06
2020-06-15 03:30:00,ZoEaEvLYb1n2sOq,0,0,0,7.32305e+06
2020-06-16 12:30:00,ZnxXDlPa8U1GXgE,6974,682.914,3693.57,6.7622e+06
2020-05-20 09:00:00,YxYtjZvoooNbGkE,7785,762.075,1025.88,7.2135e+06
2020-05-22 15:15:00,adLQvlD726eNBSB,6370.57,624.014,6711,6.32828e+06
2020-05-29 21:45:00,1BY6WEcLGh8j5v7,0,0,7564,6.36537e+06
2020-05-27 02:30:00,3PZuoBAID5Wc2HD,0,0,0,7.07871e+06
2020-06-16 10:30:00,iCRJl6heRkivqQ3,8600.57,841.543,2150,7.41615e+06
2020-06-15 03:00:00,YxYtjZvoooNbGkE,0,0,0,7.4067e+06
2020-06-05 03:45:00,VHMLBKoKgIrUVDU,0,0,0,7.36382e+06
2020-06-09 11:15:00,iCRJl6heRkivqQ3,11428.5,1115.34,3348.5,7.3683e+06
2020-06-03 08:45:00,iCRJl6heRkivqQ3,5157.71,505.614,673.286,7.31849e+06
2020-05-24 13:15:00,YxYtjZvoooNbGkE,11444.4,1116.23,5236.71,7.24992e+06
2020-06-04 22:30:00,wCURE6d3bPkepu2,0,0,0,6.93902e+06
2020-06-04 05:45:00,sjndEbLyjtCKgGv,0,0,0,7.16329e+06
2020-06-01 00:15:00,WRmjgnKYAwPKWDb,0,0,0,7.15387e+06
2020-05-20 03:00:00,7JYdWkrLSPkdwr4,0,0,0,7.63521e+06
2020-05-22 23:45:00,bvBOhCH3iADSZry,0,0,3862.86,6.36891e+06
2020-06-05 11:00:00,1BY6WEcLGh8j5v7,9449.14,923,2433.86,6.40781e+06
2020-05-23 08:30:00,zBIq5rxdHJRwDNY,7897,773.025,641.75,6.39645e+06
2020-05-28 18:45:00,rGa61gmuvPhdLxV,0,0,8266,7.21482e+06
2020-06-02 21:30:00,sjndEbLyjtCKgGv,0,0,7439,7.15545e+06
2020-05-22 12:30:00,1IF53ai7Xc0U56Y,10890.9,1063.49,3882.86,6.23713e+06
2020-05-18 07:00:00,bvBOhCH3iADSZry,1587.25,155.213,71,6.33565e+06
2020-05-20 10:00:00,zVJPv84UY57bAof,10278.6,1004.89,1899,7.15024e+06
2020-05-28 03:15:00,WRmjgnKYAwPKWDb,0,0,0,7.12454e+06
2020-06-02 08:00:00,pkci93gMrogZuBj,3828.86,375.871,268.714,7.30057e+06
2020-06-01 15:15:00,uHbuxQJl8lW7ozc,1986.62,194.762,5200.25,7.17055e+06
2020-06-03 17:15:00,WRmjgnKYAwPKWDb,2435.75,238.925,7593.75,7.17451e+06
2020-06-03 00:45:00,uHbuxQJl8lW7ozc,0,0,0,7.1784e+06
2020-06-07 03:30:00,iCRJl6heRkivqQ3,0,0,0,7.34823e+06
2020-05-26 00:30:00,VHMLBKoKgIrUVDU,0,0,0,7.28952e+06
2020-06-03 07:00:00,iCRJl6heRkivqQ3,1437.12,140.2,61.5,7.31787e+06
2020-06-15 21:00:00,1IF53ai7Xc0U56Y,0,0,6846,6.42121e+06
2020-06-15 00:45:00,zVJPv84UY57bAof,0,0,0,7.34428e+06
2020-06-16 03:30:00,YxYtjZvoooNbGkE,0,0,0,7.41334e+06
2020-05-22 09:15:00,zVJPv84UY57bAof,5574,546.3,984.667,7.16611e+06
2020-06-07 14:45:00,7JYdWkrLSPkdwr4,4502.75,441.863,6498.25,7.77696e+06
2020-06-11 13:15:00,bvBOhCH3iADSZry,6719.5,658.163,2977.25,6.50219e+06
2020-05-19 20:45:00,3PZuoBAID5Wc2HD,0,0,0,7.02051e+06
2020-05-27 15:30:00,3PZuoBAID5Wc2HD,7556.25,739.6,5868.88,7.08458e+06
2020-05-15 05:30:00,WRmjgnKYAwPKWDb,0,0,0,7.02867e+06
2020-06-15 05:45:00,iCRJl6heRkivqQ3,0,0,0,7.40722e+06
2020-05-22 04:45:00,1IF53ai7Xc0U56Y,0,0,0,6.23325e+06
2020-05-16 07:30:00,VHMLBKoKgIrUVDU,2536.12,248.713,170.625,7.21284e+06
2020-06-08 15:30:00,zVJPv84UY57bAof,6360.88,622.775,7414.5,7.3012e+06
2020-05-18 16:45:00,iCRJl6heRkivqQ3,2947.75,289.312,5208,7.20358e+06
2020-06-03 17:30:00,rGa61gmuvPhdLxV,2238,219.425,7720.75,7.25705e+06
2020-05-15 08:45:00,3PZuoBAID5Wc2HD,5567.43,545.729,613.286,6.98837e+06
2020-05-17 06:00:00,WRmjgnKYAwPKWDb,0,0,0,7.04143e+06
2020-06-08 15:00:00,iCRJl6heRkivqQ3,10608.3,1036.91,7015.71,7.36353e+06
2020-05-26 16:45:00,1IF53ai7Xc0U56Y,5876.57,575.871,7868.29,6.2744e+06
2020-06-13 17:30:00,1IF53ai7Xc0U56Y,1231.5,120.037,8593.75,6.40682e+06
2020-05-19 16:15:00,ih0vzX44oOqAx2f,5259.14,515.786,6364.29,6.21685e+06
2020-06-06 05:00:00,iCRJl6heRkivqQ3,0,0,0,7.3418e+06
2020-05-22 22:45:00,zVJPv84UY57bAof,0,0,0,7.17229e+06
2020-05-28 12:45:00,1BY6WEcLGh8j5v7,11597.6,1131.53,4919.71,6.35475e+06
2020-05-30 09:45:00,zVJPv84UY57bAof,4599.12,451.413,1049.88,7.22974e+06
2020-06-17 20:30:00,YxYtjZvoooNbGkE,0,0,5886,7.42544e+06
2020-05-20 19:45:00,sjndEbLyjtCKgGv,0,0,8777,7.05806e+06
2020-06-05 21:00:00,bvBOhCH3iADSZry,0,0,7065,6.46725e+06
2020-06-04 02:45:00,zBIq5rxdHJRwDNY,0,0,0,6.48434e+06
2020-05-24 19:15:00,YxYtjZvoooNbGkE,0,0,7971,7.25265e+06
2020-05-26 23:00:00,ih0vzX44oOqAx2f,0,0,0,6.27229e+06
2020-05-27 00:15:00,1BY6WEcLGh8j5v7,0,0,0,6.34367e+06
2020-06-06 19:45:00,ZoEaEvLYb1n2sOq,0,0,0,7.26537e+06
2020-05-23 20:30:00,z9Y9gH1T5YWrNuG,0,0,8543,7.07276e+06
2020-05-17 02:15:00,3PZuoBAID5Wc2HD,0,0,0,7.00069e+06
2020-05-17 04:15:00,zBIq5rxdHJRwDNY,0,0,0,6.35215e+06
2020-05-19 14:30:00,ZoEaEvLYb1n2sOq,10328.3,1009.71,5170.43,7.1287e+06
2020-05-24 13:15:00,ZoEaEvLYb1n2sOq,11985.3,1168.89,5172.71,7.16736e+06
2020-05-18 04:45:00,WRmjgnKYAwPKWDb,0,0,0,7.0491e+06
2020-06-11 22:30:00,WRmjgnKYAwPKWDb,0,0,5619,7.23299e+06
2020-05-23 16:15:00,1IF53ai7Xc0U56Y,5540.75,543.138,8098.25,6.24863e+06
2020-05-29 17:30:00,bvBOhCH3iADSZry,1152.57,112.071,7390.71,6.42098e+06
2020-06-01 22:45:00,McdE0feGgRqW7Ca,0,0,5992,7.29275e+06
2020-05-23 22:00:00,7JYdWkrLSPkdwr4,0,0,8450,7.66722e+06
2020-06-01 11:00:00,1BY6WEcLGh8j5v7,8495.43,830.443,2542.14,6.38047e+06
2020-06-14 03:30:00,ZoEaEvLYb1n2sOq,0,0,0,7.31576e+06
2020-05-17 18:30:00,1IF53ai7Xc0U56Y,0,0,7759,6.20435e+06
2020-05-18 05:45:00,zBIq5rxdHJRwDNY,0,0,0,6.35966e+06
2020-05-19 20:45:00,1IF53ai7Xc0U56Y,0,0,0,6.21643e+06
2020-05-23 12:00:00,iCRJl6heRkivqQ3,12605,1228.97,4043.86,7.23864e+06
2020-06-08 19:45:00,WRmjgnKYAwPKWDb,0,0,8319,7.213e+06
2020-06-09 01:15:00,ZoEaEvLYb1n2sOq,0,0,0,7.28172e+06
2020-05-21 12:15:00,pkci93gMrogZuBj,11236.5,1096.26,4080.62,7.21428e+06
2020-05-15 14:15:00,z9Y9gH1T5YWrNuG,11975.7,1168.31,4680.71,7.01255e+06
2020-05-22 13:30:00,ih0vzX44oOqAx2f,11161.4,1089.01,4772.29,6.23832e+06
2020-06-02 15:30:00,rGa61gmuvPhdLxV,5969.5,584.938,6505.5,7.24847e+06
2020-06-13 23:30:00,1IF53ai7Xc0U56Y,0,0,8654,6.40688e+06
2020-05-29 22:30:00,adLQvlD726eNBSB,0,0,8343,6.38735e+06
2020-05-27 20:30:00,adLQvlD726eNBSB,0,0,6857,6.37037e+06
2020-05-27 22:00:00,3PZuoBAID5Wc2HD,0,0,6740,7.08545e+06
2020-05-30 22:30:00,pkci93gMrogZuBj,0,0,7341,7.28888e+06
2020-06-15 19:15:00,ZoEaEvLYb1n2sOq,0,0,6639,7.32969e+06
2020-05-22 01:30:00,1BY6WEcLGh8j5v7,0,0,0,6.30559e+06
2020-05-26 11:30:00,ih0vzX44oOqAx2f,10627.1,1037.25,3494.75,6.26807e+06
2020-05-18 11:30:00,iCRJl6heRkivqQ3,5288,518.35,1319.5,7.19969e+06
2020-06-10 00:30:00,ZnxXDlPa8U1GXgE,0,0,0,6.71777e+06
2020-05-23 23:00:00,sjndEbLyjtCKgGv,0,0,8487,7.08145e+06
2020-06-09 22:45:00,ZnxXDlPa8U1GXgE,0,0,8074,6.71777e+06
2020-05-22 02:00:00,7JYdWkrLSPkdwr4,0,0,0,7.65164e+06
2020-05-28 11:45:00,VHMLBKoKgIrUVDU,12633.6,1232.2,4001.43,7.30838e+06
2020-06-06 10:30:00,bvBOhCH3iADSZry,8498.62,829.087,1979,6.46923e+06
2020-05-22 19:15:00,1IF53ai7Xc0U56Y,0,0,7287,6.24053e+06
2020-06-14 15:00:00,7JYdWkrLSPkdwr4,8690.75,849.938,6142.12,7.82699e+06
2020-06-14 02:00:00,McdE0feGgRqW7Ca,0,0,0,7.38192e+06
2020-06-14 03:15:00,pkci93gMrogZuBj,0,0,0,7.38916e+06
2020-06-09 19:45:00,WRmjgnKYAwPKWDb,0,0,7977,7.22098e+06
2020-05-15 17:00:00,rGa61gmuvPhdLxV,2297.43,225.257,6238.86,7.11773e+06
2020-06-02 08:45:00,wCURE6d3bPkepu2,7331,717.771,879.571,6.91622e+06
2020-06-14 22:15:00,1BY6WEcLGh8j5v7,0,0,4012,6.46768e+06
2020-05-28 14:00:00,3PZuoBAID5Wc2HD,7327.33,716.583,6615.83,7.09207e+06
2020-05-15 03:30:00,z9Y9gH1T5YWrNuG,0,0,0,7.00787e+06
2020-06-07 18:30:00,wCURE6d3bPkepu2,65.625,6.325,6432.12,6.95953e+06
2020-06-09 12:45:00,YxYtjZvoooNbGkE,9474.12,925.913,4604.62,7.36991e+06
2020-06-07 18:00:00,z9Y9gH1T5YWrNuG,683.625,66.2375,6325.25,7.18361e+06
2020-06-10 21:45:00,ZoEaEvLYb1n2sOq,0,0,6392,7.29607e+06
2020-06-06 21:00:00,1BY6WEcLGh8j5v7,0,0,5940,6.41848e+06
2020-05-27 04:00:00,bvBOhCH3iADSZry,0,0,0,6.3997e+06
2020-05-27 23:45:00,1IF53ai7Xc0U56Y,0,0,5971,6.28146e+06
2020-06-07 15:45:00,bvBOhCH3iADSZry,5744.38,562.562,4380.88,6.4775e+06
2020-06-16 19:45:00,zBIq5rxdHJRwDNY,0,0,5719,6.57755e+06
2020-06-13 15:15:00,z9Y9gH1T5YWrNuG,9733,951.737,7368.5,7.22424e+06
2020-06-06 01:30:00,3PZuoBAID5Wc2HD,0,0,0,7.15249e+06
2020-05-23 23:30:00,WRmjgnKYAwPKWDb,0,0,8431,7.09303e+06
2020-05-28 14:00:00,zVJPv84UY57bAof,11253.5,1098.6,6294,7.21838e+06
2020-05-21 22:00:00,1IF53ai7Xc0U56Y,0,0,0,6.23325e+06
2020-05-16 12:30:00,uHbuxQJl8lW7ozc,8863.14,866.986,3399.14,7.04847e+06
2020-05-16 14:00:00,zBIq5rxdHJRwDNY,6246.29,611.929,4746.29,6.35052e+06
2020-06-05 18:15:00,McdE0feGgRqW7Ca,559.286,54.1286,7911.86,7.32467e+06
2020-05-24 23:00:00,zBIq5rxdHJRwDNY,0,0,7277,6.41176e+06
2020-06-14 10:30:00,ih0vzX44oOqAx2f,10107.1,987.462,2003.75,6.40252e+06
2020-05-30 23:45:00,z9Y9gH1T5YWrNuG,0,0,7142,7.1276e+06
2020-06-15 15:30:00,VHMLBKoKgIrUVDU,5253.43,515.071,6071,7.44313e+06
2020-06-01 08:45:00,wCURE6d3bPkepu2,6802,666.15,918.125,6.91032e+06
2020-05-23 13:45:00,zVJPv84UY57bAof,12866.4,1254.47,6035.38,7.17833e+06
2020-05-26 05:00:00,ih0vzX44oOqAx2f,0,0,0,6.26458e+06
2020-05-20 03:00:00,VHMLBKoKgIrUVDU,0,0,0,7.23954e+06
2020-06-02 03:30:00,WRmjgnKYAwPKWDb,0,0,0,7.1597e+06
2020-06-14 06:00:00,McdE0feGgRqW7Ca,52.5,5.075,0.375,7.38192e+06
2020-06-03 23:30:00,sjndEbLyjtCKgGv,0,0,7846,7.16329e+06
2020-06-14 06:45:00,ZnxXDlPa8U1GXgE,1093.29,106.257,37,6.74438e+06
2020-06-04 23:00:00,adLQvlD726eNBSB,0,0,8314,6.43058e+06
2020-06-09 05:15:00,bvBOhCH3iADSZry,0,0,0,6.48599e+06
2020-05-27 01:45:00,uHbuxQJl8lW7ozc,0,0,0,7.12854e+06
2020-06-11 21:00:00,WRmjgnKYAwPKWDb,0,0,5619,7.23299e+06
2020-06-12 04:15:00,1IF53ai7Xc0U56Y,0,0,0,6.39232e+06
2020-05-23 11:30:00,pkci93gMrogZuBj,11401.4,1112.99,3422.75,7.22862e+06
2020-06-09 19:15:00,1BY6WEcLGh8j5v7,0,0,7456,6.43907e+06
2020-05-20 09:00:00,1BY6WEcLGh8j5v7,7395.88,724.15,985.875,6.29108e+06
2020-06-07 21:00:00,ih0vzX44oOqAx2f,0,0,8019,6.35869e+06
2020-05-24 06:45:00,rGa61gmuvPhdLxV,1124.5,109.3,42.375,7.17534e+06
2020-05-19 13:00:00,McdE0feGgRqW7Ca,10680.1,1043.26,3961.57,7.18905e+06
2020-06-04 17:45:00,bvBOhCH3iADSZry,1748,170.963,7415.75,6.46014e+06
2020-06-05 17:30:00,1IF53ai7Xc0U56Y,3502.38,344.175,7565.25,6.34842e+06
2020-06-13 14:30:00,YxYtjZvoooNbGkE,8480.57,829.357,6651.57,7.39771e+06
2020-05-24 15:30:00,3PZuoBAID5Wc2HD,4272.38,419.175,7491.12,7.06076e+06
2020-06-08 15:45:00,ZnxXDlPa8U1GXgE,8154.29,797.771,7606,6.70887e+06
2020-05-24 12:30:00,VHMLBKoKgIrUVDU,11931.1,1164,4583.25,7.27692e+06
2020-06-08 05:00:00,YxYtjZvoooNbGkE,0,0,0,7.35697e+06
2020-05-15 21:30:00,iCRJl6heRkivqQ3,0,0,6418,7.18441e+06
2020-06-06 21:15:00,1BY6WEcLGh8j5v7,0,0,5940,6.41848e+06
2020-05-22 19:00:00,3PZuoBAID5Wc2HD,0,0,7315,7.04462e+06
2020-05-15 17:00:00,McdE0feGgRqW7Ca,2386.57,234.129,6336.43,7.1653e+06
2020-06-01 08:00:00,sjndEbLyjtCKgGv,6069.12,594.663,488.125,7.14273e+06
2020-06-07 23:30:00,z9Y9gH1T5YWrNuG,0,0,6342,7.18363e+06
2020-06-09 19:00:00,1IF53ai7Xc0U56Y,0,0,8189,6.38002e+06
2020-05-16 04:30:00,uHbuxQJl8lW7ozc,0,0,0,7.04507e+06
2020-05-15 17:00:00,1IF53ai7Xc0U56Y,2165.29,212.271,6227.14,6.18987e+06
2020-06-03 09:00:00,z9Y9gH1T5YWrNuG,6194.71,606.929,815.571,7.14809e+06
2020-06-07 17:15:00,3PZuoBAID5Wc2HD,3255,319.829,8097,7.16708e+06
2020-05-24 04:30:00,wCURE6d3bPkepu2,0,0,0,6.84783e+06
2020-06-10 04:45:00,McdE0feGgRqW7Ca,0,0,0,7.35502e+06
2020-05-18 13:45:00,adLQvlD726eNBSB,12941.6,1261.83,3333.88,6.29564e+06
2020-05-30 20:15:00,VHMLBKoKgIrUVDU,0,0,7270,7.32833e+06
2020-06-06 00:15:00,WRmjgnKYAwPKWDb,0,0,0,7.19027e+06
2020-05-31 09:45:00,7JYdWkrLSPkdwr4,5682,556.862,1173.25,7.72315e+06
2020-06-16 05:30:00,ZnxXDlPa8U1GXgE,0,0,0,6.7585e+06
2020-06-04 15:00:00,bvBOhCH3iADSZry,10639.8,1039.97,5913,6.45864e+06
2020-06-08 06:45:00,3PZuoBAID5Wc2HD,1146.88,111.525,48.25,7.16727e+06
2020-06-07 11:15:00,ZnxXDlPa8U1GXgE,13193.6,1286.65,2800.62,6.69585e+06
2020-06-15 21:15:00,adLQvlD726eNBSB,0,0,6916,6.512e+06
2020-06-01 23:00:00,McdE0feGgRqW7Ca,0,0,5992,7.29275e+06
2020-05-15 01:45:00,ih0vzX44oOqAx2f,0,0,0,6.18518e+06
2020-06-07 01:30:00,z9Y9gH1T5YWrNuG,0,0,0,7.17729e+06
2020-05-18 12:00:00,7JYdWkrLSPkdwr4,7986.14,781.614,1606.57,7.62467e+06
2020-05-30 07:30:00,ZoEaEvLYb1n2sOq,1996.75,195.713,171.375,7.20977e+06
2020-06-16 03:15:00,ZnxXDlPa8U1GXgE,0,0,0,6.7585e+06
2020-05-29 07:15:00,iCRJl6heRkivqQ3,1983.14,194.429,141.571,7.28318e+06
2020-05-28 16:30:00,1IF53ai7Xc0U56Y,4158.38,407.625,8148.25,6.28961e+06
2020-05-27 22:45:00,uHbuxQJl8lW7ozc,0,0,0,7.13526e+06
2020-06-01 21:45:00,z9Y9gH1T5YWrNuG,0,0,5931,7.13983e+06
2020-06-02 10:30:00,7JYdWkrLSPkdwr4,6788.62,664.812,2206.25,7.73583e+06
2020-05-29 23:15:00,1BY6WEcLGh8j5v7,0,0,7564,6.36537e+06
2020-06-13 18:30:00,pkci93gMrogZuBj,67.5,6.525,8353.75,7.38916e+06
2020-05-26 05:30:00,WRmjgnKYAwPKWDb,0,0,0,7.11e+06
2020-06-13 13:30:00,iCRJl6heRkivqQ3,7982.25,781.312,5719.25,7.39708e+06
2020-06-17 16:30:00,WRmjgnKYAwPKWDb,1880.12,184.062,5755.12,7.27333e+06
2020-05-19 14:00:00,rGa61gmuvPhdLxV,9378.71,917.343,4795.14,7.1417e+06
2020-05-15 10:30:00,3PZuoBAID5Wc2HD,5319.86,521.6,1661.86,6.98942e+06
2020-06-05 00:00:00,adLQvlD726eNBSB,0,0,0,6.43058e+06
2020-05-26 10:00:00,wCURE6d3bPkepu2,10776.6,1053.27,1975.29,6.86663e+06
2020-06-08 00:15:00,zBIq5rxdHJRwDNY,0,0,0,6.51491e+06
2020-05-28 10:45:00,zVJPv84UY57bAof,10275.7,1002.66,2706,7.21479e+06
2020-06-05 01:00:00,zBIq5rxdHJRwDNY,0,0,0,6.49258e+06
2020-05-30 11:45:00,1IF53ai7Xc0U56Y,9337.86,912.929,2354.43,6.30057e+06
2020-05-18 23:15:00,YxYtjZvoooNbGkE,0,0,5369,7.2056e+06
2020-05-19 20:30:00,adLQvlD726eNBSB,0,0,0,6.30451e+06
2020-05-21 23:15:00,bvBOhCH3iADSZry,0,0,7110,6.36215e+06
2020-06-16 13:45:00,bvBOhCH3iADSZry,5474.62,536.388,4127.38,6.53192e+06
2020-06-10 14:30:00,z9Y9gH1T5YWrNuG,6006.43,587.957,5407,7.20446e+06
2020-06-11 10:00:00,rGa61gmuvPhdLxV,5209.38,510.637,943.25,7.31171e+06
2020-06-17 15:45:00,sjndEbLyjtCKgGv,1400.38,136.65,5478.5,7.26127e+06
2020-06-07 19:30:00,ih0vzX44oOqAx2f,0,0,8019,6.35869e+06
2020-05-26 08:15:00,ZnxXDlPa8U1GXgE,5985.88,586.538,540,6.60521e+06
2020-06-09 02:00:00,VHMLBKoKgIrUVDU,0,0,0,7.3947e+06
2020-06-14 07:45:00,pkci93gMrogZuBj,4347.88,426.85,305.5,7.38947e+06
2020-06-08 07:15:00,zBIq5rxdHJRwDNY,1838.25,180.15,120.125,6.51503e+06
2020-06-15 21:30:00,bvBOhCH3iADSZry,0,0,6192,6.52779e+06
2020-05-30 13:15:00,McdE0feGgRqW7Ca,11436.8,1116.67,3927.88,7.27714e+06
2020-05-19 20:30:00,YxYtjZvoooNbGkE,0,0,6878,7.21248e+06
2020-05-22 10:45:00,YxYtjZvoooNbGkE,8643,844.513,1974.5,7.23101e+06
2020-06-11 08:15:00,1BY6WEcLGh8j5v7,2702.71,265.086,237.571,6.44522e+06
2020-06-17 11:45:00,wCURE6d3bPkepu2,11444.4,1117.29,2519,7.02524e+06
2020-06-01 02:15:00,zBIq5rxdHJRwDNY,0,0,0,6.46324e+06
2020-05-15 10:30:00,adLQvlD726eNBSB,5257.57,515.571,1712.43,6.27307e+06
2020-05-23 01:00:00,wCURE6d3bPkepu2,0,0,0,6.83922e+06
2020-05-17 22:00:00,uHbuxQJl8lW7ozc,0,0,7454,7.05879e+06
2020-05-28 10:45:00,bvBOhCH3iADSZry,8876.5,867.6,2543.88,6.40838e+06
2020-05-19 21:15:00,ZoEaEvLYb1n2sOq,0,0,6805,7.13033e+06
2020-05-20 06:30:00,adLQvlD726eNBSB,782.125,75.875,22.875,6.30454e+06
2020-06-13 09:15:00,WRmjgnKYAwPKWDb,9191.57,899.014,1356.86,7.24014e+06
2020-05-17 08:15:00,1IF53ai7Xc0U56Y,5427,531.925,525.25,6.19712e+06
2020-06-15 08:00:00,ZoEaEvLYb1n2sOq,6230.29,610.429,372.429,7.32342e+06
2020-06-06 21:45:00,wCURE6d3bPkepu2,0,0,0,6.95309e+06
2020-06-06 07:30:00,VHMLBKoKgIrUVDU,4056.88,398.575,271.5,7.37183e+06
2020-05-31 22:15:00,zBIq5rxdHJRwDNY,0,0,0,6.46324e+06
2020-06-14 01:45:00,McdE0feGgRqW7Ca,0,0,0,7.38192e+06
2020-05-18 04:45:00,bvBOhCH3iADSZry,0,0,0,6.33558e+06
2020-06-05 11:00:00,bvBOhCH3iADSZry,9728.29,950.2,2406,6.46259e+06
2020-05-23 01:00:00,zBIq5rxdHJRwDNY,0,0,0,6.39581e+06
2020-06-01 15:00:00,zBIq5rxdHJRwDNY,2943.29,288.914,5342.14,6.46858e+06
2020-05-26 00:15:00,bvBOhCH3iADSZry,0,0,0,6.39234e+06
2020-06-12 20:45:00,1BY6WEcLGh8j5v7,0,0,5441,6.45568e+06
2020-05-25 11:00:00,sjndEbLyjtCKgGv,11861.6,1156.53,2981.88,7.09233e+06
2020-05-15 02:15:00,WRmjgnKYAwPKWDb,0,0,0,7.02867e+06
2020-05-31 08:30:00,bvBOhCH3iADSZry,4000.86,393.071,400,6.42808e+06
2020-06-05 08:45:00,zBIq5rxdHJRwDNY,7830.12,766.487,694.875,6.49327e+06
2020-05-18 23:15:00,VHMLBKoKgIrUVDU,0,0,5457,7.23255e+06
2020-06-08 15:30:00,sjndEbLyjtCKgGv,7808,764.043,7394.43,7.19995e+06
2020-06-14 14:45:00,bvBOhCH3iADSZry,5929.75,581.062,2696.12,6.52034e+06
2020-06-15 10:45:00,3PZuoBAID5Wc2HD,8717,851.725,2759,7.22098e+06
2020-05-20 13:00:00,ih0vzX44oOqAx2f,11880.5,1158.7,5325.38,6.2226e+06
2020-05-18 00:00:00,sjndEbLyjtCKgGv,0,0,0,7.03705e+06
2020-05-22 15:45:00,WRmjgnKYAwPKWDb,4452.25,436.925,6823.88,7.08418e+06
2020-06-09 14:45:00,iCRJl6heRkivqQ3,7798.43,763.214,6522.86,7.37148e+06
2020-05-21 18:00:00,pkci93gMrogZuBj,311.75,30.1,7771.5,7.21797e+06
2020-05-26 02:45:00,YxYtjZvoooNbGkE,0,0,0,7.26146e+06
2020-05-16 09:00:00,WRmjgnKYAwPKWDb,6406,627.529,906.143,7.03572e+06
2020-05-31 12:45:00,bvBOhCH3iADSZry,12623.3,1230.76,3717.43,6.4314e+06
2020-05-17 13:15:00,McdE0feGgRqW7Ca,6429.12,629,5022.62,7.17704e+06
2020-06-14 21:15:00,bvBOhCH3iADSZry,0,0,3958,6.5216e+06
2020-06-14 20:15:00,VHMLBKoKgIrUVDU,0,0,7489,7.43706e+06
2020-05-16 11:15:00,pkci93gMrogZuBj,6742.71,660.414,2400.14,7.17788e+06
2020-05-31 01:15:00,ZoEaEvLYb1n2sOq,0,0,0,7.21685e+06
2020-05-26 02:15:00,YxYtjZvoooNbGkE,0,0,0,7.26146e+06
2020-05-17 07:30:00,rGa61gmuvPhdLxV,2792.29,274.171,157,7.12426e+06
2020-06-13 21:30:00,zVJPv84UY57bAof,0,0,8410,7.33696e+06
2020-06-12 07:30:00,7JYdWkrLSPkdwr4,946.143,91.8857,88.7143,7.80675e+06
2020-05-19 01:15:00,z9Y9gH1T5YWrNuG,0,0,0,7.03357e+06
2020-05-22 09:45:00,VHMLBKoKgIrUVDU,5400.25,529.5,1342,7.2577e+06
2020-05-15 18:00:00,WRmjgnKYAwPKWDb,292,28.2286,6136.71,7.03481e+06
2020-05-19 21:45:00,pkci93gMrogZuBj,0,0,6938,7.20135e+06
2020-05-22 22:00:00,adLQvlD726eNBSB,0,0,7378,6.32895e+06
2020-05-16 11:30:00,z9Y9gH1T5YWrNuG,7666.57,750.443,2646.71,7.0169e+06
2020-06-10 04:00:00,uHbuxQJl8lW7ozc,0,0,0,7.23386e+06
2020-06-01 23:45:00,1IF53ai7Xc0U56Y,0,0,6012,6.31744e+06
2020-06-11 13:15:00,iCRJl6heRkivqQ3,7393.88,723.925,3239.25,7.38302e+06
2020-05-21 23:45:00,WRmjgnKYAwPKWDb,0,0,0,7.07736e+06
2020-05-27 07:45:00,7JYdWkrLSPkdwr4,3909.14,384.029,305.429,7.69222e+06
2020-06-16 11:45:00,YxYtjZvoooNbGkE,7407.86,725.157,3214,7.41655e+06
2020-05-21 19:45:00,1BY6WEcLGh8j5v7,0,0,7243,6.30559e+06
2020-06-02 18:00:00,YxYtjZvoooNbGkE,362,35,7399.29,7.31892e+06
2020-06-13 12:45:00,WRmjgnKYAwPKWDb,11781,1149.41,5066.25,7.24385e+06
2020-06-13 08:30:00,sjndEbLyjtCKgGv,6917.71,677.5,696.286,7.2278e+06
2020-06-10 20:15:00,1BY6WEcLGh8j5v7,0,0,5911,6.44498e+06
2020-06-05 10:30:00,bvBOhCH3iADSZry,9798.43,956.786,1918.43,6.4621e+06
2020-06-12 15:30:00,3PZuoBAID5Wc2HD,5909.75,579.1,5226.75,7.20141e+06
2020-05-30 04:15:00,sjndEbLyjtCKgGv,0,0,0,7.12903e+06
2020-06-09 20:30:00,McdE0feGgRqW7Ca,0,0,8235,7.35502e+06
2020-05-19 05:45:00,1BY6WEcLGh8j5v7,0,0,0,6.28365e+06
2020-05-22 23:15:00,rGa61gmuvPhdLxV,0,0,0,7.16714e+06
2020-05-26 09:00:00,uHbuxQJl8lW7ozc,8150.14,797.7,1046.86,7.12174e+06
2020-06-13 00:00:00,ZoEaEvLYb1n2sOq,0,0,0,7.30738e+06
2020-05-18 11:30:00,rGa61gmuvPhdLxV,5301,519.625,1318.25,7.13286e+06
2020-05-19 04:45:00,1BY6WEcLGh8j5v7,0,0,0,6.28365e+06
2020-06-06 21:30:00,uHbuxQJl8lW7ozc,0,0,0,7.20886e+06
2020-05-26 05:30:00,zVJPv84UY57bAof,0,0,0,7.19761e+06
2020-06-02 10:30:00,WRmjgnKYAwPKWDb,6529.43,639.543,2182.86,7.16188e+06
2020-05-21 16:15:00,1BY6WEcLGh8j5v7,3180.29,312.4,6976.43,6.30532e+06
2020-05-16 06:30:00,1IF53ai7Xc0U56Y,735.5,71.3,17.25,6.19002e+06
2020-05-17 06:30:00,rGa61gmuvPhdLxV,462.429,44.7143,7.85714,7.12411e+06
2020-06-17 02:30:00,rGa61gmuvPhdLxV,0,0,0,7.35095e+06
2020-06-08 01:30:00,McdE0feGgRqW7Ca,0,0,0,7.3382e+06
2020-06-11 19:00:00,1BY6WEcLGh8j5v7,0,0,5257,6.45024e+06
2020-06-01 09:45:00,1BY6WEcLGh8j5v7,6253.5,612.612,1469.88,6.3794e+06
2020-05-28 03:15:00,zVJPv84UY57bAof,0,0,0,7.21208e+06
2020-06-08 13:00:00,WRmjgnKYAwPKWDb,10096,985.529,5009,7.20969e+06
2020-05-27 11:15:00,sjndEbLyjtCKgGv,11297.7,1102.37,2764.57,7.10865e+06
2020-06-15 10:45:00,sjndEbLyjtCKgGv,11271.6,1100.2,2716.57,7.24553e+06
2020-06-09 18:45:00,rGa61gmuvPhdLxV,0,0,8240,7.3042e+06
2020-06-04 10:30:00,ZoEaEvLYb1n2sOq,10275.2,1003.39,1989.25,7.24549e+06
2020-05-16 18:15:00,1BY6WEcLGh8j5v7,120.143,11.6,6291.43,6.2716e+06
2020-05-31 07:30:00,ZnxXDlPa8U1GXgE,2018.62,197.887,145,6.64353e+06
2020-05-17 07:00:00,WRmjgnKYAwPKWDb,1479.5,144.475,53,7.04148e+06
2020-05-23 10:45:00,ZnxXDlPa8U1GXgE,8582.88,838.875,2525.5,6.58166e+06
2020-06-14 23:30:00,rGa61gmuvPhdLxV,0,0,7302,7.33797e+06
2020-06-12 01:00:00,z9Y9gH1T5YWrNuG,0,0,0,7.21106e+06
2020-06-06 22:30:00,zBIq5rxdHJRwDNY,0,0,0,6.50673e+06
2020-05-23 18:30:00,zBIq5rxdHJRwDNY,34.875,3.375,8674,6.40448e+06
2020-05-16 09:45:00,adLQvlD726eNBSB,8174.25,799.987,1413,6.27915e+06
2020-06-07 07:15:00,adLQvlD726eNBSB,1921.62,188.338,140.25,6.44517e+06
2020-05-28 05:30:00,ZnxXDlPa8U1GXgE,0,0,0,6.61938e+06
2020-05-31 14:00:00,uHbuxQJl8lW7ozc,9548.14,932.5,4996.86,7.16427e+06
2020-05-31 05:45:00,rGa61gmuvPhdLxV,0,0,0,7.23044e+06
2020-05-31 20:45:00,uHbuxQJl8lW7ozc,0,0,6081,7.16535e+06
2020-05-28 17:45:00,zBIq5rxdHJRwDNY,629.5,60.9375,7886.38,6.44197e+06
2020-05-30 01:30:00,uHbuxQJl8lW7ozc,0,0,0,7.15193e+06
2020-05-30 19:00:00,McdE0feGgRqW7Ca,0,0,7352,7.28056e+06
2020-06-10 17:45:00,VHMLBKoKgIrUVDU,1191.86,115.9,6450.71,7.40927e+06
2020-06-09 15:15:00,uHbuxQJl8lW7ozc,8389.14,820.971,6995.14,7.23255e+06
2020-06-10 21:45:00,zBIq5rxdHJRwDNY,0,0,6498,6.5379e+06
2020-05-16 16:30:00,pkci93gMrogZuBj,2609.14,255.871,5941.71,7.18142e+06
2020-06-07 06:45:00,ZnxXDlPa8U1GXgE,1516.14,148.229,47,6.6931e+06
2020-05-27 16:00:00,3PZuoBAID5Wc2HD,6199.14,607.329,6211.29,7.08492e+06
2020-06-16 14:30:00,VHMLBKoKgIrUVDU,10570.9,1032.03,5012,7.44888e+06
2020-06-12 14:00:00,7JYdWkrLSPkdwr4,8712.43,852.443,4188.14,7.81085e+06
2020-05-30 17:45:00,ZnxXDlPa8U1GXgE,1023.5,99.475,7281.25,6.64335e+06
2020-06-05 20:15:00,7JYdWkrLSPkdwr4,0,0,0,7.76414e+06
2020-05-24 13:45:00,1BY6WEcLGh8j5v7,11000.8,1075.08,5513.62,6.32592e+06
2020-06-06 03:45:00,bvBOhCH3iADSZry,0,0,0,6.46725e+06
2020-06-02 09:30:00,adLQvlD726eNBSB,9931.71,969.943,1356.29,6.40819e+06
2020-05-25 18:45:00,iCRJl6heRkivqQ3,0,0,8869,7.26013e+06
2020-06-06 08:00:00,McdE0feGgRqW7Ca,5242,513.871,486.143,7.32517e+06
2020-06-13 15:00:00,McdE0feGgRqW7Ca,10229.4,999.7,7310.14,7.38064e+06
2020-05-31 23:15:00,WRmjgnKYAwPKWDb,0,0,5837,7.15387e+06
2020-06-01 14:45:00,wCURE6d3bPkepu2,2873.75,282.137,5430.25,6.91484e+06
2020-06-08 11:30:00,ZnxXDlPa8U1GXgE,10833.9,1058.11,3598.86,6.70486e+06
2020-05-26 08:30:00,pkci93gMrogZuBj,6490,635.771,668.143,7.25119e+06
2020-06-08 03:30:00,sjndEbLyjtCKgGv,0,0,0,7.19255e+06
2020-06-13 22:15:00,VHMLBKoKgIrUVDU,0,0,8652,7.42957e+06
2020-06-11 12:15:00,McdE0feGgRqW7Ca,9087.12,888.938,2568,7.36419e+06
2020-06-15 08:15:00,pkci93gMrogZuBj,7001.57,685.671,543.571,7.39697e+06
2020-05-24 09:00:00,bvBOhCH3iADSZry,7089.12,694.125,882.25,6.37765e+06
2020-06-07 17:00:00,zVJPv84UY57bAof,3429.57,336.586,8023.43,7.29355e+06
2020-06-07 19:00:00,ZoEaEvLYb1n2sOq,0,0,8085,7.27345e+06
2020-05-31 18:45:00,ZoEaEvLYb1n2sOq,0,0,5796,7.22264e+06
2020-06-08 17:30:00,McdE0feGgRqW7Ca,2035.43,199.429,8487.29,7.34669e+06
2020-06-09 04:15:00,rGa61gmuvPhdLxV,0,0,0,7.29596e+06
2020-05-30 13:15:00,ZnxXDlPa8U1GXgE,12273.6,1197.4,3924.86,6.63999e+06
2020-06-10 10:30:00,McdE0feGgRqW7Ca,6710.57,657.229,1898.14,7.35692e+06
2020-06-09 01:45:00,adLQvlD726eNBSB,0,0,0,6.462e+06
2020-05-30 06:15:00,ZnxXDlPa8U1GXgE,319,30.8143,5.71429,6.63607e+06
2020-06-16 06:30:00,bvBOhCH3iADSZry,632.375,61.25,10.5,6.5278e+06
2020-06-15 16:00:00,YxYtjZvoooNbGkE,1819.25,178,6156,7.41286e+06
2020-06-05 00:30:00,ZnxXDlPa8U1GXgE,0,0,0,6.67906e+06
2020-06-17 14:00:00,adLQvlD726eNBSB,6460.62,632.737,4841.38,6.52324e+06
2020-06-02 15:45:00,VHMLBKoKgIrUVDU,6334.25,620.487,6717.62,7.34703e+06
2020-05-31 18:00:00,ZnxXDlPa8U1GXgE,693,67.1429,6127.57,6.64951e+06
2020-06-11 23:45:00,ZoEaEvLYb1n2sOq,0,0,5561,7.30163e+06
2020-06-17 03:15:00,YxYtjZvoooNbGkE,0,0,0,7.41956e+06
2020-05-24 19:15:00,sjndEbLyjtCKgGv,0,0,7902,7.08935e+06
2020-06-07 17:30:00,3PZuoBAID5Wc2HD,2113.75,207.137,8164,7.16715e+06
2020-05-16 18:00:00,7JYdWkrLSPkdwr4,402.429,38.9143,6452.43,7.61553e+06
2020-05-26 14:00:00,ZoEaEvLYb1n2sOq,9134.12,892.425,5989.38,7.1849e+06
2020-05-16 03:45:00,z9Y9gH1T5YWrNuG,0,0,0,7.01425e+06
2020-05-31 11:15:00,wCURE6d3bPkepu2,12817.1,1250.35,2699,6.90586e+06
2020-06-09 22:15:00,McdE0feGgRqW7Ca,0,0,8235,7.35502e+06
2020-05-31 04:45:00,VHMLBKoKgIrUVDU,0,0,0,7.32833e+06
2020-05-18 13:15:00,YxYtjZvoooNbGkE,10415,1017.2,2652.57,7.20288e+06
2020-05-31 19:30:00,1IF53ai7Xc0U56Y,0,0,5889,6.31143e+06
2020-06-11 10:30:00,z9Y9gH1T5YWrNuG,5721.14,560.7,1200.71,7.20667e+06
2020-06-02 20:30:00,zVJPv84UY57bAof,0,0,7451,7.25522e+06
2020-05-23 01:00:00,zVJPv84UY57bAof,0,0,0,7.17229e+06
2020-06-03 18:45:00,1BY6WEcLGh8j5v7,0,0,7341,6.39781e+06
2020-06-02 20:45:00,3PZuoBAID5Wc2HD,0,0,0,7.12861e+06
2020-05-31 22:15:00,YxYtjZvoooNbGkE,0,0,5970,7.30574e+06
2020-05-24 06:00:00,WRmjgnKYAwPKWDb,110.25,10.65,0.375,7.09303e+06
2020-06-07 13:00:00,ih0vzX44oOqAx2f,12350.5,1204.19,4822.62,6.3555e+06
2020-06-12 08:15:00,sjndEbLyjtCKgGv,2800.43,274.686,209.143,7.22146e+06
2020-05-26 20:00:00,uHbuxQJl8lW7ozc,0,0,0,7.12854e+06
2020-05-19 14:30:00,zBIq5rxdHJRwDNY,10436.6,1020.24,5264.29,6.37031e+06
2020-06-05 15:30:00,z9Y9gH1T5YWrNuG,5144,503.543,6458.57,7.16972e+06
2020-05-23 13:00:00,YxYtjZvoooNbGkE,10306.4,1007.53,5136.43,7.24126e+06
2020-06-05 05:30:00,zBIq5rxdHJRwDNY,0,0,0,6.49258e+06
2020-05-27 03:30:00,zVJPv84UY57bAof,0,0,0,7.20538e+06
2020-06-09 04:45:00,iCRJl6heRkivqQ3,0,0,0,7.36496e+06
2020-05-20 06:45:00,iCRJl6heRkivqQ3,938,91.1125,40,7.21076e+06
2020-06-11 08:30:00,VHMLBKoKgIrUVDU,3085.88,303.087,334.625,7.40963e+06
2020-05-17 19:00:00,3PZuoBAID5Wc2HD,0,0,7794,7.00848e+06
2020-05-29 06:15:00,ih0vzX44oOqAx2f,446.167,43.2167,2,6.28717e+06
2020-06-08 12:15:00,sjndEbLyjtCKgGv,8350.86,817.057,4290,7.19684e+06
2020-06-13 06:45:00,7JYdWkrLSPkdwr4,1127.5,109.625,38,7.81246e+06
2020-06-14 06:30:00,VHMLBKoKgIrUVDU,677.5,65.65,16.75,7.42958e+06
2020-06-06 21:00:00,7JYdWkrLSPkdwr4,0,0,6317,7.77046e+06
2020-05-25 08:00:00,WRmjgnKYAwPKWDb,4575.29,448.8,386.714,7.1015e+06
2020-06-02 23:15:00,ZoEaEvLYb1n2sOq,0,0,7287,7.23573e+06
2020-05-18 12:30:00,WRmjgnKYAwPKWDb,8417.43,823.729,2055.57,7.05116e+06
2020-06-02 10:30:00,sjndEbLyjtCKgGv,7252.62,710.075,2303.5,7.15031e+06
2020-05-29 11:00:00,1BY6WEcLGh8j5v7,10951.3,1069.87,2519.43,6.36033e+06
2020-05-18 13:00:00,uHbuxQJl8lW7ozc,8312,813.4,2467.12,7.06126e+06
2020-06-14 04:00:00,7JYdWkrLSPkdwr4,0,0,0,7.82085e+06
2020-05-18 10:30:00,1BY6WEcLGh8j5v7,2999,294.586,695.429,6.27935e+06
2020-05-15 06:45:00,YxYtjZvoooNbGkE,1292.12,125.963,37.25,7.18e+06
2020-05-16 11:00:00,wCURE6d3bPkepu2,7736.88,757.375,2296.5,6.79122e+06
2020-06-17 19:00:00,ih0vzX44oOqAx2f,0,0,5758,6.42613e+06
2020-06-02 06:45:00,uHbuxQJl8lW7ozc,809.25,78.5375,30.75,7.17097e+06
2020-06-15 18:45:00,ZoEaEvLYb1n2sOq,0,0,6639,7.32969e+06
2020-05-29 18:00:00,zVJPv84UY57bAof,445,43.0375,8209.25,7.22868e+06
2020-06-16 12:15:00,7JYdWkrLSPkdwr4,6473,634.038,3425.12,7.83822e+06
2020-06-05 16:30:00,YxYtjZvoooNbGkE,6032.57,591.1,7030.86,7.34192e+06
2020-05-20 12:30:00,YxYtjZvoooNbGkE,12873,1255.13,4777.71,7.21725e+06
2020-06-02 11:30:00,adLQvlD726eNBSB,6647.29,651.1,3089.86,6.40992e+06
2020-05-22 14:15:00,rGa61gmuvPhdLxV,7926.5,775.6,5334,7.16573e+06
2020-06-16 05:45:00,wCURE6d3bPkepu2,0,0,0,7.01644e+06
2020-05-21 23:00:00,zVJPv84UY57bAof,0,0,7944,7.16512e+06
2020-06-05 23:00:00,WRmjgnKYAwPKWDb,0,0,0,7.19027e+06
2020-06-09 13:30:00,1BY6WEcLGh8j5v7,9372.43,915.329,5088.43,6.4367e+06
2020-05-26 19:30:00,uHbuxQJl8lW7ozc,0,0,0,7.12854e+06
2020-06-11 17:00:00,adLQvlD726eNBSB,2456.12,240.838,5625.5,6.48257e+06
2020-06-05 11:00:00,sjndEbLyjtCKgGv,8333.88,815.075,2575.88,7.17409e+06
2020-05-21 11:45:00,wCURE6d3bPkepu2,12387.6,1208.49,3556.88,6.8278e+06
2020-06-12 09:30:00,7JYdWkrLSPkdwr4,5280.88,517.663,749.25,7.80741e+06
2020-05-21 10:15:00,1IF53ai7Xc0U56Y,7354.86,719.086,2075.57,6.2275e+06
2020-05-15 11:45:00,sjndEbLyjtCKgGv,6771.38,663.075,2640,7.01947e+06
2020-06-03 19:15:00,zVJPv84UY57bAof,0,0,7836,7.26305e+06
2020-05-18 03:30:00,zVJPv84UY57bAof,0,0,0,7.13602e+06
2020-05-24 14:30:00,ih0vzX44oOqAx2f,6684.71,654.529,6256.86,6.25519e+06
2020-06-07 04:15:00,zVJPv84UY57bAof,0,0,0,7.28553e+06
2020-05-31 14:00:00,adLQvlD726eNBSB,10837.4,1057.74,4771.62,6.39954e+06
2020-05-25 00:30:00,1BY6WEcLGh8j5v7,0,0,0,6.32794e+06
2020-05-17 08:00:00,uHbuxQJl8lW7ozc,4843,475.071,363.143,7.0517e+06
2020-05-20 06:30:00,3PZuoBAID5Wc2HD,747.714,72.4857,20.5714,7.02053e+06
2020-06-12 11:45:00,bvBOhCH3iADSZry,8490.57,830.857,2212.29,6.50662e+06
2020-05-16 13:45:00,WRmjgnKYAwPKWDb,6439,630.757,4867,7.03968e+06
2020-05-21 08:00:00,uHbuxQJl8lW7ozc,4829.8,473.54,369.2,7.08047e+06
2020-05-30 18:00:00,VHMLBKoKgIrUVDU,647.286,62.6714,7254.57,7.32831e+06
2020-05-22 10:30:00,ZnxXDlPa8U1GXgE,6476.62,634.025,1898.5,6.57376e+06
2020-06-06 17:45:00,YxYtjZvoooNbGkE,335.75,32.4375,6317.75,7.34881e+06
2020-06-03 18:15:00,1BY6WEcLGh8j5v7,347,33.5429,7334.86,6.3978e+06
2020-06-11 21:45:00,pkci93gMrogZuBj,0,0,5662,7.37496e+06
2020-05-15 16:15:00,iCRJl6heRkivqQ3,4732.14,464.257,5983,7.18398e+06
2020-06-07 06:00:00,WRmjgnKYAwPKWDb,66,6.37143,0.285714,7.19661e+06
2020-05-17 23:30:00,zVJPv84UY57bAof,0,0,7480,7.13602e+06
2020-05-19 23:45:00,ZoEaEvLYb1n2sOq,0,0,6805,7.13033e+06
2020-06-07 21:45:00,1IF53ai7Xc0U56Y,0,0,8239,6.36334e+06
2020-05-16 05:45:00,ZnxXDlPa8U1GXgE,0,0,0,6.52848e+06
2020-06-03 18:15:00,3PZuoBAID5Wc2HD,360.429,34.8429,7868.29,7.13648e+06
2020-06-15 19:15:00,1IF53ai7Xc0U56Y,0,0,6846,6.42121e+06
2020-06-02 12:45:00,7JYdWkrLSPkdwr4,10673.3,1042.63,4011.86,7.73764e+06
2020-06-04 15:30:00,zBIq5rxdHJRwDNY,8800,860.9,6943.29,6.49129e+06
2020-06-13 01:00:00,pkci93gMrogZuBj,0,0,0,7.38081e+06
2020-05-18 21:15:00,zBIq5rxdHJRwDNY,0,0,5390,6.36505e+06
2020-05-25 14:45:00,3PZuoBAID5Wc2HD,9591.29,937.957,7597.14,7.06917e+06
2020-05-24 02:15:00,sjndEbLyjtCKgGv,0,0,0,7.08145e+06
2020-05-20 13:15:00,McdE0feGgRqW7Ca,12517.5,1220.43,5743.83,7.19784e+06
2020-05-18 16:30:00,3PZuoBAID5Wc2HD,3796.62,373.05,5160.88,7.01364e+06
2020-05-21 12:45:00,1BY6WEcLGh8j5v7,8430.25,824.4,4273.38,6.30262e+06
2020-05-26 14:00:00,McdE0feGgRqW7Ca,9593.5,936.5,6153.5,7.2478e+06
2020-06-16 01:45:00,VHMLBKoKgIrUVDU,0,0,0,7.44387e+06
2020-06-12 15:15:00,zBIq5rxdHJRwDNY,4924.88,482.938,5027.25,6.54858e+06
2020-06-07 04:15:00,3PZuoBAID5Wc2HD,0,0,0,7.15898e+06
2020-06-04 15:15:00,wCURE6d3bPkepu2,8597,840.657,6748.57,6.93752e+06
2020-05-15 13:30:00,7JYdWkrLSPkdwr4,7975.43,780.686,3782.29,7.60674e+06
2020-05-26 22:30:00,1BY6WEcLGh8j5v7,0,0,0,6.34367e+06
2020-06-03 02:45:00,7JYdWkrLSPkdwr4,0,0,0,7.74087e+06
2020-05-22 15:30:00,rGa61gmuvPhdLxV,4100.62,402.125,6269.5,7.16667e+06
2020-05-28 10:00:00,1IF53ai7Xc0U56Y,10736.1,1048.64,2093,6.28356e+06
2020-05-27 17:15:00,sjndEbLyjtCKgGv,1840.71,180.186,6613.86,7.1125e+06
2020-06-17 11:00:00,WRmjgnKYAwPKWDb,6593.29,645.657,1935.86,7.26951e+06
2020-06-16 19:45:00,sjndEbLyjtCKgGv,0,0,6255,7.25579e+06
2020-05-17 14:15:00,McdE0feGgRqW7Ca,4386,430.55,5903.12,7.17792e+06
2020-06-04 03:45:00,WRmjgnKYAwPKWDb,0,0,0,7.17463e+06
2020-06-04 12:30:00,ZnxXDlPa8U1GXgE,8029.88,785.425,4103.38,6.67499e+06
2020-06-14 09:00:00,WRmjgnKYAwPKWDb,6076,595.286,889,7.24807e+06
2020-05-17 12:45:00,1IF53ai7Xc0U56Y,11852.4,1156.49,4790.14,6.20138e+06
2020-05-19 21:30:00,wCURE6d3bPkepu2,0,0,6956,6.81535e+06
2020-05-21 07:45:00,uHbuxQJl8lW7ozc,4057.5,398.65,302.5,7.08041e+06
2020-05-17 14:30:00,VHMLBKoKgIrUVDU,4206,412.529,6079.14,7.22546e+06
2020-06-05 23:15:00,wCURE6d3bPkepu2,0,0,7748,6.94677e+06
2020-06-09 02:30:00,7JYdWkrLSPkdwr4,0,0,0,7.78679e+06
2020-06-10 02:00:00,zVJPv84UY57bAof,0,0,0,7.31046e+06
2020-06-01 16:30:00,wCURE6d3bPkepu2,1727.29,169.286,5770.29,6.91518e+06
2020-05-22 16:45:00,zVJPv84UY57bAof,1949.86,191.143,7037.71,7.17216e+06
2020-05-30 02:30:00,sjndEbLyjtCKgGv,0,0,0,7.12903e+06
2020-05-18 09:45:00,3PZuoBAID5Wc2HD,1547.25,151.175,595.125,7.00908e+06
2020-06-01 23:15:00,1BY6WEcLGh8j5v7,0,0,5508,6.38344e+06
2020-05-24 05:45:00,rGa61gmuvPhdLxV,0,0,0,7.17529e+06
2020-05-29 23:30:00,zBIq5rxdHJRwDNY,0,0,0,6.4499e+06
2020-06-13 10:45:00,YxYtjZvoooNbGkE,9176.38,896.163,2607.25,7.39367e+06
2020-06-14 15:45:00,WRmjgnKYAwPKWDb,5921.75,580.275,6820.25,7.254e+06
2020-05-15 03:45:00,z9Y9gH1T5YWrNuG,0,0,0,7.00787e+06
2020-05-30 00:15:00,3PZuoBAID5Wc2HD,0,0,0,7.10219e+06
2020-06-09 07:15:00,pkci93gMrogZuBj,2547.38,249.8,150.375,7.35463e+06
2020-05-30 11:30:00,ih0vzX44oOqAx2f,7512.29,735.5,2074.29,6.2972e+06
2020-05-29 23:00:00,ZnxXDlPa8U1GXgE,0,0,8150,6.63607e+06
2020-06-02 15:45:00,ZnxXDlPa8U1GXgE,7040.75,689.275,6784.38,6.66223e+06
2020-05-17 12:45:00,7JYdWkrLSPkdwr4,10987.5,1072.34,4609.88,7.62015e+06
2020-05-31 11:45:00,iCRJl6heRkivqQ3,7087,693.8,3061.14,7.30166e+06
2020-06-17 04:45:00,ZnxXDlPa8U1GXgE,0,0,0,6.76481e+06
2020-05-26 08:15:00,7JYdWkrLSPkdwr4,5995.25,587.438,560.125,7.68458e+06
2020-05-19 08:15:00,z9Y9gH1T5YWrNuG,2831.12,277.675,368.875,7.03394e+06
2020-06-03 03:15:00,3PZuoBAID5Wc2HD,0,0,0,7.12861e+06
2020-06-13 18:30:00,McdE0feGgRqW7Ca,70.2857,6.78571,8594.43,7.38192e+06
2020-06-01 22:15:00,McdE0feGgRqW7Ca,0,0,5992,7.29275e+06
2020-06-04 08:30:00,z9Y9gH1T5YWrNuG,6132.14,600.886,618.429,7.15573e+06
2020-05-29 17:15:00,bvBOhCH3iADSZry,2105.29,206.414,7354.57,6.42094e+06
2020-06-16 14:45:00,1BY6WEcLGh8j5v7,6350.29,622.114,4847.29,6.4788e+06
2020-05-15 03:45:00,McdE0feGgRqW7Ca,0,0,0,7.15896e+06
2020-05-29 23:00:00,7JYdWkrLSPkdwr4,0,0,8007,7.71484e+06
2020-06-02 12:15:00,YxYtjZvoooNbGkE,9686.29,947.014,3628.57,7.31514e+06
2020-05-26 10:00:00,uHbuxQJl8lW7ozc,10527.9,1029.07,1967.29,7.12266e+06
2020-06-12 08:30:00,bvBOhCH3iADSZry,2975.57,292,261.429,6.50467e+06
2020-05-21 20:30:00,WRmjgnKYAwPKWDb,0,0,0,7.07736e+06
2020-06-09 03:45:00,ZoEaEvLYb1n2sOq,0,0,0,7.28172e+06
2020-06-11 17:45:00,zBIq5rxdHJRwDNY,988.857,96.0857,5612,6.54352e+06
2020-06-12 07:45:00,bvBOhCH3iADSZry,1216.5,118.325,107.125,6.50451e+06
2020-05-20 11:00:00,bvBOhCH3iADSZry,10609.9,1037.09,2770.75,6.34968e+06
2020-06-14 11:30:00,rGa61gmuvPhdLxV,9289.5,908.337,3050.25,7.33372e+06
2020-05-26 03:45:00,McdE0feGgRqW7Ca,0,0,0,7.24165e+06
2020-06-07 22:15:00,3PZuoBAID5Wc2HD,0,0,8242,7.16722e+06
2020-06-01 18:15:00,iCRJl6heRkivqQ3,277.857,26.8429,5777.71,7.31034e+06
2020-05-16 02:15:00,bvBOhCH3iADSZry,0,0,0,6.32251e+06
2020-06-13 19:15:00,7JYdWkrLSPkdwr4,0,0,8435,7.82085e+06
2020-06-14 04:00:00,iCRJl6heRkivqQ3,0,0,0,7.39986e+06
2020-05-24 09:15:00,1IF53ai7Xc0U56Y,7861.75,769.375,1210.62,6.25042e+06
2020-06-05 03:45:00,ZnxXDlPa8U1GXgE,0,0,0,6.67906e+06
2020-05-24 12:30:00,WRmjgnKYAwPKWDb,11870.4,1157.81,4528.14,7.09755e+06
2020-06-02 04:30:00,zBIq5rxdHJRwDNY,0,0,0,6.46903e+06
2020-06-08 04:15:00,z9Y9gH1T5YWrNuG,0,0,0,7.18363e+06
2020-06-04 10:15:00,zBIq5rxdHJRwDNY,8495.29,829.843,1783.57,6.48613e+06
2020-06-15 04:30:00,YxYtjZvoooNbGkE,0,0,0,7.4067e+06
2020-06-06 08:45:00,YxYtjZvoooNbGkE,5991.25,587.025,917.875,7.34341e+06
2020-05-15 16:15:00,ZnxXDlPa8U1GXgE,4593.62,450.725,5869.5,6.52804e+06
2020-06-16 02:00:00,uHbuxQJl8lW7ozc,0,0,0,7.27474e+06
2020-06-02 14:00:00,1BY6WEcLGh8j5v7,6286.57,615.9,5194.29,6.38863e+06
2020-05-24 14:30:00,iCRJl6heRkivqQ3,9016.43,881.129,6520,7.24974e+06
2020-05-23 06:45:00,YxYtjZvoooNbGkE,687.167,66.5833,26.5,7.23615e+06
2020-05-25 02:00:00,zBIq5rxdHJRwDNY,0,0,0,6.41176e+06
2020-06-05 04:45:00,McdE0feGgRqW7Ca,0,0,0,7.31676e+06
2020-06-14 02:45:00,YxYtjZvoooNbGkE,0,0,0,7.39944e+06
2020-05-24 20:30:00,WRmjgnKYAwPKWDb,0,0,8091,7.10112e+06
2020-06-17 09:00:00,7JYdWkrLSPkdwr4,5100,499.971,691.286,7.84166e+06
2020-05-25 19:00:00,bvBOhCH3iADSZry,0,0,8124,6.39234e+06
2020-06-01 12:45:00,7JYdWkrLSPkdwr4,3875.62,380.825,4157.5,7.73198e+06
2020-05-21 11:00:00,rGa61gmuvPhdLxV,9665.12,944.237,2694,7.15533e+06
2020-06-09 07:00:00,ih0vzX44oOqAx2f,2210.14,216.671,97,6.36701e+06
2020-05-26 15:15:00,7JYdWkrLSPkdwr4,3710.43,364.443,6732,7.69075e+06
2020-05-23 21:30:00,uHbuxQJl8lW7ozc,0,0,8493,7.10375e+06
2020-05-30 01:00:00,ih0vzX44oOqAx2f,0,0,0,6.29512e+06
2020-05-20 01:30:00,WRmjgnKYAwPKWDb,0,0,0,7.06093e+06
2020-05-17 05:00:00,ZnxXDlPa8U1GXgE,0,0,0,6.53515e+06
2020-06-01 12:45:00,wCURE6d3bPkepu2,3742.57,367.7,4194.71,6.9136e+06
2020-06-06 04:15:00,pkci93gMrogZuBj,0,0,0,7.33149e+06
2020-06-08 21:30:00,sjndEbLyjtCKgGv,0,0,8371,7.20092e+06
2020-05-27 12:00:00,sjndEbLyjtCKgGv,11949.4,1165.9,3626.12,7.10952e+06
2020-06-07 22:00:00,WRmjgnKYAwPKWDb,0,0,8071,7.20468e+06
2020-06-07 06:00:00,rGa61gmuvPhdLxV,46.7143,4.51429,0,7.2795e+06
2020-06-12 13:30:00,z9Y9gH1T5YWrNuG,8230.57,805.571,3770.43,7.21483e+06
2020-05-26 11:00:00,VHMLBKoKgIrUVDU,13057.6,1273.11,3157,7.29268e+06
2020-05-27 04:00:00,WRmjgnKYAwPKWDb,0,0,0,7.11788e+06
2020-05-20 18:00:00,pkci93gMrogZuBj,843.875,81.9125,8829.75,7.21018e+06
2020-06-17 02:15:00,1IF53ai7Xc0U56Y,0,0,0,6.42753e+06
2020-05-19 00:15:00,WRmjgnKYAwPKWDb,0,0,0,7.05445e+06
2020-06-09 10:00:00,ZoEaEvLYb1n2sOq,5233.5,512.837,1856,7.28358e+06
2020-05-29 23:15:00,z9Y9gH1T5YWrNuG,0,0,0,7.12046e+06
2020-06-13 04:30:00,pkci93gMrogZuBj,0,0,0,7.38081e+06
2020-06-10 10:00:00,McdE0feGgRqW7Ca,4915.14,482.071,1578.29,7.3566e+06
2020-05-20 01:15:00,WRmjgnKYAwPKWDb,0,0,0,7.06093e+06
2020-06-16 00:00:00,1IF53ai7Xc0U56Y,0,0,0,6.42121e+06
2020-05-15 15:00:00,uHbuxQJl8lW7ozc,6160.62,603.688,5237.25,7.04392e+06
2020-05-30 09:15:00,adLQvlD726eNBSB,5474.62,536.663,811.625,6.38816e+06
2020-05-21 14:45:00,wCURE6d3bPkepu2,7673.71,750.886,6564.14,6.83081e+06
2020-05-27 01:30:00,ih0vzX44oOqAx2f,0,0,0,6.27229e+06
2020-06-06 18:00:00,zVJPv84UY57bAof,141.5,13.65,6440,7.28553e+06
2020-06-03 06:15:00,ZoEaEvLYb1n2sOq,335.857,32.4857,4.28571,7.23573e+06
2020-05-22 13:45:00,ZoEaEvLYb1n2sOq,8744.71,854.114,4982.86,7.15167e+06
2020-06-01 21:00:00,3PZuoBAID5Wc2HD,0,0,5965,7.12127e+06
2020-05-25 18:00:00,1BY6WEcLGh8j5v7,394.857,38.1857,8258.43,6.3362e+06
2020-05-25 01:15:00,pkci93gMrogZuBj,0,0,0,7.24171e+06
2020-06-06 03:00:00,1BY6WEcLGh8j5v7,0,0,0,6.41254e+06
2020-06-02 10:15:00,zBIq5rxdHJRwDNY,7075.38,692.8,2093.62,6.47113e+06
2020-06-10 22:15:00,wCURE6d3bPkepu2,0,0,6423,6.9824e+06
2020-06-09 21:45:00,7JYdWkrLSPkdwr4,0,0,7936,7.79473e+06
2020-06-13 16:45:00,WRmjgnKYAwPKWDb,2186.71,214.414,8213.14,7.24699e+06
2020-06-10 14:30:00,adLQvlD726eNBSB,5620.57,550.586,5636,6.47591e+06
2020-06-11 05:15:00,McdE0feGgRqW7Ca,0,0,0,7.36162e+06
2020-06-15 01:45:00,3PZuoBAID5Wc2HD,0,0,0,7.21822e+06
2020-06-10 23:45:00,rGa61gmuvPhdLxV,0,0,6565,7.31077e+06
2020-06-12 14:00:00,pkci93gMrogZuBj,8942.62,874.837,4243.88,7.3792e+06
2020-06-12 10:45:00,3PZuoBAID5Wc2HD,6743.12,660.45,1638.62,7.19782e+06
2020-06-04 15:45:00,1IF53ai7Xc0U56Y,6974.57,682.971,7197.71,6.33986e+06
2020-06-01 10:00:00,YxYtjZvoooNbGkE,7631.43,746.614,1760.29,7.3075e+06
2020-06-14 19:30:00,bvBOhCH3iADSZry,0,0,3958,6.5216e+06
2020-06-03 19:15:00,1IF53ai7Xc0U56Y,0,0,7875,6.33266e+06
2020-06-10 19:00:00,z9Y9gH1T5YWrNuG,0,0,6412,7.20546e+06
2020-05-18 21:00:00,adLQvlD726eNBSB,0,0,5506,6.29782e+06
2020-05-27 20:45:00,uHbuxQJl8lW7ozc,0,0,0,7.13526e+06
2020-06-10 09:00:00,McdE0feGgRqW7Ca,7107.62,695.987,886.75,7.3559e+06
2020-06-02 18:30:00,iCRJl6heRkivqQ3,64.5714,6.21429,7464.57,7.31781e+06
2020-05-25 05:15:00,iCRJl6heRkivqQ3,0,0,0,7.25126e+06
2020-05-30 03:15:00,VHMLBKoKgIrUVDU,0,0,0,7.32106e+06
2020-06-07 02:00:00,YxYtjZvoooNbGkE,0,0,0,7.34881e+06
2020-06-13 02:00:00,3PZuoBAID5Wc2HD,0,0,0,7.20209e+06
2020-05-24 05:30:00,iCRJl6heRkivqQ3,0,0,0,7.24322e+06
2020-05-22 22:15:00,WRmjgnKYAwPKWDb,0,0,7237,7.0846e+06
2020-05-22 02:15:00,zVJPv84UY57bAof,0,0,0,7.16512e+06
2020-06-17 07:15:00,7JYdWkrLSPkdwr4,2051.86,201.157,55.8571,7.84102e+06
2020-06-15 23:45:00,WRmjgnKYAwPKWDb,0,0,5889.62,7.26132e+06
2020-05-24 00:00:00,VHMLBKoKgIrUVDU,0,0,1230.14,7.27233e+06
2020-06-01 03:15:00,wCURE6d3bPkepu2,0,0,0,6.9094e+06
2020-05-24 22:00:00,sjndEbLyjtCKgGv,0,0,7902,7.08935e+06
2020-05-16 05:45:00,3PZuoBAID5Wc2HD,0,0,0,6.99403e+06
2020-06-02 15:45:00,sjndEbLyjtCKgGv,6528.75,639.388,6704.88,7.15471e+06
2020-06-06 10:15:00,YxYtjZvoooNbGkE,8481,828.612,1990.38,7.34448e+06
2020-06-10 07:30:00,ih0vzX44oOqAx2f,3296.14,324,214.143,6.37497e+06
2020-05-18 11:15:00,VHMLBKoKgIrUVDU,7270.71,711.929,1192,7.22829e+06
2020-06-08 10:45:00,pkci93gMrogZuBj,10821.6,1056.77,2669.57,7.3488e+06
2020-05-24 02:00:00,ih0vzX44oOqAx2f,0,0,0,6.24894e+06
2020-05-30 21:00:00,WRmjgnKYAwPKWDb,0,0,7130,7.14803e+06
2020-05-31 13:00:00,7JYdWkrLSPkdwr4,9401.25,918.125,4014,7.72599e+06
2020-06-02 03:00:00,wCURE6d3bPkepu2,0,0,0,6.91534e+06
2020-05-22 00:45:00,ih0vzX44oOqAx2f,0,0,0,6.23354e+06
2020-06-11 15:15:00,3PZuoBAID5Wc2HD,6330.25,620.212,4725.25,7.19519e+06
2020-06-12 21:15:00,uHbuxQJl8lW7ozc,0,0,5888,7.25209e+06
2020-06-17 01:30:00,rGa61gmuvPhdLxV,0,0,0,7.35095e+06
2020-05-27 12:15:00,WRmjgnKYAwPKWDb,6545.86,641.129,3864.14,7.12174e+06
2020-06-07 09:30:00,pkci93gMrogZuBj,6882,673.95,1151.62,7.33907e+06
2020-05-26 05:15:00,pkci93gMrogZuBj,0,0,0,7.25052e+06
2020-06-17 10:45:00,uHbuxQJl8lW7ozc,6663.12,652.625,1794.88,7.28283e+06
2020-06-07 05:45:00,sjndEbLyjtCKgGv,0,0,0,7.18566e+06
2020-05-25 14:15:00,3PZuoBAID5Wc2HD,10696.1,1045.43,7081.43,7.06865e+06
2020-05-30 06:15:00,z9Y9gH1T5YWrNuG,313.286,30.2571,4,7.12046e+06
2020-05-25 12:00:00,bvBOhCH3iADSZry,11486.1,1121.5,3914.12,6.38813e+06
2020-06-13 01:45:00,ih0vzX44oOqAx2f,0,0,0,6.39226e+06
2020-06-09 09:45:00,sjndEbLyjtCKgGv,9886.5,965.65,1748.88,7.20267e+06
2020-06-13 12:30:00,VHMLBKoKgIrUVDU,12986.8,1266.85,4890.62,7.4258e+06
2020-06-07 08:00:00,zVJPv84UY57bAof,3389.57,333.2,306.286,7.28584e+06
2020-06-15 21:30:00,VHMLBKoKgIrUVDU,0,0,6814,7.44387e+06
2020-06-09 13:15:00,VHMLBKoKgIrUVDU,9826.71,959.786,5281.86,7.39998e+06
2020-06-02 06:00:00,rGa61gmuvPhdLxV,66.125,6.3875,0,7.24197e+06
2020-05-29 12:45:00,3PZuoBAID5Wc2HD,12723,1240.46,4702.62,7.09868e+06
2020-06-09 20:30:00,3PZuoBAID5Wc2HD,0,0,8186,7.18392e+06
2020-05-17 04:00:00,ZnxXDlPa8U1GXgE,0,0,0,6.53515e+06
2020-06-10 03:15:00,uHbuxQJl8lW7ozc,0,0,0,7.23386e+06
2020-06-17 07:00:00,3PZuoBAID5Wc2HD,1392.25,135.925,17.875,7.23139e+06
2020-05-31 08:45:00,ih0vzX44oOqAx2f,7367.43,721.229,562.286,6.30283e+06
2020-06-11 00:00:00,iCRJl6heRkivqQ3,0,0,0,7.37978e+06
2020-06-01 20:00:00,VHMLBKoKgIrUVDU,0,0,5909,7.34031e+06
2020-05-15 15:45:00,z9Y9gH1T5YWrNuG,4801,470.575,5702.62,7.01357e+06
2020-06-03 23:15:00,pkci93gMrogZuBj,0,0,7786,7.31544e+06
2020-06-08 22:45:00,wCURE6d3bPkepu2,0,0,8443,6.96797e+06
2020-06-12 09:15:00,ZoEaEvLYb1n2sOq,5835.38,571.837,614.875,7.30225e+06
2020-06-11 06:30:00,sjndEbLyjtCKgGv,366.625,35.4,6.75,7.21561e+06
2020-06-10 15:30:00,1BY6WEcLGh8j5v7,4411,433,5228.86,6.4443e+06
2020-05-30 10:00:00,VHMLBKoKgIrUVDU,4756,466.571,1187.86,7.32225e+06
2020-06-08 13:00:00,YxYtjZvoooNbGkE,10120,988.45,4962.12,7.36193e+06
2020-05-28 04:00:00,VHMLBKoKgIrUVDU,0,0,0,7.30438e+06
2020-06-16 00:30:00,ZoEaEvLYb1n2sOq,0,0,0,7.32969e+06
2020-05-31 18:15:00,adLQvlD726eNBSB,280.75,27.125,5929.5,6.4007e+06
2020-05-21 21:45:00,1IF53ai7Xc0U56Y,0,0,0,6.23325e+06
2020-05-26 19:30:00,rGa61gmuvPhdLxV,0,0,0,7.19987e+06
2020-06-06 06:00:00,ih0vzX44oOqAx2f,132.143,12.7429,0.285714,6.34448e+06
2020-06-17 08:15:00,zVJPv84UY57bAof,3765.62,370.075,382.75,7.35774e+06
2020-06-14 01:00:00,YxYtjZvoooNbGkE,0,0,0,7.39944e+06
2020-06-10 18:00:00,1IF53ai7Xc0U56Y,572,55.3714,6589.14,6.38661e+06
2020-05-23 00:00:00,1BY6WEcLGh8j5v7,0,0,856,6.31244e+06
2020-06-17 13:15:00,adLQvlD726eNBSB,9690.86,947.314,4191.43,6.52259e+06
2020-05-16 05:15:00,ZoEaEvLYb1n2sOq,0,0,0,7.10436e+06
2020-06-10 01:15:00,1BY6WEcLGh8j5v7,0,0,0,6.43907e+06
2020-05-28 20:45:00,z9Y9gH1T5YWrNuG,0,0,8477,7.11236e+06
2020-05-16 12:30:00,rGa61gmuvPhdLxV,9343.57,913.771,3403.57,7.12127e+06
2020-05-18 02:15:00,1IF53ai7Xc0U56Y,0,0,0,6.20435e+06
2020-05-23 09:45:00,1IF53ai7Xc0U56Y,9512,929.843,1735.14,6.24227e+06
2020-06-12 23:30:00,wCURE6d3bPkepu2,0,0,5854,6.99391e+06
2020-05-17 14:45:00,ih0vzX44oOqAx2f,10236.9,1000.7,5958.71,6.20377e+06
2020-05-24 02:30:00,z9Y9gH1T5YWrNuG,0,0,0,7.07276e+06
2020-06-05 16:00:00,1BY6WEcLGh8j5v7,6881.38,673.987,6352.75,6.41173e+06
2020-06-10 00:45:00,sjndEbLyjtCKgGv,0,0,0,7.2091e+06
2020-05-20 08:30:00,7JYdWkrLSPkdwr4,6833.38,669.275,709,7.63592e+06
2020-05-23 12:00:00,1BY6WEcLGh8j5v7,12502.3,1219.34,3714.14,6.31615e+06
2020-06-10 23:45:00,zVJPv84UY57bAof,0,0,6560,7.31702e+06
2020-05-28 11:00:00,pkci93gMrogZuBj,12028.4,1173.2,2907,7.26789e+06
2020-06-03 14:15:00,McdE0feGgRqW7Ca,10188.6,995.614,5769.43,7.30613e+06
2020-06-12 15:00:00,1BY6WEcLGh8j5v7,5337.71,523.2,4570.57,6.45481e+06
2020-06-01 01:45:00,7JYdWkrLSPkdwr4,0,0,0,7.72782e+06
2020-06-05 10:30:00,zVJPv84UY57bAof,9559.14,933.714,2115,7.27339e+06
2020-05-15 20:15:00,zBIq5rxdHJRwDNY,0,0,6396,6.34578e+06
2020-05-15 14:30:00,pkci93gMrogZuBj,7223,706.425,4929.75,7.17403e+06
2020-06-02 16:45:00,uHbuxQJl8lW7ozc,3199.88,314.075,7262.62,7.1782e+06
2020-06-10 22:30:00,wCURE6d3bPkepu2,0,0,6423,6.9824e+06
2020-05-23 20:00:00,WRmjgnKYAwPKWDb,0,0,8431,7.09303e+06
2020-05-23 19:30:00,zBIq5rxdHJRwDNY,0,0,8674,6.40448e+06
2020-06-11 20:15:00,z9Y9gH1T5YWrNuG,0,0,5599,7.21106e+06
2020-06-04 03:00:00,zBIq5rxdHJRwDNY,0,0,0,6.48434e+06
2020-05-22 12:45:00,pkci93gMrogZuBj,12458.8,1215.11,4158.5,7.22213e+06
2020-06-17 19:45:00,WRmjgnKYAwPKWDb,0,0,5953,7.27353e+06
2020-05-17 03:45:00,bvBOhCH3iADSZry,0,0,0,6.32865e+06
2020-05-26 21:45:00,uHbuxQJl8lW7ozc,0,0,0,7.12854e+06
2020-05-22 08:30:00,zVJPv84UY57bAof,2646.12,259.512,676.375,7.1658e+06
2020-06-15 10:30:00,McdE0feGgRqW7Ca,10213.2,997.163,2571.25,7.39193e+06
2020-05-23 18:00:00,7JYdWkrLSPkdwr4,1267.75,123.35,8421,7.66719e+06
2020-06-14 03:00:00,1IF53ai7Xc0U56Y,0,0,0,6.40688e+06
2020-06-08 18:00:00,ih0vzX44oOqAx2f,825.286,80.0857,8193.43,6.36689e+06
2020-06-16 02:45:00,iCRJl6heRkivqQ3,0,0,0,7.414e+06
2020-05-17 05:30:00,3PZuoBAID5Wc2HD,0,0,0,7.00069e+06
2020-06-08 16:15:00,ZoEaEvLYb1n2sOq,3239,317.871,7712.29,7.28117e+06
2020-06-01 16:30:00,7JYdWkrLSPkdwr4,1735,170.071,5633.14,7.73345e+06
2020-05-30 12:30:00,1BY6WEcLGh8j5v7,12228.7,1192.74,2943.86,6.36832e+06
2020-05-31 16:00:00,pkci93gMrogZuBj,3075.29,302.229,5559.86,7.29444e+06
2020-06-02 13:45:00,zBIq5rxdHJRwDNY,13298.4,1296.63,5232,6.47426e+06
2020-06-17 22:15:00,zVJPv84UY57bAof,0,0,5910,7.36327e+06
2020-06-13 23:30:00,1BY6WEcLGh8j5v7,0,0,7984,6.46366e+06
2020-05-16 23:45:00,sjndEbLyjtCKgGv,0,0,3674.86,7.02961e+06
2020-05-27 22:00:00,1BY6WEcLGh8j5v7,0,0,6164,6.34983e+06
2020-06-13 23:00:00,wCURE6d3bPkepu2,0,0,8461,7.00237e+06
2020-05-27 06:45:00,WRmjgnKYAwPKWDb,1613.25,157.887,50.75,7.11793e+06
2020-06-14 14:30:00,McdE0feGgRqW7Ca,8734.75,853.85,5860.25,7.38778e+06
2020-06-02 23:30:00,3PZuoBAID5Wc2HD,0,0,0,7.12861e+06
2020-06-01 20:15:00,ih0vzX44oOqAx2f,0,0,5751,6.31398e+06
2020-05-16 22:15:00,1IF53ai7Xc0U56Y,0,0,6592,6.19659e+06
2020-05-15 17:00:00,adLQvlD726eNBSB,2165.29,212.286,6253.43,6.27761e+06
2020-06-13 15:15:00,adLQvlD726eNBSB,10204.6,997.229,7748.43,6.49647e+06
2020-05-26 18:30:00,iCRJl6heRkivqQ3,0,0,0,7.268e+06
2020-05-25 21:00:00,VHMLBKoKgIrUVDU,0,0,9013,7.28952e+06
2020-05-28 13:30:00,ih0vzX44oOqAx2f,6983,683.05,5839,6.2847e+06
2020-05-22 13:15:00,VHMLBKoKgIrUVDU,12816.6,1249.61,4687,7.26105e+06
2020-05-15 04:00:00,sjndEbLyjtCKgGv,0,0,0,7.01683e+06
2020-06-11 04:45:00,VHMLBKoKgIrUVDU,0,0,0,7.4093e+06
2020-05-23 12:00:00,3PZuoBAID5Wc2HD,12966.8,1264.39,4112.75,7.04873e+06
2020-06-07 06:00:00,zVJPv84UY57bAof,45.4286,4.38571,0,7.28553e+06
2020-05-24 11:15:00,1IF53ai7Xc0U56Y,11512.3,1123.61,2992.57,6.2522e+06
2020-06-05 10:15:00,VHMLBKoKgIrUVDU,6817.75,667.638,1969,7.36579e+06
2020-05-31 04:00:00,uHbuxQJl8lW7ozc,0,0,0,7.15927e+06
2020-05-21 23:30:00,1BY6WEcLGh8j5v7,0,0,7243,6.30559e+06
2020-05-27 08:00:00,uHbuxQJl8lW7ozc,4884.57,479.086,395,7.12893e+06
2020-06-03 06:45:00,pkci93gMrogZuBj,895.143,86.9,32.5714,7.30768e+06
2020-06-15 22:45:00,7JYdWkrLSPkdwr4,0,0,6641,7.8348e+06
2020-05-16 10:15:00,1IF53ai7Xc0U56Y,7505.88,734.75,1763.38,6.19177e+06
2020-05-26 10:00:00,1IF53ai7Xc0U56Y,11155.1,1089.59,2093.43,6.26862e+06
2020-05-20 05:15:00,ih0vzX44oOqAx2f,0,0,0,6.21728e+06
2020-05-21 11:00:00,pkci93gMrogZuBj,8812.71,861.557,2677.86,7.21288e+06
2020-06-05 21:15:00,1BY6WEcLGh8j5v7,0,0,7162,6.41254e+06
2020-05-31 00:15:00,sjndEbLyjtCKgGv,0,0,0,7.13626e+06
2020-06-13 08:30:00,uHbuxQJl8lW7ozc,6629.38,649.362,696.375,7.25279e+06
2020-05-18 01:00:00,iCRJl6heRkivqQ3,0,0,0,7.19837e+06
2020-05-30 20:30:00,zVJPv84UY57bAof,0,0,7290,7.23598e+06
2020-05-29 12:15:00,3PZuoBAID5Wc2HD,10230.8,999.875,4125.88,7.0981e+06
2020-06-08 03:45:00,adLQvlD726eNBSB,0,0,0,6.45338e+06
2020-06-12 07:00:00,z9Y9gH1T5YWrNuG,937.5,91.075,41,7.2111e+06
2020-05-15 16:00:00,iCRJl6heRkivqQ3,5077.88,498.075,5873.75,7.18387e+06
2020-05-25 22:00:00,7JYdWkrLSPkdwr4,0,0,8779,7.68402e+06
2020-05-26 23:45:00,sjndEbLyjtCKgGv,0,0,0,7.10589e+06
2020-05-20 05:45:00,zVJPv84UY57bAof,0,0,0,7.14834e+06
2020-05-30 23:30:00,ZnxXDlPa8U1GXgE,0,0,7317,6.64338e+06
2020-05-22 13:00:00,ZoEaEvLYb1n2sOq,10367.5,1011.95,4194,7.15088e+06
2020-06-05 15:15:00,7JYdWkrLSPkdwr4,6095.14,596.386,6193.43,7.76281e+06
2020-06-16 11:45:00,adLQvlD726eNBSB,8017.88,784.612,3309.5,6.51531e+06
2020-06-14 21:30:00,uHbuxQJl8lW7ozc,0,0,7306,7.26784e+06
2020-05-20 11:45:00,VHMLBKoKgIrUVDU,12487,1217.8,4012.57,7.24355e+06
2020-06-13 16:00:00,ZnxXDlPa8U1GXgE,6764.62,662.525,8090.62,6.74388e+06
2020-06-08 14:00:00,iCRJl6heRkivqQ3,9875.5,964.663,5998.88,7.36251e+06
2020-06-15 23:45:00,adLQvlD726eNBSB,0,0,6916,6.512e+06
2020-06-06 06:00:00,3PZuoBAID5Wc2HD,147.125,14.2125,0.5,7.15249e+06
2020-06-16 02:45:00,uHbuxQJl8lW7ozc,0,0,0,7.27474e+06
2020-05-25 06:30:00,WRmjgnKYAwPKWDb,791.25,76.75,18.25,7.10114e+06
2020-06-13 16:30:00,wCURE6d3bPkepu2,3607.86,354.229,8199.71,7.00211e+06
2020-06-03 07:45:00,1IF53ai7Xc0U56Y,3462.88,340.45,250.125,6.32503e+06
2020-05-18 07:00:00,uHbuxQJl8lW7ozc,1683.14,164.714,75.2857,7.05887e+06
2020-05-23 22:45:00,3PZuoBAID5Wc2HD,0,0,8652,7.05327e+06
2020-06-07 20:30:00,z9Y9gH1T5YWrNuG,0,0,6342,7.18363e+06
2020-06-09 06:15:00,1IF53ai7Xc0U56Y,524.714,50.7714,8.71429,6.37184e+06
2020-05-25 09:00:00,zBIq5rxdHJRwDNY,7837.43,767.214,927.857,6.41269e+06
2020-06-08 23:00:00,1IF53ai7Xc0U56Y,0,0,8495,6.37183e+06
2020-05-28 12:45:00,adLQvlD726eNBSB,12317.1,1201.58,5360.62,6.37573e+06
2020-05-22 13:45:00,7JYdWkrLSPkdwr4,8810.57,860.171,5093.29,7.65673e+06
2020-05-18 23:30:00,VHMLBKoKgIrUVDU,0,0,5457,7.23255e+06
2020-05-16 02:15:00,1IF53ai7Xc0U56Y,0,0,0,6.19e+06
2020-05-22 03:15:00,z9Y9gH1T5YWrNuG,0,0,0,7.05715e+06
2020-05-30 15:00:00,sjndEbLyjtCKgGv,9593.57,938.257,5730.71,7.13476e+06
2020-06-17 13:00:00,sjndEbLyjtCKgGv,6959.62,681.625,3854.62,7.25965e+06
2020-05-24 18:30:00,adLQvlD726eNBSB,156.714,15.1143,8395.43,6.34613e+06
2020-05-20 07:45:00,1BY6WEcLGh8j5v7,4069.43,399.771,269,6.29037e+06
2020-05-21 17:00:00,rGa61gmuvPhdLxV,1079.29,104.9,7698.86,7.16033e+06
2020-06-10 04:45:00,wCURE6d3bPkepu2,0,0,0,6.97598e+06
2020-06-04 06:15:00,ih0vzX44oOqAx2f,386.143,37.3571,6.28571,6.32902e+06
2020-06-02 01:30:00,1IF53ai7Xc0U56Y,0,0,0,6.31744e+06
2020-05-18 22:45:00,wCURE6d3bPkepu2,0,0,5393,6.80839e+06
2020-06-05 01:00:00,bvBOhCH3iADSZry,0,0,0,6.46019e+06
2020-05-18 07:45:00,7JYdWkrLSPkdwr4,1774.57,173.671,270.857,7.62333e+06
2020-05-30 01:30:00,VHMLBKoKgIrUVDU,0,0,0,7.32106e+06
2020-05-20 00:15:00,ZnxXDlPa8U1GXgE,0,0,0,6.55514e+06
2020-05-21 10:00:00,rGa61gmuvPhdLxV,5628.14,550.557,1295.29,7.15444e+06
2020-06-14 03:30:00,iCRJl6heRkivqQ3,0,0,0,7.39986e+06
2020-05-27 11:15:00,ih0vzX44oOqAx2f,11337.7,1106.12,2765.83,6.27505e+06
2020-06-10 22:45:00,zVJPv84UY57bAof,0,0,6560,7.31702e+06
2020-06-11 08:00:00,z9Y9gH1T5YWrNuG,2593.88,254.375,189,7.20565e+06
2020-06-13 15:00:00,iCRJl6heRkivqQ3,10685.8,1043.88,7224.75,7.39858e+06
2020-05-24 18:45:00,VHMLBKoKgIrUVDU,0,0,8180,7.28051e+06
2020-06-08 00:30:00,z9Y9gH1T5YWrNuG,0,0,0,7.18363e+06
2020-05-24 17:15:00,ZoEaEvLYb1n2sOq,2659,260.925,7857.62,7.17004e+06
2020-06-02 22:45:00,pkci93gMrogZuBj,0,0,7350,7.30765e+06
2020-05-16 07:15:00,wCURE6d3bPkepu2,1944.86,190.686,110.714,6.78904e+06
2020-06-10 20:00:00,McdE0feGgRqW7Ca,0,0,6606,7.36162e+06
2020-05-24 08:00:00,3PZuoBAID5Wc2HD,4850,475.462,426.75,7.05369e+06
2020-05-25 13:45:00,zVJPv84UY57bAof,11771.5,1147.89,6304.75,7.1951e+06
2020-05-25 01:30:00,1IF53ai7Xc0U56Y,0,0,0,6.25748e+06
2020-06-06 19:30:00,WRmjgnKYAwPKWDb,0,0,6341,7.19661e+06
2020-06-03 13:15:00,z9Y9gH1T5YWrNuG,10029.1,980.586,4622.14,7.1519e+06
2020-05-29 19:15:00,adLQvlD726eNBSB,0,0,8343,6.38735e+06
2020-05-30 11:45:00,VHMLBKoKgIrUVDU,9036.86,883.657,2345.71,7.3234e+06
2020-06-04 18:30:00,ZnxXDlPa8U1GXgE,45.8571,4.41429,8177.71,6.67906e+06
2020-06-01 18:00:00,ZoEaEvLYb1n2sOq,563,54.475,5781.75,7.22843e+06
2020-05-24 21:30:00,rGa61gmuvPhdLxV,0,0,8002,7.1833e+06
2020-06-03 12:00:00,z9Y9gH1T5YWrNuG,9526.75,931.675,3273.25,7.15055e+06
2020-05-17 22:00:00,bvBOhCH3iADSZry,0,0,6928,6.33558e+06
2020-06-04 14:00:00,sjndEbLyjtCKgGv,8373.57,818.457,5643.71,7.16894e+06
2020-05-26 21:45:00,rGa61gmuvPhdLxV,0,0,0,7.19987e+06
2020-06-15 14:45:00,wCURE6d3bPkepu2,6877.12,673.425,5566.5,7.01526e+06
2020-05-31 16:15:00,ZoEaEvLYb1n2sOq,2130.88,208.9,5510.5,7.22236e+06
2020-05-27 17:45:00,z9Y9gH1T5YWrNuG,596.143,57.7143,6692,7.10388e+06
2020-05-15 07:15:00,WRmjgnKYAwPKWDb,2024.29,198.471,126.714,7.0288e+06
2020-05-26 06:30:00,VHMLBKoKgIrUVDU,816.875,79.2625,22.75,7.28955e+06
2020-05-21 15:45:00,ZoEaEvLYb1n2sOq,5143.29,504.4,7136.71,7.1462e+06
2020-06-10 00:30:00,ih0vzX44oOqAx2f,0,0,0,6.37476e+06
2020-06-04 22:00:00,3PZuoBAID5Wc2HD,0,0,8215,7.1447e+06
2020-05-31 18:30:00,7JYdWkrLSPkdwr4,25.8571,2.5,5843,7.72782e+06
2020-06-16 23:45:00,WRmjgnKYAwPKWDb,0,0,6264,7.26758e+06
2020-06-04 01:15:00,bvBOhCH3iADSZry,0,0,0,6.45272e+06
2020-05-22 16:30:00,ZoEaEvLYb1n2sOq,2212.86,216.957,6843.57,7.15353e+06
2020-06-14 15:30:00,wCURE6d3bPkepu2,6783,664.325,6588.5,7.00896e+06
2020-05-18 02:00:00,ZnxXDlPa8U1GXgE,0,0,0,6.54274e+06
2020-06-15 05:30:00,ZnxXDlPa8U1GXgE,0,0,0,6.75175e+06
2020-05-17 17:00:00,iCRJl6heRkivqQ3,2096.62,205.575,7386.5,7.19823e+06
2020-05-29 20:45:00,WRmjgnKYAwPKWDb,0,0,8038,7.1409e+06
2020-06-08 23:45:00,pkci93gMrogZuBj,0,0,8344,7.35448e+06
2020-05-23 00:45:00,z9Y9gH1T5YWrNuG,0,0,0,7.06422e+06
2020-05-20 21:30:00,z9Y9gH1T5YWrNuG,0,0,8796,7.04926e+06
2020-05-17 02:00:00,1IF53ai7Xc0U56Y,0,0,0,6.19659e+06
2020-05-24 06:15:00,zBIq5rxdHJRwDNY,390.571,37.7429,6.85714,6.40449e+06
2020-05-19 15:15:00,ZnxXDlPa8U1GXgE,6111.5,598.85,5954.25,6.55412e+06
2020-06-05 14:30:00,WRmjgnKYAwPKWDb,11428.9,1115.86,5626.12,7.18829e+06
2020-05-28 11:15:00,zBIq5rxdHJRwDNY,12001.1,1170.11,3091.88,6.43717e+06
2020-06-04 21:00:00,1IF53ai7Xc0U56Y,0,0,8196,6.34086e+06
2020-05-17 07:30:00,zVJPv84UY57bAof,2837.14,278.571,155.571,7.12869e+06
2020-06-11 21:45:00,wCURE6d3bPkepu2,0,0,5651,6.98805e+06
2020-06-07 01:00:00,3PZuoBAID5Wc2HD,0,0,0,7.15898e+06
2020-06-10 20:15:00,ZoEaEvLYb1n2sOq,0,0,6392,7.29607e+06
2020-05-17 02:45:00,ZoEaEvLYb1n2sOq,0,0,0,7.11074e+06
2020-06-03 11:30:00,zBIq5rxdHJRwDNY,11227.6,1096.33,2703,6.47916e+06
2020-06-11 10:45:00,iCRJl6heRkivqQ3,6012.86,589.2,1364.57,7.38114e+06
2020-05-30 11:30:00,WRmjgnKYAwPKWDb,8142.25,796.875,2106.25,7.14301e+06
2020-06-13 03:30:00,1IF53ai7Xc0U56Y,0,0,0,6.39823e+06
2020-06-10 09:00:00,adLQvlD726eNBSB,7220.88,707,947.5,6.47122e+06
2020-05-30 20:30:00,WRmjgnKYAwPKWDb,0,0,7130,7.14803e+06
2020-05-24 23:45:00,sjndEbLyjtCKgGv,0,0,4515.43,7.08935e+06
2020-05-30 14:45:00,wCURE6d3bPkepu2,10269.1,1003.94,5539,6.90142e+06
2020-05-20 12:30:00,adLQvlD726eNBSB,13117,1278.91,5021.5,6.30953e+06
2020-06-03 16:15:00,WRmjgnKYAwPKWDb,3467.12,340.35,7244.88,7.17416e+06
2020-05-30 22:30:00,ZoEaEvLYb1n2sOq,0,0,7248,7.21685e+06
2020-06-01 21:15:00,uHbuxQJl8lW7ozc,0,0,5589,7.17094e+06
2020-06-07 19:00:00,sjndEbLyjtCKgGv,0,0,6898,7.19255e+06
2020-05-22 10:45:00,zBIq5rxdHJRwDNY,9984.12,974.888,1963.12,6.39056e+06
2020-06-01 22:15:00,zVJPv84UY57bAof,0,0,5742,7.24777e+06
2020-06-04 08:30:00,uHbuxQJl8lW7ozc,5945.88,582.625,617.25,7.18687e+06
2020-06-10 20:45:00,1BY6WEcLGh8j5v7,0,0,5911,6.44498e+06
2020-06-05 14:00:00,VHMLBKoKgIrUVDU,13091.2,1276.67,5207.25,7.36903e+06
2020-05-24 18:30:00,YxYtjZvoooNbGkE,145.143,14.0143,7969.71,7.25265e+06
2020-05-22 11:15:00,1BY6WEcLGh8j5v7,7977.5,780.087,2299.62,6.30789e+06
2020-06-14 05:45:00,bvBOhCH3iADSZry,0,0,0,6.51764e+06
2020-06-14 10:15:00,YxYtjZvoooNbGkE,7619.86,745.986,1810.86,7.40125e+06
2020-05-15 11:30:00,bvBOhCH3iADSZry,7353.12,719.062,2024.38,6.31883e+06
2020-06-16 02:00:00,adLQvlD726eNBSB,0,0,0,6.512e+06
2020-05-15 05:15:00,7JYdWkrLSPkdwr4,0,0,0,7.60296e+06
2020-05-30 20:45:00,z9Y9gH1T5YWrNuG,0,0,7142,7.1276e+06
2020-05-25 08:30:00,ih0vzX44oOqAx2f,5929.43,581,554.429,6.25705e+06
2020-05-29 06:30:00,sjndEbLyjtCKgGv,991.857,96.3857,19,7.12092e+06
2020-06-14 08:15:00,sjndEbLyjtCKgGv,3619.71,355.729,513.571,7.23602e+06
2020-05-21 13:30:00,ih0vzX44oOqAx2f,10690,1043.38,5332.62,6.23127e+06
2020-06-07 14:00:00,pkci93gMrogZuBj,10248.9,1000.5,5989.71,7.34391e+06
2020-05-27 07:30:00,ZnxXDlPa8U1GXgE,3473.57,341.486,210.857,6.61286e+06
2020-06-01 23:00:00,ZoEaEvLYb1n2sOq,0,0,5796,7.22844e+06
2020-06-16 12:45:00,ZoEaEvLYb1n2sOq,7508.38,734.237,3761.38,7.33345e+06
2020-06-04 21:00:00,sjndEbLyjtCKgGv,0,0,0,7.17152e+06
2020-05-19 09:15:00,adLQvlD726eNBSB,6747.29,660.743,841.857,6.29866e+06
2020-05-31 23:45:00,ZnxXDlPa8U1GXgE,0,0,6142,6.64952e+06
2020-05-27 23:45:00,zVJPv84UY57bAof,0,0,0,7.21208e+06
2020-06-01 08:15:00,7JYdWkrLSPkdwr4,5563.57,545.329,651.286,7.72847e+06
2020-06-13 17:30:00,sjndEbLyjtCKgGv,1245,121.386,8343,7.23544e+06
2020-06-04 13:15:00,YxYtjZvoooNbGkE,12259.5,1196.06,4854.38,7.33161e+06
2020-05-16 19:30:00,rGa61gmuvPhdLxV,0,0,6233,7.1241e+06
2020-06-02 14:15:00,YxYtjZvoooNbGkE,7268.71,711.757,5634,7.31715e+06
2020-05-30 05:30:00,z9Y9gH1T5YWrNuG,0,0,0,7.12046e+06
2020-06-13 16:00:00,1IF53ai7Xc0U56Y,6496.5,636.388,8185,6.40641e+06
2020-05-18 04:00:00,wCURE6d3bPkepu2,0,0,0,6.803e+06
2020-05-24 18:15:00,iCRJl6heRkivqQ3,373,36.0429,8033.86,7.25125e+06
2020-05-19 22:45:00,sjndEbLyjtCKgGv,0,0,6879,7.04928e+06
2020-06-08 01:30:00,adLQvlD726eNBSB,0,0,0,6.45338e+06
2020-05-15 22:00:00,zBIq5rxdHJRwDNY,0,0,6396,6.34578e+06
2020-05-17 15:00:00,rGa61gmuvPhdLxV,9840.43,962.257,6207.43,7.13031e+06
2020-05-23 00:30:00,1IF53ai7Xc0U56Y,0,0,0,6.24053e+06
2020-05-19 22:30:00,zVJPv84UY57bAof,0,0,6932,7.14834e+06
2020-05-23 17:45:00,zBIq5rxdHJRwDNY,1620.86,158.743,8606.14,6.40441e+06
2020-05-19 02:45:00,wCURE6d3bPkepu2,0,0,0,6.80839e+06
2020-06-15 03:30:00,sjndEbLyjtCKgGv,0,0,0,7.24281e+06
2020-06-10 09:00:00,ZoEaEvLYb1n2sOq,6861,671.943,855.714,7.29053e+06
2020-05-16 10:15:00,VHMLBKoKgIrUVDU,7224.14,707.371,1761.86,7.21443e+06
2020-05-30 00:15:00,z9Y9gH1T5YWrNuG,0,0,0,7.12046e+06
2020-05-17 08:30:00,7JYdWkrLSPkdwr4,5578.12,546.837,630.25,7.61617e+06
2020-05-25 02:45:00,ZnxXDlPa8U1GXgE,0,0,0,6.59576e+06
2020-06-05 20:15:00,adLQvlD726eNBSB,0,0,0,6.43843e+06
2020-06-02 05:30:00,YxYtjZvoooNbGkE,0,0,0,7.31152e+06
2020-06-09 04:00:00,zBIq5rxdHJRwDNY,0,0,0,6.52327e+06
2020-05-20 19:45:00,zBIq5rxdHJRwDNY,0,0,8891,6.38086e+06
2020-06-07 16:30:00,bvBOhCH3iADSZry,2879.57,282.357,4772.29,6.4779e+06
2020-05-17 09:30:00,bvBOhCH3iADSZry,7695,753.214,1228.71,6.32988e+06
2020-06-13 19:45:00,zVJPv84UY57bAof,0,0,8410,7.33696e+06
2020-06-02 19:15:00,sjndEbLyjtCKgGv,0,0,7439,7.15545e+06
2020-06-13 07:30:00,sjndEbLyjtCKgGv,3299.14,324.2,193.429,7.22729e+06
2020-06-03 20:00:00,iCRJl6heRkivqQ3,0,0,7883,7.3257e+06
2020-06-09 09:15:00,zVJPv84UY57bAof,9086.14,888.257,1283.86,7.30345e+06
2020-06-01 21:45:00,ih0vzX44oOqAx2f,0,0,5751,6.31398e+06
2020-05-16 22:00:00,7JYdWkrLSPkdwr4,0,0,6461,7.61554e+06
2020-06-09 19:15:00,iCRJl6heRkivqQ3,0,0,8265,7.37322e+06
2020-05-24 22:00:00,3PZuoBAID5Wc2HD,0,0,8300,7.06157e+06
2020-05-24 01:00:00,uHbuxQJl8lW7ozc,0,0,0,7.10375e+06
2020-06-07 11:45:00,z9Y9gH1T5YWrNuG,11319.4,1105.19,3341.29,7.18063e+06
2020-06-17 11:45:00,McdE0feGgRqW7Ca,11714.7,1143.47,2572,7.40517e+06
2020-05-26 16:45:00,z9Y9gH1T5YWrNuG,6124.62,600.062,7495.88,7.09694e+06
2020-06-16 20:45:00,zVJPv84UY57bAof,0,0,6262,7.35736e+06
2020-05-19 04:00:00,ZoEaEvLYb1n2sOq,0,0,0,7.12353e+06
2020-05-20 10:45:00,ZnxXDlPa8U1GXgE,11084.9,1083.24,2726.57,6.55786e+06
2020-05-22 01:30:00,ZnxXDlPa8U1GXgE,0,0,0,6.57186e+06
2020-06-02 12:45:00,YxYtjZvoooNbGkE,10882.7,1062.99,4100.14,7.31562e+06
2020-05-29 12:30:00,McdE0feGgRqW7Ca,12271.7,1197.26,4395.86,7.26935e+06
2020-06-01 20:15:00,YxYtjZvoooNbGkE,0,0,5777,7.31152e+06
2020-06-05 19:30:00,iCRJl6heRkivqQ3,0,0,7803,7.3418e+06
2020-05-18 05:15:00,7JYdWkrLSPkdwr4,0,0,0,7.62306e+06
2020-06-01 10:00:00,z9Y9gH1T5YWrNuG,7983.38,780.962,1710.5,7.13561e+06
2020-05-15 20:30:00,1BY6WEcLGh8j5v7,0,0,5754,6.26531e+06
2020-05-15 11:30:00,3PZuoBAID5Wc2HD,8226.86,803.671,2295.86,6.99005e+06
2020-06-17 09:30:00,rGa61gmuvPhdLxV,7106.71,695.857,975.429,7.35192e+06
2020-05-23 13:00:00,pkci93gMrogZuBj,10839.6,1058.6,5095.14,7.2303e+06
2020-05-27 07:15:00,rGa61gmuvPhdLxV,1877.14,183.757,130.857,7.2e+06
2020-06-04 10:30:00,WRmjgnKYAwPKWDb,9041,882.729,2107.86,7.17673e+06
2020-06-08 03:15:00,YxYtjZvoooNbGkE,0,0,0,7.35697e+06
2020-06-04 12:45:00,zVJPv84UY57bAof,8467.71,827.3,4340.29,7.26739e+06
2020-06-07 17:45:00,VHMLBKoKgIrUVDU,1179.14,114.657,8179.86,7.38617e+06
2020-06-10 19:15:00,adLQvlD726eNBSB,0,0,6667,6.47694e+06
2020-06-02 17:15:00,1IF53ai7Xc0U56Y,1567,153.137,7278.62,6.32472e+06
2020-06-10 06:30:00,ih0vzX44oOqAx2f,839,81.4,21,6.37478e+06
2020-05-18 02:45:00,rGa61gmuvPhdLxV,0,0,0,7.13154e+06
2020-06-02 00:30:00,ZoEaEvLYb1n2sOq,0,0,0,7.22844e+06
2020-05-19 09:00:00,7JYdWkrLSPkdwr4,6189.86,606.414,674.429,7.62905e+06
2020-05-19 17:00:00,pkci93gMrogZuBj,2708.88,265.863,6816.38,7.20123e+06
2020-06-03 09:15:00,wCURE6d3bPkepu2,6376.12,624.612,965,6.92383e+06
2020-06-04 02:45:00,3PZuoBAID5Wc2HD,0,0,0,7.13649e+06
2020-06-15 10:00:00,wCURE6d3bPkepu2,9424.38,921.562,1982.5,7.01168e+06
2020-05-19 05:15:00,pkci93gMrogZuBj,0,0,0,7.19441e+06
2020-05-23 00:45:00,bvBOhCH3iADSZry,0,0,0,6.36891e+06
2020-06-14 15:15:00,WRmjgnKYAwPKWDb,9486.86,926.986,6486.43,7.25367e+06
2020-06-14 22:00:00,iCRJl6heRkivqQ3,0,0,7369,7.40722e+06
2020-05-23 06:45:00,iCRJl6heRkivqQ3,683.167,66.2,26.1667,7.23462e+06
2020-05-30 02:00:00,7JYdWkrLSPkdwr4,0,0,0,7.71484e+06
2020-05-18 19:15:00,bvBOhCH3iADSZry,0,0,4962,6.34054e+06
2020-06-07 05:15:00,pkci93gMrogZuBj,0,0,0,7.33792e+06
2020-06-16 22:45:00,YxYtjZvoooNbGkE,0,0,6221,7.41956e+06
2020-05-29 06:15:00,1BY6WEcLGh8j5v7,470.2,45.5,1.2,6.35781e+06
2020-05-20 09:45:00,zVJPv84UY57bAof,9546.57,933.657,1655.14,7.14999e+06
2020-06-15 05:30:00,z9Y9gH1T5YWrNuG,0,0,0,7.23247e+06
2020-06-02 15:00:00,ZoEaEvLYb1n2sOq,6455.29,632.243,6153.57,7.23459e+06
2020-06-02 05:15:00,wCURE6d3bPkepu2,0,0,0,6.91534e+06
2020-06-14 14:30:00,bvBOhCH3iADSZry,7117.71,696.929,2538.14,6.52018e+06
2020-06-03 05:30:00,zVJPv84UY57bAof,0,0,0,7.25522e+06
2020-05-21 09:30:00,rGa61gmuvPhdLxV,9836.14,961.843,1422.86,7.15406e+06
2020-05-20 08:15:00,1IF53ai7Xc0U56Y,6244.5,611.8,576,6.21701e+06
2020-05-26 23:45:00,pkci93gMrogZuBj,0,0,0,7.25829e+06
2020-06-15 05:00:00,rGa61gmuvPhdLxV,0,0,0,7.33797e+06
2020-06-16 19:30:00,ZnxXDlPa8U1GXgE,0,0,6304,6.76481e+06
2020-05-27 02:45:00,ih0vzX44oOqAx2f,0,0,0,6.27229e+06
2020-06-10 08:15:00,ih0vzX44oOqAx2f,2917,286.488,492,6.37525e+06
2020-05-23 02:30:00,ZoEaEvLYb1n2sOq,0,0,0,7.15371e+06
2020-05-27 12:00:00,WRmjgnKYAwPKWDb,11778,1149.42,3611.5,7.12149e+06
2020-05-16 12:45:00,wCURE6d3bPkepu2,11819.9,1152.88,3786.12,6.79271e+06
2020-05-25 01:30:00,pkci93gMrogZuBj,0,0,0,7.24171e+06
2020-05-15 05:00:00,ZnxXDlPa8U1GXgE,0,0,0,6.52217e+06
2020-05-21 08:45:00,sjndEbLyjtCKgGv,7301.29,714.886,774.857,7.05884e+06
2020-06-11 21:30:00,3PZuoBAID5Wc2HD,0,0,5717,7.19619e+06
2020-06-09 21:15:00,uHbuxQJl8lW7ozc,0,0,8309,7.23386e+06
2020-06-03 04:30:00,sjndEbLyjtCKgGv,0,0,0,7.15545e+06
2020-06-04 17:15:00,rGa61gmuvPhdLxV,3953.12,388.425,8010.62,7.26515e+06
2020-05-28 13:00:00,ZoEaEvLYb1n2sOq,12995.2,1267.05,5242.38,7.19853e+06
2020-05-16 15:15:00,3PZuoBAID5Wc2HD,5957.29,583.714,5940.14,6.99997e+06
2020-05-18 04:45:00,iCRJl6heRkivqQ3,0,0,0,7.19837e+06
2020-06-11 02:30:00,3PZuoBAID5Wc2HD,0,0,0,7.19047e+06
2020-06-02 07:30:00,ZoEaEvLYb1n2sOq,2050.57,201,145.143,7.22859e+06
2020-06-01 13:15:00,zBIq5rxdHJRwDNY,9009.71,880.557,4455.86,6.46769e+06
2020-06-16 16:15:00,1IF53ai7Xc0U56Y,3583.43,352.071,5975.86,6.42719e+06
2020-06-02 01:00:00,VHMLBKoKgIrUVDU,0,0,0,7.34031e+06
2020-05-27 05:15:00,1IF53ai7Xc0U56Y,0,0,0,6.27464e+06
2020-06-02 16:30:00,zVJPv84UY57bAof,4538.43,445.371,7149.71,7.25492e+06
2020-06-15 03:00:00,1IF53ai7Xc0U56Y,0,0,0,6.41437e+06
2020-05-30 03:15:00,pkci93gMrogZuBj,0,0,0,7.28154e+06
2020-06-05 05:45:00,adLQvlD726eNBSB,0,0,0,6.43058e+06
2020-06-12 02:15:00,McdE0feGgRqW7Ca,0,0,0,7.36737e+06
2020-05-16 11:30:00,7JYdWkrLSPkdwr4,6662.43,652.543,2719.71,7.6118e+06
2020-05-19 14:00:00,McdE0feGgRqW7Ca,9399,919.3,4846.71,7.18994e+06
2020-05-20 06:00:00,1BY6WEcLGh8j5v7,97.7143,9.44286,0.285714,6.2901e+06
2020-06-04 04:15:00,z9Y9gH1T5YWrNuG,0,0,0,7.15511e+06
2020-05-29 21:30:00,rGa61gmuvPhdLxV,0,0,0,7.22307e+06
2020-06-04 04:30:00,sjndEbLyjtCKgGv,0,0,0,7.16329e+06
2020-06-11 13:45:00,VHMLBKoKgIrUVDU,6368.75,623.925,3567.5,7.41286e+06
2020-06-09 22:00:00,ih0vzX44oOqAx2f,0,0,7846,6.37476e+06
2020-06-13 05:45:00,sjndEbLyjtCKgGv,0,0,0,7.2271e+06
2020-06-14 21:00:00,zVJPv84UY57bAof,0,0,7320,7.34428e+06
2020-05-23 04:30:00,WRmjgnKYAwPKWDb,0,0,0,7.0846e+06
2020-05-24 10:30:00,bvBOhCH3iADSZry,9498.5,927.925,2009.38,6.37878e+06
2020-05-27 22:30:00,wCURE6d3bPkepu2,0,0,0,6.8792e+06
2020-06-06 17:30:00,VHMLBKoKgIrUVDU,457.25,44.2125,6412.62,7.37797e+06
2020-06-11 00:15:00,7JYdWkrLSPkdwr4,0,0,0,7.80109e+06
2020-06-04 14:00:00,ih0vzX44oOqAx2f,7356.75,719.438,5518.38,6.33453e+06
2020-05-21 13:45:00,uHbuxQJl8lW7ozc,12286.1,1198.51,5679,7.08579e+06
2020-05-23 12:45:00,ZnxXDlPa8U1GXgE,9040.88,884.45,4897.88,6.58404e+06
2020-05-20 02:45:00,uHbuxQJl8lW7ozc,0,0,0,7.0712e+06
2020-05-17 22:30:00,YxYtjZvoooNbGkE,0,0,7497,7.20023e+06
2020-05-29 20:45:00,1IF53ai7Xc0U56Y,0,0,8253,6.29821e+06
2020-06-12 08:45:00,3PZuoBAID5Wc2HD,4163.88,408.988,373,7.19656e+06
2020-06-03 11:00:00,zVJPv84UY57bAof,9749.14,953.386,2221.14,7.25744e+06
2020-05-22 19:00:00,ih0vzX44oOqAx2f,0,0,7000,6.24054e+06
2020-05-17 01:30:00,pkci93gMrogZuBj,0,0,0,7.18165e+06
2020-06-10 14:45:00,ih0vzX44oOqAx2f,972.286,94.4571,5348.86,6.3801e+06
2020-05-22 06:15:00,7JYdWkrLSPkdwr4,583.143,56.4286,11.4286,7.65165e+06
2020-06-08 11:00:00,1BY6WEcLGh8j5v7,10768,1050.99,2856.71,6.42661e+06
2020-06-13 23:30:00,ZnxXDlPa8U1GXgE,0,0,8558,6.74434e+06
2020-06-07 03:15:00,z9Y9gH1T5YWrNuG,0,0,0,7.17729e+06
2020-05-19 06:45:00,z9Y9gH1T5YWrNuG,679.25,65.975,12.25,7.03359e+06
2020-06-02 01:45:00,1IF53ai7Xc0U56Y,0,0,0,6.31744e+06
2020-06-14 01:15:00,z9Y9gH1T5YWrNuG,0,0,0,7.22523e+06
2020-06-04 22:00:00,z9Y9gH1T5YWrNuG,0,0,0,7.16326e+06
2020-05-22 22:30:00,wCURE6d3bPkepu2,0,0,0,6.83922e+06
2020-06-08 08:30:00,iCRJl6heRkivqQ3,5466.29,535.857,533.429,7.35704e+06
2020-05-28 15:15:00,zVJPv84UY57bAof,9178.14,897.8,7309.57,7.21939e+06
2020-05-24 13:00:00,z9Y9gH1T5YWrNuG,12341,1203.24,4863.38,7.07763e+06
2020-06-07 09:00:00,adLQvlD726eNBSB,9664.57,945.086,790.429,6.44582e+06
2020-06-02 12:15:00,uHbuxQJl8lW7ozc,9895.29,967.486,3677.43,7.17462e+06
2020-06-17 14:00:00,ZoEaEvLYb1n2sOq,6351.38,622.112,4651.5,7.34053e+06
2020-06-02 06:45:00,7JYdWkrLSPkdwr4,808.75,78.475,31.25,7.73366e+06
2020-06-04 15:30:00,bvBOhCH3iADSZry,7840.62,767.462,6334.5,6.45906e+06
2020-06-14 17:00:00,adLQvlD726eNBSB,1861.38,182.45,7465.75,6.50496e+06
2020-06-04 15:00:00,ZoEaEvLYb1n2sOq,11456.1,1118.39,6352.71,7.24985e+06
2020-06-16 09:00:00,3PZuoBAID5Wc2HD,5980.29,585.986,917.714,7.22596e+06
2020-06-11 13:30:00,zVJPv84UY57bAof,4905.29,481.171,3379.14,7.3204e+06
2020-05-16 17:45:00,sjndEbLyjtCKgGv,745.286,72.2571,6410.71,7.02959e+06
2020-05-28 20:00:00,adLQvlD726eNBSB,0,0,8636,6.37901e+06
2020-06-01 01:30:00,YxYtjZvoooNbGkE,0,0,0,7.30574e+06
2020-06-01 00:30:00,YxYtjZvoooNbGkE,0,0,0,7.30574e+06
2020-05-28 20:15:00,iCRJl6heRkivqQ3,0,0,8345,7.28304e+06
2020-06-01 11:45:00,zBIq5rxdHJRwDNY,4238.86,416.314,3477,6.46672e+06
2020-06-10 10:15:00,WRmjgnKYAwPKWDb,7989.75,781.587,1735.25,7.22271e+06
2020-06-01 07:30:00,7JYdWkrLSPkdwr4,4286.5,420.938,253.75,7.72807e+06
2020-05-26 18:15:00,wCURE6d3bPkepu2,0,0,7835,6.87248e+06
2020-05-20 20:30:00,ZnxXDlPa8U1GXgE,0,0,8909,6.56404e+06
2020-05-21 17:00:00,zBIq5rxdHJRwDNY,1074.38,104.438,7669.75,6.38853e+06
2020-05-15 05:45:00,sjndEbLyjtCKgGv,0,0,0,7.01683e+06
2020-06-10 05:30:00,ZnxXDlPa8U1GXgE,0,0,0,6.71777e+06
2020-06-11 17:45:00,bvBOhCH3iADSZry,909.429,88.3143,5164.86,6.50437e+06
2020-06-17 07:45:00,iCRJl6heRkivqQ3,3761.57,369.671,213.857,7.42052e+06
2020-05-30 03:30:00,WRmjgnKYAwPKWDb,0,0,0,7.1409e+06
2020-06-03 02:15:00,ih0vzX44oOqAx2f,0,0,0,6.32131e+06
2020-05-30 22:15:00,z9Y9gH1T5YWrNuG,0,0,7142,7.1276e+06
2020-05-21 10:30:00,zBIq5rxdHJRwDNY,10729.8,1047.14,2201.5,6.38306e+06
2020-05-30 22:30:00,zVJPv84UY57bAof,0,0,7290,7.23598e+06
2020-06-10 00:15:00,wCURE6d3bPkepu2,0,0,0,6.97598e+06
2020-05-20 21:15:00,z9Y9gH1T5YWrNuG,0,0,8796,7.04926e+06
2020-06-10 02:45:00,1IF53ai7Xc0U56Y,0,0,0,6.38002e+06
2020-05-27 21:45:00,bvBOhCH3iADSZry,0,0,6133,6.40583e+06
2020-05-19 10:45:00,McdE0feGgRqW7Ca,8341.75,815.425,1944.25,7.18704e+06
2020-06-03 16:45:00,iCRJl6heRkivqQ3,4767.86,467.371,7495,7.32531e+06
2020-06-14 07:45:00,rGa61gmuvPhdLxV,4226.71,414.929,299.714,7.33097e+06
2020-05-17 13:15:00,sjndEbLyjtCKgGv,6430.75,629.125,4875.25,7.03449e+06
2020-05-22 08:00:00,iCRJl6heRkivqQ3,5008.62,491.163,469.125,7.22791e+06
2020-05-30 07:30:00,ih0vzX44oOqAx2f,1967.71,192.9,171.429,6.29529e+06
2020-05-28 22:15:00,YxYtjZvoooNbGkE,0,0,8375,7.2844e+06
2020-05-24 00:15:00,VHMLBKoKgIrUVDU,0,0,0,7.27233e+06
2020-05-18 04:45:00,pkci93gMrogZuBj,0,0,0,7.18905e+06
2020-05-22 10:15:00,7JYdWkrLSPkdwr4,11040.4,1077.62,1635.75,7.65327e+06
2020-06-03 06:15:00,rGa61gmuvPhdLxV,329.714,31.8571,3.42857,7.24933e+06
2020-06-17 11:30:00,1BY6WEcLGh8j5v7,7074.29,692.757,2162.86,6.48196e+06
2020-05-30 20:00:00,zBIq5rxdHJRwDNY,0,0,7396,6.4573e+06
2020-05-20 09:30:00,uHbuxQJl8lW7ozc,8723,853.487,1440.88,7.07264e+06
2020-05-27 14:00:00,wCURE6d3bPkepu2,4166.88,409.337,5023.38,6.87751e+06
2020-05-24 18:30:00,WRmjgnKYAwPKWDb,149.571,14.4429,8089,7.10112e+06
2020-06-09 01:45:00,1IF53ai7Xc0U56Y,0,0,0,6.37183e+06
2020-06-13 21:15:00,3PZuoBAID5Wc2HD,0,0,8633,7.21072e+06
2020-05-25 08:15:00,1IF53ai7Xc0U56Y,6362.62,623.337,497.5,6.25798e+06
2020-05-17 11:00:00,ih0vzX44oOqAx2f,11199.6,1092.33,2782.43,6.20059e+06
2020-06-15 03:00:00,7JYdWkrLSPkdwr4,0,0,0,7.82816e+06
2020-06-11 12:45:00,7JYdWkrLSPkdwr4,5860.12,574.237,2865.38,7.80396e+06
2020-06-04 17:30:00,1IF53ai7Xc0U56Y,2907.14,285.471,8087.57,6.34075e+06
2020-05-17 12:45:00,3PZuoBAID5Wc2HD,13217.4,1288.9,4806.71,7.0055e+06
2020-05-24 11:00:00,WRmjgnKYAwPKWDb,11291.4,1101.76,2806,7.09583e+06
2020-06-07 04:00:00,zBIq5rxdHJRwDNY,0,0,0,6.50673e+06
2020-05-18 03:45:00,wCURE6d3bPkepu2,0,0,0,6.803e+06
2020-05-31 02:15:00,zBIq5rxdHJRwDNY,0,0,0,6.4573e+06
2020-06-09 12:00:00,iCRJl6heRkivqQ3,9229,901.871,4067.14,7.36902e+06
2020-06-01 22:30:00,wCURE6d3bPkepu2,0,0,5939,6.91534e+06
2020-05-24 16:30:00,iCRJl6heRkivqQ3,3279,321.475,7630.25,7.25085e+06
2020-05-27 11:00:00,3PZuoBAID5Wc2HD,7108,695.571,2607.86,7.08132e+06
2020-05-22 18:45:00,1BY6WEcLGh8j5v7,0,0,6848,6.31244e+06
2020-05-28 05:15:00,VHMLBKoKgIrUVDU,0,0,0,7.30438e+06
2020-05-29 10:30:00,WRmjgnKYAwPKWDb,12314.2,1200.95,2141.62,7.135e+06
2020-06-02 23:00:00,bvBOhCH3iADSZry,0,0,6842,6.44549e+06
2020-05-23 09:15:00,3PZuoBAID5Wc2HD,9279.14,907.629,1296.14,7.04591e+06
2020-06-12 03:45:00,ZoEaEvLYb1n2sOq,0,0,0,7.30163e+06
2020-05-21 18:00:00,rGa61gmuvPhdLxV,321.429,31.0429,7759.29,7.16039e+06
2020-06-14 18:30:00,iCRJl6heRkivqQ3,65.75,6.35,7368.75,7.40722e+06
2020-06-07 09:15:00,rGa61gmuvPhdLxV,8590.25,840.5,957.75,7.28046e+06
2020-06-14 15:45:00,sjndEbLyjtCKgGv,5913.14,579.443,6715.71,7.24222e+06
2020-05-16 18:30:00,pkci93gMrogZuBj,0,0,6173,7.18165e+06
2020-06-01 20:00:00,bvBOhCH3iADSZry,0,0,5378,6.43864e+06
2020-05-18 05:15:00,sjndEbLyjtCKgGv,0,0,0,7.03705e+06
2020-05-24 13:00:00,McdE0feGgRqW7Ca,12560.4,1224.66,4956.62,7.22959e+06
2020-06-11 10:45:00,McdE0feGgRqW7Ca,6031.88,591.013,1370,7.36299e+06
2020-06-08 11:45:00,zVJPv84UY57bAof,10995,1073.16,3783.29,7.29757e+06
2020-06-13 02:45:00,pkci93gMrogZuBj,0,0,0,7.38081e+06
2020-05-30 21:00:00,iCRJl6heRkivqQ3,0,0,7345,7.2986e+06
2020-06-10 21:30:00,YxYtjZvoooNbGkE,0,0,6419,7.37969e+06
2020-06-12 05:30:00,uHbuxQJl8lW7ozc,0,0,0,7.24621e+06
2020-05-29 06:30:00,ZnxXDlPa8U1GXgE,985,95.7,18.8571,6.62793e+06
2020-05-17 15:00:00,z9Y9gH1T5YWrNuG,7854.71,768.6,6323.43,7.02706e+06
2020-06-05 15:15:00,McdE0feGgRqW7Ca,8483,829.638,6465.88,7.32323e+06
2020-06-12 04:45:00,adLQvlD726eNBSB,0,0,0,6.48273e+06
2020-06-09 03:30:00,pkci93gMrogZuBj,0,0,0,7.35448e+06
2020-06-15 05:00:00,3PZuoBAID5Wc2HD,0,0,0,7.21822e+06
2020-05-25 18:30:00,ZnxXDlPa8U1GXgE,39,3.775,8909.88,6.60467e+06
2020-06-09 00:15:00,ih0vzX44oOqAx2f,0,0,0,6.36691e+06
2020-05-19 03:30:00,1BY6WEcLGh8j5v7,0,0,0,6.28365e+06
2020-05-20 22:15:00,WRmjgnKYAwPKWDb,0,0,8793,7.06972e+06
2020-05-20 13:15:00,YxYtjZvoooNbGkE,12315.3,1200.73,5659.5,7.21814e+06
2020-05-28 00:30:00,1BY6WEcLGh8j5v7,0,0,0,6.34983e+06
2020-05-22 01:45:00,sjndEbLyjtCKgGv,0,0,0,7.06589e+06
2020-06-15 09:45:00,YxYtjZvoooNbGkE,8953.62,875.575,1727.12,7.40843e+06
2020-06-15 21:15:00,VHMLBKoKgIrUVDU,0,0,6814,7.44387e+06
2020-06-13 06:00:00,ih0vzX44oOqAx2f,102.875,9.9375,0.625,6.39226e+06
2020-06-16 08:00:00,VHMLBKoKgIrUVDU,4962.14,486.657,355.286,7.44422e+06
2020-05-24 14:15:00,WRmjgnKYAwPKWDb,10638.3,1039.27,6374.14,7.0994e+06
2020-06-14 13:15:00,zBIq5rxdHJRwDNY,10681.5,1043.3,4385.62,6.56221e+06
2020-05-27 22:30:00,1BY6WEcLGh8j5v7,0,0,6164,6.34983e+06
2020-05-22 10:15:00,WRmjgnKYAwPKWDb,11788.6,1150.14,1674,7.07903e+06
2020-05-26 10:45:00,WRmjgnKYAwPKWDb,10182.4,994.275,2791.62,7.11279e+06
2020-06-02 07:30:00,McdE0feGgRqW7Ca,2176.14,213.343,155,7.29291e+06
2020-05-17 20:30:00,pkci93gMrogZuBj,0,0,7397,7.18905e+06
2020-06-04 16:45:00,ZoEaEvLYb1n2sOq,3839.29,376.7,7648,7.25115e+06
2020-06-11 20:15:00,sjndEbLyjtCKgGv,0,0,5654,7.22125e+06
2020-05-20 08:30:00,3PZuoBAID5Wc2HD,7112.57,696.529,737.429,7.02125e+06
2020-06-08 17:15:00,1IF53ai7Xc0U56Y,2139,209.488,8361.25,6.3717e+06
2020-05-30 17:15:00,adLQvlD726eNBSB,2485.12,243.7,7298.5,6.39465e+06
2020-05-19 08:00:00,zBIq5rxdHJRwDNY,1980.57,194.043,321,6.36537e+06
2020-05-16 20:30:00,zVJPv84UY57bAof,0,0,6419,7.12854e+06
2020-06-11 03:45:00,zVJPv84UY57bAof,0,0,0,7.31702e+06
2020-05-15 18:00:00,adLQvlD726eNBSB,311.571,30.0857,6377.14,6.27773e+06
2020-06-07 00:15:00,ih0vzX44oOqAx2f,0,0,0,6.35067e+06
2020-05-19 12:30:00,1BY6WEcLGh8j5v7,9414,920.7,3279,6.28693e+06
2020-05-30 07:00:00,iCRJl6heRkivqQ3,1705.88,166.975,73.875,7.29133e+06
2020-05-20 19:45:00,bvBOhCH3iADSZry,0,0,8131,6.35504e+06
2020-05-25 04:15:00,YxYtjZvoooNbGkE,0,0,0,7.25265e+06
2020-05-19 03:15:00,YxYtjZvoooNbGkE,0,0,0,7.2056e+06
2020-05-21 18:15:00,uHbuxQJl8lW7ozc,125.857,12.1571,7863.14,7.08797e+06
2020-05-22 03:00:00,YxYtjZvoooNbGkE,0,0,0,7.22903e+06
2020-06-02 04:45:00,uHbuxQJl8lW7ozc,0,0,0,7.17094e+06
2020-05-22 03:30:00,bvBOhCH3iADSZry,0,0,0,6.36215e+06
2020-05-18 12:30:00,z9Y9gH1T5YWrNuG,8383.43,820.414,2031,7.03026e+06
2020-05-31 05:00:00,iCRJl6heRkivqQ3,0,0,0,7.2986e+06
2020-06-13 14:30:00,1BY6WEcLGh8j5v7,7963.12,778.888,6343.12,6.46202e+06
2020-05-24 05:30:00,1BY6WEcLGh8j5v7,0,0,0,6.3204e+06
2020-06-07 10:15:00,VHMLBKoKgIrUVDU,7734.86,757.186,1683.43,7.37967e+06
2020-06-07 18:00:00,1BY6WEcLGh8j5v7,589.286,57.0143,5253.57,6.42374e+06
2020-05-24 13:00:00,7JYdWkrLSPkdwr4,11985.2,1168.9,5035.62,7.67226e+06
2020-06-17 13:15:00,3PZuoBAID5Wc2HD,10755.9,1050.84,4144.57,7.23552e+06
2020-05-30 17:45:00,bvBOhCH3iADSZry,901.714,87.5286,6626.29,6.42765e+06
2020-05-23 09:45:00,pkci93gMrogZuBj,9116.14,891.314,1633,7.22683e+06
2020-05-16 10:15:00,3PZuoBAID5Wc2HD,7764.62,759.95,1766.88,6.9958e+06
2020-06-10 20:30:00,WRmjgnKYAwPKWDb,0,0,6389,7.22737e+06
2020-05-16 14:30:00,1IF53ai7Xc0U56Y,7631.12,747.062,5353.75,6.19536e+06
2020-06-06 09:30:00,z9Y9gH1T5YWrNuG,9456,924.4,1310,7.17231e+06
2020-05-26 10:15:00,bvBOhCH3iADSZry,8431.75,824.325,2055,6.39439e+06
2020-06-09 21:15:00,YxYtjZvoooNbGkE,0,0,7958,7.37327e+06
2020-06-09 17:00:00,3PZuoBAID5Wc2HD,3158.43,310.414,7965.43,7.1837e+06
2020-05-28 10:45:00,uHbuxQJl8lW7ozc,9810.88,957.587,2694.38,7.13795e+06
2020-05-29 23:00:00,YxYtjZvoooNbGkE,0,0,0,7.2925e+06
2020-06-04 12:45:00,1BY6WEcLGh8j5v7,7234.14,707.3,4000.71,6.40181e+06
2020-05-15 08:00:00,ih0vzX44oOqAx2f,3172.14,311.514,285.286,6.18546e+06
2020-05-17 01:30:00,1IF53ai7Xc0U56Y,0,0,0,6.19659e+06
2020-05-30 13:00:00,zBIq5rxdHJRwDNY,9303.14,909.957,3685,6.45359e+06
2020-05-22 15:30:00,iCRJl6heRkivqQ3,4921.88,482.575,6613.5,7.23406e+06
2020-05-15 23:00:00,ZoEaEvLYb1n2sOq,0,0,6261,7.10436e+06
2020-05-17 03:30:00,iCRJl6heRkivqQ3,0,0,0,7.19085e+06
2020-05-19 07:30:00,wCURE6d3bPkepu2,2665.43,261.5,178.429,6.80857e+06
2020-06-14 16:30:00,YxYtjZvoooNbGkE,2826.71,277.443,7037.57,7.40648e+06
2020-05-31 21:15:00,z9Y9gH1T5YWrNuG,0,0,6300,7.1339e+06
2020-06-04 18:30:00,z9Y9gH1T5YWrNuG,46.4286,4.48571,8149,7.16326e+06
2020-06-12 13:00:00,zVJPv84UY57bAof,8201.12,802.65,3415,7.3261e+06
2020-06-10 07:15:00,VHMLBKoKgIrUVDU,2739.43,268.7,152,7.40297e+06
2020-06-12 18:30:00,7JYdWkrLSPkdwr4,89.125,8.6,5752.5,7.81242e+06
2020-05-28 01:00:00,sjndEbLyjtCKgGv,0,0,0,7.11256e+06
2020-06-05 10:45:00,1IF53ai7Xc0U56Y,10335.6,1009.48,2460.5,6.34332e+06
2020-06-04 13:30:00,rGa61gmuvPhdLxV,7758.71,759.443,5143.71,7.26228e+06
2020-06-10 14:00:00,z9Y9gH1T5YWrNuG,6824.14,668.229,5010.57,7.20406e+06
2020-06-10 05:15:00,z9Y9gH1T5YWrNuG,0,0,0,7.19905e+06
2020-05-19 22:15:00,ZoEaEvLYb1n2sOq,0,0,6805,7.13033e+06
2020-05-28 21:15:00,ZoEaEvLYb1n2sOq,0,0,8247,7.20154e+06
2020-06-08 05:30:00,iCRJl6heRkivqQ3,0,0,0,7.35651e+06
2020-05-26 16:30:00,iCRJl6heRkivqQ3,5639,552.663,7477.12,7.26761e+06
2020-05-17 02:30:00,1BY6WEcLGh8j5v7,0,0,0,6.2716e+06
2020-05-26 03:45:00,wCURE6d3bPkepu2,0,0,0,6.86465e+06
2020-06-14 18:45:00,VHMLBKoKgIrUVDU,0,0,7489,7.43706e+06
2020-06-08 12:15:00,pkci93gMrogZuBj,8459.86,827.8,4278,7.35041e+06
2020-06-07 06:15:00,adLQvlD726eNBSB,430,41.575,6,6.44504e+06
2020-05-26 02:00:00,1BY6WEcLGh8j5v7,0,0,0,6.33621e+06
2020-06-17 13:45:00,iCRJl6heRkivqQ3,8698.29,850.243,4526.14,7.42483e+06
2020-06-15 03:45:00,z9Y9gH1T5YWrNuG,0,0,0,7.23247e+06
2020-05-29 21:45:00,YxYtjZvoooNbGkE,0,0,0,7.2925e+06
2020-06-04 08:00:00,pkci93gMrogZuBj,4644.38,455.8,358,7.31579e+06
2020-06-16 10:00:00,iCRJl6heRkivqQ3,11138.4,1087.47,1649.57,7.41565e+06
2020-06-09 04:45:00,uHbuxQJl8lW7ozc,0,0,0,7.22555e+06
2020-05-26 06:30:00,3PZuoBAID5Wc2HD,825.625,80.1125,21.625,7.07066e+06
2020-06-14 17:15:00,1IF53ai7Xc0U56Y,1747.29,171.243,7407.14,6.41429e+06
2020-06-14 17:45:00,zBIq5rxdHJRwDNY,589,56.9857,7291,6.56511e+06
2020-06-13 06:45:00,z9Y9gH1T5YWrNuG,1036.5,100.75,35.25,7.2169e+06
2020-05-17 04:00:00,VHMLBKoKgIrUVDU,0,0,0,7.21938e+06
2020-05-25 03:45:00,ZnxXDlPa8U1GXgE,0,0,0,6.59576e+06
2020-06-14 21:30:00,iCRJl6heRkivqQ3,0,0,7369,7.40722e+06
2020-05-24 19:30:00,3PZuoBAID5Wc2HD,0,0,8300,7.06157e+06
2020-05-30 09:30:00,1IF53ai7Xc0U56Y,6482.29,634.957,944.571,6.29916e+06
2020-05-25 08:45:00,zBIq5rxdHJRwDNY,7031.38,688.587,745.125,6.4125e+06
2020-05-27 18:00:00,VHMLBKoKgIrUVDU,295.625,28.5375,6756.38,7.30437e+06
2020-06-11 17:00:00,wCURE6d3bPkepu2,2386.88,234.05,5494.38,6.9879e+06
2020-06-08 18:00:00,WRmjgnKYAwPKWDb,725.375,70.2875,8296.38,7.21298e+06
2020-05-19 23:00:00,3PZuoBAID5Wc2HD,0,0,0,7.02051e+06
2020-06-03 02:45:00,McdE0feGgRqW7Ca,0,0,0,7.30036e+06
2020-06-05 02:45:00,bvBOhCH3iADSZry,0,0,0,6.46019e+06
2020-05-18 18:45:00,3PZuoBAID5Wc2HD,0,0,5435,7.01392e+06
2020-06-02 03:30:00,zVJPv84UY57bAof,0,0,0,7.24777e+06
2020-06-08 15:30:00,rGa61gmuvPhdLxV,5950.12,582.75,7343.12,7.29502e+06
2020-05-26 22:15:00,zVJPv84UY57bAof,0,0,0,7.20538e+06
2020-05-22 04:00:00,uHbuxQJl8lW7ozc,0,0,0,7.08798e+06
2020-06-13 21:30:00,pkci93gMrogZuBj,0,0,8354,7.38916e+06
2020-05-31 14:15:00,WRmjgnKYAwPKWDb,9562.57,933.771,4973.71,7.153e+06
2020-06-16 15:00:00,ZoEaEvLYb1n2sOq,3882.57,381.443,5241.86,7.33493e+06
2020-05-31 12:45:00,ZnxXDlPa8U1GXgE,13711.4,1336.86,4129,6.64751e+06
2020-06-04 12:30:00,zVJPv84UY57bAof,10572.2,1032.17,4130.5,7.26718e+06
2020-05-31 12:00:00,3PZuoBAID5Wc2HD,6945,679.763,3097.75,7.11259e+06
2020-05-19 20:30:00,rGa61gmuvPhdLxV,0,0,6910,7.14381e+06
2020-05-17 11:00:00,rGa61gmuvPhdLxV,9853.25,962.062,2782.75,7.12688e+06
2020-06-14 08:30:00,adLQvlD726eNBSB,5025.75,509.043,645.143,6.49814e+06
2020-05-31 20:15:00,VHMLBKoKgIrUVDU,0,0,6076,7.3344e+06
2020-05-24 22:30:00,z9Y9gH1T5YWrNuG,0,0,7876,7.08064e+06
2020-05-17 01:30:00,ZnxXDlPa8U1GXgE,0,0,0,6.53515e+06
2020-05-27 19:45:00,zBIq5rxdHJRwDNY,0,0,0,6.43408e+06
2020-05-31 05:00:00,wCURE6d3bPkepu2,0,0,0,6.90316e+06
2020-05-19 07:30:00,pkci93gMrogZuBj,2842.25,279.075,179.375,7.19459e+06
2020-05-19 04:30:00,zVJPv84UY57bAof,0,0,0,7.1414e+06
2020-06-05 18:45:00,YxYtjZvoooNbGkE,0,0,7603,7.34249e+06
2020-06-11 04:45:00,bvBOhCH3iADSZry,0,0,0,6.49921e+06
2020-06-10 22:15:00,7JYdWkrLSPkdwr4,0,0,6362,7.80109e+06
2020-05-28 05:30:00,zBIq5rxdHJRwDNY,0,0,0,6.43408e+06
2020-06-13 15:00:00,rGa61gmuvPhdLxV,10563.6,1032.3,7128.75,7.32941e+06
2020-06-09 15:30:00,1BY6WEcLGh8j5v7,7789,762.475,6460.25,6.43807e+06
2020-05-29 15:45:00,uHbuxQJl8lW7ozc,7672.29,751.114,7473.29,7.15111e+06
2020-06-01 21:45:00,pkci93gMrogZuBj,0,0,5509,7.3003e+06
2020-05-20 00:45:00,wCURE6d3bPkepu2,0,0,0,6.81535e+06
2020-06-03 21:00:00,7JYdWkrLSPkdwr4,0,0,7749,7.74862e+06
2020-06-02 16:45:00,bvBOhCH3iADSZry,2870.43,281.757,6658.14,6.4453e+06
2020-05-28 20:00:00,VHMLBKoKgIrUVDU,0,0,8509,7.31289e+06
2020-05-24 08:15:00,rGa61gmuvPhdLxV,4894.88,480,497.75,7.17579e+06
2020-06-06 16:15:00,McdE0feGgRqW7Ca,1629,159.225,6335.25,7.33102e+06
2020-05-27 23:00:00,McdE0feGgRqW7Ca,0,0,0,7.25639e+06
2020-06-14 20:00:00,1BY6WEcLGh8j5v7,0,0,4012,6.46768e+06
2020-05-27 19:15:00,ih0vzX44oOqAx2f,0,0,6564,6.27886e+06
2020-06-03 22:15:00,ZoEaEvLYb1n2sOq,0,0,7774,7.2435e+06
2020-06-07 09:45:00,VHMLBKoKgIrUVDU,6308.71,618.043,1343.14,7.37933e+06
2020-06-07 13:00:00,WRmjgnKYAwPKWDb,12386.3,1207.64,4878.29,7.20149e+06
2020-06-15 05:45:00,3PZuoBAID5Wc2HD,0,0,0,7.21822e+06
2020-06-11 05:45:00,3PZuoBAID5Wc2HD,0,0,0,7.19047e+06
2020-05-24 22:15:00,zVJPv84UY57bAof,0,0,7958,7.1888e+06
2020-05-25 22:00:00,ZnxXDlPa8U1GXgE,0,0,8910,6.60467e+06
2020-05-28 22:00:00,7JYdWkrLSPkdwr4,0,0,8278,7.70683e+06
2020-05-20 11:15:00,VHMLBKoKgIrUVDU,12383.1,1207.39,3390.86,7.24293e+06
2020-05-17 14:00:00,pkci93gMrogZuBj,8559,836.6,5479.43,7.18713e+06
2020-06-16 17:30:00,YxYtjZvoooNbGkE,1454.25,141.863,6151.12,7.41949e+06
2020-06-12 11:30:00,ZoEaEvLYb1n2sOq,9630.88,941.7,2121.5,7.30375e+06
2020-06-01 20:15:00,sjndEbLyjtCKgGv,0,0,5766,7.14801e+06
2020-06-10 07:45:00,zVJPv84UY57bAof,4124.12,405.075,302.75,7.31076e+06
2020-06-12 09:45:00,adLQvlD726eNBSB,6700.25,656.275,937.75,6.48367e+06
2020-05-17 01:00:00,3PZuoBAID5Wc2HD,0,0,0,7.00069e+06
2020-06-10 03:15:00,sjndEbLyjtCKgGv,0,0,0,7.2091e+06
2020-06-17 04:45:00,sjndEbLyjtCKgGv,0,0,0,7.25579e+06
2020-05-28 02:15:00,sjndEbLyjtCKgGv,0,0,0,7.11256e+06
2020-06-14 15:15:00,wCURE6d3bPkepu2,10279,1003.81,6390.29,7.00876e+06
2020-06-15 16:00:00,McdE0feGgRqW7Ca,1801.14,176.257,6382.43,7.39574e+06
2020-05-30 11:15:00,zVJPv84UY57bAof,10371.3,1013.21,1857.14,7.23054e+06
2020-05-20 06:45:00,uHbuxQJl8lW7ozc,947.875,92.0875,40.25,7.07124e+06
2020-05-25 00:00:00,YxYtjZvoooNbGkE,0,0,0,7.25265e+06
2020-05-30 13:00:00,z9Y9gH1T5YWrNuG,7956.62,778.763,3590,7.12404e+06
2020-06-04 10:45:00,uHbuxQJl8lW7ozc,12090.3,1179.2,2406,7.18866e+06
2020-06-05 13:00:00,bvBOhCH3iADSZry,7839,767.343,3793.14,6.46398e+06
2020-06-10 12:45:00,1BY6WEcLGh8j5v7,10729.2,1047.72,3533.88,6.4426e+06
2020-05-16 06:00:00,wCURE6d3bPkepu2,56,5.4,0,6.78893e+06
2020-06-17 04:45:00,ZoEaEvLYb1n2sOq,0,0,0,7.33588e+06
2020-06-11 11:30:00,1IF53ai7Xc0U56Y,7403.86,724.914,1907.14,6.38853e+06
2020-05-25 23:00:00,zVJPv84UY57bAof,0,0,8813,7.19761e+06
2020-05-27 04:00:00,pkci93gMrogZuBj,0,0,0,7.25829e+06
2020-05-26 12:15:00,wCURE6d3bPkepu2,13153.7,1282.49,4276.57,6.86893e+06
2020-05-29 13:45:00,rGa61gmuvPhdLxV,8507.12,832.075,5879.38,7.22069e+06
2020-05-25 11:30:00,pkci93gMrogZuBj,12190,1188.54,3548.75,7.24526e+06
2020-06-11 17:30:00,zBIq5rxdHJRwDNY,1431.62,139.6,5582.25,6.54349e+06
2020-05-22 04:45:00,uHbuxQJl8lW7ozc,0,0,0,7.08798e+06
2020-06-04 01:45:00,ih0vzX44oOqAx2f,0,0,0,6.32901e+06
2020-06-15 08:45:00,bvBOhCH3iADSZry,7076.62,692.987,851.125,6.52245e+06
2020-06-07 20:15:00,zVJPv84UY57bAof,0,0,8260,7.29379e+06
2020-06-04 23:00:00,1IF53ai7Xc0U56Y,0,0,8196,6.34086e+06
2020-05-20 06:15:00,zVJPv84UY57bAof,427.625,41.3375,7.375,7.14834e+06
2020-06-12 21:00:00,uHbuxQJl8lW7ozc,0,0,5888,7.25209e+06
2020-05-22 03:00:00,ZoEaEvLYb1n2sOq,0,0,0,7.14668e+06
2020-05-25 02:30:00,pkci93gMrogZuBj,0,0,0,7.24171e+06
2020-05-16 21:15:00,pkci93gMrogZuBj,0,0,6173,7.18165e+06
2020-05-22 11:30:00,bvBOhCH3iADSZry,12976,1265.16,2509.43,6.36466e+06
2020-05-28 05:45:00,wCURE6d3bPkepu2,0,0,0,6.8792e+06
2020-05-26 11:45:00,McdE0feGgRqW7Ca,7340.86,718.2,3827.29,7.24548e+06
2020-06-17 19:15:00,McdE0feGgRqW7Ca,0,0,5992,7.40859e+06
2020-06-06 06:15:00,z9Y9gH1T5YWrNuG,408.875,39.525,6.75,7.17101e+06
2020-06-14 20:00:00,ZoEaEvLYb1n2sOq,0,0,7289,7.32305e+06
2020-06-13 22:15:00,7JYdWkrLSPkdwr4,0,0,8435,7.82085e+06
2020-05-19 11:30:00,adLQvlD726eNBSB,4161.5,408.825,2530.5,6.30035e+06
2020-06-06 18:00:00,7JYdWkrLSPkdwr4,234.5,22.6125,6311.75,7.77045e+06
2020-06-08 16:15:00,uHbuxQJl8lW7ozc,3420.5,335.538,7830.62,7.22498e+06
2020-06-09 03:15:00,YxYtjZvoooNbGkE,0,0,0,7.36531e+06
2020-06-03 22:45:00,iCRJl6heRkivqQ3,0,0,7883,7.3257e+06
2020-05-24 14:45:00,rGa61gmuvPhdLxV,10021.5,979.812,6644.25,7.18194e+06
2020-06-15 01:30:00,adLQvlD726eNBSB,0,0,0,6.50509e+06
2020-05-21 12:45:00,zVJPv84UY57bAof,11459.8,1118.53,4697.38,7.16188e+06
2020-05-27 17:45:00,zBIq5rxdHJRwDNY,596.857,57.7857,6370.43,6.43407e+06
2020-05-21 16:15:00,zBIq5rxdHJRwDNY,3443.86,338.543,7438.71,6.3883e+06
2020-05-29 14:15:00,uHbuxQJl8lW7ozc,8648.86,846.257,6302.57,7.14993e+06
2020-05-26 06:15:00,adLQvlD726eNBSB,443.571,42.9,8.14286,6.3553e+06
2020-06-10 14:15:00,uHbuxQJl8lW7ozc,9594.71,938.314,5394.29,7.23926e+06
2020-05-29 08:00:00,iCRJl6heRkivqQ3,3361,330.3,326.75,7.28336e+06
2020-05-30 01:00:00,zVJPv84UY57bAof,0,0,0,7.22869e+06
2020-06-11 22:15:00,YxYtjZvoooNbGkE,0,0,5592,7.38528e+06
2020-05-27 21:45:00,wCURE6d3bPkepu2,0,0,0,6.8792e+06
2020-05-27 05:00:00,uHbuxQJl8lW7ozc,0,0,0,7.12854e+06
2020-06-01 02:15:00,rGa61gmuvPhdLxV,0,0,0,7.23633e+06
2020-05-18 21:15:00,bvBOhCH3iADSZry,0,0,4962,6.34054e+06
2020-06-15 23:45:00,1BY6WEcLGh8j5v7,0,0,6275,6.47395e+06
2020-05-18 13:30:00,ih0vzX44oOqAx2f,11553.2,1127.15,2868,6.20807e+06
2020-05-22 04:30:00,ih0vzX44oOqAx2f,0,0,0,6.23354e+06
2020-06-13 16:15:00,uHbuxQJl8lW7ozc,2984.57,293.043,8094.14,7.26019e+06
2020-05-22 09:45:00,1BY6WEcLGh8j5v7,5051.57,495.429,1238,6.30683e+06
2020-05-21 23:00:00,rGa61gmuvPhdLxV,0,0,7766,7.1604e+06
2020-06-17 16:30:00,1IF53ai7Xc0U56Y,1858.71,182.029,5829.29,6.43336e+06
2020-05-19 08:45:00,McdE0feGgRqW7Ca,4178.62,410.175,569.25,7.18566e+06
2020-06-05 15:00:00,1IF53ai7Xc0U56Y,8623.43,842.671,6167,6.34702e+06
2020-06-02 21:00:00,bvBOhCH3iADSZry,0,0,6842,6.44549e+06
2020-05-16 17:00:00,1BY6WEcLGh8j5v7,1837,180.057,6179,6.27149e+06
2020-05-15 04:45:00,ih0vzX44oOqAx2f,0,0,0,6.18518e+06
2020-06-04 01:00:00,bvBOhCH3iADSZry,0,0,0,6.45272e+06
2020-06-07 11:00:00,iCRJl6heRkivqQ3,11779.6,1149.88,2438.12,7.35067e+06
2020-05-29 22:00:00,wCURE6d3bPkepu2,0,0,0,6.89588e+06
2020-06-01 22:15:00,iCRJl6heRkivqQ3,0,0,5781,7.31035e+06
2020-06-03 23:15:00,3PZuoBAID5Wc2HD,0,0,7874,7.13649e+06
2020-06-16 04:30:00,zVJPv84UY57bAof,0,0,0,7.3511e+06
2020-06-09 06:45:00,sjndEbLyjtCKgGv,1378.5,134.55,49.5,7.20097e+06
2020-06-14 12:45:00,ZnxXDlPa8U1GXgE,7791.75,762.75,3969.88,6.74831e+06
2020-05-22 23:15:00,ZnxXDlPa8U1GXgE,0,0,7275,6.57914e+06
2020-05-21 19:00:00,McdE0feGgRqW7Ca,0,0,7993,7.20906e+06
2020-06-11 16:30:00,zBIq5rxdHJRwDNY,3677.5,361.462,5335.38,6.54324e+06
2020-06-08 08:45:00,z9Y9gH1T5YWrNuG,7007.88,686.275,698.5,7.18433e+06
2020-05-20 09:30:00,ZnxXDlPa8U1GXgE,8788.88,859.938,1450.5,6.55659e+06
2020-06-04 21:30:00,iCRJl6heRkivqQ3,0,0,0,7.334e+06
2020-06-06 01:30:00,McdE0feGgRqW7Ca,0,0,0,7.32468e+06
2020-05-24 09:45:00,ZoEaEvLYb1n2sOq,5848.5,573.138,1467.12,7.16365e+06
2020-06-14 03:45:00,adLQvlD726eNBSB,0,0,0,6.4975e+06
2020-06-09 07:30:00,uHbuxQJl8lW7ozc,2995.43,294.243,224.429,7.22578e+06
2020-06-10 18:15:00,zVJPv84UY57bAof,111.375,10.7625,6559,7.31702e+06
2020-05-15 11:30:00,zVJPv84UY57bAof,6598.43,646.214,2111.29,7.11826e+06
2020-06-17 10:15:00,z9Y9gH1T5YWrNuG,6703.75,656.612,1420.25,7.24681e+06
2020-05-22 09:15:00,adLQvlD726eNBSB,6885.25,674.15,1069.62,6.32264e+06
2020-06-14 18:15:00,rGa61gmuvPhdLxV,253.286,24.4571,7297.14,7.33797e+06
2020-05-28 11:00:00,1BY6WEcLGh8j5v7,11362.9,1109.6,2862.86,6.3527e+06
2020-05-26 21:15:00,3PZuoBAID5Wc2HD,0,0,0,7.07871e+06
2020-05-28 14:45:00,wCURE6d3bPkepu2,8289.75,810.438,6955.62,6.88615e+06
2020-06-03 19:00:00,ZnxXDlPa8U1GXgE,0,0,7916,6.67088e+06
2020-06-03 17:15:00,1BY6WEcLGh8j5v7,2582.25,253.488,7216.12,6.39768e+06
2020-06-02 11:15:00,ZoEaEvLYb1n2sOq,6905.86,676.257,2842.86,7.23128e+06
2020-06-12 13:30:00,3PZuoBAID5Wc2HD,8505,832.275,3846.62,7.20003e+06
2020-05-30 07:30:00,YxYtjZvoooNbGkE,2016.75,197.713,172.375,7.29268e+06
2020-06-04 14:30:00,iCRJl6heRkivqQ3,6701.14,656.343,6079.29,7.33178e+06
2020-05-18 10:30:00,iCRJl6heRkivqQ3,3191,313.475,737.5,7.1991e+06
2020-05-17 16:30:00,7JYdWkrLSPkdwr4,4253,417.225,7229.75,7.62277e+06
2020-05-25 09:00:00,7JYdWkrLSPkdwr4,8358.43,817.986,1012.14,7.67625e+06
2020-05-17 22:15:00,ZoEaEvLYb1n2sOq,0,0,7464,7.11821e+06
2020-05-15 10:00:00,pkci93gMrogZuBj,9441.43,922.8,1411.57,7.17051e+06
2020-05-27 11:45:00,WRmjgnKYAwPKWDb,8019.86,784.014,3383.57,7.12126e+06
2020-05-28 12:00:00,rGa61gmuvPhdLxV,11039.4,1077.06,4089.38,7.21064e+06
2020-05-16 05:00:00,3PZuoBAID5Wc2HD,0,0,0,6.99403e+06
2020-05-17 09:45:00,VHMLBKoKgIrUVDU,10609.6,1036.89,1601.71,7.22098e+06
2020-05-26 21:00:00,zVJPv84UY57bAof,0,0,0,7.20538e+06
2020-06-06 01:15:00,VHMLBKoKgIrUVDU,0,0,0,7.37155e+06
2020-05-26 04:00:00,pkci93gMrogZuBj,0,0,0,7.25052e+06
2020-05-28 21:30:00,1BY6WEcLGh8j5v7,0,0,7977,6.35781e+06
2020-06-08 17:00:00,bvBOhCH3iADSZry,3062,300.671,7498,6.48579e+06
2020-06-16 21:45:00,adLQvlD726eNBSB,0,0,6396,6.5184e+06
2020-05-25 19:00:00,ZnxXDlPa8U1GXgE,0,0,8910,6.60467e+06
2020-06-03 08:45:00,uHbuxQJl8lW7ozc,5184.71,508.257,678.857,7.17908e+06
2020-06-03 23:45:00,adLQvlD726eNBSB,0,0,6849.43,6.42227e+06
2020-06-04 00:15:00,wCURE6d3bPkepu2,0,0,0,6.93078e+06
2020-05-18 16:45:00,VHMLBKoKgIrUVDU,2920.71,286.571,5262.14,7.23236e+06
2020-06-12 12:45:00,bvBOhCH3iADSZry,7133.29,698.529,2953.43,6.50736e+06
2020-05-25 10:00:00,1BY6WEcLGh8j5v7,9935.75,971.538,1835.88,6.32978e+06
2020-06-01 03:15:00,bvBOhCH3iADSZry,0,0,0,6.43327e+06
2020-05-27 09:00:00,pkci93gMrogZuBj,8681.86,849.471,978.857,7.25927e+06
2020-06-03 17:30:00,7JYdWkrLSPkdwr4,1955,191.625,7669.62,7.74854e+06
2020-06-05 07:45:00,ZoEaEvLYb1n2sOq,2282.12,223.762,213.625,7.25175e+06
2020-05-24 03:00:00,3PZuoBAID5Wc2HD,0,0,0,7.05327e+06
2020-05-27 08:30:00,zVJPv84UY57bAof,6252,612.575,673.125,7.20606e+06
2020-06-15 14:45:00,7JYdWkrLSPkdwr4,6959.12,681.5,5464.25,7.83362e+06
2020-06-11 19:30:00,ZnxXDlPa8U1GXgE,0,0,5692,6.7299e+06
2020-06-16 21:45:00,7JYdWkrLSPkdwr4,0,0,6166,7.84096e+06
2020-06-13 06:30:00,McdE0feGgRqW7Ca,585.286,56.6571,17.1429,7.37335e+06
2020-05-30 05:15:00,ZoEaEvLYb1n2sOq,0,0,0,7.2096e+06
2020-05-24 16:30:00,ih0vzX44oOqAx2f,3540.5,347.512,7198.12,6.25614e+06
2020-05-30 04:30:00,WRmjgnKYAwPKWDb,0,0,0,7.1409e+06
2020-05-30 12:30:00,McdE0feGgRqW7Ca,12823.9,1250.74,3160.57,7.27637e+06
2020-05-19 13:00:00,ih0vzX44oOqAx2f,10152.7,992.271,3849,6.21434e+06
2020-06-15 11:15:00,WRmjgnKYAwPKWDb,7755.75,758.688,3203.5,7.25779e+06
2020-06-01 07:30:00,1IF53ai7Xc0U56Y,4531.62,444.7,264.625,6.3117e+06
2020-06-12 22:15:00,McdE0feGgRqW7Ca,0,0,5955,7.37333e+06
2020-05-16 18:15:00,iCRJl6heRkivqQ3,124,12,6437,7.19085e+06
2020-06-16 19:45:00,iCRJl6heRkivqQ3,0,0,6305,7.42031e+06
2020-06-06 11:30:00,ZoEaEvLYb1n2sOq,6935,678.257,3090.43,7.26217e+06
2020-06-11 16:15:00,ZoEaEvLYb1n2sOq,4430.29,434.829,5152,7.30122e+06
2020-06-13 00:00:00,bvBOhCH3iADSZry,0,0,0,6.50978e+06
2020-06-02 11:30:00,bvBOhCH3iADSZry,5895,577.663,2840.88,6.44149e+06
2020-06-09 18:00:00,VHMLBKoKgIrUVDU,845.857,82.0714,8096.86,7.40279e+06
2020-05-15 17:15:00,rGa61gmuvPhdLxV,2367.25,232.113,6297.38,7.11779e+06
2020-06-13 03:30:00,7JYdWkrLSPkdwr4,0,0,0,7.81242e+06
2020-05-24 21:30:00,1BY6WEcLGh8j5v7,0,0,7537,6.32794e+06
2020-06-15 19:30:00,pkci93gMrogZuBj,0,0,6795,7.40322e+06
2020-05-19 10:15:00,ZnxXDlPa8U1GXgE,7433.62,726.938,1520.25,6.54968e+06
2020-06-02 19:30:00,ZoEaEvLYb1n2sOq,0,0,7287,7.23573e+06
2020-06-15 19:00:00,WRmjgnKYAwPKWDb,0,0,6731,7.26132e+06
2020-06-16 04:45:00,7JYdWkrLSPkdwr4,0,0,0,7.8348e+06
2020-06-15 00:30:00,zBIq5rxdHJRwDNY,0,0,0,6.56514e+06
2020-05-15 18:45:00,pkci93gMrogZuBj,0,0,6375,7.17548e+06
2020-06-13 06:30:00,sjndEbLyjtCKgGv,577.857,55.9286,17,7.22712e+06
2020-06-10 02:45:00,3PZuoBAID5Wc2HD,0,0,0,7.18392e+06
2020-05-18 11:00:00,uHbuxQJl8lW7ozc,6577.88,644.337,1000.38,7.05979e+06
2020-06-15 10:00:00,7JYdWkrLSPkdwr4,8710.88,852.237,1961.5,7.83012e+06
2020-05-27 05:15:00,YxYtjZvoooNbGkE,0,0,0,7.26933e+06
2020-06-05 02:00:00,pkci93gMrogZuBj,0,0,0,7.32369e+06
2020-06-04 07:00:00,McdE0feGgRqW7Ca,1846.75,180.963,78.25,7.30845e+06
2020-06-07 22:45:00,McdE0feGgRqW7Ca,0,0,7042,7.3382e+06
2020-06-17 15:00:00,ih0vzX44oOqAx2f,4934.75,483.913,5222.12,6.42559e+06
2020-05-22 03:30:00,z9Y9gH1T5YWrNuG,0,0,0,7.05715e+06
2020-06-02 13:45:00,3PZuoBAID5Wc2HD,13579.6,1324.2,5225.14,7.12649e+06
2020-05-15 14:45:00,ih0vzX44oOqAx2f,7644.83,747.75,4886.67,6.19008e+06
2020-06-17 15:30:00,adLQvlD726eNBSB,988,95.9714,5647.43,6.52405e+06
2020-05-18 13:15:00,sjndEbLyjtCKgGv,9949.88,972.013,2634.5,7.03969e+06
2020-05-31 14:15:00,1BY6WEcLGh8j5v7,6354.29,621.029,5036.86,6.37716e+06
2020-06-10 11:15:00,wCURE6d3bPkepu2,6926.62,677.962,2262.25,6.97824e+06
2020-06-10 09:30:00,ZnxXDlPa8U1GXgE,8945.14,875.014,1267.71,6.71904e+06
2020-05-22 00:30:00,McdE0feGgRqW7Ca,0,0,0,7.20906e+06
2020-06-16 14:15:00,3PZuoBAID5Wc2HD,4268.29,419.057,4843.86,7.22989e+06
2020-06-09 06:00:00,zVJPv84UY57bAof,143.125,13.8375,0.875,7.30217e+06
2020-06-12 22:15:00,1BY6WEcLGh8j5v7,0,0,5441,6.45568e+06
2020-06-10 20:45:00,iCRJl6heRkivqQ3,0,0,6559,7.37978e+06
2020-06-14 10:00:00,7JYdWkrLSPkdwr4,8542.71,835.914,1644.43,7.8225e+06
2020-06-11 22:00:00,zBIq5rxdHJRwDNY,0,0,5647,6.54355e+06
2020-06-10 23:30:00,WRmjgnKYAwPKWDb,0,0,6389,7.22737e+06
2020-05-23 11:30:00,ih0vzX44oOqAx2f,12921.3,1259.84,3303.57,6.24385e+06
2020-05-19 14:00:00,zBIq5rxdHJRwDNY,9273.29,907.071,4791.86,6.36984e+06
2020-05-17 22:45:00,YxYtjZvoooNbGkE,0,0,7497,7.20023e+06
2020-05-23 18:45:00,WRmjgnKYAwPKWDb,0,0,8431,7.09303e+06
2020-06-03 03:15:00,ih0vzX44oOqAx2f,0,0,0,6.32131e+06
2020-05-21 09:00:00,7JYdWkrLSPkdwr4,8238.38,806.263,1020.5,7.645e+06
2020-06-03 17:15:00,McdE0feGgRqW7Ca,2953,289.962,7861,7.30822e+06
2020-06-04 08:00:00,uHbuxQJl8lW7ozc,4712,462.375,369.375,7.18662e+06
2020-06-14 14:30:00,iCRJl6heRkivqQ3,8034.71,785.914,5834.14,7.40569e+06
2020-05-16 05:30:00,ih0vzX44oOqAx2f,0,0,0,6.19136e+06
2020-05-25 14:30:00,1IF53ai7Xc0U56Y,10743.5,1050.05,7326.25,6.26481e+06
2020-06-09 13:15:00,rGa61gmuvPhdLxV,10444.5,1019.81,5278.25,7.30124e+06
2020-05-15 09:30:00,iCRJl6heRkivqQ3,3721.38,365.462,1040.75,7.17903e+06
2020-05-31 08:30:00,ih0vzX44oOqAx2f,4368.25,429,431,6.3027e+06
2020-05-16 06:15:00,McdE0feGgRqW7Ca,348.25,33.675,4.75,7.16544e+06
2020-06-08 08:15:00,VHMLBKoKgIrUVDU,3484.12,342.512,461.625,7.38667e+06
2020-05-29 16:15:00,iCRJl6heRkivqQ3,6648.57,651.243,7740.29,7.29078e+06
2020-05-19 03:15:00,WRmjgnKYAwPKWDb,0,0,0,7.05445e+06
2020-05-23 14:45:00,YxYtjZvoooNbGkE,7141.38,699.325,6897.38,7.24302e+06
2020-05-28 06:45:00,wCURE6d3bPkepu2,1233.43,119.957,44.1429,6.87924e+06
2020-06-16 09:00:00,ih0vzX44oOqAx2f,5698.29,558.457,859.143,6.41511e+06
2020-06-05 07:15:00,ZnxXDlPa8U1GXgE,1920.71,188.129,114.429,6.67918e+06
2020-06-13 20:30:00,ZnxXDlPa8U1GXgE,0,0,8558,6.74434e+06
2020-06-11 10:45:00,ZnxXDlPa8U1GXgE,5955.62,583.562,1348.12,6.72556e+06
2020-06-13 03:00:00,7JYdWkrLSPkdwr4,0,0,0,7.81242e+06
2020-06-06 13:30:00,z9Y9gH1T5YWrNuG,8163.38,798.025,4628.75,7.17563e+06
2020-05-17 08:45:00,zVJPv84UY57bAof,7364.86,721.1,755.857,7.12929e+06
2020-06-03 00:00:00,pkci93gMrogZuBj,0,0,0,7.30765e+06
2020-06-14 18:00:00,sjndEbLyjtCKgGv,395.25,38.2125,7294.5,7.2428e+06
2020-05-20 10:15:00,ZoEaEvLYb1n2sOq,10824.9,1057.8,2129,7.13246e+06
2020-05-21 11:15:00,zVJPv84UY57bAof,12392.9,1208.7,2999.71,7.16018e+06
2020-05-31 23:30:00,McdE0feGgRqW7Ca,0,0,6195,7.28676e+06
2020-05-26 05:45:00,YxYtjZvoooNbGkE,0,0,0,7.26146e+06
2020-05-16 18:45:00,1IF53ai7Xc0U56Y,0,0,6592,6.19659e+06
2020-05-18 23:00:00,adLQvlD726eNBSB,0,0,5506,6.29782e+06
2020-06-08 18:45:00,3PZuoBAID5Wc2HD,0,0,8509,7.17573e+06
2020-06-15 16:15:00,1BY6WEcLGh8j5v7,2247.12,220.425,5876.75,6.47355e+06
2020-05-31 01:00:00,uHbuxQJl8lW7ozc,0,0,0,7.15927e+06
2020-06-16 19:15:00,ZnxXDlPa8U1GXgE,0,0,6304,6.76481e+06
2020-06-15 23:45:00,YxYtjZvoooNbGkE,0,0,6633,7.41334e+06
2020-06-07 12:30:00,ZoEaEvLYb1n2sOq,12957,1263.29,4193.88,7.26956e+06
2020-06-10 10:30:00,sjndEbLyjtCKgGv,6515.57,638.2,1858.14,7.21095e+06
2020-05-15 00:15:00,z9Y9gH1T5YWrNuG,0,0,0,7.00787e+06
2020-06-15 22:45:00,iCRJl6heRkivqQ3,0,0,6777,7.414e+06
2020-05-15 19:00:00,ZoEaEvLYb1n2sOq,0,0,6261,7.10436e+06
2020-06-10 02:45:00,sjndEbLyjtCKgGv,0,0,0,7.2091e+06
2020-06-09 02:30:00,rGa61gmuvPhdLxV,0,0,0,7.29596e+06
2020-05-30 18:45:00,7JYdWkrLSPkdwr4,0,0,7143,7.72198e+06
2020-06-11 21:45:00,zVJPv84UY57bAof,0,0,5671,7.32269e+06
2020-05-16 09:15:00,wCURE6d3bPkepu2,5748.14,563.329,1019.86,6.78995e+06
2020-06-06 21:30:00,ih0vzX44oOqAx2f,0,0,6197,6.35067e+06
2020-05-28 06:45:00,7JYdWkrLSPkdwr4,1382.88,134.825,49.625,7.6986e+06
2020-05-23 15:00:00,iCRJl6heRkivqQ3,5382.86,527.586,7127.86,7.24172e+06
2020-05-18 12:30:00,YxYtjZvoooNbGkE,8403.38,822.35,2041.38,7.20227e+06
2020-06-12 14:45:00,pkci93gMrogZuBj,6011.71,589.057,4764.71,7.37972e+06
2020-06-17 22:45:00,ih0vzX44oOqAx2f,0,0,5758,6.42613e+06
2020-05-17 18:45:00,ih0vzX44oOqAx2f,0,0,7391,6.2052e+06
2020-05-18 19:30:00,ZoEaEvLYb1n2sOq,0,0,5319,7.12353e+06
2020-05-19 13:45:00,bvBOhCH3iADSZry,9268,906.587,4210.25,6.34475e+06
2020-06-14 00:15:00,z9Y9gH1T5YWrNuG,0,0,0,7.22523e+06
2020-06-16 14:15:00,ZnxXDlPa8U1GXgE,4390.57,431.071,4807.43,6.76331e+06
2020-06-11 09:30:00,zVJPv84UY57bAof,4499,441.712,703.375,7.31772e+06
2020-06-06 05:15:00,WRmjgnKYAwPKWDb,0,0,0,7.19027e+06
2020-06-13 04:00:00,YxYtjZvoooNbGkE,0,0,0,7.39106e+06
2020-05-25 09:45:00,bvBOhCH3iADSZry,9366.57,916.157,1559,6.38577e+06
2020-06-15 14:30:00,rGa61gmuvPhdLxV,10295,1005.27,5316.25,7.34329e+06
2020-05-31 14:00:00,zBIq5rxdHJRwDNY,9954.57,972.529,4833.57,6.46213e+06
2020-06-12 01:15:00,ZnxXDlPa8U1GXgE,0,0,0,6.7299e+06
2020-05-25 12:30:00,YxYtjZvoooNbGkE,12648.9,1233.26,4832.5,7.25748e+06
2020-05-17 20:45:00,wCURE6d3bPkepu2,0,0,7530,6.803e+06
2020-05-25 14:15:00,bvBOhCH3iADSZry,9720.38,950.612,6315.88,6.39053e+06
2020-05-28 04:30:00,ZnxXDlPa8U1GXgE,0,0,0,6.61938e+06
2020-05-16 13:00:00,YxYtjZvoooNbGkE,9550.43,933.914,4024.57,7.19028e+06
2020-06-05 16:30:00,adLQvlD726eNBSB,5668.5,555.35,7298.25,6.43788e+06
2020-06-06 19:30:00,ZnxXDlPa8U1GXgE,0,0,6355,6.69305e+06
2020-06-09 05:00:00,WRmjgnKYAwPKWDb,0,0,0,7.213e+06
2020-06-13 09:15:00,uHbuxQJl8lW7ozc,6924.71,677.986,1192.43,7.25329e+06
2020-05-23 10:30:00,sjndEbLyjtCKgGv,8354,816.986,2314.71,7.07528e+06
2020-06-10 04:45:00,bvBOhCH3iADSZry,0,0,0,6.49335e+06
2020-06-06 12:00:00,McdE0feGgRqW7Ca,8785,858,3448.12,7.32813e+06
2020-06-13 00:15:00,ZoEaEvLYb1n2sOq,0,0,0,7.30738e+06
2020-06-16 22:00:00,ih0vzX44oOqAx2f,0,0,6124,6.42037e+06
2020-05-24 11:30:00,ZoEaEvLYb1n2sOq,11925,1163.19,3090.12,7.16527e+06
2020-06-07 07:45:00,adLQvlD726eNBSB,2607,255.662,246.75,6.44528e+06
2020-05-20 05:15:00,ZnxXDlPa8U1GXgE,0,0,0,6.55514e+06
2020-06-06 08:45:00,rGa61gmuvPhdLxV,6382.29,625.2,904.571,7.27399e+06
2020-06-08 11:00:00,ZoEaEvLYb1n2sOq,12046.3,1175.24,2973.57,7.27643e+06
2020-05-15 16:15:00,7JYdWkrLSPkdwr4,4268.86,419,5709.29,7.60867e+06
2020-06-03 16:30:00,uHbuxQJl8lW7ozc,2742,269,7380.75,7.18579e+06
2020-05-31 14:45:00,zVJPv84UY57bAof,2789.71,273.986,5370.14,7.24135e+06
2020-05-27 09:30:00,7JYdWkrLSPkdwr4,8236.29,805.714,1396,7.69331e+06
2020-06-12 21:30:00,zVJPv84UY57bAof,0,0,5863,7.32855e+06
2020-06-06 09:30:00,McdE0feGgRqW7Ca,8797.43,860.643,1356.43,7.32604e+06
2020-05-22 15:45:00,1IF53ai7Xc0U56Y,4284,420.529,6872,6.24012e+06
2020-06-03 04:30:00,WRmjgnKYAwPKWDb,0,0,0,7.16692e+06
2020-06-04 13:30:00,VHMLBKoKgIrUVDU,8175,800.013,5196.75,7.36086e+06
2020-05-16 04:45:00,sjndEbLyjtCKgGv,0,0,0,7.02318e+06
2020-06-08 05:15:00,VHMLBKoKgIrUVDU,0,0,0,7.38621e+06
2020-06-01 21:45:00,rGa61gmuvPhdLxV,0,0,5637,7.24197e+06
2020-06-09 18:15:00,rGa61gmuvPhdLxV,421.857,40.7857,8233.86,7.3042e+06
2020-05-22 03:30:00,zVJPv84UY57bAof,0,0,0,7.16512e+06
2020-06-14 04:00:00,zBIq5rxdHJRwDNY,0,0,0,6.55782e+06
2020-05-25 13:15:00,3PZuoBAID5Wc2HD,12158.5,1185.47,5951.67,7.06752e+06
2020-05-23 07:45:00,sjndEbLyjtCKgGv,3695.57,363.214,230.429,7.07319e+06
2020-05-26 17:30:00,zBIq5rxdHJRwDNY,618.625,59.875,7472,6.42767e+06
2020-05-21 10:45:00,McdE0feGgRqW7Ca,10834.6,1057.44,2498.12,7.20356e+06
2020-06-17 12:45:00,sjndEbLyjtCKgGv,10417.6,1017.91,3646.29,7.25944e+06
2020-06-04 03:30:00,adLQvlD726eNBSB,0,0,0,6.42227e+06
2020-05-23 12:00:00,z9Y9gH1T5YWrNuG,12759,1244,4007.14,7.06823e+06
2020-06-11 09:00:00,YxYtjZvoooNbGkE,3758.62,369.4,492.125,7.38018e+06
2020-06-10 12:15:00,zVJPv84UY57bAof,11668.4,1138.51,3341.86,7.3138e+06
2020-06-09 12:45:00,pkci93gMrogZuBj,11444.9,1116.99,4676.86,7.35915e+06
2020-06-09 16:45:00,WRmjgnKYAwPKWDb,3972.5,390.325,7673.25,7.22067e+06
2020-05-26 23:15:00,1IF53ai7Xc0U56Y,0,0,0,6.27464e+06
2020-05-18 22:30:00,McdE0feGgRqW7Ca,0,0,5464,7.18509e+06
2020-06-06 05:00:00,uHbuxQJl8lW7ozc,0,0,0,7.20237e+06
2020-06-17 14:30:00,ZnxXDlPa8U1GXgE,8359.88,817.962,5031.12,6.76984e+06
2020-05-22 02:30:00,uHbuxQJl8lW7ozc,0,0,0,7.08798e+06
2020-06-06 15:30:00,wCURE6d3bPkepu2,4288.71,421.043,5962.86,6.95273e+06
2020-06-07 23:15:00,sjndEbLyjtCKgGv,0,0,6898,7.19255e+06
2020-06-15 04:00:00,WRmjgnKYAwPKWDb,0,0,0,7.25458e+06
2020-05-20 08:00:00,z9Y9gH1T5YWrNuG,5163.62,506.275,394.375,7.04086e+06
2020-05-28 12:30:00,WRmjgnKYAwPKWDb,12242.2,1193.99,4914.62,7.12945e+06
2020-06-15 01:45:00,iCRJl6heRkivqQ3,0,0,0,7.40722e+06
2020-06-11 13:45:00,rGa61gmuvPhdLxV,6634.25,649.812,3514.88,7.31428e+06
2020-06-01 17:00:00,zBIq5rxdHJRwDNY,1334.14,129.814,5699.14,6.46894e+06
2020-06-03 14:15:00,WRmjgnKYAwPKWDb,9299.38,909.55,5624.5,7.17254e+06
2020-06-12 16:30:00,YxYtjZvoooNbGkE,2720.57,266.829,5468,7.39075e+06
2020-05-29 10:00:00,z9Y9gH1T5YWrNuG,9024.38,882.062,1569.12,7.11393e+06
2020-06-02 20:00:00,ZnxXDlPa8U1GXgE,0,0,0,6.66297e+06
2020-06-08 19:45:00,wCURE6d3bPkepu2,0,0,8443,6.96797e+06
2020-05-17 03:00:00,zBIq5rxdHJRwDNY,0,0,0,6.35215e+06
2020-05-18 14:00:00,z9Y9gH1T5YWrNuG,9836.71,961.386,3490.57,7.03172e+06
2020-05-28 16:45:00,uHbuxQJl8lW7ozc,3223.12,316.45,8119.25,7.14338e+06
2020-06-06 01:15:00,3PZuoBAID5Wc2HD,0,0,0,7.15249e+06
2020-06-09 21:00:00,zBIq5rxdHJRwDNY,0,0,8136,6.5314e+06
2020-05-28 20:15:00,VHMLBKoKgIrUVDU,0,0,8509,7.31289e+06
2020-05-31 14:00:00,1IF53ai7Xc0U56Y,10036.4,980.362,4756.12,6.3103e+06
2020-06-04 02:45:00,McdE0feGgRqW7Ca,0,0,0,7.30837e+06
2020-05-21 21:00:00,pkci93gMrogZuBj,0,0,7778,7.21798e+06
2020-06-16 22:45:00,ZnxXDlPa8U1GXgE,0,0,6304,6.76481e+06
2020-06-06 09:30:00,pkci93gMrogZuBj,9683.29,946.871,1289.57,7.33278e+06
2020-06-08 01:15:00,z9Y9gH1T5YWrNuG,0,0,0,7.18363e+06
2020-05-24 11:45:00,sjndEbLyjtCKgGv,11528.5,1124.72,3364,7.08481e+06
2020-05-25 13:30:00,1BY6WEcLGh8j5v7,10541.6,1030.45,5690.75,6.33363e+06
2020-06-02 12:30:00,McdE0feGgRqW7Ca,9611.38,939.3,3953,7.2967e+06
2020-06-03 10:15:00,zBIq5rxdHJRwDNY,6105,598.188,1544.62,6.478e+06
2020-05-22 03:30:00,1IF53ai7Xc0U56Y,0,0,0,6.23325e+06
2020-05-31 03:30:00,ih0vzX44oOqAx2f,0,0,0,6.30227e+06
2020-06-04 22:45:00,bvBOhCH3iADSZry,0,0,7462,6.46019e+06
2020-06-06 17:15:00,3PZuoBAID5Wc2HD,638.857,61.8429,6461.86,7.15895e+06
2020-05-16 07:30:00,ih0vzX44oOqAx2f,2466.5,241.863,166.25,6.19153e+06
2020-05-19 22:00:00,3PZuoBAID5Wc2HD,0,0,0,7.02051e+06
2020-06-13 20:00:00,pkci93gMrogZuBj,0,0,8354,7.38916e+06
2020-06-16 18:45:00,iCRJl6heRkivqQ3,0,0,6305,7.42031e+06
2020-05-22 01:15:00,wCURE6d3bPkepu2,0,0,0,6.83206e+06
2020-06-15 06:00:00,ZnxXDlPa8U1GXgE,109.429,10.5857,0.285714,6.75175e+06
2020-06-14 10:30:00,zBIq5rxdHJRwDNY,10732.5,1047.92,2047.75,6.55987e+06
2020-05-27 06:45:00,ZoEaEvLYb1n2sOq,1507.43,147.2,48,7.18674e+06
2020-06-14 05:45:00,ZoEaEvLYb1n2sOq,0,0,0,7.31576e+06
2020-06-01 03:00:00,ZnxXDlPa8U1GXgE,0,0,0,6.64952e+06
2020-06-17 04:15:00,wCURE6d3bPkepu2,0,0,0,7.02272e+06
2020-06-14 19:45:00,1IF53ai7Xc0U56Y,0,0,7487,6.41437e+06
2020-06-15 15:15:00,zVJPv84UY57bAof,6702.57,656.429,5951.14,7.35023e+06
2020-06-04 22:15:00,zVJPv84UY57bAof,0,0,0,7.27127e+06
2020-06-11 00:00:00,ih0vzX44oOqAx2f,0,0,784.625,6.38103e+06
2020-05-28 14:30:00,3PZuoBAID5Wc2HD,7987.62,780.875,6895.5,7.09235e+06
2020-06-06 13:00:00,uHbuxQJl8lW7ozc,11939,1164.83,4458.86,7.20683e+06
2020-05-20 05:30:00,wCURE6d3bPkepu2,0,0,0,6.81535e+06
2020-05-23 15:00:00,zVJPv84UY57bAof,5396.29,528.929,7077.86,7.17937e+06
2020-05-21 18:00:00,1IF53ai7Xc0U56Y,292.875,28.2875,7816.5,6.23324e+06
2020-06-03 09:00:00,zVJPv84UY57bAof,6208.75,608.288,812.625,7.25603e+06
2020-06-03 02:15:00,McdE0feGgRqW7Ca,0,0,0,7.30036e+06
2020-05-31 03:00:00,zVJPv84UY57bAof,0,0,0,7.23598e+06
2020-05-20 18:15:00,uHbuxQJl8lW7ozc,369.857,35.7429,8907.86,7.08011e+06
2020-05-24 06:45:00,ih0vzX44oOqAx2f,1179.62,114.725,43,6.24898e+06
2020-06-08 14:15:00,VHMLBKoKgIrUVDU,11309.6,1103.76,6298,7.39251e+06
2020-05-24 02:15:00,zBIq5rxdHJRwDNY,0,0,0,6.40448e+06
2020-06-13 22:00:00,ZnxXDlPa8U1GXgE,0,0,8558,6.74434e+06
2020-05-29 07:00:00,rGa61gmuvPhdLxV,1957.75,191.938,91.625,7.21491e+06
2020-05-27 14:15:00,zBIq5rxdHJRwDNY,3902.88,383.512,4818.25,6.43252e+06
2020-06-03 04:45:00,7JYdWkrLSPkdwr4,0,0,0,7.74087e+06
2020-06-10 09:15:00,uHbuxQJl8lW7ozc,8696.29,850.886,1027.14,7.23489e+06
2020-05-17 13:30:00,adLQvlD726eNBSB,9633.88,940.725,5472.25,6.28992e+06
2020-05-23 13:45:00,wCURE6d3bPkepu2,12831.4,1251.07,6004.86,6.84523e+06
2020-05-27 21:00:00,bvBOhCH3iADSZry,0,0,6133,6.40583e+06
2020-05-23 13:00:00,VHMLBKoKgIrUVDU,11103.1,1084.06,5200.43,7.26892e+06
2020-06-06 14:45:00,uHbuxQJl8lW7ozc,2472.86,242.629,5786.57,7.20816e+06
2020-06-02 19:30:00,McdE0feGgRqW7Ca,0,0,7607,7.30036e+06
2020-05-16 05:45:00,sjndEbLyjtCKgGv,0,0,0,7.02318e+06
2020-06-11 14:00:00,uHbuxQJl8lW7ozc,6763.29,662.371,3701.57,7.24421e+06
2020-06-11 23:45:00,rGa61gmuvPhdLxV,0,0,4955.12,7.31643e+06
2020-05-25 20:00:00,zVJPv84UY57bAof,0,0,8813,7.19761e+06
2020-05-17 23:45:00,McdE0feGgRqW7Ca,0,0,6519.43,7.17963e+06
2020-05-23 03:45:00,uHbuxQJl8lW7ozc,0,0,0,7.09525e+06
2020-05-20 00:45:00,iCRJl6heRkivqQ3,0,0,0,7.21072e+06
2020-05-27 06:30:00,wCURE6d3bPkepu2,830.857,80.6143,19.7143,6.8725e+06
2020-05-24 22:30:00,ZoEaEvLYb1n2sOq,0,0,7985,7.17017e+06
2020-06-13 16:15:00,adLQvlD726eNBSB,2983.57,292.929,8420.29,6.49714e+06
2020-06-15 18:30:00,sjndEbLyjtCKgGv,24.5,2.3625,6727.75,7.24954e+06
2020-05-22 05:30:00,McdE0feGgRqW7Ca,0,0,0,7.20906e+06
2020-06-05 21:45:00,zBIq5rxdHJRwDNY,0,0,7723,6.5003e+06
2020-05-16 23:15:00,wCURE6d3bPkepu2,0,0,6543,6.79547e+06
2020-06-14 06:00:00,sjndEbLyjtCKgGv,51.375,4.975,0.25,7.2355e+06
2020-05-21 11:30:00,adLQvlD726eNBSB,12287.3,1198.84,3513.43,6.31713e+06
2020-05-24 06:15:00,adLQvlD726eNBSB,448,43.3286,8.57143,6.33774e+06
2020-06-06 09:30:00,VHMLBKoKgIrUVDU,9688.12,946.712,1378,7.37293e+06
2020-06-13 19:00:00,pkci93gMrogZuBj,0,0,8354,7.38916e+06
2020-05-31 15:00:00,adLQvlD726eNBSB,2498.88,245.05,5286.38,6.40006e+06
2020-06-16 02:45:00,7JYdWkrLSPkdwr4,0,0,0,7.8348e+06
2020-05-15 22:15:00,1BY6WEcLGh8j5v7,0,0,5754,6.26531e+06
2020-06-12 07:30:00,pkci93gMrogZuBj,927.571,90.1,89,7.37504e+06
2020-06-01 23:45:00,1BY6WEcLGh8j5v7,0,0,5508,6.38344e+06
2020-05-19 06:15:00,pkci93gMrogZuBj,90,8.67143,0.571429,7.19441e+06
2020-06-06 21:15:00,bvBOhCH3iADSZry,0,0,5873,6.47312e+06
2020-06-04 00:30:00,uHbuxQJl8lW7ozc,0,0,0,7.18626e+06
2020-05-29 09:00:00,iCRJl6heRkivqQ3,6697.14,655.829,803.429,7.28384e+06
2020-05-24 18:15:00,7JYdWkrLSPkdwr4,376,36.3429,8013.14,7.67523e+06
2020-05-24 07:15:00,ih0vzX44oOqAx2f,2416.75,236.988,130.375,6.24907e+06
2020-05-31 09:00:00,WRmjgnKYAwPKWDb,6974.43,682.914,725.429,7.14875e+06
2020-05-19 13:45:00,adLQvlD726eNBSB,10370.4,1013.79,4683.62,6.3025e+06
2020-05-20 21:30:00,7JYdWkrLSPkdwr4,0,0,8772,7.64398e+06
2020-05-23 11:00:00,sjndEbLyjtCKgGv,10576.9,1032.89,2781.86,7.07574e+06
2020-05-16 18:45:00,VHMLBKoKgIrUVDU,0,0,6714,7.21938e+06
2020-05-18 06:30:00,1IF53ai7Xc0U56Y,771.125,74.7875,19.875,6.20437e+06
2020-05-29 20:45:00,ZoEaEvLYb1n2sOq,0,0,0,7.2096e+06
2020-06-01 01:45:00,bvBOhCH3iADSZry,0,0,0,6.43327e+06
2020-06-09 16:30:00,McdE0feGgRqW7Ca,5352.43,524.643,7787.43,7.35457e+06
2020-06-03 18:30:00,wCURE6d3bPkepu2,84.5714,8.14286,7906.86,6.93078e+06
2020-05-28 13:15:00,pkci93gMrogZuBj,8726.5,852.962,5530.62,7.27052e+06
2020-06-10 18:30:00,adLQvlD726eNBSB,0,0,6667,6.47694e+06
2020-05-23 08:15:00,iCRJl6heRkivqQ3,6475.14,634.271,450.286,7.23504e+06
2020-06-06 20:00:00,pkci93gMrogZuBj,0,0,0,7.33792e+06
2020-05-24 10:45:00,YxYtjZvoooNbGkE,12158.6,1185.9,2292,7.24697e+06
2020-06-11 17:30:00,bvBOhCH3iADSZry,1314.5,127.9,5137.5,6.50435e+06
2020-06-14 20:00:00,3PZuoBAID5Wc2HD,0,0,7504,7.21822e+06
2020-05-21 08:15:00,zVJPv84UY57bAof,5643.5,553.1,476,7.15766e+06
2020-05-25 06:30:00,adLQvlD726eNBSB,825.5,80.1125,18.75,6.34615e+06
2020-05-23 00:45:00,sjndEbLyjtCKgGv,0,0,0,7.07296e+06
2020-06-04 13:00:00,McdE0feGgRqW7Ca,11140.6,1087.83,4694.43,7.31306e+06
2020-06-07 07:00:00,ZoEaEvLYb1n2sOq,1727,169.129,84.1429,7.26545e+06
2020-05-30 16:30:00,rGa61gmuvPhdLxV,4787,469.6,6946.43,7.23002e+06
2020-06-05 13:15:00,ZoEaEvLYb1n2sOq,7647,748.1,4201.57,7.25574e+06
2020-06-14 23:30:00,McdE0feGgRqW7Ca,0,0,7435,7.38936e+06
2020-06-06 18:30:00,7JYdWkrLSPkdwr4,0,0,6317,7.77046e+06
2020-06-03 18:45:00,VHMLBKoKgIrUVDU,0,0,7917,7.35566e+06
2020-06-05 08:15:00,rGa61gmuvPhdLxV,4859.62,476.375,374.5,7.26572e+06
2020-06-02 13:00:00,z9Y9gH1T5YWrNuG,11925.9,1163.21,4370.43,7.1442e+06
2020-06-06 01:45:00,McdE0feGgRqW7Ca,0,0,0,7.32468e+06
2020-05-30 00:45:00,zBIq5rxdHJRwDNY,0,0,0,6.4499e+06
2020-06-09 15:00:00,ih0vzX44oOqAx2f,7792.14,762.729,6386.57,6.3733e+06
2020-05-27 20:30:00,wCURE6d3bPkepu2,0,0,0,6.8792e+06
2020-06-11 07:15:00,adLQvlD726eNBSB,1245.43,121.129,60.4286,6.477e+06
2020-06-05 16:15:00,iCRJl6heRkivqQ3,6742.5,660.4,7030.88,7.34103e+06
2020-06-10 18:00:00,uHbuxQJl8lW7ozc,575.143,55.7,6635,7.2405e+06
2020-06-01 06:30:00,iCRJl6heRkivqQ3,967.5,93.9625,24,7.30459e+06
2020-05-27 21:45:00,YxYtjZvoooNbGkE,0,0,0,7.27603e+06
2020-05-29 10:15:00,3PZuoBAID5Wc2HD,12135.1,1183.79,1896.86,7.09588e+06
2020-06-02 22:30:00,1IF53ai7Xc0U56Y,0,0,0,6.32478e+06
2020-05-18 23:00:00,bvBOhCH3iADSZry,0,0,4962,6.34054e+06
2020-05-31 09:45:00,ZnxXDlPa8U1GXgE,6525.88,639.188,1218.62,6.6446e+06
2020-05-19 21:45:00,ZnxXDlPa8U1GXgE,0,0,6974,6.55514e+06
2020-06-10 03:00:00,1IF53ai7Xc0U56Y,0,0,0,6.38002e+06
2020-05-24 19:30:00,rGa61gmuvPhdLxV,0,0,8002,7.1833e+06
2020-06-07 08:30:00,wCURE6d3bPkepu2,3643.57,358.129,481.429,6.95358e+06
2020-06-17 05:45:00,McdE0feGgRqW7Ca,0,0,0,7.4026e+06
2020-06-04 21:45:00,ih0vzX44oOqAx2f,0,0,8009,6.33702e+06
2020-06-05 20:00:00,7JYdWkrLSPkdwr4,0,0,0,7.76414e+06
2020-05-26 02:00:00,ih0vzX44oOqAx2f,0,0,0,6.26458e+06
2020-05-24 09:45:00,sjndEbLyjtCKgGv,6014.62,589.362,1454.12,7.0829e+06
2020-05-27 10:00:00,zVJPv84UY57bAof,6357.4,622.72,1806.4,7.20719e+06
2020-05-20 00:30:00,zBIq5rxdHJRwDNY,0,0,0,6.37197e+06
2020-06-14 11:15:00,YxYtjZvoooNbGkE,9482.86,927.271,2773.86,7.40221e+06
2020-05-17 23:30:00,z9Y9gH1T5YWrNuG,0,0,7486,7.02823e+06
2020-05-22 09:45:00,wCURE6d3bPkepu2,5239.12,513.825,1258,6.83331e+06
2020-06-12 07:15:00,z9Y9gH1T5YWrNuG,1087.71,105.714,64.8571,7.21113e+06
2020-06-08 20:45:00,McdE0feGgRqW7Ca,0,0,8580,7.34678e+06
2020-05-16 11:15:00,wCURE6d3bPkepu2,7465.86,730.914,2490.71,6.79142e+06
2020-06-07 13:30:00,sjndEbLyjtCKgGv,0,0,4526,7.19018e+06
2020-05-26 01:45:00,YxYtjZvoooNbGkE,0,0,0,7.26146e+06
2020-05-15 20:45:00,McdE0feGgRqW7Ca,0,0,6471,7.16544e+06
2020-05-23 16:45:00,uHbuxQJl8lW7ozc,4197.14,412.2,8145.57,7.1034e+06
2020-06-05 19:00:00,uHbuxQJl8lW7ozc,0,0,7838,7.20237e+06
2020-06-03 13:30:00,z9Y9gH1T5YWrNuG,10080.6,985.263,4879.88,7.15215e+06
2020-05-19 03:45:00,bvBOhCH3iADSZry,0,0,0,6.34054e+06
2020-05-19 02:15:00,YxYtjZvoooNbGkE,0,0,0,7.2056e+06
2020-06-01 00:15:00,z9Y9gH1T5YWrNuG,0,0,0,7.1339e+06
2020-06-03 22:30:00,zVJPv84UY57bAof,0,0,7836,7.26305e+06
2020-06-07 06:30:00,z9Y9gH1T5YWrNuG,792.714,76.9,19.2857,7.17731e+06
2020-05-23 19:45:00,pkci93gMrogZuBj,0,0,8475,7.23368e+06
2020-05-22 00:15:00,z9Y9gH1T5YWrNuG,0,0,0,7.05715e+06
2020-05-24 17:15:00,1IF53ai7Xc0U56Y,2535.75,248.775,8148.75,6.25736e+06
2020-06-02 00:30:00,zBIq5rxdHJRwDNY,0,0,0,6.46903e+06
2020-06-16 04:30:00,adLQvlD726eNBSB,0,0,0,6.512e+06
2020-05-28 12:45:00,bvBOhCH3iADSZry,10830.4,1056.79,4767.71,6.4106e+06
2020-06-01 07:45:00,1IF53ai7Xc0U56Y,5328.71,522.314,385.714,6.31182e+06
2020-05-24 02:00:00,3PZuoBAID5Wc2HD,0,0,0,7.05327e+06
2020-05-20 05:15:00,ZoEaEvLYb1n2sOq,0,0,0,7.13033e+06
2020-06-10 09:00:00,3PZuoBAID5Wc2HD,7404.71,724.986,932.286,7.18485e+06
2020-05-24 10:30:00,McdE0feGgRqW7Ca,8219.57,803.4,2054.43,7.22669e+06
2020-05-24 12:45:00,1BY6WEcLGh8j5v7,11688,1139.59,4514.71,6.32492e+06
2020-05-18 05:00:00,bvBOhCH3iADSZry,0,0,0,6.33558e+06
2020-06-03 05:00:00,VHMLBKoKgIrUVDU,0,0,0,7.34774e+06
2020-06-15 12:15:00,bvBOhCH3iADSZry,5341.86,523.714,3716.14,6.52532e+06
2020-06-07 02:30:00,z9Y9gH1T5YWrNuG,0,0,0,7.17729e+06
2020-06-16 06:30:00,adLQvlD726eNBSB,710.625,68.875,12.875,6.51201e+06
2020-06-04 19:00:00,VHMLBKoKgIrUVDU,0,0,8160,7.36382e+06
2020-06-17 17:15:00,uHbuxQJl8lW7ozc,1590.75,155.738,5863.62,7.2869e+06
2020-05-26 11:15:00,McdE0feGgRqW7Ca,8190.86,800.4,3372.86,7.24502e+06
2020-05-21 22:45:00,rGa61gmuvPhdLxV,0,0,7766,7.1604e+06
2020-05-24 03:45:00,rGa61gmuvPhdLxV,0,0,0,7.17529e+06
2020-05-16 06:15:00,3PZuoBAID5Wc2HD,346.571,33.4857,3.71429,6.99404e+06
2020-06-08 03:00:00,VHMLBKoKgIrUVDU,0,0,0,7.38621e+06
2020-06-12 06:00:00,z9Y9gH1T5YWrNuG,0,0,0,7.21106e+06
2020-06-08 17:45:00,3PZuoBAID5Wc2HD,1166.57,113.543,8464.29,7.17569e+06
2020-06-04 16:15:00,rGa61gmuvPhdLxV,6971.5,682.737,7522.25,7.26466e+06
2020-06-06 13:15:00,bvBOhCH3iADSZry,4767.25,466.413,4235.88,6.47149e+06
2020-06-10 06:00:00,7JYdWkrLSPkdwr4,103.25,9.95,0.875,7.79473e+06
2020-05-19 13:00:00,uHbuxQJl8lW7ozc,9378.86,916.957,4006.71,7.06821e+06
2020-05-16 15:15:00,1BY6WEcLGh8j5v7,5465.38,535.75,5629.12,6.27094e+06
2020-06-08 02:45:00,zBIq5rxdHJRwDNY,0,0,0,6.51491e+06
2020-06-14 19:00:00,adLQvlD726eNBSB,0,0,7590,6.50509e+06
2020-06-17 22:30:00,uHbuxQJl8lW7ozc,0,0,5967,7.287e+06
2020-06-01 19:30:00,pkci93gMrogZuBj,0,0,5509,7.3003e+06
2020-06-07 07:00:00,McdE0feGgRqW7Ca,1793,175.743,88.8571,7.33125e+06
2020-05-26 19:30:00,zBIq5rxdHJRwDNY,0,0,0,6.4277e+06
2020-06-03 03:15:00,VHMLBKoKgIrUVDU,0,0,0,7.34774e+06
2020-06-07 18:15:00,z9Y9gH1T5YWrNuG,311,30.0714,6336.71,7.18363e+06
2020-05-19 20:15:00,zVJPv84UY57bAof,0,0,6932,7.14834e+06
2020-06-07 02:15:00,WRmjgnKYAwPKWDb,0,0,0,7.19661e+06
2020-05-29 11:30:00,ZoEaEvLYb1n2sOq,8547,834.971,3186.71,7.20472e+06
2020-05-28 10:15:00,iCRJl6heRkivqQ3,10336.4,1009.48,2221.75,7.27691e+06
2020-05-20 02:00:00,3PZuoBAID5Wc2HD,0,0,0,7.02051e+06
2020-05-19 09:00:00,ZoEaEvLYb1n2sOq,5730.57,561.514,659.286,7.12419e+06
2020-05-25 04:30:00,ZoEaEvLYb1n2sOq,0,0,0,7.17017e+06
2020-06-06 14:30:00,VHMLBKoKgIrUVDU,4519,441.962,5693.5,7.37725e+06
2020-05-27 09:45:00,ZoEaEvLYb1n2sOq,8254.62,807.312,1622.5,7.18831e+06
2020-06-05 23:15:00,3PZuoBAID5Wc2HD,0,0,0,7.15249e+06
2020-06-15 15:15:00,ZnxXDlPa8U1GXgE,6273.5,614.55,5885.62,6.75763e+06
2020-06-01 10:30:00,ih0vzX44oOqAx2f,12687.4,1237.41,2193.75,6.31043e+06
2020-06-15 10:15:00,ZnxXDlPa8U1GXgE,11344.7,1107.29,2240.86,6.75399e+06
2020-06-08 05:30:00,YxYtjZvoooNbGkE,0,0,0,7.35697e+06
2020-06-11 11:15:00,ZnxXDlPa8U1GXgE,7899.25,773.212,1703.88,6.72591e+06
2020-05-15 05:00:00,7JYdWkrLSPkdwr4,0,0,0,7.60296e+06
2020-06-15 20:00:00,uHbuxQJl8lW7ozc,0,0,6906,7.27474e+06
2020-06-05 04:00:00,ih0vzX44oOqAx2f,0,0,0,6.33702e+06
2020-05-28 09:30:00,sjndEbLyjtCKgGv,9454.88,924.75,1494,7.11406e+06
2020-05-28 14:45:00,1BY6WEcLGh8j5v7,7790.5,762.4,6533.12,6.35637e+06
2020-05-17 16:00:00,wCURE6d3bPkepu2,6078.57,595.457,7019.14,6.80249e+06
2020-06-02 12:15:00,7JYdWkrLSPkdwr4,9288,908.229,3556.29,7.73718e+06
2020-06-15 18:30:00,3PZuoBAID5Wc2HD,22.25,2.15,6818.88,7.22504e+06
2020-05-29 08:00:00,z9Y9gH1T5YWrNuG,3333.12,327.488,325.5,7.11269e+06
2020-06-13 08:30:00,VHMLBKoKgIrUVDU,7241.71,709.129,743.143,7.42166e+06
2020-05-26 16:00:00,bvBOhCH3iADSZry,4485.14,439.986,6754.57,6.39909e+06
2020-06-11 00:15:00,McdE0feGgRqW7Ca,0,0,0,7.36162e+06
2020-06-13 13:30:00,rGa61gmuvPhdLxV,7772.57,760.871,5659.14,7.32794e+06
2020-06-11 20:30:00,YxYtjZvoooNbGkE,0,0,5592,7.38528e+06
2020-06-07 20:15:00,uHbuxQJl8lW7ozc,0,0,8294,7.21715e+06
2020-06-13 20:15:00,zVJPv84UY57bAof,0,0,8410,7.33696e+06
2020-06-05 05:15:00,7JYdWkrLSPkdwr4,0,0,0,7.75662e+06
2020-05-25 08:00:00,wCURE6d3bPkepu2,3402.86,334.057,348.429,6.85614e+06
2020-05-29 18:15:00,VHMLBKoKgIrUVDU,125.714,12.1286,8170.71,7.32106e+06
2020-05-28 18:30:00,ZnxXDlPa8U1GXgE,58.5714,5.65714,8539.57,6.62792e+06
2020-05-17 02:15:00,zVJPv84UY57bAof,0,0,0,7.12854e+06
2020-05-21 22:15:00,WRmjgnKYAwPKWDb,0,0,0,7.07736e+06
2020-05-29 22:45:00,1IF53ai7Xc0U56Y,0,0,8253,6.29821e+06
2020-06-07 04:30:00,7JYdWkrLSPkdwr4,0,0,0,7.77046e+06
2020-05-22 20:30:00,ZoEaEvLYb1n2sOq,0,0,0,7.15371e+06
2020-05-22 01:30:00,sjndEbLyjtCKgGv,0,0,0,7.06589e+06
2020-05-19 08:00:00,ih0vzX44oOqAx2f,1796.29,175.871,310.857,6.2108e+06
2020-06-07 20:30:00,zVJPv84UY57bAof,0,0,8260,7.29379e+06
2020-06-09 10:30:00,ZoEaEvLYb1n2sOq,12014.7,1172.03,2312.43,7.28404e+06
2020-05-21 08:15:00,uHbuxQJl8lW7ozc,5724.12,560.987,484.25,7.0806e+06
2020-05-28 20:45:00,ZoEaEvLYb1n2sOq,0,0,8247,7.20154e+06
2020-06-03 22:45:00,7JYdWkrLSPkdwr4,0,0,7749,7.74862e+06
2020-05-24 05:45:00,adLQvlD726eNBSB,0,0,0,6.33773e+06
2020-05-25 01:30:00,adLQvlD726eNBSB,0,0,0,6.34613e+06
2020-05-19 15:15:00,uHbuxQJl8lW7ozc,6311.12,618.375,5966.38,7.07017e+06
2020-06-07 08:00:00,1BY6WEcLGh8j5v7,3130.14,307.571,283.857,6.41877e+06
2020-05-15 18:45:00,bvBOhCH3iADSZry,0,0,5707,6.32251e+06
2020-06-11 11:30:00,ZoEaEvLYb1n2sOq,7276.25,712.462,1857.88,7.29793e+06
2020-05-22 20:30:00,zBIq5rxdHJRwDNY,0,0,0,6.39581e+06
2020-06-16 07:30:00,sjndEbLyjtCKgGv,2842.86,278.843,170.571,7.24971e+06
2020-06-04 08:45:00,z9Y9gH1T5YWrNuG,5535.88,542.337,756.5,7.15587e+06
2020-06-07 02:30:00,3PZuoBAID5Wc2HD,0,0,0,7.15898e+06
2020-06-04 16:30:00,ih0vzX44oOqAx2f,5881.57,576.329,7497,6.33651e+06
2020-06-11 09:45:00,1IF53ai7Xc0U56Y,4867.86,477.286,829.143,6.38745e+06
2020-06-06 16:15:00,VHMLBKoKgIrUVDU,1549.29,151.343,6285.57,7.37784e+06
2020-06-12 21:45:00,1IF53ai7Xc0U56Y,0,0,5903,6.39823e+06
2020-06-15 22:45:00,WRmjgnKYAwPKWDb,0,0,6731,7.26132e+06
2020-05-17 09:15:00,uHbuxQJl8lW7ozc,7319.57,716.643,1126.43,7.05247e+06
2020-06-15 02:15:00,3PZuoBAID5Wc2HD,0,0,0,7.21822e+06
2020-06-09 21:30:00,YxYtjZvoooNbGkE,0,0,7958,7.37327e+06
2020-06-04 09:00:00,ZoEaEvLYb1n2sOq,7192.25,704.1,905.875,7.24441e+06
2020-06-11 06:00:00,1BY6WEcLGh8j5v7,0,0,0,6.44498e+06
2020-06-03 11:00:00,wCURE6d3bPkepu2,9904.62,968.212,2229.12,6.9251e+06
2020-05-23 03:45:00,wCURE6d3bPkepu2,0,0,0,6.83922e+06
2020-05-23 23:45:00,ZnxXDlPa8U1GXgE,0,0,8589,6.58773e+06
2020-06-04 13:00:00,pkci93gMrogZuBj,12434.9,1212.8,4585.43,7.32002e+06
2020-05-26 23:30:00,rGa61gmuvPhdLxV,0,0,0,7.19987e+06
2020-06-13 09:15:00,1BY6WEcLGh8j5v7,8275.12,809.725,1228,6.45691e+06
2020-06-14 08:00:00,iCRJl6heRkivqQ3,4214.38,414,410,7.40026e+06
2020-05-25 19:45:00,rGa61gmuvPhdLxV,0,0,8807,7.1921e+06
2020-06-12 01:30:00,WRmjgnKYAwPKWDb,0,0,0,7.23299e+06
2020-06-03 00:45:00,McdE0feGgRqW7Ca,0,0,0,7.30036e+06
2020-05-29 18:00:00,wCURE6d3bPkepu2,457.25,44.225,8165,6.89587e+06
2020-06-10 09:00:00,iCRJl6heRkivqQ3,6721.5,658.263,852.125,7.37407e+06
2020-06-03 02:30:00,VHMLBKoKgIrUVDU,0,0,0,7.34774e+06
2020-06-08 14:00:00,bvBOhCH3iADSZry,9406,918.3,5452,6.48374e+06
2020-05-15 10:00:00,ih0vzX44oOqAx2f,7627.75,746.55,1342.62,6.18654e+06
2020-06-07 13:30:00,uHbuxQJl8lW7ozc,12206.1,1190.5,5538.14,7.21439e+06
2020-05-26 09:15:00,sjndEbLyjtCKgGv,8777.25,858.788,1257.88,7.09937e+06
2020-06-14 21:30:00,7JYdWkrLSPkdwr4,0,0,7306,7.82816e+06
2020-06-02 22:30:00,ZoEaEvLYb1n2sOq,0,0,7287,7.23573e+06
2020-06-14 23:00:00,z9Y9gH1T5YWrNuG,0,0,7238,7.23247e+06
2020-06-11 20:00:00,ih0vzX44oOqAx2f,0,0,5521,6.38655e+06
2020-06-06 17:30:00,McdE0feGgRqW7Ca,458.714,44.3429,6464.86,7.33115e+06
2020-05-17 12:15:00,rGa61gmuvPhdLxV,10787.6,1053.69,4085.75,7.12818e+06
2020-06-02 02:15:00,rGa61gmuvPhdLxV,0,0,0,7.24197e+06
2020-06-08 23:30:00,wCURE6d3bPkepu2,0,0,8443,6.96797e+06
2020-05-22 20:15:00,WRmjgnKYAwPKWDb,0,0,7237,7.0846e+06
2020-05-17 01:00:00,1BY6WEcLGh8j5v7,0,0,0,6.2716e+06
2020-05-24 19:30:00,McdE0feGgRqW7Ca,0,0,8055,7.23269e+06
2020-05-27 08:45:00,bvBOhCH3iADSZry,7077.38,693.062,784.625,6.40048e+06
2020-05-17 20:45:00,1IF53ai7Xc0U56Y,0,0,7759,6.20435e+06
2020-06-10 15:45:00,ZnxXDlPa8U1GXgE,3792.38,372.688,5793.25,6.72357e+06
2020-05-21 10:00:00,zVJPv84UY57bAof,5706,557.714,1313.43,7.15901e+06
2020-06-15 13:00:00,uHbuxQJl8lW7ozc,11275.1,1100.56,4601.86,7.27244e+06
2020-05-29 20:00:00,uHbuxQJl8lW7ozc,0,0,0,7.15193e+06
2020-05-29 18:00:00,bvBOhCH3iADSZry,414.286,40.0714,7431.57,6.42102e+06
2020-06-16 00:45:00,ih0vzX44oOqAx2f,0,0,0,6.41425e+06
2020-05-18 15:45:00,rGa61gmuvPhdLxV,7140.88,699.263,4704.5,7.13624e+06
2020-05-15 04:15:00,pkci93gMrogZuBj,0,0,0,7.1691e+06
2020-06-06 11:30:00,iCRJl6heRkivqQ3,6403.14,626.171,3128.86,7.34493e+06
2020-05-22 22:00:00,1BY6WEcLGh8j5v7,0,0,6848,6.31244e+06
2020-06-15 23:45:00,wCURE6d3bPkepu2,0,0,6746,7.01644e+06
2020-05-17 23:15:00,zBIq5rxdHJRwDNY,0,0,7507,6.35966e+06
2020-05-22 22:00:00,wCURE6d3bPkepu2,0,0,0,6.83922e+06
2020-06-07 22:30:00,adLQvlD726eNBSB,0,0,8353,6.45338e+06
2020-06-09 04:00:00,YxYtjZvoooNbGkE,0,0,0,7.36531e+06
2020-06-09 16:45:00,rGa61gmuvPhdLxV,4384.14,430.386,7913,7.30388e+06
2020-05-27 04:15:00,ZoEaEvLYb1n2sOq,0,0,0,7.18669e+06
2020-05-24 21:00:00,1IF53ai7Xc0U56Y,0,0,8273,6.25748e+06
2020-05-23 07:15:00,adLQvlD726eNBSB,2209.5,216.525,84.625,6.32904e+06
2020-05-26 17:45:00,3PZuoBAID5Wc2HD,515.714,49.8714,8059.14,7.0787e+06
2020-06-04 02:15:00,wCURE6d3bPkepu2,0,0,0,6.93078e+06
2020-06-06 08:15:00,zBIq5rxdHJRwDNY,5427.86,532.029,592.429,6.50089e+06
2020-05-30 21:30:00,uHbuxQJl8lW7ozc,0,0,7340,7.15927e+06
2020-06-02 13:15:00,1IF53ai7Xc0U56Y,12466.4,1216.26,4644.14,6.32209e+06
2020-06-14 11:15:00,1BY6WEcLGh8j5v7,0,0,2402,6.46606e+06
2020-06-01 05:45:00,WRmjgnKYAwPKWDb,0,0,0,7.15387e+06
2020-06-13 18:30:00,z9Y9gH1T5YWrNuG,67.7143,6.52857,8362.86,7.22523e+06
2020-05-22 18:30:00,pkci93gMrogZuBj,0,0,7224,7.2252e+06
2020-05-24 12:00:00,adLQvlD726eNBSB,12702,1238.83,3983.5,6.34172e+06
2020-06-13 15:45:00,uHbuxQJl8lW7ozc,5145.29,504.414,7808.71,7.2599e+06
2020-06-10 03:00:00,adLQvlD726eNBSB,0,0,0,6.47028e+06
2020-05-16 12:15:00,ih0vzX44oOqAx2f,6898.71,675.657,3259.14,6.19462e+06
2020-05-18 19:45:00,adLQvlD726eNBSB,0,0,5506,6.29782e+06
2020-06-14 06:30:00,McdE0feGgRqW7Ca,671.125,65.05,16.125,7.38194e+06
2020-06-11 22:30:00,wCURE6d3bPkepu2,0,0,5651,6.98805e+06
2020-05-15 08:45:00,zVJPv84UY57bAof,2978.75,292.438,553.875,7.1167e+06
2020-06-08 12:30:00,7JYdWkrLSPkdwr4,12974.9,1265.06,4537.12,7.78305e+06
2020-05-27 13:45:00,ih0vzX44oOqAx2f,4433.43,435.143,4795.86,6.27709e+06
2020-06-03 21:15:00,3PZuoBAID5Wc2HD,0,0,7874,7.13649e+06
2020-05-29 23:30:00,bvBOhCH3iADSZry,0,0,7438,6.42102e+06
2020-05-19 01:00:00,rGa61gmuvPhdLxV,0,0,0,7.1369e+06
2020-06-13 02:00:00,zVJPv84UY57bAof,0,0,0,7.32855e+06
2020-06-11 16:00:00,rGa61gmuvPhdLxV,4798.14,470.771,5141.71,7.31591e+06
2020-05-29 07:00:00,ZoEaEvLYb1n2sOq,1946.71,190.829,93,7.20163e+06
2020-05-16 15:45:00,uHbuxQJl8lW7ozc,3885.38,381.775,5804.12,7.05087e+06
2020-06-05 03:00:00,iCRJl6heRkivqQ3,0,0,0,7.334e+06
2020-06-05 23:00:00,iCRJl6heRkivqQ3,0,0,7803,7.3418e+06
2020-05-28 15:30:00,iCRJl6heRkivqQ3,8347.57,816.943,7479.43,7.28217e+06
2020-05-17 00:15:00,7JYdWkrLSPkdwr4,0,0,0,7.61554e+06
2020-06-15 16:45:00,YxYtjZvoooNbGkE,4079.14,400.743,6374.57,7.41308e+06
2020-06-06 04:30:00,z9Y9gH1T5YWrNuG,0,0,0,7.171e+06
2020-05-29 16:30:00,adLQvlD726eNBSB,4331.12,425.25,7991.75,6.387e+06
2020-05-15 11:00:00,uHbuxQJl8lW7ozc,10481.1,1023.13,2124.57,7.04081e+06
2020-05-30 20:45:00,McdE0feGgRqW7Ca,0,0,7352,7.28056e+06
2020-05-20 17:45:00,1IF53ai7Xc0U56Y,1562.86,152.757,8947.86,6.22538e+06
2020-05-29 18:00:00,ZnxXDlPa8U1GXgE,459.875,44.5125,8142.62,6.63606e+06
2020-06-14 18:15:00,7JYdWkrLSPkdwr4,249.857,24.1143,7301.14,7.82815e+06
2020-05-28 02:15:00,ZnxXDlPa8U1GXgE,0,0,0,6.61938e+06
2020-05-25 02:45:00,YxYtjZvoooNbGkE,0,0,0,7.25265e+06
2020-06-03 01:15:00,wCURE6d3bPkepu2,0,0,0,6.92287e+06
2020-05-22 15:30:00,McdE0feGgRqW7Ca,3957.25,388.637,6364.5,7.21542e+06
2020-06-10 15:45:00,ZoEaEvLYb1n2sOq,3794.5,372.925,5761.62,7.29544e+06
2020-05-22 09:45:00,ZoEaEvLYb1n2sOq,5152,505.15,1262.62,7.14795e+06
2020-06-11 07:15:00,iCRJl6heRkivqQ3,1212.71,117.929,57,7.37984e+06
2020-06-06 07:45:00,McdE0feGgRqW7Ca,4593.88,450.738,364,7.32504e+06
2020-06-15 01:45:00,sjndEbLyjtCKgGv,0,0,0,7.24281e+06
2020-06-17 14:45:00,z9Y9gH1T5YWrNuG,7443.29,728.629,5138.29,7.25052e+06
2020-06-07 23:00:00,VHMLBKoKgIrUVDU,0,0,8219,7.38621e+06
2020-05-15 16:00:00,3PZuoBAID5Wc2HD,4791.88,470.113,5770.88,6.99353e+06
2020-06-10 04:00:00,3PZuoBAID5Wc2HD,0,0,0,7.18392e+06
2020-05-16 19:15:00,7JYdWkrLSPkdwr4,0,0,6461,7.61554e+06
2020-06-03 20:30:00,ZnxXDlPa8U1GXgE,0,0,7916,6.67088e+06
2020-05-30 18:15:00,7JYdWkrLSPkdwr4,278.5,26.9125,7139.38,7.72197e+06
2020-05-25 21:45:00,3PZuoBAID5Wc2HD,0,0,9068,7.07064e+06
2020-05-19 02:30:00,ZoEaEvLYb1n2sOq,0,0,0,7.12353e+06
2020-06-09 20:15:00,3PZuoBAID5Wc2HD,0,0,8186,7.18392e+06
2020-05-25 16:45:00,pkci93gMrogZuBj,1336.62,130.062,8699.12,7.25041e+06
2020-05-28 07:45:00,ZoEaEvLYb1n2sOq,4092.71,402.029,297.286,7.19359e+06
2020-05-16 22:45:00,adLQvlD726eNBSB,0,0,6705,6.28444e+06
2020-06-15 00:15:00,iCRJl6heRkivqQ3,0,0,0,7.40722e+06
2020-06-08 23:30:00,zBIq5rxdHJRwDNY,0,0,8358,6.52327e+06
2020-06-06 11:15:00,zVJPv84UY57bAof,10227.4,998.675,2915,7.282e+06
2020-06-06 04:30:00,pkci93gMrogZuBj,0,0,0,7.33149e+06
2020-05-22 21:30:00,sjndEbLyjtCKgGv,0,0,0,7.07296e+06
2020-06-10 23:00:00,ZnxXDlPa8U1GXgE,0,0,6438,6.72421e+06
2020-06-10 13:30:00,sjndEbLyjtCKgGv,11291.4,1101.86,4607.29,7.2137e+06
2020-05-29 06:30:00,adLQvlD726eNBSB,1025.71,99.6857,19.8571,6.37903e+06
2020-06-09 23:15:00,ZnxXDlPa8U1GXgE,0,0,8074,6.71777e+06
2020-05-19 18:45:00,pkci93gMrogZuBj,0,0,6938,7.20135e+06
2020-05-24 00:30:00,sjndEbLyjtCKgGv,0,0,0,7.08145e+06
2020-05-23 10:30:00,iCRJl6heRkivqQ3,8770,857.562,2337.5,7.23693e+06
2020-06-05 17:30:00,VHMLBKoKgIrUVDU,3537.57,347.643,7594.71,7.37142e+06
2020-05-19 07:00:00,pkci93gMrogZuBj,2393.88,234.738,48.75,7.19446e+06
2020-06-09 18:15:00,z9Y9gH1T5YWrNuG,429.25,41.525,7621.25,7.19905e+06
2020-05-22 02:15:00,3PZuoBAID5Wc2HD,0,0,0,7.0373e+06
2020-06-12 00:15:00,bvBOhCH3iADSZry,0,0,0,6.50441e+06
2020-06-03 17:30:00,pkci93gMrogZuBj,2335.43,228.986,7695,7.31534e+06
2020-05-25 13:30:00,ZoEaEvLYb1n2sOq,11359.4,1108.92,5956.25,7.17613e+06
2020-05-17 22:30:00,iCRJl6heRkivqQ3,0,0,7519,7.19837e+06
2020-05-29 14:30:00,1IF53ai7Xc0U56Y,8110.29,793.771,6498.57,6.29646e+06
2020-06-05 16:00:00,wCURE6d3bPkepu2,7533.71,737.614,6836.57,6.94586e+06
2020-05-26 01:30:00,YxYtjZvoooNbGkE,0,0,0,7.26146e+06
2020-06-17 02:15:00,zBIq5rxdHJRwDNY,0,0,0,6.57755e+06
2020-06-07 22:30:00,ZoEaEvLYb1n2sOq,0,0,8085,7.27345e+06
2020-05-18 20:45:00,adLQvlD726eNBSB,0,0,5506,6.29782e+06
2020-06-10 07:15:00,adLQvlD726eNBSB,2890.29,283.714,160,6.47044e+06
2020-05-22 02:45:00,rGa61gmuvPhdLxV,0,0,0,7.1604e+06
2020-05-26 23:15:00,ZoEaEvLYb1n2sOq,0,0,0,7.18669e+06
2020-06-12 05:15:00,YxYtjZvoooNbGkE,0,0,0,7.38528e+06
2020-05-25 18:45:00,ih0vzX44oOqAx2f,0,0,8085,6.26458e+06
2020-06-03 08:30:00,ZoEaEvLYb1n2sOq,4439,435.686,541.286,7.23627e+06
2020-06-05 14:15:00,z9Y9gH1T5YWrNuG,5302.12,519.788,5397.62,7.16866e+06
2020-05-23 05:00:00,McdE0feGgRqW7Ca,0,0,0,7.21595e+06
2020-05-21 12:30:00,zBIq5rxdHJRwDNY,7924.43,775.529,4306.71,6.38517e+06
2020-06-09 03:30:00,iCRJl6heRkivqQ3,0,0,0,7.36496e+06
2020-06-10 20:00:00,z9Y9gH1T5YWrNuG,0,0,6412,7.20546e+06
2020-06-08 07:15:00,7JYdWkrLSPkdwr4,1954.88,191.637,124.25,7.77863e+06
2020-05-25 09:15:00,1IF53ai7Xc0U56Y,9351.25,914.675,1272.62,6.25875e+06
2020-05-22 09:00:00,iCRJl6heRkivqQ3,5097.75,499.8,866.625,7.22831e+06
2020-05-30 16:00:00,7JYdWkrLSPkdwr4,6568,643.386,6501.29,7.72134e+06
2020-06-16 08:00:00,adLQvlD726eNBSB,5165.88,506.488,370.5,6.51237e+06
2020-05-24 16:30:00,zBIq5rxdHJRwDNY,3353.62,328.825,6863.5,6.41134e+06
2020-06-06 02:00:00,WRmjgnKYAwPKWDb,0,0,0,7.19027e+06
2020-05-23 20:00:00,wCURE6d3bPkepu2,0,0,8605,6.84783e+06
2020-06-08 08:15:00,zBIq5rxdHJRwDNY,3241.88,318.65,428.375,6.51534e+06
2020-05-25 13:15:00,ZoEaEvLYb1n2sOq,11873.7,1158.51,5671.29,7.17584e+06
2020-06-12 18:00:00,7JYdWkrLSPkdwr4,837.125,81.2625,5732.25,7.8124e+06
2020-05-25 02:15:00,1BY6WEcLGh8j5v7,0,0,0,6.32794e+06
2020-05-19 03:15:00,wCURE6d3bPkepu2,0,0,0,6.80839e+06
2020-06-04 15:30:00,wCURE6d3bPkepu2,8989.88,879.388,6955.12,6.93773e+06
2020-05-30 20:00:00,WRmjgnKYAwPKWDb,0,0,7130,7.14803e+06
2020-05-30 04:00:00,rGa61gmuvPhdLxV,0,0,0,7.22307e+06
2020-05-21 10:00:00,sjndEbLyjtCKgGv,6277,613.533,1217.17,7.05988e+06
2020-06-12 03:00:00,wCURE6d3bPkepu2,0,0,0,6.98805e+06
2020-05-15 19:15:00,zBIq5rxdHJRwDNY,0,0,6396,6.34578e+06
2020-05-26 00:45:00,7JYdWkrLSPkdwr4,0,0,0,7.68402e+06
2020-06-05 08:15:00,pkci93gMrogZuBj,5926,580.487,388.25,7.32408e+06
2020-06-17 23:45:00,rGa61gmuvPhdLxV,0,0,5950,7.3569e+06
2020-06-05 23:00:00,wCURE6d3bPkepu2,0,0,7748,6.94677e+06
2020-06-15 09:45:00,VHMLBKoKgIrUVDU,9141,893.786,1808.14,7.43886e+06
2020-06-11 21:00:00,1IF53ai7Xc0U56Y,0,0,5704,6.39232e+06
2020-05-16 06:00:00,ZoEaEvLYb1n2sOq,42.1429,4.05714,0,7.10436e+06
2020-05-24 14:15:00,uHbuxQJl8lW7ozc,11458.3,1118.53,6230.71,7.10998e+06
2020-06-10 22:15:00,z9Y9gH1T5YWrNuG,0,0,6412,7.20546e+06
2020-06-02 11:00:00,z9Y9gH1T5YWrNuG,8654.75,846.462,2695.38,7.14252e+06
2020-05-24 01:45:00,sjndEbLyjtCKgGv,0,0,0,7.08145e+06
2020-05-15 13:30:00,VHMLBKoKgIrUVDU,8216.71,804.157,3856.71,7.21026e+06
2020-05-26 22:45:00,bvBOhCH3iADSZry,0,0,0,6.3997e+06
2020-05-29 18:30:00,1IF53ai7Xc0U56Y,0,0,8253,6.29821e+06
2020-06-02 12:15:00,McdE0feGgRqW7Ca,9863.29,964.257,3729,7.29648e+06
2020-06-09 16:30:00,3PZuoBAID5Wc2HD,5026.29,492.786,7761.57,7.18349e+06
2020-05-25 09:00:00,adLQvlD726eNBSB,8790,860.029,1071.43,6.3472e+06
2020-06-17 21:00:00,WRmjgnKYAwPKWDb,0,0,5953,7.27353e+06
2020-05-24 21:00:00,wCURE6d3bPkepu2,0,0,7961,6.85579e+06
2020-05-23 21:30:00,wCURE6d3bPkepu2,0,0,8605,6.84783e+06
2020-05-22 06:00:00,rGa61gmuvPhdLxV,200.857,19.3857,1.42857,7.1604e+06
2020-06-09 22:45:00,wCURE6d3bPkepu2,0,0,8010,6.97598e+06
2020-05-27 12:30:00,adLQvlD726eNBSB,6334.75,620.487,4111.62,6.36763e+06
2020-05-26 18:00:00,bvBOhCH3iADSZry,341,32.9571,7360.57,6.3997e+06
2020-06-03 05:15:00,pkci93gMrogZuBj,0,0,0,7.30765e+06
2020-05-20 08:30:00,z9Y9gH1T5YWrNuG,6727.5,658.962,684.125,7.04115e+06
2020-06-03 11:30:00,bvBOhCH3iADSZry,9775.62,955.362,2474.5,6.44796e+06
2020-06-06 14:45:00,wCURE6d3bPkepu2,2433.14,238.629,5662,6.95243e+06
2020-06-04 13:30:00,1BY6WEcLGh8j5v7,7316.25,716.337,4798.38,6.40261e+06
2020-05-30 20:00:00,ih0vzX44oOqAx2f,0,0,7146,6.30227e+06
2020-05-16 03:30:00,bvBOhCH3iADSZry,0,0,0,6.32251e+06
2020-05-27 04:30:00,zVJPv84UY57bAof,0,0,0,7.20538e+06
2020-06-13 21:00:00,ZnxXDlPa8U1GXgE,0,0,8558,6.74434e+06
2020-05-23 12:15:00,zBIq5rxdHJRwDNY,13550.4,1321.19,4395.75,6.4002e+06
2020-06-10 00:30:00,3PZuoBAID5Wc2HD,0,0,0,7.18392e+06
2020-06-16 16:00:00,uHbuxQJl8lW7ozc,4976.86,488.014,5841.14,7.28058e+06
2020-06-12 19:45:00,z9Y9gH1T5YWrNuG,0,0,5803,7.21687e+06
2020-06-02 15:30:00,ih0vzX44oOqAx2f,5892.43,577.429,6460.86,6.32044e+06
2020-06-09 03:30:00,z9Y9gH1T5YWrNuG,0,0,0,7.19142e+06
2020-05-24 17:45:00,z9Y9gH1T5YWrNuG,1127.88,109.662,7834.5,7.0806e+06
2020-06-09 22:00:00,wCURE6d3bPkepu2,0,0,8010,6.97598e+06
2020-06-01 03:00:00,uHbuxQJl8lW7ozc,0,0,0,7.16535e+06
2020-06-13 11:30:00,uHbuxQJl8lW7ozc,13216.1,1288.57,3474,7.25557e+06
2020-06-12 09:45:00,7JYdWkrLSPkdwr4,6419.57,628.871,888.143,7.80755e+06
2020-05-22 07:30:00,iCRJl6heRkivqQ3,4417.25,433.812,246.75,7.22769e+06
2020-05-15 16:15:00,1BY6WEcLGh8j5v7,4081.25,400.725,5369.12,6.26493e+06
2020-05-21 08:15:00,7JYdWkrLSPkdwr4,5752.43,563.743,494.571,7.64447e+06
2020-05-27 00:00:00,1BY6WEcLGh8j5v7,0,0,0,6.34367e+06
2020-05-17 03:15:00,ih0vzX44oOqAx2f,0,0,0,6.19781e+06
2020-05-23 20:45:00,z9Y9gH1T5YWrNuG,0,0,8543,7.07276e+06
2020-05-24 08:00:00,McdE0feGgRqW7Ca,4984.86,488.714,395.714,7.22503e+06
2020-05-26 09:30:00,wCURE6d3bPkepu2,9443.71,923.657,1479.86,6.86613e+06
2020-05-31 22:45:00,pkci93gMrogZuBj,0,0,5915,7.29479e+06
2020-06-16 19:15:00,bvBOhCH3iADSZry,0,0,5757,6.53355e+06
2020-06-15 10:00:00,pkci93gMrogZuBj,8027.57,785.557,1918,7.39834e+06
2020-06-15 00:00:00,ZnxXDlPa8U1GXgE,0,0,925.5,6.75175e+06
2020-06-11 06:15:00,ZnxXDlPa8U1GXgE,162.286,15.6714,1,6.72421e+06
2020-06-09 09:00:00,zVJPv84UY57bAof,8733.38,854.55,1067.88,7.30323e+06
2020-06-12 10:30:00,3PZuoBAID5Wc2HD,8456,827.471,1444,7.19763e+06
2020-05-16 15:00:00,zBIq5rxdHJRwDNY,7176.14,702.729,5495.29,6.35127e+06
2020-06-07 00:45:00,YxYtjZvoooNbGkE,0,0,0,7.34881e+06
2020-06-13 17:15:00,1IF53ai7Xc0U56Y,1775.71,174.057,8555.71,6.40678e+06
2020-06-04 00:45:00,1IF53ai7Xc0U56Y,0,0,0,6.33266e+06
2020-05-30 09:45:00,7JYdWkrLSPkdwr4,4692,460.488,1055.38,7.71589e+06
2020-06-11 01:45:00,VHMLBKoKgIrUVDU,0,0,0,7.4093e+06
2020-05-22 06:00:00,1BY6WEcLGh8j5v7,218.286,21.0857,1.14286,6.30559e+06
2020-05-28 05:00:00,zBIq5rxdHJRwDNY,0,0,0,6.43408e+06
2020-06-12 01:15:00,ZoEaEvLYb1n2sOq,0,0,0,7.30163e+06
2020-06-16 16:15:00,adLQvlD726eNBSB,3610.71,354.771,6050.29,6.51805e+06
2020-06-12 08:00:00,McdE0feGgRqW7Ca,1863.5,182.438,155.375,7.36753e+06
2020-05-21 17:00:00,ZoEaEvLYb1n2sOq,1059.86,103.014,7550.86,7.14662e+06
2020-06-13 00:00:00,pkci93gMrogZuBj,0,0,0,7.38081e+06
2020-05-24 01:15:00,3PZuoBAID5Wc2HD,0,0,0,7.05327e+06
2020-06-04 00:45:00,bvBOhCH3iADSZry,0,0,0,6.45272e+06
2020-05-31 10:15:00,sjndEbLyjtCKgGv,10728.3,1047.67,1619.57,7.13787e+06
2020-05-26 21:00:00,iCRJl6heRkivqQ3,0,0,0,7.268e+06
2020-05-15 05:00:00,z9Y9gH1T5YWrNuG,0,0,0,7.00787e+06
2020-05-15 02:30:00,pkci93gMrogZuBj,0,0,0,7.1691e+06
2020-05-17 01:30:00,sjndEbLyjtCKgGv,0,0,0,7.02961e+06
2020-06-12 13:30:00,ZoEaEvLYb1n2sOq,8284.38,810.775,3737.88,7.30537e+06
2020-06-13 20:45:00,zBIq5rxdHJRwDNY,0,0,8435,6.55782e+06
2020-05-18 21:15:00,pkci93gMrogZuBj,0,0,5364,7.19441e+06
2020-06-12 13:15:00,rGa61gmuvPhdLxV,7794.14,763,3598.57,7.32003e+06
2020-06-08 09:30:00,rGa61gmuvPhdLxV,11451.2,1117.92,1309.83,7.28898e+06
2020-05-30 05:30:00,WRmjgnKYAwPKWDb,0,0,0,7.1409e+06
2020-05-19 14:45:00,adLQvlD726eNBSB,10112.9,988.8,5650.75,6.30347e+06
2020-06-13 14:00:00,pkci93gMrogZuBj,12261.6,1196.26,6100.86,7.38691e+06
2020-05-20 03:45:00,ih0vzX44oOqAx2f,0,0,0,6.21728e+06
2020-05-23 23:45:00,sjndEbLyjtCKgGv,0,0,4243.5,7.08145e+06
2020-05-25 20:00:00,adLQvlD726eNBSB,0,0,9163,6.35529e+06
2020-05-31 20:30:00,bvBOhCH3iADSZry,0,0,5586,6.43327e+06
2020-05-18 08:30:00,adLQvlD726eNBSB,1883.75,184.65,395.25,6.29271e+06
2020-06-14 18:15:00,zBIq5rxdHJRwDNY,250.714,24.2429,7310.71,6.56513e+06
2020-05-15 18:15:00,uHbuxQJl8lW7ozc,101,9.7375,6385.75,7.04507e+06
2020-06-02 23:00:00,z9Y9gH1T5YWrNuG,0,0,7446,7.14727e+06
2020-05-24 22:45:00,rGa61gmuvPhdLxV,0,0,8002,7.1833e+06
2020-06-03 12:30:00,adLQvlD726eNBSB,11758.4,1148.04,3898.75,6.41817e+06
2020-06-14 11:15:00,bvBOhCH3iADSZry,0,0,2378,6.52002e+06
2020-06-01 09:30:00,adLQvlD726eNBSB,6345.75,621.663,1533,6.40224e+06
2020-06-13 08:15:00,z9Y9gH1T5YWrNuG,5978.25,585.85,536.25,7.2174e+06
2020-05-26 18:15:00,sjndEbLyjtCKgGv,0,0,7778,7.10589e+06
2020-05-27 17:30:00,1BY6WEcLGh8j5v7,845.143,82,6131.57,6.3498e+06
2020-05-19 01:45:00,iCRJl6heRkivqQ3,0,0,0,7.20377e+06
2020-06-07 01:30:00,McdE0feGgRqW7Ca,0,0,0,7.33116e+06
2020-06-07 19:00:00,3PZuoBAID5Wc2HD,0,0,8242,7.16722e+06
2020-05-16 09:15:00,rGa61gmuvPhdLxV,5857,573.943,1028.57,7.11889e+06
2020-06-01 10:15:00,1BY6WEcLGh8j5v7,7456.88,729.487,1812.12,6.37974e+06
2020-06-10 00:45:00,iCRJl6heRkivqQ3,0,0,0,7.37322e+06
2020-06-04 15:45:00,sjndEbLyjtCKgGv,8881.14,868.786,7146.86,7.17044e+06
2020-06-06 08:45:00,3PZuoBAID5Wc2HD,6183.71,605.843,986,7.15347e+06
2020-06-06 01:00:00,1IF53ai7Xc0U56Y,0,0,0,6.34856e+06
2020-05-17 16:45:00,VHMLBKoKgIrUVDU,3771.57,370.443,7514.86,7.22689e+06
2020-06-14 23:45:00,McdE0feGgRqW7Ca,0,0,5310.71,7.38936e+06
2020-06-01 22:15:00,zBIq5rxdHJRwDNY,0,0,5794,6.46903e+06
2020-06-09 22:15:00,iCRJl6heRkivqQ3,0,0,8265,7.37322e+06
2020-05-15 05:00:00,pkci93gMrogZuBj,0,0,0,7.1691e+06
2020-05-18 17:00:00,7JYdWkrLSPkdwr4,2213.25,216.988,5179.38,7.62824e+06
2020-06-10 21:45:00,3PZuoBAID5Wc2HD,0,0,6550,7.19047e+06
2020-06-08 03:15:00,sjndEbLyjtCKgGv,0,0,0,7.19255e+06
2020-06-12 22:45:00,WRmjgnKYAwPKWDb,0,0,5794,7.23878e+06
2020-06-13 21:00:00,z9Y9gH1T5YWrNuG,0,0,8363,7.22523e+06
2020-06-14 13:00:00,3PZuoBAID5Wc2HD,9042.75,884.575,4294.12,7.21501e+06
2020-06-02 12:00:00,1BY6WEcLGh8j5v7,7675.38,751.375,3249.75,6.38669e+06
2020-06-16 15:30:00,pkci93gMrogZuBj,6753.57,661.443,5529,7.40875e+06
2020-05-31 20:45:00,ZnxXDlPa8U1GXgE,0,0,6142,6.64952e+06
2020-05-24 20:15:00,1IF53ai7Xc0U56Y,0,0,8273,6.25748e+06
2020-06-07 00:15:00,wCURE6d3bPkepu2,0,0,0,6.95309e+06
2020-05-28 05:00:00,WRmjgnKYAwPKWDb,0,0,0,7.12454e+06
2020-05-20 09:15:00,bvBOhCH3iADSZry,7809.71,764.514,1159.14,6.34807e+06
2020-05-26 07:00:00,zVJPv84UY57bAof,1763.86,172.786,77.7143,7.19769e+06
2020-05-26 11:30:00,iCRJl6heRkivqQ3,12541,1223.13,3568.43,7.2637e+06
2020-05-16 04:00:00,uHbuxQJl8lW7ozc,0,0,0,7.04507e+06
2020-05-23 04:45:00,wCURE6d3bPkepu2,0,0,0,6.83922e+06
2020-05-18 23:00:00,wCURE6d3bPkepu2,0,0,5393,6.80839e+06
2020-06-14 02:30:00,YxYtjZvoooNbGkE,0,0,0,7.39944e+06
2020-06-17 03:30:00,7JYdWkrLSPkdwr4,0,0,0,7.84096e+06
2020-06-16 18:00:00,z9Y9gH1T5YWrNuG,693.429,67.1714,6183,7.24537e+06
2020-06-12 19:00:00,1BY6WEcLGh8j5v7,0,0,5441,6.45568e+06
2020-05-16 19:45:00,adLQvlD726eNBSB,0,0,6705,6.28444e+06
2020-05-18 07:15:00,iCRJl6heRkivqQ3,2649.38,259.875,128.125,7.1985e+06
2020-06-15 18:30:00,VHMLBKoKgIrUVDU,25.875,2.5,6813.88,7.44387e+06
2020-05-28 18:15:00,VHMLBKoKgIrUVDU,268.286,25.9286,8504.86,7.31288e+06
2020-05-15 16:45:00,ZoEaEvLYb1n2sOq,3557,349.529,6058,7.10416e+06
2020-06-12 06:45:00,1IF53ai7Xc0U56Y,706.25,68.4375,21,6.39234e+06
2020-05-21 14:45:00,adLQvlD726eNBSB,7934.38,775.462,6727.62,6.32034e+06
2020-05-27 07:45:00,bvBOhCH3iADSZry,3751.25,368.562,273.125,6.39997e+06
2020-05-17 03:00:00,sjndEbLyjtCKgGv,0,0,0,7.02961e+06
2020-06-02 04:15:00,zVJPv84UY57bAof,0,0,0,7.24777e+06
2020-05-31 08:30:00,7JYdWkrLSPkdwr4,4305.71,422.943,423.429,7.7224e+06
2020-05-15 21:15:00,WRmjgnKYAwPKWDb,0,0,0,7.03482e+06
2020-06-07 08:45:00,7JYdWkrLSPkdwr4,4910.14,481.629,576.429,7.77103e+06
2020-05-22 02:45:00,zBIq5rxdHJRwDNY,0,0,0,6.3886e+06
2020-06-17 10:00:00,ZnxXDlPa8U1GXgE,6269.29,614.186,1276.29,6.76608e+06
2020-06-08 15:30:00,ZnxXDlPa8U1GXgE,6984,683.7,7426.5,6.70869e+06
2020-05-17 10:00:00,zBIq5rxdHJRwDNY,10072.5,984.775,1789.75,6.35394e+06
2020-05-26 17:00:00,pkci93gMrogZuBj,4602.43,451.371,7663.43,7.25818e+06
2020-06-02 02:45:00,sjndEbLyjtCKgGv,0,0,0,7.14801e+06
2020-06-03 12:30:00,ZoEaEvLYb1n2sOq,11379.7,1111.09,3735.86,7.23946e+06
2020-06-12 15:15:00,rGa61gmuvPhdLxV,4929.88,483.413,5032,7.32146e+06
2020-06-06 21:15:00,adLQvlD726eNBSB,0,0,6603,6.44503e+06
2020-06-08 13:45:00,VHMLBKoKgIrUVDU,9314.5,909.7,5768.88,7.39198e+06
2020-06-12 21:45:00,1BY6WEcLGh8j5v7,0,0,5441,6.45568e+06
2020-06-14 16:15:00,ih0vzX44oOqAx2f,4223.57,414.686,6852.86,6.40737e+06
2020-05-31 09:00:00,sjndEbLyjtCKgGv,6939.86,679.6,759.429,7.13701e+06
2020-05-24 20:45:00,WRmjgnKYAwPKWDb,0,0,8091,7.10112e+06
2020-06-12 02:45:00,iCRJl6heRkivqQ3,0,0,0,7.38547e+06
2020-06-14 00:30:00,sjndEbLyjtCKgGv,0,0,0,7.2355e+06
2020-05-21 11:45:00,rGa61gmuvPhdLxV,12643.1,1232.9,3544.12,7.15618e+06
2020-05-19 05:30:00,YxYtjZvoooNbGkE,0,0,0,7.2056e+06
2020-06-08 07:30:00,McdE0feGgRqW7Ca,2442.14,239.586,173.714,7.33838e+06
2020-05-18 19:00:00,VHMLBKoKgIrUVDU,0,0,5457,7.23255e+06
2020-05-30 09:30:00,uHbuxQJl8lW7ozc,6353.12,622.375,917.375,7.15285e+06
2020-06-10 10:00:00,WRmjgnKYAwPKWDb,4890.43,479.743,1597.71,7.22258e+06
2020-06-16 07:15:00,pkci93gMrogZuBj,2332.12,228.662,105.125,7.40332e+06
2020-06-02 17:00:00,3PZuoBAID5Wc2HD,2778.14,272.657,7230.43,7.1285e+06
2020-05-21 07:45:00,McdE0feGgRqW7Ca,3339.8,328.12,315.6,7.20138e+06
2020-06-12 02:00:00,ZnxXDlPa8U1GXgE,0,0,0,6.7299e+06
2020-05-28 17:30:00,ih0vzX44oOqAx2f,1109,107.82,8267,6.28712e+06
2020-06-07 22:15:00,zVJPv84UY57bAof,0,0,8260,7.29379e+06
2020-06-01 12:30:00,iCRJl6heRkivqQ3,8121.38,794.362,3975.62,7.30854e+06
2020-05-24 16:45:00,7JYdWkrLSPkdwr4,4051.75,397.663,7720.75,7.67494e+06
2020-05-29 23:15:00,adLQvlD726eNBSB,0,0,8343,6.38735e+06
2020-06-11 20:30:00,bvBOhCH3iADSZry,0,0,5197,6.50441e+06
2020-05-26 08:15:00,zVJPv84UY57bAof,5819,570.212,536,7.19814e+06
2020-06-14 22:30:00,1BY6WEcLGh8j5v7,0,0,4012,6.46768e+06
2020-06-08 11:00:00,sjndEbLyjtCKgGv,11324.8,1104.92,3009.25,7.19556e+06
2020-06-15 08:00:00,VHMLBKoKgIrUVDU,6602,646.757,391.429,7.43745e+06
2020-05-27 14:45:00,1BY6WEcLGh8j5v7,3975.71,390.657,5011.43,6.34868e+06
2020-05-15 01:15:00,7JYdWkrLSPkdwr4,0,0,0,7.60296e+06
2020-05-18 13:15:00,3PZuoBAID5Wc2HD,9848.38,962.375,2701,7.01118e+06
2020-05-20 11:00:00,iCRJl6heRkivqQ3,11571.5,1129.11,2982.12,7.2137e+06
2020-06-06 05:00:00,sjndEbLyjtCKgGv,0,0,0,7.17928e+06
2020-05-25 17:00:00,ZnxXDlPa8U1GXgE,1143.71,111.186,8826,6.60458e+06
2020-06-08 11:45:00,7JYdWkrLSPkdwr4,9209,900.314,3798.29,7.78231e+06
2020-05-20 04:00:00,rGa61gmuvPhdLxV,0,0,0,7.14381e+06
2020-06-02 23:00:00,uHbuxQJl8lW7ozc,0,0,7463,7.1784e+06
2020-05-24 07:15:00,zBIq5rxdHJRwDNY,2334.43,228.914,125,6.40461e+06
2020-06-07 14:00:00,1IF53ai7Xc0U56Y,11308.7,1103.79,5989.14,6.36109e+06
2020-06-16 20:15:00,zBIq5rxdHJRwDNY,0,0,5719,6.57755e+06
2020-05-20 01:15:00,1IF53ai7Xc0U56Y,0,0,0,6.21643e+06
2020-06-07 03:30:00,WRmjgnKYAwPKWDb,0,0,0,7.19661e+06
2020-05-22 02:15:00,iCRJl6heRkivqQ3,0,0,0,7.22744e+06
2020-06-09 15:45:00,3PZuoBAID5Wc2HD,7423.25,726.837,7320.62,7.18305e+06
2020-05-21 10:45:00,1BY6WEcLGh8j5v7,9868.14,963.8,2303.29,6.30065e+06
2020-06-07 15:45:00,pkci93gMrogZuBj,6910.62,676.6,7282.38,7.3452e+06
2020-06-15 19:15:00,wCURE6d3bPkepu2,0,0,6746,7.01644e+06
2020-05-30 15:15:00,iCRJl6heRkivqQ3,9037.14,884.1,6052,7.2973e+06
2020-05-23 07:15:00,7JYdWkrLSPkdwr4,2077.14,203.514,78,7.65885e+06
2020-06-01 17:00:00,VHMLBKoKgIrUVDU,1349.25,131.287,5814,7.34022e+06
2020-05-22 22:45:00,ZoEaEvLYb1n2sOq,0,0,0,7.15371e+06
2020-06-06 05:30:00,adLQvlD726eNBSB,0,0,0,6.43843e+06
2020-05-21 22:30:00,iCRJl6heRkivqQ3,0,0,7837,7.22744e+06
2020-06-12 21:30:00,wCURE6d3bPkepu2,0,0,5854,6.99391e+06
2020-06-16 07:45:00,ZnxXDlPa8U1GXgE,3584.43,351.971,250,6.75875e+06
2020-05-21 23:15:00,WRmjgnKYAwPKWDb,0,0,0,7.07736e+06
2020-06-07 04:30:00,bvBOhCH3iADSZry,0,0,0,6.47312e+06
2020-06-16 07:30:00,WRmjgnKYAwPKWDb,2898.86,284.386,175.571,7.26149e+06
2020-05-17 07:45:00,adLQvlD726eNBSB,4669,458.125,270.125,6.28471e+06
2020-06-14 07:45:00,iCRJl6heRkivqQ3,4297.86,421.871,302.429,7.40016e+06
2020-06-12 16:15:00,YxYtjZvoooNbGkE,2702.5,265.062,5399.75,7.39068e+06
2020-06-16 14:45:00,rGa61gmuvPhdLxV,7267.88,711.188,5135.5,7.34984e+06
2020-05-20 17:30:00,WRmjgnKYAwPKWDb,1773,173.8,8723,7.06966e+06
2020-06-12 08:00:00,WRmjgnKYAwPKWDb,1697.14,165.857,148.857,7.23313e+06
2020-05-25 03:30:00,1BY6WEcLGh8j5v7,0,0,0,6.32794e+06
2020-06-17 21:00:00,3PZuoBAID5Wc2HD,0,0,6052,7.23742e+06
2020-06-10 23:00:00,3PZuoBAID5Wc2HD,0,0,6550,7.19047e+06
2020-06-03 11:45:00,VHMLBKoKgIrUVDU,13233.4,1290.57,3051.57,7.3508e+06
2020-05-30 07:00:00,pkci93gMrogZuBj,1690.12,165.425,72.25,7.28161e+06
2020-06-01 17:30:00,sjndEbLyjtCKgGv,693.25,67.175,5720.12,7.14796e+06
2020-06-07 09:00:00,iCRJl6heRkivqQ3,9122.14,892.329,758.571,7.34899e+06
2020-05-22 11:00:00,McdE0feGgRqW7Ca,8670.71,846.986,1961.86,7.21102e+06
2020-05-19 13:00:00,ZoEaEvLYb1n2sOq,9406.86,919.657,3848.71,7.12738e+06
2020-05-24 18:15:00,3PZuoBAID5Wc2HD,373.75,36.15,8292.12,7.06156e+06
2020-05-26 11:15:00,YxYtjZvoooNbGkE,6530,639.143,3337.29,7.2648e+06
2020-06-07 23:45:00,ZnxXDlPa8U1GXgE,0,0,8209,6.70126e+06
2020-06-14 12:45:00,uHbuxQJl8lW7ozc,8092.57,792.071,3934,7.26446e+06
2020-05-19 16:45:00,7JYdWkrLSPkdwr4,3649.71,358.7,6639.57,7.63501e+06
2020-06-03 20:15:00,adLQvlD726eNBSB,0,0,7991,6.42227e+06
2020-05-16 11:45:00,VHMLBKoKgIrUVDU,9642.62,943,3020.12,7.21569e+06
2020-06-01 16:30:00,1BY6WEcLGh8j5v7,1607.86,157.557,5351.14,6.38328e+06
2020-06-01 18:00:00,YxYtjZvoooNbGkE,561.5,54.35,5763.88,7.3115e+06
2020-06-04 14:30:00,7JYdWkrLSPkdwr4,6820.12,667.962,5897,7.75452e+06
2020-05-16 03:15:00,adLQvlD726eNBSB,0,0,0,6.27774e+06
2020-05-16 02:00:00,7JYdWkrLSPkdwr4,0,0,0,7.60908e+06
2020-05-18 02:00:00,wCURE6d3bPkepu2,0,0,0,6.803e+06
2020-06-10 20:30:00,1BY6WEcLGh8j5v7,0,0,5911,6.44498e+06
2020-06-06 15:45:00,YxYtjZvoooNbGkE,3270.57,321.343,6056,7.34854e+06
2020-06-05 01:15:00,zVJPv84UY57bAof,0,0,0,7.27127e+06
2020-06-12 19:30:00,zBIq5rxdHJRwDNY,0,0,5837,6.54939e+06
2020-06-03 05:15:00,McdE0feGgRqW7Ca,0,0,0,7.30036e+06
2020-06-04 19:45:00,VHMLBKoKgIrUVDU,0,0,8160,7.36382e+06
2020-05-22 03:45:00,zBIq5rxdHJRwDNY,0,0,0,6.3886e+06
2020-05-27 12:15:00,YxYtjZvoooNbGkE,7660.75,749.475,3922.75,7.27326e+06
2020-05-21 14:15:00,ZnxXDlPa8U1GXgE,7935,775.714,6217.57,6.57026e+06
2020-05-31 05:15:00,VHMLBKoKgIrUVDU,0,0,0,7.32833e+06
2020-05-19 22:45:00,wCURE6d3bPkepu2,0,0,6956,6.81535e+06
2020-05-19 09:00:00,z9Y9gH1T5YWrNuG,5072.71,497.329,666.286,7.03424e+06
2020-05-18 02:15:00,ih0vzX44oOqAx2f,0,0,0,6.2052e+06
2020-06-16 19:45:00,7JYdWkrLSPkdwr4,0,0,6166,7.84096e+06
2020-06-03 19:15:00,pkci93gMrogZuBj,0,0,7786,7.31544e+06
2020-06-08 06:00:00,z9Y9gH1T5YWrNuG,94.7143,9.14286,0.428571,7.18363e+06
2020-05-28 02:45:00,wCURE6d3bPkepu2,0,0,0,6.8792e+06
2020-06-02 15:30:00,McdE0feGgRqW7Ca,6132.71,600.871,6695.43,7.29945e+06
2020-05-19 15:00:00,wCURE6d3bPkepu2,7605.86,744.557,5766,6.81416e+06
2020-06-04 10:45:00,VHMLBKoKgIrUVDU,11227.6,1095.79,2373.5,7.35803e+06
2020-06-14 08:30:00,rGa61gmuvPhdLxV,4923,499.114,610.286,7.33128e+06
2020-06-01 00:30:00,zBIq5rxdHJRwDNY,0,0,0,6.46324e+06
2020-05-17 01:00:00,wCURE6d3bPkepu2,0,0,0,6.79547e+06
2020-05-20 10:00:00,McdE0feGgRqW7Ca,10325.6,1009.44,1944,7.19404e+06
2020-06-11 22:00:00,pkci93gMrogZuBj,0,0,5662,7.37496e+06
2020-06-02 15:15:00,z9Y9gH1T5YWrNuG,5554.12,544.362,6388.75,7.14622e+06
2020-06-02 15:00:00,WRmjgnKYAwPKWDb,5904,578.5,6133.5,7.16583e+06
2020-05-28 18:00:00,3PZuoBAID5Wc2HD,480,46.4143,8514.43,7.09397e+06
2020-06-15 07:15:00,7JYdWkrLSPkdwr4,2084.38,204.137,153.125,7.82831e+06
2020-05-31 01:30:00,zBIq5rxdHJRwDNY,0,0,0,6.4573e+06
2020-05-27 05:15:00,VHMLBKoKgIrUVDU,0,0,0,7.29762e+06
2020-06-05 15:45:00,McdE0feGgRqW7Ca,8581.71,839.571,6772.43,7.32353e+06
2020-06-14 22:45:00,iCRJl6heRkivqQ3,0,0,7369,7.40722e+06
2020-05-16 18:45:00,3PZuoBAID5Wc2HD,0,0,6656,7.00069e+06
2020-05-28 13:00:00,ih0vzX44oOqAx2f,12661.5,1234.51,5346.5,6.2842e+06
2020-06-02 00:00:00,VHMLBKoKgIrUVDU,0,0,0,7.34031e+06
2020-06-01 10:30:00,VHMLBKoKgIrUVDU,11855.9,1156.67,2295.25,7.3367e+06
2020-06-03 21:00:00,YxYtjZvoooNbGkE,0,0,7827,7.32676e+06
2020-05-29 17:45:00,WRmjgnKYAwPKWDb,910.857,88.4286,8013.71,7.14087e+06
2020-05-30 21:15:00,adLQvlD726eNBSB,0,0,7419,6.39477e+06
2020-06-10 10:30:00,z9Y9gH1T5YWrNuG,7401.43,724.171,1850.14,7.2009e+06
2020-05-27 20:15:00,3PZuoBAID5Wc2HD,0,0,6740,7.08545e+06
2020-05-25 14:15:00,sjndEbLyjtCKgGv,10681,1043.99,6835.29,7.09619e+06
2020-05-17 12:15:00,bvBOhCH3iADSZry,9936.57,970.8,3786,6.33243e+06
2020-06-08 08:45:00,ih0vzX44oOqAx2f,7052,690.612,690.75,6.35938e+06
2020-06-01 23:30:00,1BY6WEcLGh8j5v7,0,0,5508,6.38344e+06
2020-05-18 06:30:00,ih0vzX44oOqAx2f,735.429,71.3,18.5714,6.20522e+06
2020-06-05 12:15:00,VHMLBKoKgIrUVDU,4125.38,405.125,3794.12,7.36762e+06
2020-06-16 02:00:00,VHMLBKoKgIrUVDU,0,0,0,7.44387e+06
2020-05-18 14:15:00,1IF53ai7Xc0U56Y,5001.71,490.371,3742.14,6.2081e+06
2020-05-24 15:45:00,WRmjgnKYAwPKWDb,3088.14,303.114,7390.29,7.10042e+06
2020-06-01 16:15:00,3PZuoBAID5Wc2HD,1985.5,194.625,5746.38,7.12105e+06
2020-06-05 13:15:00,bvBOhCH3iADSZry,7472.75,731.138,3992.88,6.46418e+06
2020-06-12 09:15:00,ih0vzX44oOqAx2f,5867.71,574.986,606.143,6.38716e+06
2020-06-17 01:15:00,VHMLBKoKgIrUVDU,0,0,0,7.4502e+06
2020-05-25 01:15:00,WRmjgnKYAwPKWDb,0,0,0,7.10112e+06
2020-05-17 11:15:00,1IF53ai7Xc0U56Y,12995.5,1267.08,3265.5,6.19986e+06
2020-06-11 23:30:00,rGa61gmuvPhdLxV,0,0,5663,7.31643e+06
2020-05-19 15:15:00,VHMLBKoKgIrUVDU,6092.29,596.914,5969.29,7.23852e+06
2020-05-29 09:15:00,pkci93gMrogZuBj,9505.62,929.663,1010.5,7.27427e+06
2020-06-15 20:00:00,YxYtjZvoooNbGkE,0,0,6633,7.41334e+06
2020-05-23 01:15:00,pkci93gMrogZuBj,0,0,0,7.2252e+06
2020-05-21 11:45:00,uHbuxQJl8lW7ozc,12398,1209.16,3591.88,7.0837e+06
2020-05-26 22:15:00,3PZuoBAID5Wc2HD,0,0,0,7.07871e+06
2020-06-12 00:00:00,zBIq5rxdHJRwDNY,0,0,0,6.54355e+06
2020-06-15 03:45:00,ZoEaEvLYb1n2sOq,0,0,0,7.32305e+06
2020-06-09 22:15:00,rGa61gmuvPhdLxV,0,0,8240,7.3042e+06
2020-05-22 11:15:00,adLQvlD726eNBSB,7680,750.875,2489.5,6.32406e+06
2020-06-12 14:30:00,1IF53ai7Xc0U56Y,6384.71,625.457,4665.71,6.39699e+06
2020-05-22 16:00:00,bvBOhCH3iADSZry,3012.38,295.65,6459.5,6.36861e+06
2020-05-18 08:30:00,ZoEaEvLYb1n2sOq,1808,177.143,373,7.11858e+06
2020-05-26 17:30:00,WRmjgnKYAwPKWDb,656.125,63.5125,7853.38,7.11785e+06
2020-05-17 15:00:00,zBIq5rxdHJRwDNY,10056.3,983.243,6284,6.35843e+06
2020-05-22 17:15:00,ih0vzX44oOqAx2f,1204.71,117.157,6944.57,6.24049e+06
2020-06-04 04:45:00,uHbuxQJl8lW7ozc,0,0,0,7.18626e+06
2020-06-03 02:00:00,McdE0feGgRqW7Ca,0,0,0,7.30036e+06
2020-06-14 07:45:00,uHbuxQJl8lW7ozc,4513.62,443.062,312,7.26084e+06
2020-06-02 09:30:00,1IF53ai7Xc0U56Y,10018.6,978.043,1334.86,6.31878e+06
2020-06-17 07:45:00,zVJPv84UY57bAof,3686.29,362.3,215.143,7.35758e+06
2020-06-05 10:30:00,sjndEbLyjtCKgGv,10041.1,980.513,2097.38,7.17362e+06
2020-06-15 17:45:00,WRmjgnKYAwPKWDb,1215.43,118.357,6698.14,7.26128e+06
2020-05-25 09:30:00,iCRJl6heRkivqQ3,9538,932.857,1406.86,7.25267e+06
2020-05-25 12:15:00,bvBOhCH3iADSZry,11524.6,1124.8,4195.43,6.38841e+06
2020-05-18 09:30:00,7JYdWkrLSPkdwr4,1485.12,144.863,550.75,7.62361e+06
2020-06-07 00:45:00,zBIq5rxdHJRwDNY,0,0,0,6.50673e+06
2020-05-30 09:00:00,ZoEaEvLYb1n2sOq,3749.75,368.462,650.375,7.21025e+06
2020-06-10 11:00:00,McdE0feGgRqW7Ca,4888.43,479.471,2192.14,7.35721e+06
2020-05-25 19:00:00,YxYtjZvoooNbGkE,0,0,8813,7.26146e+06
2020-06-09 09:45:00,zBIq5rxdHJRwDNY,9587.25,936.2,1726,6.525e+06
2020-06-10 19:00:00,ih0vzX44oOqAx2f,0,0,6277,6.38103e+06
2020-05-17 22:00:00,McdE0feGgRqW7Ca,0,0,7606,7.17963e+06
2020-05-30 09:00:00,VHMLBKoKgIrUVDU,3840,377.329,670.429,7.32173e+06
2020-05-26 13:45:00,uHbuxQJl8lW7ozc,12728.6,1241.04,5826.14,7.12652e+06
2020-05-22 06:45:00,3PZuoBAID5Wc2HD,1230.75,119.725,54,7.03736e+06
2020-06-17 14:15:00,VHMLBKoKgIrUVDU,6068.14,594.543,4909.86,7.45511e+06
2020-05-29 17:00:00,bvBOhCH3iADSZry,2884.25,283.1,7289.75,6.42087e+06
2020-06-15 11:30:00,YxYtjZvoooNbGkE,7514.86,735.171,3355.57,7.41006e+06
2020-06-17 09:30:00,ZoEaEvLYb1n2sOq,6880.14,673.786,967.286,7.33685e+06
2020-06-14 05:00:00,ZoEaEvLYb1n2sOq,0,0,0,7.31576e+06
2020-05-25 21:45:00,ZoEaEvLYb1n2sOq,0,0,8745,7.17891e+06
2020-05-31 16:45:00,zVJPv84UY57bAof,1803.25,176.75,5848.12,7.24183e+06
2020-05-28 11:30:00,1BY6WEcLGh8j5v7,11835,1154.34,3443.43,6.35328e+06
2020-05-31 12:45:00,1BY6WEcLGh8j5v7,11958.3,1166.36,4015.14,6.37614e+06
2020-06-15 14:15:00,z9Y9gH1T5YWrNuG,6123.38,599.175,5141.88,7.23761e+06
2020-06-08 12:00:00,7JYdWkrLSPkdwr4,9871.88,965.2,4044,7.78255e+06
2020-06-03 18:15:00,WRmjgnKYAwPKWDb,351.714,33.9857,7703.57,7.17462e+06
2020-06-07 23:30:00,1BY6WEcLGh8j5v7,0,0,5268,6.42375e+06
2020-06-06 15:00:00,McdE0feGgRqW7Ca,4080.71,400.714,5874,7.33056e+06
2020-05-31 13:45:00,rGa61gmuvPhdLxV,5482.71,536.5,4612.86,7.23505e+06
2020-05-27 15:00:00,7JYdWkrLSPkdwr4,4903.43,481.043,5489,7.6974e+06
2020-05-23 23:45:00,ih0vzX44oOqAx2f,0,0,8395,6.24894e+06
2020-06-15 19:45:00,1BY6WEcLGh8j5v7,0,0,6275,6.47395e+06
2020-06-04 02:45:00,YxYtjZvoooNbGkE,0,0,0,7.32676e+06
2020-06-13 00:00:00,ih0vzX44oOqAx2f,0,0,0,6.39226e+06
2020-06-15 18:45:00,uHbuxQJl8lW7ozc,0,0,6906,7.27474e+06
2020-06-02 23:00:00,sjndEbLyjtCKgGv,0,0,7439,7.15545e+06
2020-06-15 17:45:00,zVJPv84UY57bAof,1265.88,123.412,6786.25,7.35107e+06
2020-05-31 14:15:00,ih0vzX44oOqAx2f,8246.71,805.429,5136.29,6.3074e+06
2020-06-15 21:30:00,1BY6WEcLGh8j5v7,0,0,6275,6.47395e+06
2020-05-31 01:30:00,WRmjgnKYAwPKWDb,0,0,0,7.14803e+06
2020-05-26 15:00:00,z9Y9gH1T5YWrNuG,3373.14,331.386,6523.71,7.09596e+06
2020-06-14 04:30:00,1BY6WEcLGh8j5v7,0,0,0,6.46366e+06
2020-05-23 21:15:00,WRmjgnKYAwPKWDb,0,0,8431,7.09303e+06
2020-05-19 10:30:00,uHbuxQJl8lW7ozc,7103.86,695.457,1778.14,7.06598e+06
2020-06-07 12:15:00,VHMLBKoKgIrUVDU,13168.9,1283.93,4022,7.38201e+06
2020-05-30 18:15:00,pkci93gMrogZuBj,285.143,27.5429,7338.29,7.28887e+06
2020-05-31 10:30:00,ZnxXDlPa8U1GXgE,12782.1,1246.26,1926.43,6.64531e+06
2020-05-20 03:15:00,z9Y9gH1T5YWrNuG,0,0,0,7.04046e+06
2020-05-27 11:00:00,iCRJl6heRkivqQ3,8069.25,789.337,2543.88,7.27054e+06
2020-06-03 01:30:00,1BY6WEcLGh8j5v7,0,0,0,6.39047e+06
2020-06-12 12:45:00,1IF53ai7Xc0U56Y,7918.14,775.057,3254,6.39558e+06
2020-05-30 01:15:00,zVJPv84UY57bAof,0,0,0,7.22869e+06
2020-05-17 20:00:00,adLQvlD726eNBSB,0,0,7867,6.29231e+06
2020-06-02 23:30:00,wCURE6d3bPkepu2,0,0,7525,6.92287e+06
2020-06-12 22:45:00,1IF53ai7Xc0U56Y,0,0,5903,6.39823e+06
2020-06-14 14:45:00,ZnxXDlPa8U1GXgE,6542.25,640.85,6020.88,6.75036e+06
2020-05-19 00:00:00,7JYdWkrLSPkdwr4,0,0,758.429,7.62837e+06
2020-06-01 17:30:00,zBIq5rxdHJRwDNY,687.429,66.5714,5747.57,6.46899e+06
2020-05-28 03:00:00,bvBOhCH3iADSZry,0,0,0,6.40583e+06
2020-06-16 05:00:00,ih0vzX44oOqAx2f,0,0,0,6.41425e+06
2020-06-11 04:00:00,zVJPv84UY57bAof,0,0,0,7.31702e+06
2020-06-07 14:00:00,sjndEbLyjtCKgGv,9596.86,937.843,4654.29,7.19031e+06
2020-06-08 17:15:00,ZoEaEvLYb1n2sOq,2253.5,220.863,8126.75,7.28158e+06
2020-05-30 12:45:00,7JYdWkrLSPkdwr4,9816,959.514,3404.43,7.71824e+06
2020-05-28 10:15:00,sjndEbLyjtCKgGv,10340.9,1009.73,2226.57,7.11479e+06
2020-05-22 21:15:00,adLQvlD726eNBSB,0,0,7378,6.32895e+06
2020-05-15 05:00:00,VHMLBKoKgIrUVDU,0,0,0,7.20641e+06
2020-06-04 01:00:00,ZoEaEvLYb1n2sOq,0,0,0,7.2435e+06
2020-06-04 10:45:00,wCURE6d3bPkepu2,12652.5,1234.24,2370.62,6.93315e+06
2020-05-25 12:15:00,ZoEaEvLYb1n2sOq,12580.3,1226.57,4465.86,7.17463e+06
2020-06-09 03:00:00,rGa61gmuvPhdLxV,0,0,0,7.29596e+06
2020-05-22 12:45:00,iCRJl6heRkivqQ3,11691.8,1140.67,4064.75,7.23151e+06
2020-06-17 21:45:00,zBIq5rxdHJRwDNY,0,0,5817,6.58337e+06
2020-06-08 15:00:00,adLQvlD726eNBSB,10076.1,985.143,7201.29,6.46059e+06
2020-05-15 18:15:00,sjndEbLyjtCKgGv,96.5714,9.31429,6349.14,7.02318e+06
2020-05-25 04:00:00,rGa61gmuvPhdLxV,0,0,0,7.1833e+06
2020-06-08 20:00:00,1IF53ai7Xc0U56Y,0,0,8495,6.37183e+06
2020-05-21 21:15:00,ZoEaEvLYb1n2sOq,0,0,7617,7.14668e+06
2020-05-17 18:30:00,sjndEbLyjtCKgGv,0,0,7441,7.03705e+06
2020-06-07 03:00:00,3PZuoBAID5Wc2HD,0,0,0,7.15898e+06
2020-06-07 04:45:00,adLQvlD726eNBSB,0,0,0,6.44503e+06
2020-06-03 04:45:00,bvBOhCH3iADSZry,0,0,0,6.44549e+06
2020-06-16 11:15:00,uHbuxQJl8lW7ozc,8096.29,792.371,2881,7.27762e+06
2020-05-28 15:00:00,ZoEaEvLYb1n2sOq,10021,979.786,6968.14,7.20026e+06
2020-05-15 11:45:00,YxYtjZvoooNbGkE,6878.43,673.629,2552.86,7.18252e+06
2020-05-23 04:00:00,ZnxXDlPa8U1GXgE,0,0,0,6.57914e+06
2020-06-01 09:00:00,McdE0feGgRqW7Ca,7257.71,710.6,1114,7.28787e+06
2020-06-12 11:15:00,YxYtjZvoooNbGkE,8182,800.743,1891,7.38717e+06
2020-05-15 14:45:00,adLQvlD726eNBSB,7273.14,711.129,5069.29,6.27642e+06
2020-06-15 06:15:00,bvBOhCH3iADSZry,416.625,40.2625,6.75,6.52161e+06
2020-05-30 11:00:00,3PZuoBAID5Wc2HD,6726.12,658.75,1704,7.10389e+06
2020-06-10 06:15:00,ZoEaEvLYb1n2sOq,418.25,40.4375,6.375,7.28969e+06
2020-06-17 03:15:00,z9Y9gH1T5YWrNuG,0,0,0,7.24538e+06
2020-05-28 01:45:00,1BY6WEcLGh8j5v7,0,0,0,6.34983e+06
2020-05-17 14:45:00,ZnxXDlPa8U1GXgE,10639.6,1039.9,6116.57,6.54127e+06
2020-05-23 04:00:00,WRmjgnKYAwPKWDb,0,0,0,7.0846e+06
2020-06-05 21:30:00,z9Y9gH1T5YWrNuG,0,0,7739,7.171e+06
2020-06-05 09:45:00,z9Y9gH1T5YWrNuG,5434.14,532.629,1489.43,7.16475e+06
2020-06-08 01:45:00,zVJPv84UY57bAof,0,0,0,7.29379e+06
2020-05-17 06:00:00,McdE0feGgRqW7Ca,0,0,0,7.17202e+06
2020-05-15 05:30:00,ZoEaEvLYb1n2sOq,0,0,0,7.0981e+06
2020-06-05 18:45:00,McdE0feGgRqW7Ca,0,0,7920,7.32468e+06
2020-05-17 06:15:00,adLQvlD726eNBSB,156.429,15.1,2.57143,6.28445e+06
2020-05-21 13:15:00,uHbuxQJl8lW7ozc,12452,1214.45,5149,7.08526e+06
2020-06-08 19:00:00,McdE0feGgRqW7Ca,0,0,8580,7.34678e+06
2020-05-30 02:30:00,wCURE6d3bPkepu2,0,0,0,6.89588e+06
2020-06-09 16:45:00,YxYtjZvoooNbGkE,4249.86,417.329,7640,7.37295e+06
2020-05-16 13:30:00,McdE0feGgRqW7Ca,8955.14,875.929,4571.29,7.17001e+06
2020-05-30 12:00:00,rGa61gmuvPhdLxV,13818.5,1347.3,2562.25,7.22564e+06
2020-06-11 22:15:00,1BY6WEcLGh8j5v7,0,0,5257,6.45024e+06
2020-05-25 01:15:00,sjndEbLyjtCKgGv,0,0,0,7.08935e+06
2020-05-19 03:45:00,7JYdWkrLSPkdwr4,0,0,0,7.62837e+06
2020-06-10 22:30:00,adLQvlD726eNBSB,0,0,6667,6.47694e+06
2020-06-16 16:30:00,McdE0feGgRqW7Ca,2771.71,271.843,6092,7.40232e+06
2020-06-11 12:00:00,ZnxXDlPa8U1GXgE,9466.14,925.814,2301.43,6.72651e+06
2020-05-18 12:45:00,WRmjgnKYAwPKWDb,8041.12,787,2251.88,7.05136e+06
2020-06-14 17:15:00,1BY6WEcLGh8j5v7,1533.71,149.914,3940.29,6.4676e+06
2020-05-22 14:30:00,iCRJl6heRkivqQ3,10861,1060.89,5763.12,7.23321e+06
2020-06-13 22:00:00,ih0vzX44oOqAx2f,0,0,8255,6.40052e+06
2020-06-04 12:30:00,3PZuoBAID5Wc2HD,9490.5,926.737,4266,7.14075e+06
2020-05-27 20:45:00,rGa61gmuvPhdLxV,0,0,0,7.20655e+06
2020-05-19 22:30:00,rGa61gmuvPhdLxV,0,0,6910,7.14381e+06
2020-06-13 07:45:00,ZnxXDlPa8U1GXgE,4304,422.65,294.5,6.73608e+06
2020-06-16 14:15:00,rGa61gmuvPhdLxV,4649.25,456.2,4721.62,7.34943e+06
2020-05-28 12:15:00,rGa61gmuvPhdLxV,11806.2,1151.62,4391.17,7.21094e+06
2020-05-31 00:30:00,pkci93gMrogZuBj,0,0,0,7.28888e+06
2020-05-25 16:15:00,adLQvlD726eNBSB,4476.12,439.25,8918.75,6.35505e+06
2020-05-26 18:15:00,pkci93gMrogZuBj,312,30.1,7774,7.25829e+06
2020-05-27 02:45:00,ZoEaEvLYb1n2sOq,0,0,0,7.18669e+06
2020-06-16 17:15:00,sjndEbLyjtCKgGv,1759.38,172.425,6144.12,7.25568e+06
2020-06-14 20:15:00,1IF53ai7Xc0U56Y,0,0,7487,6.41437e+06
2020-06-02 09:30:00,iCRJl6heRkivqQ3,9981.57,974.857,1434.43,7.31178e+06
2020-06-11 03:45:00,McdE0feGgRqW7Ca,0,0,0,7.36162e+06
2020-05-31 11:30:00,pkci93gMrogZuBj,10186.2,994.55,2939.5,7.29182e+06
2020-05-18 19:45:00,VHMLBKoKgIrUVDU,0,0,5457,7.23255e+06
2020-05-16 08:15:00,VHMLBKoKgIrUVDU,4989,489.086,458.857,7.21312e+06
2020-06-02 04:15:00,wCURE6d3bPkepu2,0,0,0,6.91534e+06
2020-05-31 18:30:00,adLQvlD726eNBSB,28.8571,2.78571,5933,6.4007e+06
2020-06-16 09:45:00,7JYdWkrLSPkdwr4,8555.75,837.175,1410.5,7.83621e+06
2020-05-31 06:00:00,rGa61gmuvPhdLxV,93.25,9,0.25,7.23044e+06
2020-05-27 21:45:00,3PZuoBAID5Wc2HD,0,0,6740,7.08545e+06
2020-05-30 01:15:00,rGa61gmuvPhdLxV,0,0,0,7.22307e+06
2020-05-23 23:45:00,wCURE6d3bPkepu2,0,0,3687.86,6.84783e+06
2020-06-01 19:30:00,zVJPv84UY57bAof,0,0,5742,7.24777e+06
2020-05-22 22:00:00,z9Y9gH1T5YWrNuG,0,0,0,7.06422e+06
2020-05-15 12:00:00,ZoEaEvLYb1n2sOq,7931.5,775.775,2701,7.1008e+06
2020-05-17 04:15:00,3PZuoBAID5Wc2HD,0,0,0,7.00069e+06
2020-06-02 00:45:00,VHMLBKoKgIrUVDU,0,0,0,7.34031e+06
2020-06-06 23:30:00,zVJPv84UY57bAof,0,0,0,7.28553e+06
2020-05-27 05:15:00,3PZuoBAID5Wc2HD,0,0,0,7.07871e+06
2020-05-18 05:30:00,uHbuxQJl8lW7ozc,0,0,0,7.05879e+06
2020-05-23 10:15:00,ZoEaEvLYb1n2sOq,8695,850.386,2090.14,7.1558e+06
2020-06-14 08:00:00,zBIq5rxdHJRwDNY,4141.62,406.887,403.75,6.55823e+06
2020-05-19 23:15:00,YxYtjZvoooNbGkE,0,0,6878,7.21248e+06
2020-05-22 20:45:00,wCURE6d3bPkepu2,0,0,0,6.83922e+06
2020-06-13 12:15:00,adLQvlD726eNBSB,12024,1173.46,4689.38,6.49341e+06
2020-05-25 10:45:00,adLQvlD726eNBSB,12149.1,1184.56,2911.12,6.34904e+06
2020-06-10 01:00:00,ZoEaEvLYb1n2sOq,0,0,0,7.28968e+06
2020-05-26 18:45:00,7JYdWkrLSPkdwr4,0,0,0,7.69191e+06
2020-05-30 00:30:00,WRmjgnKYAwPKWDb,0,0,0,7.1409e+06
2020-06-11 17:00:00,McdE0feGgRqW7Ca,2431.25,238.4,5591.12,7.36721e+06
2020-06-09 19:30:00,uHbuxQJl8lW7ozc,0,0,8309,7.23386e+06
2020-06-07 14:45:00,ZoEaEvLYb1n2sOq,4374,429.371,6472.29,7.27184e+06
2020-05-15 18:30:00,ih0vzX44oOqAx2f,0,0,6176,6.19136e+06
2020-06-07 14:45:00,zBIq5rxdHJRwDNY,4836.12,474.5,6525.75,6.51325e+06
2020-06-13 09:00:00,zBIq5rxdHJRwDNY,8357.71,817.829,1039.14,6.55043e+06
2020-05-19 19:30:00,iCRJl6heRkivqQ3,0,0,6951,7.21072e+06
2020-05-22 07:45:00,rGa61gmuvPhdLxV,4221.88,414.6,351.875,7.16075e+06
2020-06-06 02:15:00,1BY6WEcLGh8j5v7,0,0,0,6.41254e+06
2020-06-03 23:45:00,McdE0feGgRqW7Ca,0,0,5721.43,7.30837e+06
2020-06-15 21:15:00,ZoEaEvLYb1n2sOq,0,0,6639,7.32969e+06
2020-05-16 18:30:00,iCRJl6heRkivqQ3,0,0,6438,7.19085e+06
2020-06-17 00:00:00,pkci93gMrogZuBj,0,0,0,7.40948e+06
2020-06-02 09:15:00,iCRJl6heRkivqQ3,9001.38,880.175,1223.75,7.31157e+06
2020-06-09 07:00:00,WRmjgnKYAwPKWDb,2417,237,102.429,7.2131e+06
2020-05-19 05:30:00,pkci93gMrogZuBj,0,0,0,7.19441e+06
2020-06-03 05:45:00,wCURE6d3bPkepu2,0,0,0,6.92287e+06
2020-05-25 17:45:00,ih0vzX44oOqAx2f,481.571,46.6,8061.86,6.26456e+06
2020-05-26 23:15:00,sjndEbLyjtCKgGv,0,0,0,7.10589e+06
2020-06-11 05:00:00,7JYdWkrLSPkdwr4,0,0,0,7.80109e+06
2020-05-23 15:15:00,WRmjgnKYAwPKWDb,7892.75,772.575,7165.62,7.09176e+06
2020-06-03 19:15:00,bvBOhCH3iADSZry,0,0,7237,6.45272e+06
2020-06-06 16:30:00,1IF53ai7Xc0U56Y,1409.12,137.325,6425.12,6.35498e+06
2020-05-30 06:45:00,adLQvlD726eNBSB,1246.25,121.237,42.375,6.38739e+06
2020-05-21 09:15:00,adLQvlD726eNBSB,8605.62,841.913,1303.25,6.31492e+06
2020-05-25 02:45:00,pkci93gMrogZuBj,0,0,0,7.24171e+06
2020-05-25 01:15:00,wCURE6d3bPkepu2,0,0,0,6.85579e+06
2020-05-17 08:15:00,1BY6WEcLGh8j5v7,4916.5,482.1,469.375,6.27207e+06
2020-06-04 22:30:00,McdE0feGgRqW7Ca,0,0,0,7.31676e+06
2020-05-28 12:00:00,1IF53ai7Xc0U56Y,12156.2,1185.91,4356,6.28582e+06
2020-06-05 02:00:00,zVJPv84UY57bAof,0,0,0,7.27127e+06
2020-06-10 22:30:00,WRmjgnKYAwPKWDb,0,0,6389,7.22737e+06
2020-05-23 15:30:00,zVJPv84UY57bAof,9387.86,918.243,7438.29,7.17973e+06
2020-06-01 07:15:00,ZoEaEvLYb1n2sOq,2979.88,292.663,155.125,7.2228e+06
2020-06-13 15:00:00,bvBOhCH3iADSZry,9704.38,949.025,6695.12,6.51647e+06
2020-05-17 04:45:00,7JYdWkrLSPkdwr4,0,0,0,7.61554e+06
2020-06-02 10:00:00,pkci93gMrogZuBj,9711.29,949.671,1859.43,7.30216e+06
2020-06-09 01:30:00,sjndEbLyjtCKgGv,0,0,0,7.20092e+06
2020-05-17 01:15:00,pkci93gMrogZuBj,0,0,0,7.18165e+06
2020-06-15 20:00:00,sjndEbLyjtCKgGv,0,0,6728,7.24954e+06
2020-05-22 14:15:00,3PZuoBAID5Wc2HD,9113.71,890.3,5702.86,7.043e+06
2020-06-12 17:00:00,VHMLBKoKgIrUVDU,1915.43,187.757,5716.57,7.42073e+06
2020-05-15 04:15:00,zVJPv84UY57bAof,0,0,0,7.11615e+06
2020-05-21 17:15:00,zBIq5rxdHJRwDNY,766,74.2714,7691.43,6.38855e+06
2020-05-30 21:45:00,zVJPv84UY57bAof,0,0,7290,7.23598e+06
2020-05-23 23:30:00,3PZuoBAID5Wc2HD,0,0,8652,7.05327e+06
2020-05-28 05:15:00,7JYdWkrLSPkdwr4,0,0,0,7.69855e+06
2020-05-26 23:15:00,zVJPv84UY57bAof,0,0,0,7.20538e+06
2020-05-19 23:30:00,sjndEbLyjtCKgGv,0,0,6879,7.04928e+06
2020-05-16 09:00:00,bvBOhCH3iADSZry,5771.71,565.586,829.571,6.32334e+06
2020-06-10 14:15:00,rGa61gmuvPhdLxV,9817.12,959.987,5323.75,7.30953e+06
2020-05-15 17:30:00,7JYdWkrLSPkdwr4,1212,118.175,6078.5,7.60904e+06
2020-06-17 06:45:00,7JYdWkrLSPkdwr4,462.5,44.9,0,7.84096e+06
2020-06-14 10:30:00,rGa61gmuvPhdLxV,10064.8,983.462,2048.38,7.33272e+06
2020-05-30 05:45:00,z9Y9gH1T5YWrNuG,0,0,0,7.12046e+06
2020-05-31 00:00:00,ih0vzX44oOqAx2f,0,0,0,6.30227e+06
2020-05-25 01:00:00,zVJPv84UY57bAof,0,0,0,7.1888e+06
2020-06-15 14:45:00,iCRJl6heRkivqQ3,6280,615.257,5580.57,7.4128e+06
2020-06-04 05:45:00,1BY6WEcLGh8j5v7,0,0,0,6.39781e+06
2020-05-31 23:00:00,VHMLBKoKgIrUVDU,0,0,6076,7.3344e+06
2020-05-25 05:15:00,rGa61gmuvPhdLxV,0,0,0,7.1833e+06
2020-05-31 02:15:00,uHbuxQJl8lW7ozc,0,0,0,7.15927e+06
2020-06-01 12:15:00,zBIq5rxdHJRwDNY,6810.43,666.9,3773.57,6.46701e+06
2020-06-10 11:45:00,ZoEaEvLYb1n2sOq,9299.86,908.457,2662.14,7.29234e+06
2020-06-01 19:45:00,zVJPv84UY57bAof,0,0,5742,7.24777e+06
2020-06-10 21:00:00,iCRJl6heRkivqQ3,0,0,6559,7.37978e+06
2020-05-28 18:45:00,WRmjgnKYAwPKWDb,0,0,8323,7.13286e+06
2020-05-18 02:45:00,VHMLBKoKgIrUVDU,0,0,0,7.2271e+06
2020-06-06 06:15:00,YxYtjZvoooNbGkE,421.143,40.7143,8.71429,7.3425e+06
2020-05-16 17:15:00,adLQvlD726eNBSB,1646.25,161.15,6624.38,6.28436e+06
2020-05-25 05:00:00,rGa61gmuvPhdLxV,0,0,0,7.1833e+06
2020-05-30 14:00:00,ZoEaEvLYb1n2sOq,11843,1155.54,4727.43,7.21433e+06
2020-06-05 02:00:00,rGa61gmuvPhdLxV,0,0,0,7.26535e+06
2020-06-01 01:30:00,VHMLBKoKgIrUVDU,0,0,0,7.3344e+06
2020-06-12 11:00:00,bvBOhCH3iADSZry,5703.38,558.962,1609.62,6.50602e+06
2020-05-18 12:45:00,bvBOhCH3iADSZry,7336,718.271,2070.57,6.33765e+06
2020-06-07 16:00:00,3PZuoBAID5Wc2HD,6688.29,655.157,7559.57,7.16654e+06
2020-05-19 03:30:00,WRmjgnKYAwPKWDb,0,0,0,7.05445e+06
2020-05-19 10:30:00,YxYtjZvoooNbGkE,7249.57,708.986,1716.57,7.20731e+06
2020-05-21 19:00:00,z9Y9gH1T5YWrNuG,0,0,7886,7.05715e+06
2020-05-18 10:45:00,3PZuoBAID5Wc2HD,5739.25,562.513,858.125,7.00934e+06
2020-06-14 11:15:00,ih0vzX44oOqAx2f,9132.12,892.975,2716.38,6.40323e+06
2020-06-09 16:00:00,WRmjgnKYAwPKWDb,6207.71,608.186,7297.86,7.2203e+06
2020-05-19 19:00:00,zBIq5rxdHJRwDNY,0,0,6924,6.37197e+06
2020-06-16 11:45:00,sjndEbLyjtCKgGv,7324.12,716.987,3217.12,7.25276e+06
2020-06-04 09:30:00,YxYtjZvoooNbGkE,5988.38,586.7,1229.5,7.32799e+06
2020-06-14 20:45:00,sjndEbLyjtCKgGv,0,0,7307,7.24281e+06
2020-05-24 15:30:00,WRmjgnKYAwPKWDb,4332.25,425.137,7296.25,7.10032e+06
2020-05-19 11:00:00,7JYdWkrLSPkdwr4,9697.88,947.4,2088,7.63046e+06
2020-06-15 12:45:00,uHbuxQJl8lW7ozc,7031.75,688.538,4397,7.27223e+06
2020-05-27 04:00:00,ih0vzX44oOqAx2f,0,0,0,6.27229e+06
2020-05-15 00:15:00,rGa61gmuvPhdLxV,0,0,0,7.11149e+06
2020-05-15 08:30:00,1IF53ai7Xc0U56Y,4983.62,488.75,509,6.18415e+06
2020-06-11 18:45:00,VHMLBKoKgIrUVDU,0,0,5716,7.41501e+06
2020-06-03 05:45:00,WRmjgnKYAwPKWDb,0,0,0,7.16692e+06
2020-06-07 02:45:00,sjndEbLyjtCKgGv,0,0,0,7.18566e+06
2020-06-17 10:00:00,7JYdWkrLSPkdwr4,6172.71,604.786,1267.43,7.84223e+06
2020-05-27 07:30:00,uHbuxQJl8lW7ozc,3262,320.5,197.571,7.12874e+06
2020-05-29 20:45:00,1BY6WEcLGh8j5v7,0,0,7564,6.36537e+06
2020-06-01 22:15:00,WRmjgnKYAwPKWDb,0,0,5834,7.1597e+06
2020-06-02 17:30:00,pkci93gMrogZuBj,935,90.7857,7306.57,7.30761e+06
2020-05-27 00:00:00,3PZuoBAID5Wc2HD,0,0,0,7.07871e+06
2020-06-12 22:00:00,7JYdWkrLSPkdwr4,0,0,5753,7.81242e+06
2020-05-23 16:45:00,ZoEaEvLYb1n2sOq,4092.29,402.029,8134,7.16185e+06
2020-06-08 10:15:00,ZnxXDlPa8U1GXgE,10686.8,1042.67,2190.62,6.70345e+06
2020-06-05 02:15:00,rGa61gmuvPhdLxV,0,0,0,7.26535e+06
2020-06-10 11:00:00,ZnxXDlPa8U1GXgE,4720.25,463.075,2192.5,6.71996e+06
2020-05-25 20:00:00,sjndEbLyjtCKgGv,0,0,8760,7.09811e+06
2020-06-06 19:45:00,zVJPv84UY57bAof,0,0,0,7.28553e+06
2020-05-25 17:00:00,iCRJl6heRkivqQ3,1144.43,111.286,8784.57,7.26005e+06
2020-06-12 19:45:00,zVJPv84UY57bAof,0,0,5863,7.32855e+06
2020-06-16 07:00:00,uHbuxQJl8lW7ozc,1445,140.943,61.8571,7.2748e+06
2020-05-19 22:00:00,WRmjgnKYAwPKWDb,0,0,0,7.06093e+06
2020-06-15 14:30:00,3PZuoBAID5Wc2HD,8644.14,845.529,5417.14,7.22364e+06
2020-06-04 14:15:00,z9Y9gH1T5YWrNuG,8374.43,818.457,5763.86,7.16088e+06
2020-05-28 01:00:00,pkci93gMrogZuBj,0,0,0,7.26498e+06
2020-06-04 17:30:00,pkci93gMrogZuBj,3239.75,318.212,8136.62,7.32357e+06
2020-06-10 23:15:00,iCRJl6heRkivqQ3,0,0,6559,7.37978e+06
2020-06-09 08:00:00,adLQvlD726eNBSB,5702.38,558.9,429.375,6.46243e+06
2020-05-21 14:15:00,iCRJl6heRkivqQ3,8193.25,800.6,6233.25,7.22584e+06
2020-06-06 07:00:00,ZnxXDlPa8U1GXgE,2676.86,262.643,97.7143,6.6868e+06
2020-06-13 06:45:00,1BY6WEcLGh8j5v7,1051,102.143,35.4286,6.45571e+06
2020-06-14 16:30:00,rGa61gmuvPhdLxV,2887.75,283.525,7069.5,7.33774e+06
2020-06-06 23:15:00,ZoEaEvLYb1n2sOq,0,0,0,7.26537e+06
2020-06-13 07:45:00,pkci93gMrogZuBj,4133.14,406.043,277.571,7.38108e+06
2020-05-27 07:30:00,1IF53ai7Xc0U56Y,3694.38,362.988,219.25,6.27486e+06
2020-05-31 12:15:00,3PZuoBAID5Wc2HD,8354.71,816.629,3260.57,7.11275e+06
2020-05-20 00:15:00,7JYdWkrLSPkdwr4,0,0,0,7.63521e+06
2020-06-08 20:15:00,zBIq5rxdHJRwDNY,0,0,8358,6.52327e+06
2020-06-12 05:45:00,iCRJl6heRkivqQ3,0,0,0,7.38547e+06
2020-06-13 01:30:00,iCRJl6heRkivqQ3,0,0,0,7.39136e+06
2020-06-15 23:30:00,1IF53ai7Xc0U56Y,0,0,6846,6.42121e+06
2020-06-13 00:00:00,zBIq5rxdHJRwDNY,0,0,833.857,6.54939e+06
2020-05-30 03:45:00,1IF53ai7Xc0U56Y,0,0,0,6.29821e+06
2020-05-18 08:15:00,adLQvlD726eNBSB,1431.86,139.571,354.286,6.29266e+06
2020-05-24 04:45:00,rGa61gmuvPhdLxV,0,0,0,7.17529e+06
2020-06-08 13:00:00,pkci93gMrogZuBj,9901.5,966.875,4989.25,7.35112e+06
2020-06-12 23:15:00,VHMLBKoKgIrUVDU,0,0,5903,7.42091e+06
2020-06-15 23:00:00,ZoEaEvLYb1n2sOq,0,0,6639,7.32969e+06
2020-06-13 11:30:00,iCRJl6heRkivqQ3,13187.6,1285.81,3494.43,7.39485e+06
2020-05-28 08:45:00,uHbuxQJl8lW7ozc,7571.38,741.263,871.5,7.13613e+06
2020-05-25 08:30:00,zVJPv84UY57bAof,6647,651.114,611.429,7.18941e+06
2020-06-09 00:45:00,ih0vzX44oOqAx2f,0,0,0,6.36691e+06
2020-06-16 04:30:00,McdE0feGgRqW7Ca,0,0,0,7.39623e+06
2020-05-17 20:00:00,ZoEaEvLYb1n2sOq,0,0,7464,7.11821e+06
2020-05-31 02:15:00,iCRJl6heRkivqQ3,0,0,0,7.2986e+06
2020-06-12 14:45:00,McdE0feGgRqW7Ca,6200.5,607.462,4863.38,7.37224e+06
2020-06-04 23:00:00,ih0vzX44oOqAx2f,0,0,8009,6.33702e+06
2020-06-05 23:45:00,McdE0feGgRqW7Ca,0,0,4950,7.32468e+06
2020-05-30 19:45:00,adLQvlD726eNBSB,0,0,7419,6.39477e+06
2020-06-15 17:00:00,pkci93gMrogZuBj,2820.25,276.863,6620.5,7.40304e+06
2020-06-12 23:00:00,YxYtjZvoooNbGkE,0,0,5780,7.39106e+06
2020-06-13 17:45:00,rGa61gmuvPhdLxV,982.857,95.4571,8354.14,7.33064e+06
2020-05-21 18:00:00,wCURE6d3bPkepu2,309.75,29.9,7804.5,6.83205e+06
2020-06-06 03:00:00,3PZuoBAID5Wc2HD,0,0,0,7.15249e+06
2020-05-15 18:15:00,WRmjgnKYAwPKWDb,89,8.5875,6141.12,7.03481e+06
2020-05-27 03:00:00,pkci93gMrogZuBj,0,0,0,7.25829e+06
2020-06-13 22:30:00,ZoEaEvLYb1n2sOq,0,0,8378,7.31576e+06
2020-06-10 13:30:00,ih0vzX44oOqAx2f,11329.2,1106.16,4439.38,6.37919e+06
2020-06-01 07:30:00,1BY6WEcLGh8j5v7,3983.62,391.413,240.75,6.37817e+06
2020-05-19 20:00:00,7JYdWkrLSPkdwr4,0,0,6836,7.63521e+06
2020-06-09 21:15:00,McdE0feGgRqW7Ca,0,0,8235,7.35502e+06
2020-05-31 04:30:00,7JYdWkrLSPkdwr4,0,0,0,7.72198e+06
2020-06-10 14:00:00,VHMLBKoKgIrUVDU,6958.25,681.3,5057.75,7.40787e+06
2020-06-03 14:30:00,1IF53ai7Xc0U56Y,8722.62,853.388,5982.5,6.33077e+06
2020-05-16 23:15:00,YxYtjZvoooNbGkE,0,0,6475,7.19273e+06
2020-06-13 15:00:00,adLQvlD726eNBSB,10668.8,1042.79,7493.12,6.49622e+06
2020-06-05 12:15:00,z9Y9gH1T5YWrNuG,5018.88,492.25,3781.5,7.16704e+06
2020-06-01 04:00:00,WRmjgnKYAwPKWDb,0,0,0,7.15387e+06
2020-05-28 12:00:00,3PZuoBAID5Wc2HD,13529.6,1319.16,4389.29,7.08984e+06
2020-05-23 23:30:00,VHMLBKoKgIrUVDU,0,0,8611,7.27233e+06
2020-06-08 22:30:00,ZnxXDlPa8U1GXgE,0,0,8435,6.7097e+06
2020-06-10 07:45:00,ZoEaEvLYb1n2sOq,4055.62,398.413,297,7.28998e+06
2020-05-16 22:15:00,McdE0feGgRqW7Ca,0,0,6586,7.17202e+06
2020-05-19 01:45:00,z9Y9gH1T5YWrNuG,0,0,0,7.03357e+06
2020-05-15 19:15:00,iCRJl6heRkivqQ3,0,0,6418,7.18441e+06
2020-05-18 08:00:00,zBIq5rxdHJRwDNY,1268.29,123.357,307.857,6.35996e+06
2020-05-31 23:15:00,7JYdWkrLSPkdwr4,0,0,5843,7.72782e+06
2020-06-02 16:30:00,WRmjgnKYAwPKWDb,4401.86,432.014,6942.29,7.16664e+06
2020-05-15 12:00:00,zVJPv84UY57bAof,6880.88,673.688,2432.25,7.11858e+06
2020-05-17 12:30:00,uHbuxQJl8lW7ozc,7839.62,766.45,4354.5,7.05569e+06
2020-05-17 05:45:00,ZnxXDlPa8U1GXgE,0,0,0,6.53515e+06
2020-05-22 08:45:00,z9Y9gH1T5YWrNuG,3904.86,383.614,749,7.0579e+06
2020-05-19 10:45:00,uHbuxQJl8lW7ozc,9492.38,927.5,1978.5,7.06618e+06
2020-06-11 12:45:00,rGa61gmuvPhdLxV,5731.12,561.625,2881.5,7.31365e+06
2020-05-21 10:30:00,zVJPv84UY57bAof,11339.8,1106.69,2222.88,7.1594e+06
2020-06-02 23:45:00,z9Y9gH1T5YWrNuG,0,0,7446,7.14727e+06
2020-05-18 15:00:00,zBIq5rxdHJRwDNY,7956.29,778.771,4159.29,6.36382e+06
2020-05-24 21:00:00,ZoEaEvLYb1n2sOq,0,0,7985,7.17017e+06
2020-05-22 15:15:00,zBIq5rxdHJRwDNY,6501.86,636.829,6554.57,6.39515e+06
2020-05-15 11:00:00,1IF53ai7Xc0U56Y,8230.43,804.9,2014.57,6.18566e+06
2020-05-20 10:45:00,z9Y9gH1T5YWrNuG,11040.4,1078.89,2710.43,7.04318e+06
2020-05-31 22:45:00,1IF53ai7Xc0U56Y,0,0,5889,6.31143e+06
2020-06-02 04:00:00,adLQvlD726eNBSB,0,0,0,6.40683e+06
2020-06-09 17:15:00,uHbuxQJl8lW7ozc,2801.5,274.788,8150.75,7.2337e+06
2020-05-28 21:15:00,1IF53ai7Xc0U56Y,0,0,8496,6.28996e+06
2020-06-01 14:45:00,zBIq5rxdHJRwDNY,3070,301.512,5268.25,6.46851e+06
2020-06-10 19:30:00,YxYtjZvoooNbGkE,0,0,6419,7.37969e+06
2020-05-17 21:30:00,rGa61gmuvPhdLxV,0,0,7438,7.13154e+06
2020-06-02 08:00:00,rGa61gmuvPhdLxV,3617.14,355.229,265.143,7.24223e+06
2020-06-07 21:00:00,VHMLBKoKgIrUVDU,0,0,8219,7.38621e+06
2020-06-17 11:00:00,adLQvlD726eNBSB,6959.86,681.114,1989.14,6.52039e+06
2020-06-07 08:30:00,ZnxXDlPa8U1GXgE,3661,359.843,479.571,6.69353e+06
2020-06-12 14:30:00,uHbuxQJl8lW7ozc,6499.38,636.688,4648.62,7.25085e+06
2020-05-25 00:45:00,WRmjgnKYAwPKWDb,0,0,0,7.10112e+06
2020-06-11 17:30:00,ZnxXDlPa8U1GXgE,1436.12,140.05,5625.25,6.72984e+06
2020-06-01 00:00:00,YxYtjZvoooNbGkE,0,0,0,7.30574e+06
2020-05-23 00:00:00,ZoEaEvLYb1n2sOq,0,0,0,7.15371e+06
2020-05-25 05:00:00,sjndEbLyjtCKgGv,0,0,0,7.08935e+06
2020-05-16 08:00:00,z9Y9gH1T5YWrNuG,4179.12,410.512,332.875,7.01458e+06
2020-05-30 20:00:00,wCURE6d3bPkepu2,0,0,7278,6.90316e+06
2020-06-13 13:15:00,z9Y9gH1T5YWrNuG,9153.86,894.2,5415.43,7.22228e+06
2020-06-13 14:45:00,adLQvlD726eNBSB,10208.6,998.043,7233.86,6.49596e+06
2020-05-18 12:45:00,iCRJl6heRkivqQ3,7810,764.486,2245.57,7.20061e+06
2020-06-13 01:00:00,1BY6WEcLGh8j5v7,0,0,0,6.45568e+06
2020-05-25 02:45:00,uHbuxQJl8lW7ozc,0,0,0,7.11185e+06
2020-05-26 10:30:00,ZnxXDlPa8U1GXgE,12419.8,1211.29,2473.38,6.60714e+06
2020-05-31 11:30:00,sjndEbLyjtCKgGv,10895.1,1063.83,2835.38,7.13909e+06
2020-05-26 11:30:00,sjndEbLyjtCKgGv,11195.5,1092.66,3516.5,7.10163e+06
2020-05-26 04:45:00,zBIq5rxdHJRwDNY,0,0,0,6.4202e+06
2020-05-17 22:30:00,bvBOhCH3iADSZry,0,0,6928,6.33558e+06
2020-06-11 01:15:00,1BY6WEcLGh8j5v7,0,0,0,6.44498e+06
2020-06-04 02:30:00,7JYdWkrLSPkdwr4,0,0,0,7.74862e+06
2020-06-12 21:30:00,zBIq5rxdHJRwDNY,0,0,5837,6.54939e+06
2020-06-17 11:45:00,YxYtjZvoooNbGkE,11665.7,1138.86,2515.86,7.42207e+06
2020-06-15 01:15:00,zVJPv84UY57bAof,0,0,0,7.34428e+06
2020-05-24 07:30:00,uHbuxQJl8lW7ozc,3171.86,311.643,192,7.10394e+06
2020-06-16 18:45:00,wCURE6d3bPkepu2,0,0,6274,7.02272e+06
2020-05-22 01:15:00,rGa61gmuvPhdLxV,0,0,0,7.1604e+06
2020-05-24 14:15:00,bvBOhCH3iADSZry,8933.38,873.7,5840.62,6.38261e+06
2020-05-22 16:45:00,ZnxXDlPa8U1GXgE,1982.14,194.314,7138.71,6.579e+06
2020-06-13 05:45:00,7JYdWkrLSPkdwr4,0,0,0,7.81242e+06
2020-05-29 20:00:00,ZoEaEvLYb1n2sOq,0,0,0,7.2096e+06
2020-06-11 23:00:00,WRmjgnKYAwPKWDb,0,0,5619,7.23299e+06
2020-06-14 09:45:00,uHbuxQJl8lW7ozc,8228.14,805.3,1455.86,7.26199e+06
2020-05-24 10:45:00,McdE0feGgRqW7Ca,11390.4,1111.61,2300,7.22694e+06
2020-06-11 07:45:00,pkci93gMrogZuBj,2023.57,198.386,132.857,7.36943e+06
2020-06-09 16:45:00,7JYdWkrLSPkdwr4,4079.38,400.788,7625.88,7.79442e+06
2020-05-21 14:30:00,z9Y9gH1T5YWrNuG,8381.86,818.9,6435.57,7.0557e+06
2020-06-17 00:45:00,zBIq5rxdHJRwDNY,0,0,0,6.57755e+06
2020-05-27 04:45:00,rGa61gmuvPhdLxV,0,0,0,7.19987e+06
2020-06-08 23:30:00,ih0vzX44oOqAx2f,0,0,8217,6.36691e+06
2020-06-07 21:45:00,WRmjgnKYAwPKWDb,0,0,8071,7.20468e+06
2020-06-08 22:45:00,bvBOhCH3iADSZry,0,0,7693,6.48599e+06
2020-06-03 16:45:00,ZnxXDlPa8U1GXgE,4044.38,396.712,7542.25,6.67051e+06
2020-06-16 15:45:00,uHbuxQJl8lW7ozc,5413.67,530.689,5710.78,7.28045e+06
2020-05-20 19:30:00,iCRJl6heRkivqQ3,0,0,8887,7.2196e+06
2020-06-02 07:30:00,adLQvlD726eNBSB,2152.5,211.037,158,6.40699e+06
2020-05-29 11:00:00,wCURE6d3bPkepu2,12259.4,1195.29,2708.5,6.89042e+06
2020-05-28 00:00:00,zVJPv84UY57bAof,0,0,0,7.21208e+06
2020-05-28 20:30:00,McdE0feGgRqW7Ca,0,0,8567,7.26496e+06
2020-06-05 14:30:00,zBIq5rxdHJRwDNY,11873.9,1158.28,5562.88,6.49814e+06
2020-05-23 07:00:00,1IF53ai7Xc0U56Y,1052.86,102.314,45.2857,6.24058e+06
2020-06-11 12:30:00,z9Y9gH1T5YWrNuG,7841.43,767.571,2717,7.20818e+06
2020-06-08 09:00:00,McdE0feGgRqW7Ca,6967.14,682.3,886.857,7.33909e+06
2020-05-25 13:15:00,adLQvlD726eNBSB,12308.3,1200.08,6015.67,6.35215e+06
2020-06-07 22:15:00,ih0vzX44oOqAx2f,0,0,8019,6.35869e+06
2020-06-14 05:15:00,7JYdWkrLSPkdwr4,0,0,0,7.82085e+06
2020-06-03 13:45:00,rGa61gmuvPhdLxV,8570,838.6,4976.5,7.25431e+06
2020-05-29 12:45:00,zVJPv84UY57bAof,12466,1215.44,4689.75,7.22516e+06
2020-06-17 02:00:00,uHbuxQJl8lW7ozc,0,0,0,7.28104e+06
2020-06-02 05:00:00,VHMLBKoKgIrUVDU,0,0,0,7.34031e+06
2020-06-04 02:45:00,rGa61gmuvPhdLxV,0,0,0,7.25714e+06
2020-06-07 13:30:00,ih0vzX44oOqAx2f,11227,1095.88,5412.38,6.35609e+06
2020-05-31 23:15:00,adLQvlD726eNBSB,0,0,5933,6.4007e+06
2020-06-10 07:15:00,zVJPv84UY57bAof,2480,243.188,142.625,7.3106e+06
2020-05-30 01:30:00,iCRJl6heRkivqQ3,0,0,0,7.29125e+06
2020-06-03 21:15:00,WRmjgnKYAwPKWDb,0,0,7710,7.17463e+06
2020-06-03 09:45:00,1IF53ai7Xc0U56Y,6015.88,589.462,1297.75,6.32608e+06
2020-05-31 15:00:00,zBIq5rxdHJRwDNY,2237,219.357,5309,6.46261e+06
2020-06-12 05:00:00,WRmjgnKYAwPKWDb,0,0,0,7.23299e+06
2020-06-02 16:45:00,McdE0feGgRqW7Ca,3260.38,320.1,7406.12,7.30016e+06
2020-06-10 10:30:00,WRmjgnKYAwPKWDb,6511.71,637.786,1926.29,7.2229e+06
2020-05-27 06:00:00,zVJPv84UY57bAof,144,13.8857,0.285714,7.20538e+06
2020-06-17 08:45:00,1IF53ai7Xc0U56Y,4032.62,396.188,602.375,6.42813e+06
2020-05-27 08:45:00,7JYdWkrLSPkdwr4,7589.88,743.05,834.625,7.69275e+06
2020-06-16 10:30:00,3PZuoBAID5Wc2HD,8761.12,857.212,2194.38,7.22724e+06
2020-06-09 21:15:00,1IF53ai7Xc0U56Y,0,0,8189,6.38002e+06
2020-05-30 16:00:00,z9Y9gH1T5YWrNuG,6761.25,662.225,6467.38,7.12692e+06
2020-06-09 22:00:00,iCRJl6heRkivqQ3,0,0,8265,7.37322e+06
2020-05-15 00:30:00,ih0vzX44oOqAx2f,0,0,0,6.18518e+06
2020-05-24 19:30:00,iCRJl6heRkivqQ3,0,0,8041,7.25126e+06
2020-05-25 05:00:00,1IF53ai7Xc0U56Y,0,0,0,6.25748e+06
2020-06-06 00:15:00,bvBOhCH3iADSZry,0,0,0,6.46725e+06
2020-05-16 23:45:00,1IF53ai7Xc0U56Y,0,0,5768,6.19659e+06
2020-06-11 00:45:00,pkci93gMrogZuBj,0,0,0,7.36929e+06
2020-06-14 19:45:00,1BY6WEcLGh8j5v7,0,0,4012,6.46768e+06
2020-06-02 03:45:00,ZnxXDlPa8U1GXgE,0,0,0,6.65544e+06
2020-06-02 02:15:00,uHbuxQJl8lW7ozc,0,0,0,7.17094e+06
2020-06-15 05:45:00,VHMLBKoKgIrUVDU,0,0,0,7.43706e+06
2020-06-17 00:30:00,McdE0feGgRqW7Ca,0,0,0,7.4026e+06
2020-05-18 16:00:00,pkci93gMrogZuBj,5849.14,573.257,4855,7.1939e+06
2020-06-14 15:15:00,uHbuxQJl8lW7ozc,10205,996.712,6369.62,7.2669e+06
2020-06-10 19:30:00,3PZuoBAID5Wc2HD,0,0,6550,7.19047e+06
2020-05-18 16:00:00,7JYdWkrLSPkdwr4,5605.57,549.429,4821.57,7.62788e+06
2020-06-11 06:30:00,bvBOhCH3iADSZry,333,32.175,6.5,6.49922e+06
2020-06-04 18:30:00,iCRJl6heRkivqQ3,51.1429,4.92857,8303.71,7.334e+06
2020-06-02 05:00:00,rGa61gmuvPhdLxV,0,0,0,7.24197e+06
2020-06-17 07:15:00,zVJPv84UY57bAof,2131,209.057,57,7.35742e+06
2020-06-17 05:45:00,1IF53ai7Xc0U56Y,0,0,0,6.42753e+06
2020-05-19 03:15:00,3PZuoBAID5Wc2HD,0,0,0,7.01392e+06
2020-06-13 08:15:00,1IF53ai7Xc0U56Y,6654.57,651.829,595.714,6.39882e+06
2020-05-15 12:00:00,uHbuxQJl8lW7ozc,6011.43,588.986,2898.71,7.04158e+06
2020-06-15 04:15:00,ih0vzX44oOqAx2f,0,0,0,6.40768e+06
2020-05-19 12:45:00,1IF53ai7Xc0U56Y,11499,1122.5,3776.25,6.21358e+06
2020-05-28 10:45:00,z9Y9gH1T5YWrNuG,10415.8,1016.62,2747.25,7.10663e+06
2020-06-01 12:30:00,pkci93gMrogZuBj,8501.29,830.957,3716.86,7.29851e+06
2020-06-06 00:00:00,3PZuoBAID5Wc2HD,0,0,0,7.15249e+06
2020-06-17 08:00:00,wCURE6d3bPkepu2,3438,337.986,295.571,7.02301e+06
2020-05-30 15:30:00,uHbuxQJl8lW7ozc,8396.86,821.729,6258.71,7.15819e+06
2020-06-13 10:00:00,sjndEbLyjtCKgGv,7238.43,708.257,1847.14,7.22895e+06
2020-06-14 06:15:00,7JYdWkrLSPkdwr4,316.429,30.5714,4.57143,7.82086e+06
2020-05-19 14:15:00,bvBOhCH3iADSZry,8828.5,863.638,4633,6.34517e+06
2020-05-26 14:30:00,rGa61gmuvPhdLxV,5933.43,580.971,6199.86,7.1983e+06
2020-05-17 13:15:00,z9Y9gH1T5YWrNuG,6500.12,635.938,4940.25,7.02568e+06
2020-06-09 22:45:00,ZoEaEvLYb1n2sOq,0,0,7955,7.28968e+06
2020-06-11 12:15:00,1BY6WEcLGh8j5v7,8563,837.913,2341.12,6.44732e+06
2020-06-03 23:30:00,wCURE6d3bPkepu2,0,0,7907,6.93078e+06
2020-05-15 06:15:00,ZoEaEvLYb1n2sOq,296.333,28.6333,2.83333,7.0981e+06
2020-05-20 21:45:00,sjndEbLyjtCKgGv,0,0,8777,7.05806e+06
2020-05-22 22:30:00,1IF53ai7Xc0U56Y,0,0,7287,6.24053e+06
2020-05-29 16:30:00,zBIq5rxdHJRwDNY,4256.88,417.975,7565.62,6.44956e+06
2020-06-02 23:30:00,ih0vzX44oOqAx2f,0,0,0,6.32131e+06
2020-05-18 01:30:00,sjndEbLyjtCKgGv,0,0,0,7.03705e+06
2020-05-31 04:00:00,iCRJl6heRkivqQ3,0,0,0,7.2986e+06
2020-06-09 06:30:00,rGa61gmuvPhdLxV,812.5,78.825,25.125,7.29599e+06
2020-05-30 13:00:00,YxYtjZvoooNbGkE,8509.71,832.671,3623.14,7.29613e+06
2020-05-19 22:00:00,adLQvlD726eNBSB,0,0,0,6.30451e+06
2020-06-01 01:45:00,zVJPv84UY57bAof,0,0,0,7.24202e+06
2020-05-15 04:00:00,WRmjgnKYAwPKWDb,0,0,0,7.02867e+06
2020-05-18 01:00:00,zBIq5rxdHJRwDNY,0,0,0,6.35966e+06
2020-06-08 01:15:00,1IF53ai7Xc0U56Y,0,0,0,6.36334e+06
2020-05-18 14:30:00,ZoEaEvLYb1n2sOq,6584,644.914,3776.57,7.12198e+06
2020-06-13 08:30:00,zBIq5rxdHJRwDNY,6806.88,666.712,693.875,6.55008e+06
2020-05-19 21:30:00,YxYtjZvoooNbGkE,0,0,6878,7.21248e+06
2020-06-17 01:00:00,YxYtjZvoooNbGkE,0,0,0,7.41956e+06
2020-05-24 04:30:00,adLQvlD726eNBSB,0,0,0,6.33773e+06
2020-06-06 10:00:00,VHMLBKoKgIrUVDU,10832.4,1057.41,1780.14,7.37333e+06
2020-06-05 19:15:00,iCRJl6heRkivqQ3,0,0,7803,7.3418e+06
2020-06-10 23:00:00,McdE0feGgRqW7Ca,0,0,6606,7.36162e+06
2020-05-17 15:30:00,1BY6WEcLGh8j5v7,7316.57,716.214,6303,6.27791e+06
2020-06-14 08:00:00,ZnxXDlPa8U1GXgE,4264.62,418.812,412,6.74476e+06
2020-06-11 23:00:00,zVJPv84UY57bAof,0,0,5671,7.32269e+06
2020-05-15 08:00:00,7JYdWkrLSPkdwr4,2741.5,269.15,281,7.60324e+06
2020-06-10 10:45:00,bvBOhCH3iADSZry,5361.71,525.771,1879.14,6.49523e+06
2020-06-02 08:30:00,VHMLBKoKgIrUVDU,7469,731.243,644.714,7.34096e+06
2020-05-18 06:15:00,bvBOhCH3iADSZry,362.286,35.0286,5.14286,6.33558e+06
2020-06-10 06:30:00,YxYtjZvoooNbGkE,833.143,80.8571,21.8571,7.37329e+06
2020-06-17 19:30:00,VHMLBKoKgIrUVDU,0,0,6007,7.45621e+06
2020-05-31 00:00:00,zBIq5rxdHJRwDNY,0,0,924.5,6.4573e+06
2020-05-27 13:30:00,3PZuoBAID5Wc2HD,4964.12,486.825,4666.38,7.08338e+06
2020-05-21 13:15:00,1BY6WEcLGh8j5v7,11813.9,1152.24,4771,6.30312e+06
2020-05-22 12:00:00,adLQvlD726eNBSB,13082.1,1275.49,3413.29,6.32499e+06
2020-06-16 09:15:00,ih0vzX44oOqAx2f,6333.38,620.487,1007,6.41525e+06
2020-05-18 11:00:00,YxYtjZvoooNbGkE,6422.62,629.188,995.125,7.20122e+06
2020-06-14 13:00:00,ZoEaEvLYb1n2sOq,8653.29,846.671,4107.71,7.31987e+06
2020-06-08 12:45:00,sjndEbLyjtCKgGv,6931.71,678.743,4783.43,7.19734e+06
2020-05-19 00:30:00,rGa61gmuvPhdLxV,0,0,0,7.1369e+06
2020-06-15 18:15:00,McdE0feGgRqW7Ca,246.714,23.8286,6868.86,7.39623e+06
2020-06-16 19:15:00,zBIq5rxdHJRwDNY,0,0,5719,6.57755e+06
2020-05-27 03:45:00,rGa61gmuvPhdLxV,0,0,0,7.19987e+06
2020-06-02 09:45:00,3PZuoBAID5Wc2HD,10742.5,1048.92,1594.88,7.12286e+06
2020-05-19 00:45:00,wCURE6d3bPkepu2,0,0,0,6.80839e+06
2020-05-17 11:15:00,sjndEbLyjtCKgGv,12820.9,1250.01,3055.43,7.03267e+06
2020-05-19 02:30:00,wCURE6d3bPkepu2,0,0,0,6.80839e+06
2020-06-08 02:00:00,VHMLBKoKgIrUVDU,0,0,0,7.38621e+06
2020-05-31 19:00:00,7JYdWkrLSPkdwr4,0,0,5843,7.72782e+06
2020-06-03 21:15:00,ZnxXDlPa8U1GXgE,0,0,7916,6.67088e+06
2020-06-10 21:00:00,adLQvlD726eNBSB,0,0,6667,6.47694e+06
2020-05-21 19:45:00,iCRJl6heRkivqQ3,0,0,7837,7.22744e+06
2020-05-27 04:15:00,bvBOhCH3iADSZry,0,0,0,6.3997e+06
2020-06-17 17:45:00,ZoEaEvLYb1n2sOq,937.857,91.0571,5836.14,7.34172e+06
2020-05-24 23:00:00,wCURE6d3bPkepu2,0,0,7961,6.85579e+06
2020-06-15 14:15:00,7JYdWkrLSPkdwr4,6437,629.95,5049.25,7.83321e+06
2020-05-21 14:00:00,zVJPv84UY57bAof,10658,1040,6121.43,7.1633e+06
2020-06-08 21:00:00,wCURE6d3bPkepu2,0,0,8443,6.96797e+06
2020-06-08 14:45:00,7JYdWkrLSPkdwr4,9307.25,910.038,6662.25,7.78517e+06
2020-06-10 16:45:00,ZoEaEvLYb1n2sOq,2740.12,268.938,6162.5,7.29584e+06
2020-06-04 04:30:00,3PZuoBAID5Wc2HD,0,0,0,7.13649e+06
2020-06-04 09:30:00,ih0vzX44oOqAx2f,6654.71,651.771,1230,6.33024e+06
2020-05-19 03:30:00,zVJPv84UY57bAof,0,0,0,7.1414e+06
2020-06-10 14:15:00,pkci93gMrogZuBj,9758.43,954.286,5337.14,7.36805e+06
2020-05-29 22:00:00,adLQvlD726eNBSB,0,0,8343,6.38735e+06
2020-05-31 22:45:00,3PZuoBAID5Wc2HD,0,0,5816,7.1153e+06
2020-06-07 11:30:00,1IF53ai7Xc0U56Y,12056.6,1176.72,3093.62,6.35819e+06
2020-06-07 18:00:00,adLQvlD726eNBSB,696.125,67.4625,8335.75,6.45337e+06
2020-05-20 08:15:00,YxYtjZvoooNbGkE,5889.25,577.087,538,7.21301e+06
2020-06-11 07:30:00,zVJPv84UY57bAof,1474.62,143.863,90.125,7.31711e+06
2020-06-08 18:15:00,7JYdWkrLSPkdwr4,443.143,42.8429,8275,7.78678e+06
2020-06-01 12:00:00,3PZuoBAID5Wc2HD,5425.71,531.771,3823,7.11913e+06
2020-06-04 14:30:00,McdE0feGgRqW7Ca,6818.38,667.737,6138.38,7.31451e+06
2020-06-11 10:45:00,adLQvlD726eNBSB,6146.43,602.2,1392.14,6.47834e+06
2020-05-16 16:15:00,sjndEbLyjtCKgGv,2825.29,277.1,6130.71,7.02931e+06
2020-05-26 21:45:00,pkci93gMrogZuBj,0,0,0,7.25829e+06
2020-05-19 20:00:00,uHbuxQJl8lW7ozc,0,0,6997,7.0712e+06
2020-06-06 13:00:00,7JYdWkrLSPkdwr4,13606.6,1326.67,4345.71,7.76849e+06
2020-05-22 21:15:00,sjndEbLyjtCKgGv,0,0,0,7.07296e+06
2020-06-08 15:15:00,rGa61gmuvPhdLxV,9062.14,886.4,7175.29,7.29485e+06
2020-05-26 10:45:00,3PZuoBAID5Wc2HD,11439.1,1116.19,2882.25,7.07352e+06
2020-06-15 16:30:00,adLQvlD726eNBSB,3561.86,350.129,6554.29,6.51164e+06
2020-06-09 21:15:00,ZnxXDlPa8U1GXgE,0,0,8074,6.71777e+06
2020-06-08 10:15:00,VHMLBKoKgIrUVDU,11301,1102.71,2226.14,7.38843e+06
2020-05-17 16:00:00,7JYdWkrLSPkdwr4,6368.62,623.812,6989.25,7.62253e+06
2020-05-26 18:30:00,sjndEbLyjtCKgGv,0,0,0,7.10589e+06
2020-05-17 19:30:00,WRmjgnKYAwPKWDb,0,0,7674,7.0491e+06
2020-06-15 23:30:00,iCRJl6heRkivqQ3,0,0,6777,7.414e+06
2020-05-26 22:45:00,3PZuoBAID5Wc2HD,0,0,0,7.07871e+06
2020-05-17 12:30:00,ZoEaEvLYb1n2sOq,7636.57,747.1,4318,7.11506e+06
2020-05-17 02:45:00,wCURE6d3bPkepu2,0,0,0,6.79547e+06
2020-06-15 01:00:00,1IF53ai7Xc0U56Y,0,0,0,6.41437e+06
2020-06-15 15:15:00,zBIq5rxdHJRwDNY,6296,616.75,5821,6.57096e+06
2020-06-14 07:15:00,3PZuoBAID5Wc2HD,3182.5,312.587,136.5,7.21086e+06
2020-06-08 23:00:00,ZoEaEvLYb1n2sOq,0,0,8271,7.28172e+06
2020-05-16 06:00:00,7JYdWkrLSPkdwr4,43.7143,4.21429,0,7.60908e+06
2020-05-20 05:45:00,1BY6WEcLGh8j5v7,0,0,0,6.2901e+06
2020-06-13 18:45:00,ZoEaEvLYb1n2sOq,0,0,8378,7.31576e+06
2020-06-06 00:00:00,YxYtjZvoooNbGkE,0,0,0,7.34249e+06
2020-06-13 02:30:00,wCURE6d3bPkepu2,0,0,0,6.99391e+06
2020-05-19 06:45:00,rGa61gmuvPhdLxV,733.429,71.2571,11.5714,7.13691e+06
2020-05-17 00:00:00,wCURE6d3bPkepu2,0,0,0,6.79547e+06
2020-05-26 03:30:00,wCURE6d3bPkepu2,0,0,0,6.86465e+06
2020-05-29 09:30:00,McdE0feGgRqW7Ca,6444.75,631.35,1224.25,7.26618e+06
2020-06-17 15:00:00,WRmjgnKYAwPKWDb,4531.38,444.6,5403.12,7.27298e+06
2020-06-13 02:00:00,ih0vzX44oOqAx2f,0,0,0,6.39226e+06
2020-06-15 16:00:00,uHbuxQJl8lW7ozc,1928.88,188.863,6418.12,7.27426e+06
2020-05-23 17:30:00,zBIq5rxdHJRwDNY,2057.12,201.7,8561.5,6.40437e+06
2020-06-02 13:00:00,WRmjgnKYAwPKWDb,13001.8,1267.66,4262.5,7.16396e+06
2020-06-17 05:15:00,ih0vzX44oOqAx2f,0,0,0,6.42037e+06
2020-06-14 17:30:00,ZoEaEvLYb1n2sOq,971.714,94.4143,7249.14,7.32301e+06
2020-05-21 19:15:00,iCRJl6heRkivqQ3,0,0,7837,7.22744e+06
2020-05-16 06:00:00,1IF53ai7Xc0U56Y,57.25,5.525,0,6.19e+06
2020-06-03 22:00:00,3PZuoBAID5Wc2HD,0,0,7874,7.13649e+06
2020-06-08 21:30:00,ZnxXDlPa8U1GXgE,0,0,8435,6.7097e+06
2020-05-20 07:00:00,uHbuxQJl8lW7ozc,1588.57,155.3,69.7143,7.07127e+06
2020-06-08 04:00:00,wCURE6d3bPkepu2,0,0,0,6.95953e+06
2020-05-16 04:00:00,adLQvlD726eNBSB,0,0,0,6.27774e+06
2020-06-10 10:45:00,WRmjgnKYAwPKWDb,5745.25,563,2076.5,7.22305e+06
2020-06-07 21:15:00,adLQvlD726eNBSB,0,0,8353,6.45338e+06
2020-06-15 06:45:00,sjndEbLyjtCKgGv,1472.25,143.7,53.625,7.24286e+06
2020-05-16 23:30:00,z9Y9gH1T5YWrNuG,0,0,6488,7.02074e+06
2020-06-16 18:00:00,wCURE6d3bPkepu2,697.286,67.5714,6256,7.0227e+06
2020-06-14 08:45:00,zVJPv84UY57bAof,5484.71,537.543,735.714,7.3377e+06
2020-05-15 17:30:00,1BY6WEcLGh8j5v7,1091,106.067,5719,6.26528e+06
2020-06-04 10:30:00,iCRJl6heRkivqQ3,9395.25,917.438,2049,7.32774e+06
2020-06-08 03:00:00,zBIq5rxdHJRwDNY,0,0,0,6.51491e+06
2020-05-30 09:00:00,zVJPv84UY57bAof,3827.29,376.114,653,7.22934e+06
2020-06-08 23:00:00,sjndEbLyjtCKgGv,0,0,8371,7.20092e+06
2020-06-17 20:00:00,wCURE6d3bPkepu2,0,0,5883,7.0286e+06
2020-05-28 14:15:00,adLQvlD726eNBSB,5257.25,515.413,6812.25,6.37719e+06
2020-05-29 16:45:00,sjndEbLyjtCKgGv,3672.14,360.886,7879.86,7.12878e+06
2020-05-22 14:45:00,iCRJl6heRkivqQ3,10761.7,1051.83,6033.29,7.23348e+06
2020-05-20 10:30:00,bvBOhCH3iADSZry,10087,986.25,2270.88,6.34918e+06
2020-05-28 09:15:00,bvBOhCH3iADSZry,8158,798.462,1200.88,6.40703e+06
2020-05-28 06:45:00,rGa61gmuvPhdLxV,1204.5,117.15,44.125,7.20659e+06
2020-05-29 09:15:00,wCURE6d3bPkepu2,8900,870.657,1013.14,6.88872e+06
2020-05-30 23:00:00,adLQvlD726eNBSB,0,0,7419,6.39477e+06
2020-05-26 03:45:00,bvBOhCH3iADSZry,0,0,0,6.39234e+06
2020-05-17 02:15:00,1BY6WEcLGh8j5v7,0,0,0,6.2716e+06
2020-05-31 13:15:00,ih0vzX44oOqAx2f,5096.38,499.863,4427.12,6.30669e+06
2020-05-23 00:15:00,rGa61gmuvPhdLxV,0,0,0,7.16714e+06
2020-05-28 18:30:00,YxYtjZvoooNbGkE,77.2,7.44,8375,7.2844e+06
2020-05-15 14:45:00,wCURE6d3bPkepu2,7468.57,730.571,5014.57,6.78761e+06
2020-05-18 10:15:00,3PZuoBAID5Wc2HD,2246.38,220.262,683.5,7.00917e+06
2020-06-12 08:30:00,WRmjgnKYAwPKWDb,3223.43,316.843,280,7.23327e+06
2020-06-10 22:00:00,adLQvlD726eNBSB,0,0,6667,6.47694e+06
2020-06-06 23:45:00,McdE0feGgRqW7Ca,0,0,0,7.33116e+06
2020-05-26 23:30:00,YxYtjZvoooNbGkE,0,0,0,7.26933e+06
2020-05-26 05:00:00,ZoEaEvLYb1n2sOq,0,0,0,7.17891e+06
2020-06-08 23:45:00,zVJPv84UY57bAof,0,0,8377,7.30217e+06
2020-05-20 02:15:00,VHMLBKoKgIrUVDU,0,0,0,7.23954e+06
2020-05-16 06:45:00,3PZuoBAID5Wc2HD,1167.29,113.529,39.2857,6.99407e+06
2020-06-09 19:15:00,3PZuoBAID5Wc2HD,0,0,8186,7.18392e+06
2020-06-14 10:00:00,uHbuxQJl8lW7ozc,8922,872.837,1662.75,7.26219e+06
2020-05-28 11:30:00,iCRJl6heRkivqQ3,13121.6,1279.36,3563,7.27826e+06
2020-06-02 16:45:00,1IF53ai7Xc0U56Y,3003.86,294.814,7159.29,6.3246e+06
2020-05-17 02:15:00,VHMLBKoKgIrUVDU,0,0,0,7.21938e+06
2020-06-14 10:00:00,1IF53ai7Xc0U56Y,8644.5,845.763,1709.25,6.40859e+06
2020-06-01 18:30:00,zBIq5rxdHJRwDNY,24.375,2.35,5793.88,6.46903e+06
2020-06-03 15:15:00,ih0vzX44oOqAx2f,10809.6,1055.67,6549.62,6.32786e+06
2020-06-13 23:00:00,1BY6WEcLGh8j5v7,0,0,7984,6.46366e+06
2020-05-18 06:00:00,1BY6WEcLGh8j5v7,72.625,7.025,0.125,6.27865e+06
2020-06-07 00:00:00,ZnxXDlPa8U1GXgE,0,0,907.857,6.69305e+06
2020-06-02 15:45:00,WRmjgnKYAwPKWDb,5606.14,549.6,6542.14,7.16624e+06
2020-05-22 03:30:00,ZoEaEvLYb1n2sOq,0,0,0,7.14668e+06
2020-06-02 00:15:00,bvBOhCH3iADSZry,0,0,0,6.43864e+06
2020-06-11 09:15:00,z9Y9gH1T5YWrNuG,4196.29,412.229,595.143,7.20606e+06
2020-05-31 15:45:00,uHbuxQJl8lW7ozc,3102.75,304.825,5644.25,7.16492e+06
2020-05-30 13:15:00,pkci93gMrogZuBj,11239.9,1097.41,3927.75,7.28546e+06
2020-05-16 21:45:00,McdE0feGgRqW7Ca,0,0,6586,7.17202e+06
2020-05-18 03:45:00,adLQvlD726eNBSB,0,0,0,6.29231e+06
2020-05-26 10:15:00,3PZuoBAID5Wc2HD,10775.4,1051.53,2353.12,7.07299e+06
2020-05-16 03:00:00,zBIq5rxdHJRwDNY,0,0,0,6.34578e+06
2020-06-15 16:45:00,7JYdWkrLSPkdwr4,3909.5,384.163,6383.75,7.83454e+06
2020-06-01 01:15:00,uHbuxQJl8lW7ozc,0,0,0,7.16535e+06
2020-06-02 04:30:00,1BY6WEcLGh8j5v7,0,0,0,6.38344e+06
2020-05-17 04:45:00,z9Y9gH1T5YWrNuG,0,0,0,7.02074e+06
2020-06-08 19:15:00,7JYdWkrLSPkdwr4,0,0,8283,7.78679e+06
2020-05-23 15:30:00,z9Y9gH1T5YWrNuG,9013.38,881.788,7418.88,7.07164e+06
2020-06-14 01:15:00,1BY6WEcLGh8j5v7,0,0,0,6.46366e+06
2020-05-16 17:15:00,WRmjgnKYAwPKWDb,1599.25,156.375,6536.25,7.04135e+06
2020-05-29 07:30:00,7JYdWkrLSPkdwr4,2238.86,219.514,192.429,7.70702e+06
2020-06-08 13:30:00,ZnxXDlPa8U1GXgE,7458.62,729.425,5484.38,6.70675e+06
2020-06-02 15:45:00,ZoEaEvLYb1n2sOq,6065.75,594.225,6569.25,7.23501e+06
2020-06-08 14:15:00,McdE0feGgRqW7Ca,11427.2,1115.21,6325.88,7.34453e+06
2020-05-20 08:15:00,ZoEaEvLYb1n2sOq,5803.5,568.737,530.125,7.13086e+06
2020-05-22 20:30:00,ih0vzX44oOqAx2f,0,0,7000,6.24054e+06
2020-05-31 21:00:00,iCRJl6heRkivqQ3,0,0,5969,7.30457e+06
2020-05-16 03:00:00,WRmjgnKYAwPKWDb,0,0,0,7.03482e+06
2020-06-04 10:30:00,uHbuxQJl8lW7ozc,10478,1022.38,2114.75,7.18837e+06
2020-06-08 06:45:00,VHMLBKoKgIrUVDU,1131.75,110.037,47.25,7.38626e+06
2020-06-13 18:15:00,rGa61gmuvPhdLxV,287.286,27.7429,8384.29,7.33067e+06
2020-05-24 15:00:00,wCURE6d3bPkepu2,8576.88,839.112,6918.38,6.85475e+06
2020-05-28 22:15:00,zBIq5rxdHJRwDNY,0,0,7911,6.44199e+06
2020-06-12 02:30:00,zBIq5rxdHJRwDNY,0,0,0,6.54355e+06
2020-06-10 18:30:00,ZoEaEvLYb1n2sOq,0,0,6392,7.29607e+06
2020-05-21 10:15:00,YxYtjZvoooNbGkE,7348.88,718.562,1970.38,7.22326e+06
2020-05-25 19:00:00,ZoEaEvLYb1n2sOq,0,0,8745,7.17891e+06
2020-06-11 20:15:00,YxYtjZvoooNbGkE,0,0,5592,7.38528e+06
2020-05-19 23:30:00,VHMLBKoKgIrUVDU,0,0,6988,7.23954e+06
2020-05-25 21:15:00,uHbuxQJl8lW7ozc,0,0,8844,7.1207e+06
2020-05-18 13:45:00,YxYtjZvoooNbGkE,13233.6,1290.26,3227,7.20346e+06
2020-05-29 11:30:00,iCRJl6heRkivqQ3,9844,961.429,3258.86,7.2863e+06
2020-05-28 22:15:00,pkci93gMrogZuBj,0,0,8273,7.27326e+06
2020-05-20 20:30:00,iCRJl6heRkivqQ3,0,0,8887,7.2196e+06
2020-06-16 17:30:00,uHbuxQJl8lW7ozc,1459.57,142.343,6224.29,7.28097e+06
2020-06-01 05:00:00,1BY6WEcLGh8j5v7,0,0,0,6.37793e+06
2020-06-15 18:00:00,sjndEbLyjtCKgGv,557.375,53.925,6714.75,7.24953e+06
2020-05-16 23:00:00,McdE0feGgRqW7Ca,0,0,6586,7.17202e+06
2020-05-20 08:00:00,McdE0feGgRqW7Ca,5305.86,520.1,410.429,7.19251e+06
2020-06-06 00:45:00,bvBOhCH3iADSZry,0,0,0,6.46725e+06
2020-06-01 12:30:00,YxYtjZvoooNbGkE,7555.75,739.325,3976.75,7.30972e+06
2020-06-17 03:15:00,uHbuxQJl8lW7ozc,0,0,0,7.28104e+06
2020-06-01 01:15:00,WRmjgnKYAwPKWDb,0,0,0,7.15387e+06
2020-05-19 08:30:00,zBIq5rxdHJRwDNY,4181.14,410.314,464.286,6.36551e+06
2020-06-12 22:00:00,zBIq5rxdHJRwDNY,0,0,5837,6.54939e+06
2020-05-29 09:45:00,zVJPv84UY57bAof,8773.29,857.929,1403.14,7.22188e+06
2020-05-28 12:00:00,zVJPv84UY57bAof,11636.4,1135.25,4149.75,7.21623e+06
2020-06-03 04:45:00,rGa61gmuvPhdLxV,0,0,0,7.24933e+06
2020-06-15 22:15:00,ZnxXDlPa8U1GXgE,0,0,6757,6.7585e+06
2020-05-25 20:45:00,bvBOhCH3iADSZry,0,0,8124,6.39234e+06
2020-06-14 08:45:00,wCURE6d3bPkepu2,5305,520.086,730.286,7.0031e+06
2020-06-07 15:45:00,adLQvlD726eNBSB,6360.12,622.825,7488.75,6.45252e+06
2020-05-23 14:45:00,1BY6WEcLGh8j5v7,6789.57,664.986,6411.43,6.31885e+06
2020-06-06 07:15:00,sjndEbLyjtCKgGv,3388.62,332.988,163.875,7.17944e+06
2020-06-17 03:45:00,ZnxXDlPa8U1GXgE,0,0,0,6.76481e+06
2020-06-11 12:30:00,3PZuoBAID5Wc2HD,8087.88,791.587,2775.62,7.19324e+06
2020-05-26 05:15:00,YxYtjZvoooNbGkE,0,0,0,7.26146e+06
2020-05-31 12:15:00,YxYtjZvoooNbGkE,8570.57,838.071,3453,7.30322e+06
2020-06-12 10:00:00,WRmjgnKYAwPKWDb,5753.57,563.843,1058.86,7.23404e+06
2020-05-25 03:00:00,YxYtjZvoooNbGkE,0,0,0,7.25265e+06
2020-05-25 21:00:00,ZnxXDlPa8U1GXgE,0,0,8910,6.60467e+06
2020-05-17 03:00:00,adLQvlD726eNBSB,0,0,0,6.28444e+06
2020-05-27 15:45:00,YxYtjZvoooNbGkE,6099.88,597.362,5996.62,7.27533e+06
2020-06-01 02:15:00,VHMLBKoKgIrUVDU,0,0,0,7.3344e+06
2020-05-16 21:15:00,3PZuoBAID5Wc2HD,0,0,6656,7.00069e+06
2020-05-16 17:15:00,z9Y9gH1T5YWrNuG,1605,157.043,6409.14,7.02066e+06
2020-06-09 12:45:00,WRmjgnKYAwPKWDb,9796.86,956.886,4726.86,7.21773e+06
2020-05-15 09:45:00,1IF53ai7Xc0U56Y,7680.71,751.271,1166.57,6.18481e+06
2020-06-11 16:45:00,ZnxXDlPa8U1GXgE,3174.29,311.914,5462.57,6.72967e+06
2020-05-18 15:00:00,McdE0feGgRqW7Ca,7883.86,771.714,4225.14,7.18385e+06
2020-05-16 23:45:00,z9Y9gH1T5YWrNuG,0,0,6488,7.02074e+06
2020-06-02 05:15:00,pkci93gMrogZuBj,0,0,0,7.3003e+06
2020-06-09 03:00:00,1IF53ai7Xc0U56Y,0,0,0,6.37183e+06
2020-06-14 21:15:00,iCRJl6heRkivqQ3,0,0,7369,7.40722e+06
2020-05-31 08:00:00,ih0vzX44oOqAx2f,2755.25,270.4,254.25,6.30252e+06
2020-06-08 05:15:00,WRmjgnKYAwPKWDb,0,0,0,7.20468e+06
2020-06-05 09:30:00,YxYtjZvoooNbGkE,9455.29,923.771,1266.29,7.33615e+06
2020-05-27 22:00:00,uHbuxQJl8lW7ozc,0,0,0,7.13526e+06
2020-06-02 16:00:00,pkci93gMrogZuBj,6628.57,649.2,6789.86,7.30709e+06
2020-06-16 21:45:00,zVJPv84UY57bAof,0,0,6262,7.35736e+06
2020-06-12 22:15:00,ZnxXDlPa8U1GXgE,0,0,5883,6.73578e+06
2020-06-12 11:00:00,adLQvlD726eNBSB,6288.75,616.1,1812.75,6.48455e+06
2020-05-16 14:15:00,adLQvlD726eNBSB,8950.71,875.643,5244.29,6.28298e+06
2020-06-12 00:00:00,iCRJl6heRkivqQ3,0,0,0,7.38547e+06
2020-06-16 12:15:00,adLQvlD726eNBSB,6095.5,597.337,3549.88,6.51555e+06
2020-06-13 14:00:00,iCRJl6heRkivqQ3,12512.9,1220.71,6173.25,7.39753e+06
2020-05-21 09:00:00,WRmjgnKYAwPKWDb,8413.57,823.343,1058,7.07078e+06
2020-05-15 03:00:00,ZnxXDlPa8U1GXgE,0,0,0,6.52217e+06
2020-06-07 19:45:00,zVJPv84UY57bAof,0,0,8260,7.29379e+06
2020-05-18 13:00:00,pkci93gMrogZuBj,8337,815.8,2448.25,7.1915e+06
2020-05-15 00:45:00,wCURE6d3bPkepu2,0,0,0,6.7826e+06
2020-06-15 06:15:00,ZnxXDlPa8U1GXgE,458.875,44.375,6.375,6.75175e+06
2020-06-03 10:30:00,3PZuoBAID5Wc2HD,8867.38,867.487,1747.12,7.13036e+06
2020-06-10 22:00:00,pkci93gMrogZuBj,0,0,6578,7.36929e+06
2020-06-02 03:15:00,iCRJl6heRkivqQ3,0,0,0,7.31035e+06
2020-06-10 18:45:00,ih0vzX44oOqAx2f,0,0,6277,6.38103e+06
2020-05-16 09:45:00,YxYtjZvoooNbGkE,7337.71,718.457,1326.86,7.18758e+06
2020-06-02 15:00:00,zBIq5rxdHJRwDNY,6642.88,650.5,6279.38,6.47531e+06
2020-05-26 08:45:00,rGa61gmuvPhdLxV,7353.25,720,847.25,7.19295e+06
2020-06-04 03:00:00,VHMLBKoKgIrUVDU,0,0,0,7.35566e+06
2020-06-09 16:00:00,ZoEaEvLYb1n2sOq,6473.5,634.15,7240.75,7.28896e+06
2020-06-01 19:45:00,bvBOhCH3iADSZry,0,0,5378,6.43864e+06
2020-05-21 19:45:00,zBIq5rxdHJRwDNY,0,0,7737,6.3886e+06
2020-05-16 06:15:00,rGa61gmuvPhdLxV,336.75,32.55,3.75,7.11787e+06
2020-06-03 15:15:00,bvBOhCH3iADSZry,10695.1,1044.83,6194.5,6.45168e+06
2020-05-24 18:30:00,zBIq5rxdHJRwDNY,141.625,13.6625,7275.62,6.41176e+06
2020-05-18 06:00:00,1IF53ai7Xc0U56Y,74.875,7.225,0.5,6.20435e+06
2020-06-10 09:30:00,3PZuoBAID5Wc2HD,8194.71,801.886,1311.29,7.18523e+06
2020-05-30 14:45:00,sjndEbLyjtCKgGv,10146.5,992.05,5488.5,7.13452e+06
2020-05-21 07:45:00,VHMLBKoKgIrUVDU,3504.6,344.08,338,7.24886e+06
2020-05-26 09:45:00,ih0vzX44oOqAx2f,9653.62,944.062,1717,6.2663e+06
2020-06-08 20:15:00,uHbuxQJl8lW7ozc,0,0,8405,7.22555e+06
2020-06-01 05:45:00,adLQvlD726eNBSB,0,0,0,6.4007e+06
2020-05-26 11:45:00,pkci93gMrogZuBj,10547.2,1029.88,3714.75,7.25423e+06
2020-05-21 19:15:00,McdE0feGgRqW7Ca,0,0,7993,7.20906e+06
2020-06-02 16:15:00,sjndEbLyjtCKgGv,4819.12,472.812,7038.5,7.15505e+06
2020-06-14 20:45:00,ZoEaEvLYb1n2sOq,0,0,7289,7.32305e+06
2020-05-27 23:15:00,bvBOhCH3iADSZry,0,0,6133,6.40583e+06
2020-05-23 14:30:00,ZoEaEvLYb1n2sOq,7567.29,740.871,6656.71,7.16037e+06
2020-06-14 09:15:00,1IF53ai7Xc0U56Y,8501.86,831.929,1085.57,6.40797e+06
2020-05-30 19:15:00,uHbuxQJl8lW7ozc,0,0,7340,7.15927e+06
2020-06-03 05:00:00,YxYtjZvoooNbGkE,0,0,0,7.31893e+06
2020-05-22 18:15:00,ZoEaEvLYb1n2sOq,101.625,9.8,7026.88,7.15371e+06
2020-06-13 19:30:00,ZoEaEvLYb1n2sOq,0,0,8378,7.31576e+06
2020-06-07 23:00:00,McdE0feGgRqW7Ca,0,0,7042,7.3382e+06
2020-06-06 02:30:00,pkci93gMrogZuBj,0,0,0,7.33149e+06
2020-06-03 06:15:00,zVJPv84UY57bAof,328.571,31.7714,3.71429,7.25522e+06
2020-06-04 20:30:00,ZnxXDlPa8U1GXgE,0,0,8178,6.67906e+06
2020-05-24 12:15:00,ZoEaEvLYb1n2sOq,12561.7,1224.79,3973.14,7.16616e+06
2020-06-06 16:00:00,ih0vzX44oOqAx2f,2630,257.929,6000,6.35048e+06
2020-06-15 21:30:00,rGa61gmuvPhdLxV,0,0,6732,7.3447e+06
2020-06-11 20:45:00,ih0vzX44oOqAx2f,0,0,5521,6.38655e+06
2020-05-17 20:45:00,McdE0feGgRqW7Ca,0,0,7606,7.17963e+06
2020-06-04 21:45:00,3PZuoBAID5Wc2HD,0,0,8215,7.1447e+06
2020-05-24 10:15:00,VHMLBKoKgIrUVDU,11051.1,1078.34,1955.14,7.27429e+06
2020-06-04 01:15:00,VHMLBKoKgIrUVDU,0,0,0,7.35566e+06
2020-06-13 08:00:00,WRmjgnKYAwPKWDb,5457.62,534.938,432.25,7.23921e+06
2020-05-25 13:00:00,1BY6WEcLGh8j5v7,11470.4,1120.11,5146.88,6.33309e+06
2020-06-17 20:00:00,ZoEaEvLYb1n2sOq,0,0,5871,7.34175e+06
2020-06-16 02:45:00,ZoEaEvLYb1n2sOq,0,0,0,7.32969e+06
2020-05-17 19:00:00,YxYtjZvoooNbGkE,0,0,7497,7.20023e+06
2020-05-30 21:00:00,1BY6WEcLGh8j5v7,0,0,6754,6.37213e+06
2020-05-25 12:45:00,uHbuxQJl8lW7ozc,12681.9,1236.49,5129.14,7.11698e+06
2020-06-10 20:30:00,zVJPv84UY57bAof,0,0,6560,7.31702e+06
2020-06-03 09:00:00,7JYdWkrLSPkdwr4,6310.88,618.263,811.25,7.74168e+06
2020-05-29 15:00:00,YxYtjZvoooNbGkE,7769.75,760.587,6735.25,7.29114e+06
2020-05-22 13:45:00,uHbuxQJl8lW7ozc,9963.14,973,5165.71,7.09314e+06
2020-06-15 13:15:00,WRmjgnKYAwPKWDb,5616.25,550.487,4730.12,7.25931e+06
2020-06-08 15:15:00,adLQvlD726eNBSB,9417.5,921.025,7447.38,6.46083e+06
2020-06-05 22:45:00,ZoEaEvLYb1n2sOq,0,0,7535,7.25908e+06
2020-05-24 02:15:00,z9Y9gH1T5YWrNuG,0,0,0,7.07276e+06
2020-06-12 00:30:00,iCRJl6heRkivqQ3,0,0,0,7.38547e+06
2020-06-13 16:30:00,McdE0feGgRqW7Ca,3796.86,372.814,8328.43,7.38166e+06
2020-06-06 01:00:00,bvBOhCH3iADSZry,0,0,0,6.46725e+06
2020-06-13 13:30:00,zVJPv84UY57bAof,7828,766.3,5672.43,7.33422e+06
2020-06-17 13:00:00,z9Y9gH1T5YWrNuG,6855.62,671.438,3819.5,7.2492e+06
2020-05-31 06:15:00,1IF53ai7Xc0U56Y,475.429,45.9857,7.14286,6.30555e+06
2020-05-31 14:00:00,3PZuoBAID5Wc2HD,10931.8,1066.94,4665.25,7.11415e+06
2020-05-28 14:15:00,bvBOhCH3iADSZry,3837.86,377.143,6060.86,6.41189e+06
2020-06-01 13:45:00,1IF53ai7Xc0U56Y,5908.33,578.95,5070.83,6.3165e+06
2020-06-14 21:30:00,VHMLBKoKgIrUVDU,0,0,7489,7.43706e+06
2020-06-03 21:45:00,wCURE6d3bPkepu2,0,0,7907,6.93078e+06
2020-06-14 10:30:00,uHbuxQJl8lW7ozc,9271.62,906.888,2070.88,7.2626e+06
2020-05-29 08:45:00,pkci93gMrogZuBj,5556.57,544.6,660.714,7.27392e+06
2020-06-02 08:45:00,adLQvlD726eNBSB,7684,752.075,793,6.40762e+06
2020-05-31 23:15:00,1IF53ai7Xc0U56Y,0,0,5889,6.31143e+06
2020-05-22 06:30:00,3PZuoBAID5Wc2HD,903.286,87.7286,27.8571,7.03733e+06
2020-06-13 03:15:00,zBIq5rxdHJRwDNY,0,0,0,6.54939e+06
2020-06-05 07:30:00,ih0vzX44oOqAx2f,2057.25,201.688,163,6.33718e+06
2020-05-19 12:45:00,McdE0feGgRqW7Ca,11911.5,1162.6,3734.25,7.18883e+06
2020-05-23 11:45:00,iCRJl6heRkivqQ3,12603,1228.79,3759.43,7.23835e+06
2020-06-07 00:45:00,zVJPv84UY57bAof,0,0,0,7.28553e+06
2020-05-16 14:45:00,1IF53ai7Xc0U56Y,7098.71,695.143,5532.71,6.19553e+06
2020-05-27 05:00:00,ih0vzX44oOqAx2f,0,0,0,6.27229e+06
2020-05-20 00:00:00,z9Y9gH1T5YWrNuG,0,0,861.5,7.04046e+06
2020-06-14 12:30:00,uHbuxQJl8lW7ozc,6930.62,678.75,3753.5,7.26428e+06
2020-05-25 21:45:00,zBIq5rxdHJRwDNY,0,0,8443,6.4202e+06
2020-06-14 09:30:00,ZnxXDlPa8U1GXgE,8211.5,803.65,1240.75,6.74558e+06
2020-06-15 22:15:00,pkci93gMrogZuBj,0,0,6795,7.40322e+06
2020-06-13 12:15:00,wCURE6d3bPkepu2,10627.3,1037.83,4398.43,6.99831e+06
2020-05-16 06:30:00,iCRJl6heRkivqQ3,695.429,67.3714,16.2857,7.18443e+06
2020-06-09 20:45:00,pkci93gMrogZuBj,0,0,8240,7.36272e+06
2020-05-19 17:15:00,YxYtjZvoooNbGkE,1831.14,179.5,6812.43,7.21241e+06
2020-06-09 00:45:00,7JYdWkrLSPkdwr4,0,0,0,7.78679e+06
2020-06-08 13:45:00,zBIq5rxdHJRwDNY,11372.9,1110.44,5674.71,6.52059e+06
2020-05-18 19:15:00,McdE0feGgRqW7Ca,0,0,5464,7.18509e+06
2020-06-02 00:45:00,adLQvlD726eNBSB,0,0,0,6.40683e+06
2020-06-01 20:15:00,iCRJl6heRkivqQ3,0,0,5781,7.31035e+06
2020-06-04 06:30:00,7JYdWkrLSPkdwr4,764.5,74.1375,19.75,7.74864e+06
2020-06-11 18:15:00,sjndEbLyjtCKgGv,310.5,29.9875,5648.5,7.22125e+06
2020-05-31 04:15:00,1BY6WEcLGh8j5v7,0,0,0,6.37213e+06
2020-06-14 08:45:00,z9Y9gH1T5YWrNuG,5439.71,533.214,736.429,7.22597e+06
2020-06-14 05:15:00,zBIq5rxdHJRwDNY,0,0,0,6.55782e+06
2020-05-19 02:45:00,adLQvlD726eNBSB,0,0,0,6.29782e+06
2020-06-13 02:45:00,ZoEaEvLYb1n2sOq,0,0,0,7.30738e+06
2020-06-05 03:15:00,1BY6WEcLGh8j5v7,0,0,0,6.40538e+06
2020-06-16 19:45:00,1IF53ai7Xc0U56Y,0,0,6318,6.42753e+06
2020-06-16 18:30:00,ih0vzX44oOqAx2f,80.8571,7.8,6123.71,6.42037e+06
2020-06-04 04:15:00,ZoEaEvLYb1n2sOq,0,0,0,7.2435e+06
2020-06-14 05:30:00,WRmjgnKYAwPKWDb,0,0,0,7.24718e+06
2020-06-09 10:30:00,1BY6WEcLGh8j5v7,11621.3,1133.43,2114.57,6.43373e+06
2020-05-28 08:45:00,McdE0feGgRqW7Ca,7705.71,754.371,894.429,7.25728e+06
2020-05-17 20:30:00,z9Y9gH1T5YWrNuG,0,0,7486,7.02823e+06
2020-06-09 20:15:00,bvBOhCH3iADSZry,0,0,7361,6.49335e+06
2020-06-07 06:30:00,ZoEaEvLYb1n2sOq,774.429,75.1143,18,7.26539e+06
2020-06-02 12:45:00,McdE0feGgRqW7Ca,10879.4,1062.94,4224.57,7.29698e+06
2020-05-29 20:15:00,sjndEbLyjtCKgGv,0,0,0,7.12903e+06
2020-05-23 10:15:00,z9Y9gH1T5YWrNuG,8288.88,811.062,2101.25,7.06632e+06
2020-05-31 13:15:00,1IF53ai7Xc0U56Y,7240.86,708.043,4293,6.30984e+06
2020-05-21 11:30:00,YxYtjZvoooNbGkE,13120.1,1279.2,3296.43,7.22459e+06
2020-05-22 15:30:00,YxYtjZvoooNbGkE,4357.86,427.557,6544.43,7.23558e+06
2020-05-17 07:00:00,rGa61gmuvPhdLxV,1418.14,138.429,51.1429,7.12415e+06
2020-05-17 23:45:00,bvBOhCH3iADSZry,0,0,4330,6.33558e+06
2020-05-17 11:00:00,7JYdWkrLSPkdwr4,11597.9,1131.26,2795.71,7.61833e+06
2020-05-31 12:45:00,adLQvlD726eNBSB,13720.7,1337.77,3803.43,6.39857e+06
2020-06-17 22:30:00,wCURE6d3bPkepu2,0,0,5883,7.0286e+06
2020-06-08 19:45:00,1IF53ai7Xc0U56Y,0,0,8495,6.37183e+06
2020-06-06 09:30:00,bvBOhCH3iADSZry,8673.38,848.462,1221.12,6.46847e+06
2020-05-24 13:00:00,iCRJl6heRkivqQ3,12414.6,1210.41,4864.71,7.24808e+06
2020-06-16 21:00:00,3PZuoBAID5Wc2HD,0,0,6331,7.23137e+06
2020-06-17 14:15:00,WRmjgnKYAwPKWDb,5926.57,580.743,4862.14,7.27244e+06
2020-05-25 03:15:00,YxYtjZvoooNbGkE,0,0,0,7.25265e+06
2020-06-04 04:00:00,adLQvlD726eNBSB,0,0,0,6.42227e+06
2020-05-27 13:30:00,ih0vzX44oOqAx2f,4104.75,403.062,4686.75,6.27698e+06
2020-05-27 06:15:00,pkci93gMrogZuBj,362.375,35.025,5.75,7.2583e+06
2020-05-30 04:30:00,uHbuxQJl8lW7ozc,0,0,0,7.15193e+06
2020-06-03 12:15:00,bvBOhCH3iADSZry,9412.43,920.571,3239.14,6.44873e+06
2020-06-12 13:00:00,pkci93gMrogZuBj,8246,807.038,3399.75,7.37836e+06
2020-06-15 11:30:00,7JYdWkrLSPkdwr4,7997.62,781.925,3383.75,7.83154e+06
2020-06-09 05:00:00,uHbuxQJl8lW7ozc,0,0,0,7.22555e+06
2020-06-13 08:00:00,ZoEaEvLYb1n2sOq,5103.5,500.387,395.25,7.30778e+06
2020-06-10 05:00:00,sjndEbLyjtCKgGv,0,0,0,7.2091e+06
2020-06-07 06:15:00,ZnxXDlPa8U1GXgE,422.286,40.8143,5.42857,6.69306e+06
2020-05-27 05:45:00,sjndEbLyjtCKgGv,0,0,0,7.10589e+06
2020-06-06 07:45:00,iCRJl6heRkivqQ3,4478.29,439.586,353.857,7.34216e+06
2020-06-10 02:00:00,sjndEbLyjtCKgGv,0,0,0,7.2091e+06
2020-05-23 22:00:00,uHbuxQJl8lW7ozc,0,0,8493,7.10375e+06
2020-05-20 11:30:00,1BY6WEcLGh8j5v7,11746.6,1146.27,3349.43,6.29345e+06
2020-06-05 04:00:00,z9Y9gH1T5YWrNuG,0,0,0,7.16326e+06
2020-05-16 10:15:00,adLQvlD726eNBSB,7628.62,746.688,1787.12,6.27953e+06
2020-06-11 02:00:00,3PZuoBAID5Wc2HD,0,0,0,7.19047e+06
2020-06-17 19:30:00,zVJPv84UY57bAof,0,0,5910,7.36327e+06
2020-06-12 15:00:00,YxYtjZvoooNbGkE,5630.25,551.788,4859.25,7.39014e+06
2020-05-21 21:45:00,WRmjgnKYAwPKWDb,0,0,0,7.07736e+06
2020-05-27 21:15:00,wCURE6d3bPkepu2,0,0,0,6.8792e+06
2020-05-16 15:00:00,iCRJl6heRkivqQ3,7270.57,711.943,5562,7.18997e+06
2020-06-06 10:15:00,iCRJl6heRkivqQ3,8312.5,812.15,2012.88,7.34382e+06
2020-05-23 02:30:00,1IF53ai7Xc0U56Y,0,0,0,6.24053e+06
2020-06-01 04:15:00,WRmjgnKYAwPKWDb,0,0,0,7.15387e+06
2020-06-02 10:15:00,3PZuoBAID5Wc2HD,7036.12,688.925,2063.12,7.12333e+06
2020-05-25 17:30:00,1BY6WEcLGh8j5v7,660,63.8714,8234.57,6.33617e+06
2020-05-29 21:15:00,1BY6WEcLGh8j5v7,0,0,7564,6.36537e+06
2020-05-27 19:00:00,7JYdWkrLSPkdwr4,0,0,6638,7.69855e+06
2020-06-12 05:15:00,1BY6WEcLGh8j5v7,0,0,0,6.45024e+06
2020-06-13 13:45:00,ZoEaEvLYb1n2sOq,8462.75,827.712,5836,7.31322e+06
2020-05-15 00:15:00,iCRJl6heRkivqQ3,0,0,0,7.17799e+06
2020-06-13 06:45:00,sjndEbLyjtCKgGv,1032.75,100.35,36,7.22714e+06
2020-06-13 19:00:00,bvBOhCH3iADSZry,0,0,7863,6.51764e+06
2020-06-09 12:00:00,rGa61gmuvPhdLxV,8666.29,847.043,4022.14,7.29999e+06
2020-06-03 20:15:00,ZnxXDlPa8U1GXgE,0,0,7916,6.67088e+06
2020-05-21 22:30:00,7JYdWkrLSPkdwr4,0,0,0,7.65164e+06
2020-06-07 09:00:00,pkci93gMrogZuBj,8299.38,812.188,741.25,7.33866e+06
2020-05-28 04:15:00,VHMLBKoKgIrUVDU,0,0,0,7.30438e+06
2020-06-07 08:15:00,7JYdWkrLSPkdwr4,3516.14,345.629,390,7.77085e+06
2020-05-28 10:15:00,rGa61gmuvPhdLxV,9477,926.1,2200.57,7.20875e+06
2020-06-01 19:00:00,z9Y9gH1T5YWrNuG,0,0,5931,7.13983e+06
2020-06-06 11:15:00,uHbuxQJl8lW7ozc,10363.4,1011.54,2897,7.20527e+06
2020-05-28 20:15:00,bvBOhCH3iADSZry,0,0,7752,6.41358e+06
2020-06-12 15:30:00,ZoEaEvLYb1n2sOq,5753.43,563.829,5081.71,7.30671e+06
2020-05-30 06:30:00,bvBOhCH3iADSZry,655.143,63.4571,16,6.42104e+06
2020-06-06 16:15:00,1BY6WEcLGh8j5v7,1423.25,138.925,5806.38,6.41835e+06
2020-05-17 21:00:00,zVJPv84UY57bAof,0,0,7480,7.13602e+06
2020-05-28 02:15:00,ZoEaEvLYb1n2sOq,0,0,0,7.19329e+06
2020-06-07 00:45:00,z9Y9gH1T5YWrNuG,0,0,0,7.17729e+06
2020-05-18 04:45:00,YxYtjZvoooNbGkE,0,0,0,7.20023e+06
2020-06-06 09:00:00,iCRJl6heRkivqQ3,3929,385.943,1041.57,7.34284e+06
2020-06-09 09:15:00,sjndEbLyjtCKgGv,7972.12,780.075,1282.62,7.20221e+06
2020-05-20 10:45:00,ih0vzX44oOqAx2f,10789.6,1054.51,2661.57,6.21994e+06
2020-06-11 22:15:00,z9Y9gH1T5YWrNuG,0,0,5599,7.21106e+06
2020-05-17 09:30:00,sjndEbLyjtCKgGv,8298.25,812.05,1305.25,7.03092e+06
2020-06-02 21:00:00,ZoEaEvLYb1n2sOq,0,0,7287,7.23573e+06
2020-06-03 21:45:00,zBIq5rxdHJRwDNY,0,0,7888,6.48434e+06
2020-06-10 21:45:00,bvBOhCH3iADSZry,0,0,5863,6.49921e+06
2020-06-16 06:00:00,1BY6WEcLGh8j5v7,0,0,0,6.47395e+06
2020-06-14 13:45:00,VHMLBKoKgIrUVDU,12255.8,1196.12,5037.38,7.4346e+06
2020-05-28 12:30:00,pkci93gMrogZuBj,10862.1,1059.87,4619.86,7.2696e+06
2020-05-15 10:45:00,sjndEbLyjtCKgGv,4994.62,489.663,1917.62,7.01875e+06
2020-06-13 15:30:00,bvBOhCH3iADSZry,6374.25,624.425,7139.5,6.51692e+06
2020-05-17 23:45:00,pkci93gMrogZuBj,0,0,7397,7.18905e+06
2020-06-12 09:15:00,ZnxXDlPa8U1GXgE,6033.29,591.171,622.429,6.73052e+06
2020-05-26 08:15:00,ih0vzX44oOqAx2f,5820,570.337,540.25,6.26512e+06
2020-06-10 01:15:00,7JYdWkrLSPkdwr4,0,0,0,7.79473e+06
2020-06-01 15:45:00,WRmjgnKYAwPKWDb,1464.25,142.562,5535,7.1594e+06
2020-06-06 10:00:00,WRmjgnKYAwPKWDb,10364.1,1011.91,1775.86,7.19205e+06
2020-05-20 18:45:00,YxYtjZvoooNbGkE,0,0,8818,7.22129e+06
2020-06-06 13:30:00,1IF53ai7Xc0U56Y,9033.14,882.757,4860.71,6.35342e+06
2020-06-05 14:15:00,1IF53ai7Xc0U56Y,7107.25,695.337,5433.25,6.34629e+06
2020-06-02 06:00:00,sjndEbLyjtCKgGv,62.8571,6.05714,0.285714,7.14801e+06
2020-06-10 08:30:00,1BY6WEcLGh8j5v7,3275.88,321.613,544,6.43961e+06
2020-05-19 17:15:00,7JYdWkrLSPkdwr4,1810.43,177.471,6771,7.63514e+06
2020-05-21 17:15:00,YxYtjZvoooNbGkE,763.25,74.0125,7694.62,7.22899e+06
2020-06-06 20:45:00,bvBOhCH3iADSZry,0,0,5873,6.47312e+06
2020-05-17 12:30:00,1IF53ai7Xc0U56Y,8005.75,782.737,4567.25,6.20116e+06
2020-06-09 01:45:00,ZoEaEvLYb1n2sOq,0,0,0,7.28172e+06
2020-06-12 18:30:00,zBIq5rxdHJRwDNY,73.4286,7.08571,5837,6.54939e+06
2020-05-17 05:30:00,ih0vzX44oOqAx2f,0,0,0,6.19781e+06
2020-05-27 05:15:00,ih0vzX44oOqAx2f,0,0,0,6.27229e+06
2020-05-20 10:30:00,sjndEbLyjtCKgGv,10880.2,1063.34,2422.25,7.05171e+06
2020-06-16 17:30:00,adLQvlD726eNBSB,1492,145.65,6323.75,6.51833e+06
2020-06-06 15:15:00,3PZuoBAID5Wc2HD,5059.29,495.971,6007.14,7.15849e+06
2020-06-13 23:45:00,ih0vzX44oOqAx2f,0,0,8255,6.40052e+06
2020-05-30 15:15:00,pkci93gMrogZuBj,9021.75,882.612,6046.88,7.28758e+06
2020-06-12 16:30:00,1IF53ai7Xc0U56Y,2782.57,272.929,5587.29,6.39791e+06
2020-06-15 23:45:00,z9Y9gH1T5YWrNuG,0,0,6716,7.23918e+06
2020-06-02 00:15:00,ih0vzX44oOqAx2f,0,0,0,6.31398e+06
2020-06-04 11:15:00,wCURE6d3bPkepu2,9747.62,952.487,2885,6.93366e+06
2020-05-30 16:15:00,1BY6WEcLGh8j5v7,5265.86,516.171,6275.86,6.37165e+06
2020-05-19 10:15:00,uHbuxQJl8lW7ozc,8427.25,824.475,1582.5,7.06578e+06
2020-06-02 02:15:00,ZnxXDlPa8U1GXgE,0,0,0,6.65544e+06
2020-06-17 12:15:00,uHbuxQJl8lW7ozc,13627.4,1328.66,3178.29,7.28421e+06
2020-05-29 14:45:00,sjndEbLyjtCKgGv,8892.88,869.987,6577.75,7.12748e+06
2020-05-30 11:45:00,z9Y9gH1T5YWrNuG,9073.88,887.263,2324.5,7.12278e+06
2020-06-15 11:45:00,iCRJl6heRkivqQ3,8730,853.714,3601.71,7.41083e+06
2020-05-27 13:15:00,McdE0feGgRqW7Ca,5215.43,511.286,4817.14,7.25438e+06
2020-05-30 09:00:00,McdE0feGgRqW7Ca,3817.12,375.075,656.625,7.27387e+06
2020-05-22 11:00:00,wCURE6d3bPkepu2,8004.43,782.414,2224.71,6.83428e+06
2020-06-15 15:45:00,iCRJl6heRkivqQ3,6321.62,619.112,6198.88,7.41342e+06
2020-05-27 14:30:00,bvBOhCH3iADSZry,9028.12,882.35,4805.5,6.40451e+06
2020-06-05 20:15:00,ZoEaEvLYb1n2sOq,0,0,7535,7.25908e+06
2020-05-19 14:00:00,1IF53ai7Xc0U56Y,8577.57,839.286,4866.86,6.21467e+06
2020-05-22 04:30:00,pkci93gMrogZuBj,0,0,0,7.21798e+06
2020-06-05 19:30:00,z9Y9gH1T5YWrNuG,0,0,7739,7.171e+06
2020-06-13 07:00:00,WRmjgnKYAwPKWDb,1980,194.086,78,7.23886e+06
2020-05-24 02:45:00,rGa61gmuvPhdLxV,0,0,0,7.17529e+06
2020-06-08 11:15:00,ZoEaEvLYb1n2sOq,11781.9,1149.49,3246.12,7.2767e+06
2020-05-27 09:00:00,iCRJl6heRkivqQ3,8125.38,795.2,1004.12,7.269e+06
2020-06-08 02:00:00,wCURE6d3bPkepu2,0,0,0,6.95953e+06
2020-05-25 06:30:00,zBIq5rxdHJRwDNY,716.25,69.425,17.375,6.41178e+06
2020-06-13 14:00:00,VHMLBKoKgIrUVDU,12509.9,1220.09,6363.75,7.42728e+06
2020-05-17 20:15:00,YxYtjZvoooNbGkE,0,0,7497,7.20023e+06
2020-05-17 00:15:00,ZnxXDlPa8U1GXgE,0,0,0,6.53515e+06
2020-06-15 16:45:00,ZnxXDlPa8U1GXgE,4042.25,397.125,6494.75,6.75824e+06
2020-05-22 19:15:00,ZnxXDlPa8U1GXgE,0,0,7275,6.57914e+06
2020-06-10 08:00:00,McdE0feGgRqW7Ca,4184.88,410.788,419.375,7.35544e+06
2020-05-31 05:15:00,pkci93gMrogZuBj,0,0,0,7.28888e+06
2020-05-19 05:15:00,YxYtjZvoooNbGkE,0,0,0,7.2056e+06
2020-05-31 14:30:00,z9Y9gH1T5YWrNuG,2471.88,242.5,5557.5,7.13315e+06
2020-06-17 17:30:00,7JYdWkrLSPkdwr4,1324.8,128.9,5789.2,7.84675e+06
2020-05-25 21:00:00,sjndEbLyjtCKgGv,0,0,8760,7.09811e+06
2020-06-17 03:15:00,zVJPv84UY57bAof,0,0,0,7.35736e+06
2020-06-16 13:30:00,ih0vzX44oOqAx2f,8077.75,790.5,4219,6.41847e+06
2020-05-27 18:00:00,WRmjgnKYAwPKWDb,287.429,27.8,6651.86,7.12453e+06
2020-06-10 04:30:00,zVJPv84UY57bAof,0,0,0,7.31046e+06
2020-05-27 23:15:00,ih0vzX44oOqAx2f,0,0,6564,6.27886e+06
2020-05-28 05:00:00,zVJPv84UY57bAof,0,0,0,7.21208e+06
2020-06-12 20:30:00,iCRJl6heRkivqQ3,0,0,5888,7.39136e+06
2020-05-28 00:00:00,adLQvlD726eNBSB,0,0,0,6.37037e+06
2020-05-26 01:00:00,7JYdWkrLSPkdwr4,0,0,0,7.68402e+06
2020-05-24 15:15:00,zVJPv84UY57bAof,7040.75,689.413,7083.5,7.18792e+06
2020-05-28 04:45:00,VHMLBKoKgIrUVDU,0,0,0,7.30438e+06
2020-06-11 09:45:00,bvBOhCH3iADSZry,4410.57,433.1,751.714,6.49996e+06
2020-06-16 01:15:00,WRmjgnKYAwPKWDb,0,0,0,7.26132e+06
2020-06-09 23:00:00,bvBOhCH3iADSZry,0,0,7361,6.49335e+06
2020-05-22 13:00:00,McdE0feGgRqW7Ca,9904.57,1055.75,4057,7.21311e+06
2020-06-07 22:00:00,rGa61gmuvPhdLxV,0,0,8172,7.28767e+06
2020-06-13 09:45:00,1BY6WEcLGh8j5v7,9020.25,882.288,1631.38,6.45731e+06
2020-06-03 22:45:00,ZnxXDlPa8U1GXgE,0,0,7916,6.67088e+06
2020-05-31 16:30:00,pkci93gMrogZuBj,1833.57,179.729,5673,7.29455e+06
2020-06-05 22:30:00,sjndEbLyjtCKgGv,0,0,7759,7.17928e+06
2020-05-22 15:00:00,bvBOhCH3iADSZry,8818.5,862.8,5961.12,6.36811e+06
2020-06-06 12:00:00,wCURE6d3bPkepu2,8285.62,809.65,3366.88,6.95014e+06
2020-06-04 05:00:00,YxYtjZvoooNbGkE,0,0,0,7.32676e+06
2020-06-11 12:15:00,ZoEaEvLYb1n2sOq,8797.25,860.725,2464.88,7.29854e+06
2020-06-02 13:15:00,ih0vzX44oOqAx2f,11697.4,1141.53,4640.71,6.31862e+06
2020-06-04 17:30:00,3PZuoBAID5Wc2HD,2815.14,276.429,8111,7.1446e+06
2020-06-01 16:45:00,7JYdWkrLSPkdwr4,1619.71,158.7,5672.71,7.73349e+06
2020-05-21 20:45:00,3PZuoBAID5Wc2HD,0,0,0,7.0373e+06
2020-06-14 02:00:00,adLQvlD726eNBSB,0,0,0,6.4975e+06
2020-05-29 07:00:00,McdE0feGgRqW7Ca,1996.88,195.75,92,7.26505e+06
2020-06-04 08:15:00,YxYtjZvoooNbGkE,5189.43,508.871,488,7.32724e+06
2020-06-02 12:45:00,bvBOhCH3iADSZry,9902,967.638,3774.75,6.44242e+06
2020-05-23 22:30:00,YxYtjZvoooNbGkE,0,0,8559,7.24468e+06
2020-06-04 20:15:00,3PZuoBAID5Wc2HD,0,0,8215,7.1447e+06
2020-05-31 12:30:00,McdE0feGgRqW7Ca,7604.38,743.575,3900.62,7.28447e+06
2020-05-16 16:45:00,rGa61gmuvPhdLxV,2217.71,217.443,6057.43,7.12392e+06
2020-05-19 12:30:00,ZoEaEvLYb1n2sOq,10523,1028.6,3449,7.12698e+06
2020-06-17 00:15:00,ih0vzX44oOqAx2f,0,0,0,6.42037e+06
2020-05-22 06:30:00,iCRJl6heRkivqQ3,891.625,86.6,28.375,7.22747e+06
2020-05-24 08:30:00,pkci93gMrogZuBj,6704,656.557,626.143,7.2343e+06
2020-06-13 03:00:00,WRmjgnKYAwPKWDb,0,0,0,7.23878e+06
2020-06-04 14:45:00,1BY6WEcLGh8j5v7,10054,982.6,5748.29,6.40356e+06
2020-05-23 11:00:00,YxYtjZvoooNbGkE,10607.6,1035.33,2786.88,7.23891e+06
2020-06-17 19:15:00,WRmjgnKYAwPKWDb,0,0,5953,7.27353e+06
2020-05-16 22:45:00,bvBOhCH3iADSZry,0,0,6138,6.32865e+06
2020-05-28 09:00:00,zBIq5rxdHJRwDNY,7798,763.371,1004.14,6.43509e+06
2020-06-15 20:15:00,adLQvlD726eNBSB,0,0,6916,6.512e+06
2020-06-16 07:45:00,ZoEaEvLYb1n2sOq,3512.88,345.038,243.625,7.32993e+06
2020-06-13 00:45:00,wCURE6d3bPkepu2,0,0,0,6.99391e+06
2020-06-09 07:30:00,adLQvlD726eNBSB,2966,291.25,261.375,6.46227e+06
2020-06-04 16:30:00,YxYtjZvoooNbGkE,6003.62,588.275,7608.75,7.33436e+06
2020-05-30 07:00:00,YxYtjZvoooNbGkE,1687.12,165.125,72.375,7.29258e+06
2020-05-20 04:45:00,YxYtjZvoooNbGkE,0,0,0,7.21248e+06
2020-06-10 12:45:00,sjndEbLyjtCKgGv,10985.6,1072.26,3892.25,7.21299e+06
2020-06-14 08:15:00,rGa61gmuvPhdLxV,3690.86,362.7,503.143,7.33117e+06
2020-05-15 07:45:00,z9Y9gH1T5YWrNuG,2060.12,201.938,224.75,7.00809e+06
2020-06-12 03:30:00,1IF53ai7Xc0U56Y,0,0,0,6.39232e+06
2020-05-16 21:15:00,1IF53ai7Xc0U56Y,0,0,6592,6.19659e+06
2020-06-08 22:15:00,sjndEbLyjtCKgGv,0,0,8371,7.20092e+06
2020-05-28 09:30:00,bvBOhCH3iADSZry,8779.57,858.986,1407.14,6.40724e+06
2020-06-17 02:30:00,z9Y9gH1T5YWrNuG,0,0,0,7.24538e+06
2020-05-28 02:15:00,ih0vzX44oOqAx2f,0,0,0,6.27886e+06
2020-05-15 01:00:00,3PZuoBAID5Wc2HD,0,0,0,6.98776e+06
2020-06-05 10:45:00,1BY6WEcLGh8j5v7,10447.8,1020.06,2212.62,6.40759e+06
2020-05-23 04:45:00,VHMLBKoKgIrUVDU,0,0,0,7.26372e+06
2020-05-27 05:00:00,7JYdWkrLSPkdwr4,0,0,0,7.69191e+06
2020-06-05 21:00:00,3PZuoBAID5Wc2HD,0,0,0,7.15249e+06
2020-06-11 04:15:00,uHbuxQJl8lW7ozc,0,0,0,7.24051e+06
2020-06-05 09:30:00,ZnxXDlPa8U1GXgE,10600.7,1034.79,1262.71,6.68032e+06
2020-05-31 06:30:00,1IF53ai7Xc0U56Y,836.75,81.2375,23.375,6.30557e+06
2020-06-16 16:45:00,iCRJl6heRkivqQ3,2261.43,221.714,6096.71,7.4201e+06
2020-05-24 08:30:00,zVJPv84UY57bAof,7065.57,691.914,644.143,7.18148e+06
2020-06-17 00:30:00,adLQvlD726eNBSB,0,0,0,6.5184e+06
2020-05-19 18:15:00,pkci93gMrogZuBj,0,0,6938,7.20135e+06
2020-06-13 08:45:00,WRmjgnKYAwPKWDb,7931,776.329,933.286,7.23971e+06
2020-05-17 14:00:00,uHbuxQJl8lW7ozc,9941.29,970.857,5547,7.05689e+06
2020-05-30 23:45:00,3PZuoBAID5Wc2HD,0,0,7299,7.10949e+06
2020-06-16 09:30:00,uHbuxQJl8lW7ozc,7985,781.562,1204.5,7.27595e+06
2020-06-07 20:30:00,bvBOhCH3iADSZry,0,0,5169,6.47829e+06
2020-06-14 04:45:00,1BY6WEcLGh8j5v7,0,0,0,6.46366e+06
2020-05-17 11:15:00,VHMLBKoKgIrUVDU,12804,1248.39,3212,7.22259e+06
2020-06-01 02:30:00,zVJPv84UY57bAof,0,0,0,7.24202e+06
2020-06-02 10:00:00,3PZuoBAID5Wc2HD,9760.43,954.429,1854.14,7.12312e+06
2020-06-15 00:45:00,VHMLBKoKgIrUVDU,0,0,0,7.43706e+06
2020-06-04 17:00:00,z9Y9gH1T5YWrNuG,4190.14,411.629,7843.71,7.16296e+06
2020-06-05 05:00:00,1BY6WEcLGh8j5v7,0,0,0,6.40538e+06
2020-06-06 15:45:00,1IF53ai7Xc0U56Y,3394.38,333.512,6262,6.35482e+06
2020-06-04 06:30:00,zVJPv84UY57bAof,726.571,70.4429,18,7.26307e+06
2020-05-21 16:15:00,VHMLBKoKgIrUVDU,3399.29,334.186,7550.43,7.25607e+06
2020-05-15 18:45:00,7JYdWkrLSPkdwr4,0,0,6116,7.60908e+06
2020-06-14 00:00:00,ih0vzX44oOqAx2f,0,0,1031.88,6.40052e+06
2020-06-02 02:30:00,z9Y9gH1T5YWrNuG,0,0,0,7.13983e+06
2020-05-31 11:15:00,WRmjgnKYAwPKWDb,9079.43,886.829,2470.29,7.1505e+06
2020-06-07 05:30:00,ZnxXDlPa8U1GXgE,0,0,0,6.69305e+06
2020-05-30 08:15:00,VHMLBKoKgIrUVDU,4410.75,433.038,392.75,7.32145e+06
2020-06-08 00:00:00,ZnxXDlPa8U1GXgE,0,0,1026.12,6.70126e+06
2020-05-25 03:15:00,pkci93gMrogZuBj,0,0,0,7.24171e+06
2020-05-23 11:15:00,zBIq5rxdHJRwDNY,12789,1246.94,3143.71,6.39895e+06
2020-05-17 07:00:00,zBIq5rxdHJRwDNY,1403.71,137.043,50.2857,6.3522e+06
2020-06-03 13:45:00,iCRJl6heRkivqQ3,8597,841.25,5016,7.32283e+06
2020-06-16 22:45:00,1IF53ai7Xc0U56Y,0,0,6318,6.42753e+06
2020-06-14 21:00:00,1IF53ai7Xc0U56Y,0,0,7487,6.41437e+06
2020-06-06 07:45:00,rGa61gmuvPhdLxV,4381,430.114,344.714,7.27343e+06
2020-05-17 18:00:00,McdE0feGgRqW7Ca,322.5,31.1625,7599.62,7.17962e+06
2020-05-18 18:30:00,iCRJl6heRkivqQ3,0,0,5400,7.20377e+06
2020-05-25 11:45:00,ih0vzX44oOqAx2f,12266,1195.91,3302.29,6.2598e+06
2020-06-15 18:30:00,ZnxXDlPa8U1GXgE,0,0,6757,6.7585e+06
2020-06-11 19:15:00,VHMLBKoKgIrUVDU,0,0,5716,7.41501e+06
2020-06-09 02:00:00,wCURE6d3bPkepu2,0,0,0,6.96797e+06
2020-06-01 12:45:00,ZnxXDlPa8U1GXgE,3841.12,377.35,4211.62,6.65374e+06
2020-06-17 21:00:00,bvBOhCH3iADSZry,0,0,5460,6.53901e+06
2020-06-11 01:15:00,7JYdWkrLSPkdwr4,0,0,0,7.80109e+06
2020-06-14 13:15:00,7JYdWkrLSPkdwr4,10876.4,1062.16,4409.25,7.82526e+06
2020-06-01 04:00:00,iCRJl6heRkivqQ3,0,0,0,7.30457e+06
2020-06-08 15:00:00,1BY6WEcLGh8j5v7,8636.5,844.725,6544,6.43029e+06
2020-05-22 16:30:00,WRmjgnKYAwPKWDb,2240.71,219.714,7050,7.08441e+06
2020-06-03 00:15:00,ZnxXDlPa8U1GXgE,0,0,0,6.66297e+06
2020-05-28 09:00:00,sjndEbLyjtCKgGv,8215.75,804.075,1063.62,7.11363e+06
2020-05-26 12:45:00,7JYdWkrLSPkdwr4,11621.1,1133.91,4850.14,7.68887e+06
2020-06-05 01:30:00,bvBOhCH3iADSZry,0,0,0,6.46019e+06
2020-06-05 22:15:00,VHMLBKoKgIrUVDU,0,0,0,7.37155e+06
2020-06-09 21:00:00,YxYtjZvoooNbGkE,0,0,7958,7.37327e+06
2020-06-03 10:45:00,ZnxXDlPa8U1GXgE,10915.1,1066.4,1984.14,6.66495e+06
2020-05-28 16:45:00,VHMLBKoKgIrUVDU,3659.29,359.343,8244.86,7.31262e+06
2020-06-08 15:15:00,sjndEbLyjtCKgGv,10000.1,977.8,7204.5,7.19976e+06
2020-05-18 04:45:00,rGa61gmuvPhdLxV,0,0,0,7.13154e+06
2020-05-25 20:45:00,sjndEbLyjtCKgGv,0,0,8760,7.09811e+06
2020-05-23 11:45:00,1IF53ai7Xc0U56Y,13153.9,1282.51,3831.71,6.24437e+06
2020-05-21 18:15:00,YxYtjZvoooNbGkE,130.125,12.55,7738.5,7.22903e+06
2020-06-08 07:45:00,ih0vzX44oOqAx2f,3896.57,382.8,255.571,6.35895e+06
2020-05-31 12:00:00,rGa61gmuvPhdLxV,6504.29,637.114,3303.43,7.23374e+06
2020-06-15 19:30:00,sjndEbLyjtCKgGv,0,0,6728,7.24954e+06
2020-05-25 03:15:00,ZnxXDlPa8U1GXgE,0,0,0,6.59576e+06
2020-05-22 03:15:00,rGa61gmuvPhdLxV,0,0,0,7.1604e+06
2020-05-20 01:00:00,7JYdWkrLSPkdwr4,0,0,0,7.63521e+06
2020-06-10 08:30:00,ZnxXDlPa8U1GXgE,3583.57,352.229,589.571,6.71836e+06
2020-06-14 20:30:00,z9Y9gH1T5YWrNuG,0,0,7238,7.23247e+06
2020-06-01 21:45:00,wCURE6d3bPkepu2,0,0,5939,6.91534e+06
2020-06-07 03:30:00,1IF53ai7Xc0U56Y,0,0,0,6.3551e+06
2020-05-20 02:15:00,ZnxXDlPa8U1GXgE,0,0,0,6.55514e+06
2020-05-19 21:00:00,ih0vzX44oOqAx2f,0,0,6790,6.21728e+06
2020-06-09 11:30:00,rGa61gmuvPhdLxV,9001.71,879.314,3514.29,7.29948e+06
2020-05-20 01:30:00,zBIq5rxdHJRwDNY,0,0,0,6.37197e+06
2020-06-14 09:30:00,bvBOhCH3iADSZry,7610.62,745.125,1145.75,6.51879e+06
2020-05-17 21:00:00,iCRJl6heRkivqQ3,0,0,7519,7.19837e+06
2020-05-16 16:00:00,1BY6WEcLGh8j5v7,3143.29,308.857,5942.29,6.27126e+06
2020-06-13 15:15:00,uHbuxQJl8lW7ozc,8881.14,868.486,7459.43,7.25955e+06
2020-06-11 18:45:00,ih0vzX44oOqAx2f,0,0,5521,6.38655e+06
2020-06-11 09:15:00,pkci93gMrogZuBj,4214,413.957,599.286,7.36989e+06
2020-06-02 18:15:00,1BY6WEcLGh8j5v7,291.286,28.1143,7025,6.39046e+06
2020-06-01 14:45:00,1IF53ai7Xc0U56Y,3149.62,309.438,5484.25,6.31692e+06
2020-06-01 23:00:00,z9Y9gH1T5YWrNuG,0,0,5931,7.13983e+06
2020-06-12 22:30:00,rGa61gmuvPhdLxV,0,0,5849,7.32228e+06
2020-05-24 18:45:00,sjndEbLyjtCKgGv,0,0,7902,7.08935e+06
2020-06-16 16:30:00,WRmjgnKYAwPKWDb,2580.14,253.014,6002.29,7.26732e+06
2020-06-10 12:30:00,YxYtjZvoooNbGkE,12223.8,1192.51,3544.75,7.37681e+06
2020-06-08 14:30:00,uHbuxQJl8lW7ozc,11490.7,1122.06,6496,7.22364e+06
2020-06-08 00:30:00,1IF53ai7Xc0U56Y,0,0,0,6.36334e+06
2020-05-23 13:15:00,zBIq5rxdHJRwDNY,11879.5,1159.49,5501,6.40131e+06
2020-06-04 08:45:00,VHMLBKoKgIrUVDU,4979.38,488.275,813,7.35647e+06
2020-06-07 21:00:00,z9Y9gH1T5YWrNuG,0,0,6342,7.18363e+06
2020-06-11 02:00:00,zVJPv84UY57bAof,0,0,0,7.31702e+06
2020-05-25 00:30:00,3PZuoBAID5Wc2HD,0,0,0,7.06157e+06
2020-05-30 06:15:00,1IF53ai7Xc0U56Y,314.5,30.3875,5,6.29822e+06
2020-06-13 08:30:00,WRmjgnKYAwPKWDb,7176.25,702.7,746.125,7.23953e+06
2020-06-11 23:00:00,ZnxXDlPa8U1GXgE,0,0,5692,6.7299e+06
2020-06-01 21:45:00,ZnxXDlPa8U1GXgE,0,0,5918,6.65544e+06
2020-05-18 03:30:00,pkci93gMrogZuBj,0,0,0,7.18905e+06
2020-06-01 18:00:00,adLQvlD726eNBSB,544.571,52.7143,6113.57,6.40682e+06
2020-05-27 16:45:00,uHbuxQJl8lW7ozc,3232,317.086,6531.43,7.13507e+06
2020-06-10 17:00:00,sjndEbLyjtCKgGv,2473.5,242.562,6331.12,7.21543e+06
2020-06-16 01:45:00,rGa61gmuvPhdLxV,0,0,0,7.3447e+06
2020-06-01 11:00:00,zBIq5rxdHJRwDNY,12380.7,1208.03,2818.71,6.46606e+06
2020-05-24 05:00:00,7JYdWkrLSPkdwr4,0,0,0,7.66722e+06
2020-06-04 18:15:00,zBIq5rxdHJRwDNY,300.714,29.0571,8232.71,6.49257e+06
2020-05-20 20:45:00,YxYtjZvoooNbGkE,0,0,8818,7.22129e+06
2020-05-25 09:30:00,uHbuxQJl8lW7ozc,9511.29,930.257,1414,7.11327e+06
2020-05-20 12:45:00,adLQvlD726eNBSB,12628.1,1231.66,5345.71,6.30986e+06
2020-06-01 01:30:00,7JYdWkrLSPkdwr4,0,0,0,7.72782e+06
2020-05-16 21:00:00,zVJPv84UY57bAof,0,0,6419,7.12854e+06
2020-06-06 04:00:00,rGa61gmuvPhdLxV,0,0,0,7.27309e+06
2020-05-15 19:30:00,uHbuxQJl8lW7ozc,0,0,6387,7.04507e+06
2020-06-06 11:00:00,wCURE6d3bPkepu2,10186.6,995.263,2609.88,6.94938e+06
2020-06-13 12:15:00,zVJPv84UY57bAof,10801.6,1054.54,4379.75,7.33293e+06
2020-06-12 23:00:00,ZnxXDlPa8U1GXgE,0,0,5883,6.73578e+06
2020-06-12 18:00:00,3PZuoBAID5Wc2HD,829.286,80.4857,5880.14,7.20207e+06
2020-06-06 12:30:00,1IF53ai7Xc0U56Y,9510.43,928.586,4012.86,6.35257e+06
2020-05-30 09:30:00,adLQvlD726eNBSB,6534.57,640.086,962.571,6.38831e+06
2020-06-07 20:00:00,VHMLBKoKgIrUVDU,0,0,8219,7.38621e+06
2020-05-22 05:00:00,wCURE6d3bPkepu2,0,0,0,6.83206e+06
2020-05-18 16:45:00,1IF53ai7Xc0U56Y,2895.86,284.129,5259.57,6.20961e+06
2020-06-17 17:30:00,1BY6WEcLGh8j5v7,1260.6,122.62,5456,6.48525e+06
2020-05-19 16:00:00,VHMLBKoKgIrUVDU,6450.62,631.925,6413.12,7.23897e+06
2020-05-20 02:45:00,YxYtjZvoooNbGkE,0,0,0,7.21248e+06
2020-05-15 02:15:00,McdE0feGgRqW7Ca,0,0,0,7.15896e+06
2020-06-06 17:00:00,sjndEbLyjtCKgGv,947,91.9857,6331.86,7.18561e+06
2020-05-21 15:00:00,WRmjgnKYAwPKWDb,9291.86,908.6,6657.14,7.07638e+06
2020-05-29 13:45:00,bvBOhCH3iADSZry,8773.86,857.9,5280.71,6.41887e+06
2020-06-05 17:00:00,1BY6WEcLGh8j5v7,3706.5,364.025,6862.12,6.41224e+06
2020-06-01 00:45:00,WRmjgnKYAwPKWDb,0,0,0,7.15387e+06
2020-06-12 06:30:00,YxYtjZvoooNbGkE,354.571,34.2714,7.71429,7.38529e+06
2020-06-14 11:00:00,adLQvlD726eNBSB,10461.4,1021.85,2758.75,6.50025e+06
2020-05-17 03:30:00,1BY6WEcLGh8j5v7,0,0,0,6.2716e+06
2020-06-16 13:45:00,ZnxXDlPa8U1GXgE,5606.29,549.443,4505.86,6.76301e+06
2020-05-30 18:45:00,iCRJl6heRkivqQ3,0,0,7345,7.2986e+06
2020-06-07 17:15:00,bvBOhCH3iADSZry,3012.12,295.788,5036.62,6.47816e+06
2020-05-22 16:15:00,zBIq5rxdHJRwDNY,2799.86,274.6,6959.71,6.39556e+06
2020-06-01 09:30:00,pkci93gMrogZuBj,6117.29,599.329,1385.29,7.29618e+06
2020-05-17 02:00:00,3PZuoBAID5Wc2HD,0,0,0,7.00069e+06
2020-06-06 02:30:00,adLQvlD726eNBSB,0,0,0,6.43843e+06
2020-05-19 09:45:00,uHbuxQJl8lW7ozc,8106.12,793.175,1195.38,7.0654e+06
2020-06-08 03:30:00,zVJPv84UY57bAof,0,0,0,7.29379e+06
2020-06-04 00:00:00,bvBOhCH3iADSZry,0,0,0,6.45272e+06
2020-05-30 06:45:00,ih0vzX44oOqAx2f,1205.29,117.2,40,6.29516e+06
2020-06-06 19:45:00,7JYdWkrLSPkdwr4,0,0,6317,7.77046e+06
2020-06-15 12:00:00,rGa61gmuvPhdLxV,9969.75,973.513,3761.38,7.34173e+06
2020-05-16 12:45:00,sjndEbLyjtCKgGv,11461.1,1118.86,3720.75,7.0269e+06
2020-06-17 17:15:00,zVJPv84UY57bAof,1575.38,154.162,5807.88,7.36317e+06
2020-05-28 15:30:00,zBIq5rxdHJRwDNY,8034.43,786.4,7103,6.44119e+06
2020-06-15 20:30:00,iCRJl6heRkivqQ3,0,0,6777,7.414e+06
2020-05-15 18:30:00,1BY6WEcLGh8j5v7,0,0,5754,6.26531e+06
2020-06-12 12:00:00,7JYdWkrLSPkdwr4,9879.88,965.788,2617.62,7.80928e+06
2020-05-25 19:15:00,adLQvlD726eNBSB,0,0,9163,6.35529e+06
2020-05-17 18:30:00,iCRJl6heRkivqQ3,0,0,7519,7.19837e+06
2020-05-17 15:30:00,1IF53ai7Xc0U56Y,7453.62,729.45,6924.75,6.20352e+06
2020-06-16 18:15:00,1IF53ai7Xc0U56Y,355.429,34.3429,6312.71,6.42753e+06
2020-06-08 17:30:00,ZnxXDlPa8U1GXgE,1941.71,190.071,8341,6.7096e+06
2020-05-24 08:45:00,7JYdWkrLSPkdwr4,5473.57,536.514,824.429,7.66804e+06
2020-05-28 04:00:00,wCURE6d3bPkepu2,0,0,0,6.8792e+06
2020-05-31 02:45:00,1IF53ai7Xc0U56Y,0,0,0,6.30554e+06
2020-05-17 02:15:00,bvBOhCH3iADSZry,0,0,0,6.32865e+06
2020-05-19 23:45:00,ih0vzX44oOqAx2f,0,0,6790,6.21728e+06
2020-05-15 18:15:00,McdE0feGgRqW7Ca,110.571,10.6429,6469.71,7.16543e+06
2020-06-07 17:30:00,WRmjgnKYAwPKWDb,2051.25,200.975,7994.75,7.20461e+06
2020-06-06 02:45:00,3PZuoBAID5Wc2HD,0,0,0,7.15249e+06
2020-05-21 15:00:00,bvBOhCH3iADSZry,9934.71,971.429,6196,6.36123e+06
2020-06-12 14:45:00,ZoEaEvLYb1n2sOq,5854.86,573.743,4690.57,7.30632e+06
2020-05-28 13:00:00,z9Y9gH1T5YWrNuG,12952.5,1262.89,5393.12,7.10928e+06
2020-06-15 18:30:00,zBIq5rxdHJRwDNY,11.8571,1.14286,6696,6.57183e+06
2020-06-13 16:00:00,3PZuoBAID5Wc2HD,7391,723.6,8168.29,7.21025e+06
2020-06-17 15:00:00,rGa61gmuvPhdLxV,4591.62,450.312,5405.25,7.35635e+06
2020-05-15 03:15:00,3PZuoBAID5Wc2HD,0,0,0,6.98776e+06
2020-06-14 06:45:00,7JYdWkrLSPkdwr4,1085.71,105.543,38.1429,7.82089e+06
2020-05-15 07:15:00,bvBOhCH3iADSZry,1873.5,183.65,116.25,6.31692e+06
2020-05-26 11:00:00,1IF53ai7Xc0U56Y,13368.6,1303.41,3232.57,6.26976e+06
2020-05-26 03:30:00,ZnxXDlPa8U1GXgE,0,0,0,6.60467e+06
2020-05-25 06:15:00,zVJPv84UY57bAof,393,38,3,7.1888e+06
2020-05-26 13:45:00,McdE0feGgRqW7Ca,12170.1,1187,5869.86,7.24752e+06
2020-05-17 10:15:00,zBIq5rxdHJRwDNY,9653.57,944.057,2021.57,6.35417e+06
2020-06-09 23:30:00,YxYtjZvoooNbGkE,0,0,7958,7.37327e+06
2020-06-17 19:15:00,pkci93gMrogZuBj,0,0,5952,7.41543e+06
2020-06-12 10:45:00,z9Y9gH1T5YWrNuG,6662.14,652.529,1585.29,7.21265e+06
2020-05-31 02:00:00,z9Y9gH1T5YWrNuG,0,0,0,7.1276e+06
2020-06-09 01:30:00,ZoEaEvLYb1n2sOq,0,0,0,7.28172e+06
2020-06-12 22:45:00,zBIq5rxdHJRwDNY,0,0,5837,6.54939e+06
2020-06-02 22:00:00,bvBOhCH3iADSZry,0,0,6842,6.44549e+06
2020-06-08 19:15:00,zVJPv84UY57bAof,0,0,8377,7.30217e+06
2020-05-16 21:00:00,1BY6WEcLGh8j5v7,0,0,6292,6.2716e+06
2020-05-30 21:45:00,WRmjgnKYAwPKWDb,0,0,7130,7.14803e+06
2020-05-23 07:45:00,WRmjgnKYAwPKWDb,3985.5,391.587,239.25,7.08483e+06
2020-06-03 17:45:00,zVJPv84UY57bAof,1265.29,123.1,7792.43,7.26301e+06
2020-05-15 17:30:00,ZoEaEvLYb1n2sOq,1309.5,127.775,6221.75,7.10432e+06
2020-05-29 15:45:00,pkci93gMrogZuBj,7736.71,757.414,7448,7.28071e+06
2020-06-01 07:00:00,3PZuoBAID5Wc2HD,2245.88,220.2,102.25,7.11541e+06
2020-05-31 11:30:00,ZoEaEvLYb1n2sOq,10021.2,978.562,2712.12,7.21956e+06
2020-06-04 20:00:00,WRmjgnKYAwPKWDb,0,0,8038,7.18266e+06
2020-06-15 04:45:00,zVJPv84UY57bAof,0,0,0,7.34428e+06
2020-05-22 19:30:00,adLQvlD726eNBSB,0,0,7378,6.32895e+06
2020-05-15 09:45:00,adLQvlD726eNBSB,8003.86,782.8,1170.43,6.27253e+06
2020-05-22 16:15:00,1BY6WEcLGh8j5v7,2642,259.1,6615.43,6.3122e+06
2020-06-03 01:00:00,1IF53ai7Xc0U56Y,0,0,0,6.32478e+06
2020-06-04 00:00:00,YxYtjZvoooNbGkE,0,0,0,7.32676e+06
2020-06-06 20:30:00,3PZuoBAID5Wc2HD,0,0,6496,7.15898e+06
2020-06-16 07:15:00,wCURE6d3bPkepu2,2308.75,226.375,104.75,7.01655e+06
2020-06-03 01:45:00,1IF53ai7Xc0U56Y,0,0,0,6.32478e+06
2020-05-24 08:15:00,ZoEaEvLYb1n2sOq,4725.38,463.175,501.5,7.16269e+06
2020-06-17 07:45:00,wCURE6d3bPkepu2,3752.62,368.8,205,7.02292e+06
2020-05-22 06:30:00,ZoEaEvLYb1n2sOq,894.75,86.8875,28.5,7.14671e+06
2020-06-08 04:30:00,1BY6WEcLGh8j5v7,0,0,0,6.42375e+06
2020-05-26 03:15:00,VHMLBKoKgIrUVDU,0,0,0,7.28952e+06
2020-06-16 08:00:00,ZoEaEvLYb1n2sOq,4876.14,478.243,348.429,7.33004e+06
2020-06-03 02:00:00,uHbuxQJl8lW7ozc,0,0,0,7.1784e+06
2020-05-19 21:30:00,zBIq5rxdHJRwDNY,0,0,6924,6.37197e+06
2020-05-29 08:15:00,1IF53ai7Xc0U56Y,4431.71,435.071,427.714,6.29039e+06
2020-06-15 17:45:00,rGa61gmuvPhdLxV,1276.12,124.338,6698.12,7.34467e+06
2020-05-17 06:30:00,iCRJl6heRkivqQ3,450.143,43.5286,6.85714,7.19085e+06
2020-05-31 10:45:00,adLQvlD726eNBSB,10585.6,1033.86,2098.12,6.39687e+06
2020-06-06 06:30:00,pkci93gMrogZuBj,705.5,68.4,20.125,7.33151e+06
2020-06-17 07:45:00,pkci93gMrogZuBj,3682,361.913,207.375,7.40969e+06
2020-06-02 22:45:00,sjndEbLyjtCKgGv,0,0,7439,7.15545e+06
2020-05-24 08:30:00,z9Y9gH1T5YWrNuG,7269.71,711.857,664.857,7.07343e+06
2020-05-21 11:00:00,z9Y9gH1T5YWrNuG,9231.86,902.2,2695.29,7.05196e+06
2020-06-11 14:00:00,McdE0feGgRqW7Ca,6775.62,663.612,3731.38,7.36535e+06
2020-06-06 17:45:00,zBIq5rxdHJRwDNY,318.286,30.7286,6422,6.50672e+06
2020-05-25 08:00:00,7JYdWkrLSPkdwr4,4158.71,407.843,366,7.67561e+06
2020-06-16 17:00:00,7JYdWkrLSPkdwr4,1887.86,185.043,6011,7.84081e+06
2020-05-24 11:30:00,3PZuoBAID5Wc2HD,11689.4,1140.53,3397.14,7.05667e+06
2020-05-27 07:00:00,WRmjgnKYAwPKWDb,2124.71,208.329,97.2857,7.11798e+06
2020-05-30 13:00:00,wCURE6d3bPkepu2,8772.75,857.625,3638,6.89952e+06
2020-05-24 02:00:00,ZnxXDlPa8U1GXgE,0,0,0,6.58773e+06
2020-05-15 04:15:00,adLQvlD726eNBSB,0,0,0,6.27136e+06
2020-06-10 21:00:00,1BY6WEcLGh8j5v7,0,0,5911,6.44498e+06
2020-06-11 19:45:00,1BY6WEcLGh8j5v7,0,0,5257,6.45024e+06
2020-06-16 16:15:00,VHMLBKoKgIrUVDU,3478.71,341.743,5997.29,7.44987e+06
2020-06-16 21:00:00,1IF53ai7Xc0U56Y,0,0,6318,6.42753e+06
2020-05-26 06:00:00,rGa61gmuvPhdLxV,115.857,11.1857,1,7.1921e+06
2020-06-09 20:00:00,rGa61gmuvPhdLxV,0,0,8240,7.3042e+06
2020-05-28 12:45:00,ZnxXDlPa8U1GXgE,12272.7,1197.69,5202.14,6.62458e+06
2020-06-01 20:15:00,ZoEaEvLYb1n2sOq,0,0,5796,7.22844e+06
2020-06-10 14:45:00,YxYtjZvoooNbGkE,999.375,97.1,5478.38,7.37875e+06
2020-06-14 05:15:00,ZnxXDlPa8U1GXgE,0,0,0,6.74434e+06
2020-06-15 01:30:00,rGa61gmuvPhdLxV,0,0,0,7.33797e+06
2020-05-24 14:45:00,iCRJl6heRkivqQ3,9687,947.2,6712.71,7.24993e+06
2020-06-02 23:45:00,ZoEaEvLYb1n2sOq,0,0,7287,7.23573e+06
2020-05-31 06:00:00,7JYdWkrLSPkdwr4,105.875,10.2125,0.5,7.72198e+06
2020-06-17 14:30:00,ih0vzX44oOqAx2f,7673.75,751.125,4877.75,6.42525e+06
2020-05-24 05:15:00,ZoEaEvLYb1n2sOq,0,0,0,7.16218e+06
2020-05-27 04:00:00,z9Y9gH1T5YWrNuG,0,0,0,7.09718e+06
2020-06-01 03:45:00,YxYtjZvoooNbGkE,0,0,0,7.30574e+06
2020-06-17 04:15:00,zVJPv84UY57bAof,0,0,0,7.35736e+06
2020-06-15 03:30:00,iCRJl6heRkivqQ3,0,0,0,7.40722e+06
2020-06-17 15:30:00,ZoEaEvLYb1n2sOq,880.714,85.4857,5432.86,7.34131e+06
2020-05-15 12:45:00,iCRJl6heRkivqQ3,10605.6,1035.51,3494.25,7.18149e+06
2020-05-25 23:15:00,VHMLBKoKgIrUVDU,0,0,9013,7.28952e+06
2020-06-04 13:30:00,iCRJl6heRkivqQ3,7702.86,754.029,5201.57,7.3309e+06
2020-06-08 14:45:00,VHMLBKoKgIrUVDU,9582.38,936.775,6823,7.39303e+06
2020-05-31 03:45:00,pkci93gMrogZuBj,0,0,0,7.28888e+06
2020-06-17 14:45:00,WRmjgnKYAwPKWDb,8352.43,817.2,5252.43,7.27283e+06
2020-06-09 18:45:00,uHbuxQJl8lW7ozc,0,0,8309,7.23386e+06
2020-06-16 10:45:00,3PZuoBAID5Wc2HD,8787.71,859.371,2401.71,7.22744e+06
2020-06-10 06:45:00,McdE0feGgRqW7Ca,1357.43,132.4,48.4286,7.35507e+06
2020-06-17 21:15:00,zBIq5rxdHJRwDNY,0,0,5817,6.58337e+06
2020-06-07 19:00:00,ih0vzX44oOqAx2f,0,0,8019,6.35869e+06
2020-05-28 21:45:00,z9Y9gH1T5YWrNuG,0,0,8477,7.11236e+06
2020-06-14 19:15:00,adLQvlD726eNBSB,0,0,7590,6.50509e+06
2020-06-13 14:15:00,ZoEaEvLYb1n2sOq,11286.1,1101.6,6386.88,7.31377e+06
2020-06-02 10:30:00,z9Y9gH1T5YWrNuG,7070.12,692.288,2283.75,7.14211e+06
2020-05-18 01:15:00,1IF53ai7Xc0U56Y,0,0,0,6.20435e+06
2020-06-01 18:45:00,sjndEbLyjtCKgGv,0,0,5766,7.14801e+06
2020-05-25 14:30:00,zVJPv84UY57bAof,9789.71,957.2,7126.71,7.19592e+06
2020-05-27 10:45:00,rGa61gmuvPhdLxV,8178.5,799.913,2282.25,7.20215e+06
2020-05-22 23:30:00,z9Y9gH1T5YWrNuG,0,0,0,7.06422e+06
2020-06-11 02:45:00,pkci93gMrogZuBj,0,0,0,7.36929e+06
2020-06-12 20:00:00,YxYtjZvoooNbGkE,0,0,5780,7.39106e+06
2020-05-15 13:00:00,3PZuoBAID5Wc2HD,6364.43,623.4,3508,6.99127e+06
2020-06-16 04:45:00,WRmjgnKYAwPKWDb,0,0,0,7.26132e+06
2020-05-25 17:30:00,ih0vzX44oOqAx2f,696.571,67.4857,8049.29,6.26454e+06
2020-05-27 12:00:00,McdE0feGgRqW7Ca,11751.8,1146.89,3724.25,7.25328e+06
2020-06-06 10:30:00,VHMLBKoKgIrUVDU,9808.57,957.086,2215.14,7.37377e+06
2020-05-30 11:30:00,7JYdWkrLSPkdwr4,7933.62,776.538,2082.25,7.71692e+06
2020-06-05 20:30:00,rGa61gmuvPhdLxV,0,0,7741,7.27309e+06
2020-05-26 11:45:00,uHbuxQJl8lW7ozc,10954,1069.42,3730.5,7.12443e+06
2020-05-16 22:30:00,zBIq5rxdHJRwDNY,0,0,6374,6.35215e+06
2020-06-01 16:15:00,rGa61gmuvPhdLxV,1987,194.75,5415.62,7.24175e+06
2020-05-30 08:00:00,VHMLBKoKgIrUVDU,3114,305.886,296.714,7.32136e+06
2020-05-20 22:15:00,ZnxXDlPa8U1GXgE,0,0,8909,6.56404e+06
2020-06-14 21:15:00,VHMLBKoKgIrUVDU,0,0,7489,7.43706e+06
2020-06-13 04:00:00,McdE0feGgRqW7Ca,0,0,0,7.37333e+06
2020-05-30 13:00:00,ZnxXDlPa8U1GXgE,8764,857.425,3673.38,6.63974e+06
2020-05-30 04:15:00,iCRJl6heRkivqQ3,0,0,0,7.29125e+06
2020-06-09 13:00:00,3PZuoBAID5Wc2HD,10018.6,978.288,5081.5,7.18081e+06
2020-06-02 05:00:00,z9Y9gH1T5YWrNuG,0,0,0,7.13983e+06
2020-05-18 00:00:00,ih0vzX44oOqAx2f,0,0,0,6.2052e+06
2020-05-17 17:30:00,ZnxXDlPa8U1GXgE,1405,136.786,7535.29,6.54269e+06
2020-06-14 09:00:00,iCRJl6heRkivqQ3,6198.25,607.237,877,7.40073e+06
2020-05-15 20:30:00,rGa61gmuvPhdLxV,0,0,6373,7.11787e+06
2020-06-16 00:00:00,zBIq5rxdHJRwDNY,0,0,837,6.57183e+06
2020-05-30 22:30:00,3PZuoBAID5Wc2HD,0,0,7299,7.10949e+06
2020-05-22 09:15:00,3PZuoBAID5Wc2HD,6358.75,622.825,1052.5,7.03835e+06
2020-06-17 05:15:00,3PZuoBAID5Wc2HD,0,0,0,7.23137e+06
2020-05-16 09:30:00,wCURE6d3bPkepu2,5820.62,570.375,1161,6.79009e+06
2020-06-15 01:15:00,McdE0feGgRqW7Ca,0,0,0,7.38936e+06
2020-06-14 13:15:00,bvBOhCH3iADSZry,0,0,2378,6.52002e+06
2020-05-25 06:15:00,3PZuoBAID5Wc2HD,481,46.5,3.42857,7.06157e+06
2020-06-01 16:00:00,rGa61gmuvPhdLxV,1684,164.843,5369,7.2417e+06
2020-05-19 07:00:00,wCURE6d3bPkepu2,2431.29,238.443,50.1429,6.80844e+06
2020-05-24 10:30:00,3PZuoBAID5Wc2HD,11185.1,1091.39,2225.29,7.05549e+06
2020-05-21 23:30:00,sjndEbLyjtCKgGv,0,0,7825,7.06589e+06
2020-05-19 07:45:00,1IF53ai7Xc0U56Y,3382.38,331.962,262.375,6.21007e+06
2020-06-08 20:30:00,z9Y9gH1T5YWrNuG,0,0,7793,7.19142e+06
2020-05-17 00:45:00,1IF53ai7Xc0U56Y,0,0,0,6.19659e+06
2020-05-17 06:15:00,bvBOhCH3iADSZry,120.75,11.675,0.875,6.32865e+06
2020-06-16 15:00:00,VHMLBKoKgIrUVDU,4011.12,394,5379.12,7.44925e+06
2020-06-08 04:00:00,ZoEaEvLYb1n2sOq,0,0,0,7.27345e+06
2020-05-25 04:30:00,7JYdWkrLSPkdwr4,0,0,0,7.67524e+06
2020-05-26 16:45:00,WRmjgnKYAwPKWDb,5600.86,548.929,7652.57,7.11765e+06
2020-05-26 21:00:00,7JYdWkrLSPkdwr4,0,0,0,7.69191e+06
2020-06-17 12:45:00,7JYdWkrLSPkdwr4,10263,1003.01,3620.71,7.84459e+06
2020-05-17 13:45:00,McdE0feGgRqW7Ca,8096.25,791.55,5476.75,7.1775e+06
2020-05-18 11:15:00,zBIq5rxdHJRwDNY,7271.86,712.014,1163.57,6.36082e+06
2020-05-30 18:15:00,YxYtjZvoooNbGkE,281.429,27.2,7262.43,7.29977e+06
2020-05-20 19:30:00,wCURE6d3bPkepu2,0,0,8895,6.82424e+06
2020-05-30 19:00:00,bvBOhCH3iADSZry,0,0,6658,6.42768e+06
2020-06-10 13:15:00,3PZuoBAID5Wc2HD,7939,776.543,4400.71,7.18832e+06
2020-06-05 01:45:00,z9Y9gH1T5YWrNuG,0,0,0,7.16326e+06
2020-06-12 05:00:00,zVJPv84UY57bAof,0,0,0,7.32269e+06
2020-06-07 14:30:00,7JYdWkrLSPkdwr4,8400.29,821,6321.57,7.77678e+06
2020-06-09 17:00:00,YxYtjZvoooNbGkE,3251.38,319.562,7730.88,7.37304e+06
2020-06-10 07:00:00,uHbuxQJl8lW7ozc,2003.25,196.35,87.125,7.23395e+06
2020-06-02 04:45:00,z9Y9gH1T5YWrNuG,0,0,0,7.13983e+06
2020-05-28 06:45:00,ih0vzX44oOqAx2f,1285.43,125.129,47.7143,6.2789e+06
2020-05-28 13:45:00,sjndEbLyjtCKgGv,9318,909.757,5995.29,7.11856e+06
2020-06-06 14:15:00,wCURE6d3bPkepu2,12243.4,1194.61,5388.71,6.95216e+06
2020-06-12 05:00:00,iCRJl6heRkivqQ3,0,0,0,7.38547e+06
2020-05-27 21:30:00,3PZuoBAID5Wc2HD,0,0,6740,7.08545e+06
2020-06-16 19:30:00,zVJPv84UY57bAof,0,0,6262,7.35736e+06
2020-06-12 05:15:00,pkci93gMrogZuBj,0,0,0,7.37496e+06
2020-06-14 12:15:00,pkci93gMrogZuBj,6990,684.586,3553.86,7.39271e+06
2020-06-16 16:30:00,wCURE6d3bPkepu2,2706.29,265.457,6005.71,7.02245e+06
2020-05-22 05:15:00,pkci93gMrogZuBj,0,0,0,7.21798e+06
2020-05-16 11:30:00,uHbuxQJl8lW7ozc,7862.25,769.575,2599,7.04767e+06
2020-06-08 13:00:00,wCURE6d3bPkepu2,10071.6,983.7,5051.12,6.96458e+06
2020-06-17 17:15:00,1BY6WEcLGh8j5v7,1457.71,141.929,5428.71,6.48523e+06
2020-05-22 14:15:00,ih0vzX44oOqAx2f,8444.5,825.362,5450.62,6.23899e+06
2020-05-31 14:45:00,bvBOhCH3iADSZry,2565.75,251.588,4952.12,6.43263e+06
2020-05-26 15:00:00,wCURE6d3bPkepu2,3516,345.514,6571,6.87122e+06
2020-06-02 00:30:00,bvBOhCH3iADSZry,0,0,0,6.43864e+06
2020-05-31 18:30:00,bvBOhCH3iADSZry,12.4286,1.2,5586,6.43327e+06
2020-05-19 11:30:00,3PZuoBAID5Wc2HD,4041.25,397.075,2467,7.01638e+06
2020-05-29 23:30:00,1IF53ai7Xc0U56Y,0,0,8253,6.29821e+06
2020-05-20 09:30:00,adLQvlD726eNBSB,9144,894.5,1553.43,6.30607e+06
2020-06-04 18:15:00,zVJPv84UY57bAof,301.143,29.1,8216.14,7.27127e+06
2020-05-31 14:15:00,iCRJl6heRkivqQ3,7493.88,732.125,5120.75,7.30372e+06
2020-05-28 20:30:00,VHMLBKoKgIrUVDU,0,0,8509,7.31289e+06
2020-05-30 13:30:00,zVJPv84UY57bAof,10606.4,1035.72,4156,7.23284e+06
2020-05-23 03:30:00,zVJPv84UY57bAof,0,0,0,7.17229e+06
2020-05-26 07:45:00,1BY6WEcLGh8j5v7,3963.5,389.438,285,6.33649e+06
2020-06-15 15:15:00,YxYtjZvoooNbGkE,6637,649.957,5775,7.41248e+06
2020-06-04 23:30:00,VHMLBKoKgIrUVDU,0,0,8160,7.36382e+06
2020-05-31 14:30:00,ZnxXDlPa8U1GXgE,2223,217.963,5388,6.64877e+06
2020-06-02 04:15:00,ih0vzX44oOqAx2f,0,0,0,6.31398e+06
2020-06-17 10:15:00,1IF53ai7Xc0U56Y,6930.62,678.775,1470.88,6.429e+06
2020-05-19 01:15:00,WRmjgnKYAwPKWDb,0,0,0,7.05445e+06
2020-06-02 14:00:00,ZoEaEvLYb1n2sOq,6720.88,658.275,5374.25,7.23381e+06
2020-05-16 16:45:00,zBIq5rxdHJRwDNY,2224,218.086,6197.29,6.35197e+06
2020-06-02 07:45:00,bvBOhCH3iADSZry,2181.25,213.863,193.75,6.43884e+06
2020-06-05 14:30:00,3PZuoBAID5Wc2HD,11313.6,1104.51,5751.75,7.15045e+06
2020-06-06 08:00:00,bvBOhCH3iADSZry,4831.62,473.837,441.375,6.46769e+06
2020-06-05 10:15:00,WRmjgnKYAwPKWDb,7094.25,694.25,2024.5,7.18469e+06
2020-06-13 12:45:00,3PZuoBAID5Wc2HD,11827.5,1153.94,5223.62,7.20731e+06
2020-06-01 18:30:00,ZnxXDlPa8U1GXgE,22.875,2.2,5917.88,6.65544e+06
2020-06-04 18:45:00,adLQvlD726eNBSB,0,0,8314,6.43058e+06
2020-06-15 06:15:00,1BY6WEcLGh8j5v7,421.75,40.7875,6.375,6.46768e+06
2020-06-14 22:30:00,rGa61gmuvPhdLxV,0,0,7302,7.33797e+06
2020-05-17 11:15:00,YxYtjZvoooNbGkE,12706.3,1238.84,3050.43,7.19578e+06
2020-05-19 08:30:00,pkci93gMrogZuBj,3981.71,390.771,472.286,7.19488e+06
2020-06-02 02:15:00,bvBOhCH3iADSZry,0,0,0,6.43864e+06
2020-05-20 05:15:00,z9Y9gH1T5YWrNuG,0,0,0,7.04046e+06
2020-06-13 18:15:00,1BY6WEcLGh8j5v7,270.75,26.1625,7979.12,6.46366e+06
2020-06-03 06:45:00,McdE0feGgRqW7Ca,936.143,90.9143,34.7143,7.30039e+06
2020-06-08 12:15:00,wCURE6d3bPkepu2,8554,836.829,4324.57,6.96385e+06
2020-06-09 05:15:00,1BY6WEcLGh8j5v7,0,0,0,6.43161e+06
2020-05-30 14:15:00,WRmjgnKYAwPKWDb,11070.5,1081.54,5009.5,7.14591e+06
2020-05-25 01:45:00,rGa61gmuvPhdLxV,0,0,0,7.1833e+06
2020-06-13 08:00:00,7JYdWkrLSPkdwr4,5280.86,517.643,415.714,7.81283e+06
2020-05-23 17:30:00,ih0vzX44oOqAx2f,2028,198.812,8287.88,6.24883e+06
2020-06-02 09:00:00,rGa61gmuvPhdLxV,6227.14,610.057,971.571,7.24294e+06
2020-05-15 04:30:00,wCURE6d3bPkepu2,0,0,0,6.7826e+06
2020-05-15 14:15:00,iCRJl6heRkivqQ3,12025.9,1173.56,4705.57,7.1827e+06
2020-05-22 20:30:00,z9Y9gH1T5YWrNuG,0,0,0,7.06422e+06
2020-06-06 05:45:00,7JYdWkrLSPkdwr4,0,0,0,7.76414e+06
2020-05-25 23:45:00,ZoEaEvLYb1n2sOq,0,0,8745,7.17891e+06
2020-06-05 02:45:00,pkci93gMrogZuBj,0,0,0,7.32369e+06
2020-05-24 07:15:00,wCURE6d3bPkepu2,2342,229.643,126.429,6.84796e+06
2020-05-17 15:00:00,ZnxXDlPa8U1GXgE,9461.5,925.325,6375.5,6.54153e+06
2020-05-22 15:15:00,YxYtjZvoooNbGkE,6496,636.263,6423.88,7.23546e+06
2020-06-14 06:30:00,z9Y9gH1T5YWrNuG,661.75,64.1125,16.75,7.22525e+06
2020-05-27 01:45:00,WRmjgnKYAwPKWDb,0,0,0,7.11788e+06
2020-05-31 03:30:00,3PZuoBAID5Wc2HD,0,0,0,7.10949e+06
2020-06-03 21:30:00,WRmjgnKYAwPKWDb,0,0,7710,7.17463e+06
2020-06-04 07:30:00,1BY6WEcLGh8j5v7,2419.88,237.475,190.125,6.398e+06
2020-06-01 12:00:00,ZnxXDlPa8U1GXgE,4828.75,473.512,3775.75,6.6533e+06
2020-06-15 10:00:00,3PZuoBAID5Wc2HD,9446.29,923.5,1998,7.22022e+06
2020-06-12 07:15:00,7JYdWkrLSPkdwr4,1052.12,102.263,64.625,7.80673e+06
2020-06-06 13:30:00,VHMLBKoKgIrUVDU,9596.14,937.329,4775.43,7.37633e+06
2020-06-14 21:15:00,1BY6WEcLGh8j5v7,0,0,4012,6.46768e+06
2020-06-09 05:30:00,YxYtjZvoooNbGkE,0,0,0,7.36531e+06
2020-05-24 22:15:00,zBIq5rxdHJRwDNY,0,0,7277,6.41176e+06
2020-05-16 16:30:00,7JYdWkrLSPkdwr4,2563.5,251.387,6230.25,7.61531e+06
2020-05-24 03:45:00,ih0vzX44oOqAx2f,0,0,0,6.24894e+06
2020-06-11 11:15:00,VHMLBKoKgIrUVDU,7905.25,773.812,1717.5,7.41101e+06
2020-05-15 17:15:00,VHMLBKoKgIrUVDU,2200.86,215.8,6185.71,7.21259e+06
2020-06-14 05:45:00,zBIq5rxdHJRwDNY,0,0,0,6.55782e+06
2020-06-11 04:45:00,pkci93gMrogZuBj,0,0,0,7.36929e+06
2020-05-26 04:15:00,McdE0feGgRqW7Ca,0,0,0,7.24165e+06
2020-06-10 10:30:00,ZoEaEvLYb1n2sOq,6887,674.025,1832.38,7.29151e+06
2020-05-19 22:15:00,YxYtjZvoooNbGkE,0,0,6878,7.21248e+06
2020-06-09 08:15:00,zBIq5rxdHJRwDNY,6137.71,601.343,511.857,6.52378e+06
2020-06-10 05:00:00,ih0vzX44oOqAx2f,0,0,0,6.37476e+06
2020-06-07 10:15:00,uHbuxQJl8lW7ozc,8048.14,787.3,1644.71,7.2105e+06
2020-06-02 06:15:00,rGa61gmuvPhdLxV,403,38.9571,5,7.24197e+06
2020-06-12 04:15:00,rGa61gmuvPhdLxV,0,0,0,7.31643e+06
2020-05-23 10:45:00,uHbuxQJl8lW7ozc,12550.1,1224.06,2576.43,7.09783e+06
2020-06-12 21:45:00,rGa61gmuvPhdLxV,0,0,5849,7.32228e+06
2020-06-04 02:45:00,VHMLBKoKgIrUVDU,0,0,0,7.35566e+06
2020-05-16 11:15:00,bvBOhCH3iADSZry,6963.57,681.929,2393.14,6.3249e+06
2020-06-01 12:15:00,7JYdWkrLSPkdwr4,6933.88,678.737,3865.25,7.73169e+06
2020-06-09 04:45:00,McdE0feGgRqW7Ca,0,0,0,7.34678e+06
2020-05-15 18:30:00,adLQvlD726eNBSB,0,0,6383,6.27774e+06
2020-05-23 22:45:00,z9Y9gH1T5YWrNuG,0,0,8543,7.07276e+06
2020-05-15 13:15:00,zBIq5rxdHJRwDNY,6964.88,682.1,3814.25,6.34319e+06
2020-05-23 19:45:00,1IF53ai7Xc0U56Y,0,0,8673,6.24921e+06
2020-06-03 10:45:00,rGa61gmuvPhdLxV,10692.2,1044.71,1959.38,7.25129e+06
2020-06-03 12:45:00,1BY6WEcLGh8j5v7,12692.6,1237.87,3828.14,6.3943e+06
2020-05-23 17:45:00,wCURE6d3bPkepu2,1579.62,154.562,8538.25,6.84776e+06
2020-05-22 17:00:00,sjndEbLyjtCKgGv,1621.25,158.725,6986,7.07287e+06
2020-06-14 00:15:00,wCURE6d3bPkepu2,0,0,0,7.00237e+06
2020-06-17 05:00:00,rGa61gmuvPhdLxV,0,0,0,7.35095e+06
2020-06-06 13:00:00,iCRJl6heRkivqQ3,12028,1173.53,4399.86,7.3462e+06
2020-06-15 03:15:00,VHMLBKoKgIrUVDU,0,0,0,7.43706e+06
2020-05-27 11:00:00,1IF53ai7Xc0U56Y,6912.88,676.513,2641.25,6.27728e+06
2020-05-30 02:30:00,1IF53ai7Xc0U56Y,0,0,0,6.29821e+06
2020-05-30 23:45:00,YxYtjZvoooNbGkE,0,0,7266,7.29977e+06
2020-05-25 00:00:00,WRmjgnKYAwPKWDb,0,0,0,7.10112e+06
2020-06-05 19:45:00,zBIq5rxdHJRwDNY,0,0,7723,6.5003e+06
2020-06-07 05:15:00,7JYdWkrLSPkdwr4,0,0,0,7.77046e+06
2020-05-28 05:00:00,7JYdWkrLSPkdwr4,0,0,0,7.69855e+06
2020-05-15 18:45:00,ZnxXDlPa8U1GXgE,0,0,6304,6.52848e+06
2020-05-17 13:45:00,ZnxXDlPa8U1GXgE,8731.29,853.3,5441.14,6.54059e+06
2020-05-25 03:15:00,uHbuxQJl8lW7ozc,0,0,0,7.11185e+06
2020-06-04 07:45:00,1IF53ai7Xc0U56Y,3756.14,368.414,280.429,6.33294e+06
2020-05-30 19:15:00,iCRJl6heRkivqQ3,0,0,7345,7.2986e+06
2020-06-05 05:45:00,VHMLBKoKgIrUVDU,0,0,0,7.36382e+06
2020-05-18 08:30:00,1BY6WEcLGh8j5v7,1721.86,168.686,351.286,6.279e+06
2020-05-15 18:00:00,z9Y9gH1T5YWrNuG,285.571,27.5714,6381.71,7.01425e+06
2020-06-15 19:30:00,1IF53ai7Xc0U56Y,0,0,6846,6.42121e+06
2020-06-04 14:15:00,zVJPv84UY57bAof,9141.5,893.475,5809,7.26886e+06
2020-06-09 16:15:00,YxYtjZvoooNbGkE,5612,550.029,7389.29,7.3727e+06
2020-05-17 05:30:00,rGa61gmuvPhdLxV,0,0,0,7.1241e+06
2020-06-16 00:00:00,ih0vzX44oOqAx2f,0,0,0,6.41425e+06
2020-06-02 12:00:00,sjndEbLyjtCKgGv,8337.25,815.9,3424.5,7.15143e+06
2020-06-15 12:15:00,sjndEbLyjtCKgGv,6128.57,600.429,4009,7.24682e+06
2020-05-18 04:15:00,sjndEbLyjtCKgGv,0,0,0,7.03705e+06
2020-06-06 02:45:00,McdE0feGgRqW7Ca,0,0,0,7.32468e+06
2020-05-24 03:00:00,bvBOhCH3iADSZry,0,0,0,6.37677e+06
2020-05-18 07:45:00,z9Y9gH1T5YWrNuG,1800.86,176.371,269.429,7.0285e+06
2020-05-24 15:00:00,ZoEaEvLYb1n2sOq,9402.29,919.586,6884.29,7.16907e+06
2020-06-11 18:45:00,7JYdWkrLSPkdwr4,0,0,5573,7.80666e+06
2020-05-15 02:30:00,ih0vzX44oOqAx2f,0,0,0,6.18518e+06
2020-06-02 04:45:00,McdE0feGgRqW7Ca,0,0,0,7.29275e+06
2020-06-08 15:00:00,uHbuxQJl8lW7ozc,10480.3,1024.49,7032.43,7.22418e+06
2020-06-02 20:15:00,7JYdWkrLSPkdwr4,0,0,0,7.74087e+06
2020-05-17 08:45:00,bvBOhCH3iADSZry,7040.12,689.425,730,6.32938e+06
2020-05-28 08:15:00,ZnxXDlPa8U1GXgE,5932.38,581.325,566.25,6.61994e+06
2020-06-12 21:15:00,sjndEbLyjtCKgGv,0,0,5847,7.2271e+06
2020-06-09 18:00:00,3PZuoBAID5Wc2HD,835.571,81.0571,8164.14,7.1839e+06
2020-05-31 13:00:00,pkci93gMrogZuBj,8747.75,855.1,4195.88,7.29307e+06
2020-05-27 04:15:00,ZnxXDlPa8U1GXgE,0,0,0,6.61265e+06
2020-06-12 18:00:00,z9Y9gH1T5YWrNuG,835.625,81.1,5782.5,7.21685e+06
2020-06-09 13:45:00,ih0vzX44oOqAx2f,8529.38,833.862,5478.75,6.37239e+06
2020-06-16 01:00:00,zBIq5rxdHJRwDNY,0,0,0,6.57183e+06
2020-06-16 00:00:00,rGa61gmuvPhdLxV,0,0,0,7.3447e+06
2020-05-31 21:15:00,adLQvlD726eNBSB,0,0,5933,6.4007e+06
2020-05-20 02:00:00,zVJPv84UY57bAof,0,0,0,7.14834e+06
2020-05-28 14:30:00,VHMLBKoKgIrUVDU,8434.14,824.571,6822.86,7.3112e+06
2020-06-17 09:45:00,uHbuxQJl8lW7ozc,5833.25,571.6,1123.38,7.28216e+06
2020-05-27 09:00:00,1BY6WEcLGh8j5v7,6989.86,684.5,969,6.34464e+06
2020-05-15 08:15:00,WRmjgnKYAwPKWDb,4968,487.243,384,7.02906e+06
2020-06-08 08:15:00,WRmjgnKYAwPKWDb,3434.43,337.643,457.429,7.20514e+06
2020-06-15 15:00:00,pkci93gMrogZuBj,6665,652.375,5754,7.40218e+06
2020-05-30 22:30:00,7JYdWkrLSPkdwr4,0,0,7143,7.72198e+06
2020-06-09 18:30:00,McdE0feGgRqW7Ca,99.1429,9.55714,8234.57,7.35502e+06
2020-06-13 22:45:00,McdE0feGgRqW7Ca,0,0,8595,7.38192e+06
2020-06-09 13:00:00,YxYtjZvoooNbGkE,10391.7,1014.47,4850.29,7.37016e+06
2020-05-16 13:00:00,uHbuxQJl8lW7ozc,7770.57,760.543,3844,7.04891e+06
2020-06-01 21:15:00,ZoEaEvLYb1n2sOq,0,0,5796,7.22844e+06
2020-06-15 07:00:00,bvBOhCH3iADSZry,1956.14,191.757,90.1429,6.52169e+06
2020-05-19 09:30:00,wCURE6d3bPkepu2,8144.57,796.9,999.143,6.80939e+06
2020-05-21 12:00:00,WRmjgnKYAwPKWDb,10454.3,1020.77,3966.29,7.07369e+06
2020-05-29 12:30:00,bvBOhCH3iADSZry,11151.1,1088.83,3951.71,6.41754e+06
2020-06-13 20:30:00,ZoEaEvLYb1n2sOq,0,0,8378,7.31576e+06
2020-05-17 21:15:00,zVJPv84UY57bAof,0,0,7480,7.13602e+06
2020-05-24 19:00:00,adLQvlD726eNBSB,0,0,8397,6.34613e+06
2020-06-02 04:45:00,zBIq5rxdHJRwDNY,0,0,0,6.46903e+06
2020-06-13 10:00:00,uHbuxQJl8lW7ozc,8974.38,876.775,1817.38,7.25391e+06
2020-06-11 06:00:00,WRmjgnKYAwPKWDb,0,0,0,7.22737e+06
2020-05-30 15:30:00,z9Y9gH1T5YWrNuG,8286.75,811,6096.75,7.12655e+06
2020-05-25 20:30:00,ZnxXDlPa8U1GXgE,0,0,8910,6.60467e+06
2020-05-25 18:30:00,sjndEbLyjtCKgGv,39.5,3.8125,8759.62,7.09811e+06
2020-06-08 12:45:00,ih0vzX44oOqAx2f,8025,784.914,4718.43,6.36341e+06
2020-05-17 13:15:00,pkci93gMrogZuBj,5512.88,540.013,4819.88,7.18647e+06
2020-05-21 23:30:00,iCRJl6heRkivqQ3,0,0,7837,7.22744e+06
2020-05-15 14:45:00,bvBOhCH3iADSZry,6917.62,677.2,4498.62,6.3213e+06
2020-06-08 20:45:00,ih0vzX44oOqAx2f,0,0,8217,6.36691e+06
2020-05-24 17:15:00,zBIq5rxdHJRwDNY,2739.29,268.857,7145.14,6.41163e+06
2020-06-01 15:45:00,ZnxXDlPa8U1GXgE,1457.62,142,5617.88,6.65514e+06
2020-05-30 08:00:00,wCURE6d3bPkepu2,3004.57,295.043,287.857,6.89617e+06
2020-06-14 03:00:00,7JYdWkrLSPkdwr4,0,0,0,7.82085e+06
2020-06-10 16:15:00,adLQvlD726eNBSB,5442.71,533.457,6232.57,6.47651e+06
2020-05-25 06:15:00,ZnxXDlPa8U1GXgE,129.25,12.5125,0.25,6.59576e+06
2020-06-05 09:00:00,YxYtjZvoooNbGkE,6059.71,593.314,875.286,7.33576e+06
2020-06-17 17:45:00,7JYdWkrLSPkdwr4,936.286,90.9286,5822,7.84679e+06
2020-06-10 04:30:00,sjndEbLyjtCKgGv,0,0,0,7.2091e+06
2020-06-08 21:45:00,z9Y9gH1T5YWrNuG,0,0,7793,7.19142e+06
2020-05-16 11:00:00,pkci93gMrogZuBj,7445.88,728.913,2218.5,7.1777e+06
2020-06-11 07:00:00,1BY6WEcLGh8j5v7,705.375,68.4,30.375,6.44501e+06
2020-05-22 07:45:00,3PZuoBAID5Wc2HD,4727.25,463.7,377.5,7.03768e+06
2020-06-12 23:15:00,bvBOhCH3iADSZry,0,0,5372,6.50978e+06
2020-06-08 05:45:00,z9Y9gH1T5YWrNuG,0,0,0,7.18363e+06
2020-05-28 05:45:00,zBIq5rxdHJRwDNY,0,0,0,6.43408e+06
2020-06-12 10:00:00,uHbuxQJl8lW7ozc,5822.71,570.586,1075.29,7.24728e+06
2020-06-16 13:30:00,iCRJl6heRkivqQ3,7978.86,780.814,4330.86,7.41833e+06
2020-05-31 02:15:00,YxYtjZvoooNbGkE,0,0,0,7.29977e+06
2020-06-02 15:00:00,ZnxXDlPa8U1GXgE,6892.57,674.886,6353.57,6.6618e+06
2020-06-06 07:00:00,YxYtjZvoooNbGkE,2591.62,254.213,96.375,7.34259e+06
2020-05-15 20:30:00,iCRJl6heRkivqQ3,0,0,6418,7.18441e+06
2020-05-23 23:30:00,zBIq5rxdHJRwDNY,0,0,8674,6.40448e+06
2020-06-14 09:15:00,VHMLBKoKgIrUVDU,8649.14,846.3,1066.43,7.43063e+06
2020-06-03 23:00:00,iCRJl6heRkivqQ3,0,0,7883,7.3257e+06
2020-05-31 23:30:00,ih0vzX44oOqAx2f,0,0,5965,6.30823e+06
2020-06-15 03:00:00,pkci93gMrogZuBj,0,0,0,7.39642e+06
2020-06-06 08:00:00,3PZuoBAID5Wc2HD,5655,554.237,525.625,7.15301e+06
2020-06-17 07:30:00,iCRJl6heRkivqQ3,3322.62,326.538,125,7.42043e+06
2020-06-10 19:00:00,ZoEaEvLYb1n2sOq,0,0,6392,7.29607e+06
2020-06-02 17:00:00,1IF53ai7Xc0U56Y,2792.43,274.086,7224.29,6.32467e+06
2020-05-24 12:45:00,7JYdWkrLSPkdwr4,12506.7,1219.4,4736.71,7.67196e+06
2020-05-17 03:30:00,bvBOhCH3iADSZry,0,0,0,6.32865e+06
2020-06-15 00:45:00,z9Y9gH1T5YWrNuG,0,0,0,7.23247e+06
2020-05-25 07:15:00,WRmjgnKYAwPKWDb,2632.5,258.275,134.375,7.10125e+06
2020-05-20 10:30:00,z9Y9gH1T5YWrNuG,10981.8,1073.21,2437.75,7.0429e+06
2020-06-08 10:45:00,wCURE6d3bPkepu2,11869.6,1158.03,2731.14,6.96226e+06
2020-05-17 11:30:00,bvBOhCH3iADSZry,10760.8,1050.25,3156,6.3318e+06
2020-05-15 18:00:00,zBIq5rxdHJRwDNY,302.143,29.1857,6389.86,6.34577e+06
2020-05-19 21:45:00,McdE0feGgRqW7Ca,0,0,7007,7.1921e+06
2020-06-07 02:30:00,WRmjgnKYAwPKWDb,0,0,0,7.19661e+06
2020-05-24 13:15:00,zBIq5rxdHJRwDNY,10807.5,1056.28,4761.88,6.40924e+06
2020-05-29 19:45:00,1IF53ai7Xc0U56Y,0,0,8253,6.29821e+06
2020-06-04 01:30:00,zVJPv84UY57bAof,0,0,0,7.26305e+06
2020-06-08 16:30:00,pkci93gMrogZuBj,6118.86,599.643,7865.71,7.354e+06
2020-06-12 10:15:00,VHMLBKoKgIrUVDU,8139.29,796.571,1232.43,7.41624e+06
2020-06-15 02:45:00,McdE0feGgRqW7Ca,0,0,0,7.38936e+06
2020-06-02 00:45:00,ZoEaEvLYb1n2sOq,0,0,0,7.22844e+06
2020-06-13 06:45:00,iCRJl6heRkivqQ3,1035,100.586,35.7143,7.39139e+06
2020-05-31 02:00:00,VHMLBKoKgIrUVDU,0,0,0,7.32833e+06
2020-06-17 08:30:00,McdE0feGgRqW7Ca,4138.14,406.543,493,7.40309e+06
2020-05-24 08:45:00,WRmjgnKYAwPKWDb,4790.86,469.943,843,7.09387e+06
2020-06-12 12:00:00,wCURE6d3bPkepu2,10644.6,1039.84,2640.29,6.99069e+06
2020-06-07 07:45:00,1BY6WEcLGh8j5v7,2298.88,225.4,218,6.4187e+06
2020-05-27 14:30:00,rGa61gmuvPhdLxV,8244.25,806.062,5149,7.20502e+06
2020-05-18 05:30:00,ih0vzX44oOqAx2f,0,0,0,6.2052e+06
2020-06-04 17:45:00,WRmjgnKYAwPKWDb,1718.12,168.075,7991.62,7.18262e+06
2020-05-15 19:15:00,zVJPv84UY57bAof,0,0,5965,7.12212e+06
2020-06-14 03:45:00,bvBOhCH3iADSZry,0,0,0,6.51764e+06
2020-05-30 02:00:00,z9Y9gH1T5YWrNuG,0,0,0,7.12046e+06
2020-06-05 23:00:00,uHbuxQJl8lW7ozc,0,0,7838,7.20237e+06
2020-05-27 08:15:00,sjndEbLyjtCKgGv,5889.86,577.143,516.571,7.10641e+06
2020-06-05 03:30:00,wCURE6d3bPkepu2,0,0,0,6.93902e+06
2020-05-18 12:30:00,1BY6WEcLGh8j5v7,7755.43,759.214,1913.86,6.28056e+06
2020-05-29 22:15:00,ih0vzX44oOqAx2f,0,0,7951,6.29512e+06
2020-05-26 02:00:00,7JYdWkrLSPkdwr4,0,0,0,7.68402e+06
2020-05-26 05:00:00,McdE0feGgRqW7Ca,0,0,0,7.24165e+06
2020-06-14 21:15:00,7JYdWkrLSPkdwr4,0,0,7306,7.82816e+06
2020-06-08 08:30:00,1BY6WEcLGh8j5v7,4922.71,482.8,514.857,6.42426e+06
2020-06-06 05:00:00,ih0vzX44oOqAx2f,0,0,0,6.34448e+06
2020-05-18 19:15:00,z9Y9gH1T5YWrNuG,0,0,5347,7.03357e+06
2020-05-16 14:45:00,bvBOhCH3iADSZry,6805.62,666.562,5161.12,6.32767e+06
2020-05-27 00:15:00,WRmjgnKYAwPKWDb,0,0,0,7.11788e+06
2020-05-24 03:00:00,McdE0feGgRqW7Ca,0,0,0,7.22464e+06
2020-06-11 19:30:00,z9Y9gH1T5YWrNuG,0,0,5599,7.21106e+06
2020-05-25 00:15:00,bvBOhCH3iADSZry,0,0,0,6.38421e+06
2020-06-07 08:00:00,3PZuoBAID5Wc2HD,3415.5,335.688,310.125,7.15929e+06
2020-05-26 09:45:00,zBIq5rxdHJRwDNY,9712.71,949.829,1648,6.42185e+06
2020-05-29 16:45:00,adLQvlD726eNBSB,3618,355.629,8091.14,6.3871e+06
2020-06-07 10:30:00,McdE0feGgRqW7Ca,9806.38,958.6,1922.12,7.33308e+06
2020-05-25 08:00:00,uHbuxQJl8lW7ozc,2992.71,293.457,349.143,7.1122e+06
2020-06-01 06:00:00,WRmjgnKYAwPKWDb,70.75,6.8125,0.375,7.15387e+06
2020-05-25 22:30:00,zVJPv84UY57bAof,0,0,8813,7.19761e+06
2020-06-15 14:15:00,bvBOhCH3iADSZry,5622,550.614,4721.71,6.52632e+06
2020-05-15 12:15:00,7JYdWkrLSPkdwr4,9782.75,955.45,2815.88,7.60578e+06
2020-05-17 03:45:00,iCRJl6heRkivqQ3,0,0,0,7.19085e+06
2020-06-17 16:45:00,wCURE6d3bPkepu2,1177.38,114.513,5718.25,7.02844e+06
2020-05-28 12:45:00,WRmjgnKYAwPKWDb,11452.4,1117.79,5209.29,7.12975e+06
2020-05-17 10:00:00,YxYtjZvoooNbGkE,10047,982,1794.75,7.19453e+06
2020-05-25 19:45:00,ZnxXDlPa8U1GXgE,0,0,8910,6.60467e+06
2020-05-30 11:15:00,z9Y9gH1T5YWrNuG,10984.2,1072.08,1874,7.12233e+06
2020-06-14 07:00:00,VHMLBKoKgIrUVDU,1979.88,193.863,73.125,7.42964e+06
2020-06-16 04:00:00,3PZuoBAID5Wc2HD,0,0,0,7.22504e+06
2020-06-17 11:15:00,1IF53ai7Xc0U56Y,8135.43,796.243,2161.14,6.42969e+06
2020-06-14 07:15:00,1BY6WEcLGh8j5v7,2935.86,288.286,123.286,6.46379e+06
2020-05-26 19:15:00,1BY6WEcLGh8j5v7,0,0,0,6.34367e+06
2020-06-08 18:45:00,zBIq5rxdHJRwDNY,0,0,8358,6.52327e+06
2020-05-15 09:00:00,McdE0feGgRqW7Ca,7378.43,722.3,757.714,7.15972e+06
2020-06-09 14:45:00,pkci93gMrogZuBj,8811.14,861.914,6500.86,7.36098e+06
2020-06-17 16:30:00,7JYdWkrLSPkdwr4,1821.14,178.414,5658.57,7.84662e+06
2020-05-30 19:30:00,7JYdWkrLSPkdwr4,0,0,7143,7.72198e+06
2020-05-18 22:30:00,3PZuoBAID5Wc2HD,0,0,5435,7.01392e+06
2020-06-07 12:30:00,iCRJl6heRkivqQ3,13237,1290.61,4304.25,7.35254e+06
2020-06-15 08:45:00,adLQvlD726eNBSB,7734.25,757.087,965.125,6.50605e+06
2020-05-17 07:15:00,uHbuxQJl8lW7ozc,2311.75,226.662,96.625,7.05144e+06
2020-06-12 13:45:00,WRmjgnKYAwPKWDb,9459.14,925.143,3991.14,7.23698e+06
2020-05-21 09:15:00,WRmjgnKYAwPKWDb,8818.5,862.737,1268.62,7.07099e+06
2020-06-03 03:30:00,7JYdWkrLSPkdwr4,0,0,0,7.74087e+06
2020-06-01 07:45:00,uHbuxQJl8lW7ozc,4879.43,478.414,359.714,7.16571e+06
2020-06-02 03:00:00,McdE0feGgRqW7Ca,0,0,0,7.29275e+06
2020-05-20 18:45:00,1BY6WEcLGh8j5v7,0,0,8249,6.29835e+06
2020-06-10 21:45:00,McdE0feGgRqW7Ca,0,0,6606,7.36162e+06
2020-05-15 05:15:00,sjndEbLyjtCKgGv,0,0,0,7.01683e+06
2020-06-04 00:00:00,iCRJl6heRkivqQ3,0,0,985.375,7.3257e+06
2020-06-15 11:30:00,1BY6WEcLGh8j5v7,8682.25,848.562,3201,6.47088e+06
2020-05-27 02:15:00,VHMLBKoKgIrUVDU,0,0,0,7.29762e+06
2020-05-21 20:45:00,WRmjgnKYAwPKWDb,0,0,0,7.07736e+06
2020-06-17 17:45:00,sjndEbLyjtCKgGv,956,92.8571,5852,7.26165e+06
2020-05-29 18:15:00,ih0vzX44oOqAx2f,130.286,12.5714,7949.29,6.29512e+06
2020-05-25 17:30:00,z9Y9gH1T5YWrNuG,698,67.6143,8765.29,7.0894e+06
2020-05-27 14:00:00,ZnxXDlPa8U1GXgE,4264.75,418.925,5012.5,6.61766e+06
2020-05-19 04:15:00,zBIq5rxdHJRwDNY,0,0,0,6.36505e+06
2020-06-05 01:45:00,uHbuxQJl8lW7ozc,0,0,0,7.19454e+06
2020-05-26 00:15:00,VHMLBKoKgIrUVDU,0,0,0,7.28952e+06
2020-06-08 08:30:00,YxYtjZvoooNbGkE,5303,519.929,532.143,7.3575e+06
2020-05-26 19:15:00,adLQvlD726eNBSB,0,0,0,6.36352e+06
2020-06-07 05:30:00,rGa61gmuvPhdLxV,0,0,0,7.2795e+06
2020-06-07 00:15:00,ZnxXDlPa8U1GXgE,0,0,0,6.69305e+06
2020-05-28 07:45:00,7JYdWkrLSPkdwr4,4356.12,427.688,325.75,7.69888e+06
2020-06-08 20:45:00,1IF53ai7Xc0U56Y,0,0,8495,6.37183e+06
2020-05-23 02:30:00,7JYdWkrLSPkdwr4,0,0,0,7.65877e+06
2020-05-25 20:45:00,iCRJl6heRkivqQ3,0,0,8869,7.26013e+06
2020-06-07 01:00:00,ZnxXDlPa8U1GXgE,0,0,0,6.69305e+06
2020-06-16 23:00:00,iCRJl6heRkivqQ3,0,0,6305,7.42031e+06
2020-05-29 18:45:00,WRmjgnKYAwPKWDb,0,0,8038,7.1409e+06
2020-05-26 06:15:00,zBIq5rxdHJRwDNY,381.571,36.8714,6.57143,6.42021e+06
2020-05-31 09:30:00,3PZuoBAID5Wc2HD,6047.29,592.471,1017.43,7.11051e+06
2020-05-22 11:15:00,iCRJl6heRkivqQ3,7450.75,728.538,2380.38,7.22982e+06
2020-05-24 15:30:00,iCRJl6heRkivqQ3,3637.75,357.238,7276.88,7.2505e+06
2020-06-10 19:30:00,McdE0feGgRqW7Ca,0,0,6606,7.36162e+06
2020-05-28 05:15:00,1BY6WEcLGh8j5v7,0,0,0,6.34983e+06
2020-05-26 04:15:00,1BY6WEcLGh8j5v7,0,0,0,6.33621e+06
2020-06-12 09:30:00,zVJPv84UY57bAof,5363.43,525.686,761.857,7.32345e+06
2020-06-14 12:00:00,rGa61gmuvPhdLxV,7342.14,718.9,3394,7.33406e+06
2020-06-08 10:30:00,z9Y9gH1T5YWrNuG,12823.5,1250.3,2445.62,7.18608e+06
2020-05-24 00:30:00,wCURE6d3bPkepu2,0,0,0,6.84783e+06
2020-06-17 04:30:00,WRmjgnKYAwPKWDb,0,0,0,7.26758e+06
2020-05-26 19:30:00,bvBOhCH3iADSZry,0,0,0,6.3997e+06
2020-05-25 12:15:00,ZnxXDlPa8U1GXgE,12722.9,1240.5,4586.71,6.60034e+06
2020-05-27 20:00:00,pkci93gMrogZuBj,0,0,0,7.26498e+06
2020-05-30 10:30:00,zVJPv84UY57bAof,5309.5,520.438,1384.75,7.23007e+06
2020-05-27 14:15:00,ih0vzX44oOqAx2f,3827.29,376.114,5001.57,6.27729e+06
2020-05-30 08:45:00,iCRJl6heRkivqQ3,3452,339.371,572.143,7.29183e+06
2020-05-24 07:45:00,rGa61gmuvPhdLxV,3621,355.762,275.5,7.17557e+06
2020-06-03 00:15:00,ZoEaEvLYb1n2sOq,0,0,0,7.23573e+06
2020-06-10 18:15:00,VHMLBKoKgIrUVDU,120,11.575,6478.25,7.40929e+06
2020-06-14 03:15:00,ZoEaEvLYb1n2sOq,0,0,0,7.31576e+06
2020-06-14 15:45:00,7JYdWkrLSPkdwr4,5896.14,577.757,6726.71,7.82758e+06
2020-05-16 02:15:00,McdE0feGgRqW7Ca,0,0,0,7.16544e+06
2020-05-24 17:15:00,wCURE6d3bPkepu2,2769.88,271.837,7828.25,6.85566e+06
2020-06-15 23:15:00,7JYdWkrLSPkdwr4,0,0,6641,7.8348e+06
2020-05-30 12:45:00,1IF53ai7Xc0U56Y,10726.4,1047.13,3514.71,6.30173e+06
2020-06-12 04:00:00,wCURE6d3bPkepu2,0,0,0,6.98805e+06
2020-05-29 21:00:00,ih0vzX44oOqAx2f,0,0,7951,6.29512e+06
2020-06-07 13:45:00,ZnxXDlPa8U1GXgE,6808.14,666.414,5772.71,6.69883e+06
2020-05-18 14:15:00,iCRJl6heRkivqQ3,4984.38,488.788,3689,7.20206e+06
2020-05-19 20:15:00,uHbuxQJl8lW7ozc,0,0,6997,7.0712e+06
2020-06-03 01:15:00,bvBOhCH3iADSZry,0,0,0,6.44549e+06
2020-05-16 20:30:00,VHMLBKoKgIrUVDU,0,0,6714,7.21938e+06
2020-05-22 12:15:00,VHMLBKoKgIrUVDU,9596.43,938.086,3629.86,7.25999e+06
2020-06-10 19:00:00,WRmjgnKYAwPKWDb,0,0,6389,7.22737e+06
2020-06-11 09:45:00,ZnxXDlPa8U1GXgE,4817.86,472.371,821.429,6.72503e+06
2020-06-04 11:45:00,wCURE6d3bPkepu2,10582.2,1033.54,3341.75,6.93412e+06
2020-06-17 05:30:00,3PZuoBAID5Wc2HD,0,0,0,7.23137e+06
2020-06-05 15:00:00,7JYdWkrLSPkdwr4,8903.12,870.038,6002,7.76262e+06
2020-05-28 16:00:00,ZnxXDlPa8U1GXgE,2952.57,289.671,7976.43,6.62735e+06
2020-05-25 05:15:00,McdE0feGgRqW7Ca,0,0,0,7.23269e+06
2020-06-14 18:00:00,bvBOhCH3iADSZry,359,34.7,3947.88,6.52159e+06
2020-05-31 13:45:00,7JYdWkrLSPkdwr4,5999.29,586.571,4456.29,7.72643e+06
2020-06-03 09:30:00,ZnxXDlPa8U1GXgE,5997.88,587.675,1116.62,6.66408e+06
2020-05-19 01:15:00,ZoEaEvLYb1n2sOq,0,0,0,7.12353e+06
2020-05-27 19:15:00,ZnxXDlPa8U1GXgE,0,0,6727,6.61938e+06
2020-05-31 08:45:00,7JYdWkrLSPkdwr4,6641.12,650.25,544.125,7.72252e+06
2020-06-09 14:30:00,VHMLBKoKgIrUVDU,7787.88,761.55,6273,7.40097e+06
2020-06-12 00:45:00,3PZuoBAID5Wc2HD,0,0,0,7.19619e+06
2020-05-23 00:00:00,YxYtjZvoooNbGkE,0,0,0,7.23612e+06
2020-05-29 19:00:00,adLQvlD726eNBSB,0,0,8343,6.38735e+06
2020-06-04 11:30:00,zVJPv84UY57bAof,9629.25,941.05,3082,7.26614e+06
2020-06-15 23:30:00,bvBOhCH3iADSZry,0,0,6192,6.52779e+06
2020-06-01 01:30:00,ZoEaEvLYb1n2sOq,0,0,0,7.22264e+06
2020-06-17 02:00:00,7JYdWkrLSPkdwr4,0,0,0,7.84096e+06
2020-06-06 13:30:00,zVJPv84UY57bAof,8856.71,865.586,4736.57,7.28383e+06
2020-05-29 21:30:00,ZoEaEvLYb1n2sOq,0,0,0,7.2096e+06
2020-05-27 06:45:00,zBIq5rxdHJRwDNY,1408.43,137.357,44.8571,6.42775e+06
2020-06-05 18:30:00,z9Y9gH1T5YWrNuG,98.75,9.5375,7737.75,7.171e+06
2020-06-08 19:45:00,adLQvlD726eNBSB,0,0,8620,6.462e+06
2020-05-24 19:30:00,1IF53ai7Xc0U56Y,0,0,8273,6.25748e+06
2020-05-18 04:15:00,ZoEaEvLYb1n2sOq,0,0,0,7.11821e+06
2020-06-02 12:00:00,ih0vzX44oOqAx2f,8071.62,790,3385,6.31737e+06
2020-05-16 02:30:00,1IF53ai7Xc0U56Y,0,0,0,6.19e+06
2020-05-16 19:00:00,7JYdWkrLSPkdwr4,0,0,6461,7.61554e+06
2020-06-05 03:30:00,7JYdWkrLSPkdwr4,0,0,0,7.75662e+06
2020-05-31 18:00:00,zBIq5rxdHJRwDNY,680.5,65.95,5923,6.46322e+06
2020-06-13 18:00:00,adLQvlD726eNBSB,593.875,57.4875,8758.75,6.49748e+06
2020-05-21 17:00:00,sjndEbLyjtCKgGv,1058.75,102.912,7758.88,7.06582e+06
2020-05-30 21:30:00,1BY6WEcLGh8j5v7,0,0,6754,6.37213e+06
2020-06-07 20:45:00,sjndEbLyjtCKgGv,0,0,6898,7.19255e+06
2020-05-16 13:00:00,rGa61gmuvPhdLxV,7705.14,754.171,3848.86,7.12171e+06
2020-05-26 04:30:00,1BY6WEcLGh8j5v7,0,0,0,6.33621e+06
2020-06-07 05:15:00,z9Y9gH1T5YWrNuG,0,0,0,7.17729e+06
2020-05-20 19:15:00,uHbuxQJl8lW7ozc,0,0,8913,7.08011e+06
2020-06-16 01:30:00,rGa61gmuvPhdLxV,0,0,0,7.3447e+06
2020-06-11 11:45:00,bvBOhCH3iADSZry,7646.25,748.575,1904.38,6.50111e+06
2020-06-13 03:15:00,1BY6WEcLGh8j5v7,0,0,0,6.45568e+06
2020-05-19 18:00:00,z9Y9gH1T5YWrNuG,0,0,6892,7.04046e+06
2020-05-21 13:00:00,sjndEbLyjtCKgGv,11382.7,1110.69,4921.86,7.06298e+06
2020-05-27 22:15:00,bvBOhCH3iADSZry,0,0,6133,6.40583e+06
2020-05-16 12:15:00,pkci93gMrogZuBj,7500.57,734.229,3181.57,7.17866e+06
2020-06-09 22:30:00,sjndEbLyjtCKgGv,0,0,8170,7.2091e+06
2020-06-16 07:00:00,iCRJl6heRkivqQ3,1440,140.488,61.875,7.41406e+06
2020-05-24 10:30:00,1BY6WEcLGh8j5v7,10336.9,1009.26,2050.12,6.32245e+06
2020-05-27 03:30:00,z9Y9gH1T5YWrNuG,0,0,0,7.09718e+06
2020-05-17 01:30:00,iCRJl6heRkivqQ3,0,0,0,7.19085e+06
2020-05-25 06:45:00,ZoEaEvLYb1n2sOq,1125.5,109.412,36.875,7.17021e+06
2020-06-09 16:45:00,1BY6WEcLGh8j5v7,3831.86,376.557,7166.86,6.43878e+06
2020-05-25 09:30:00,1BY6WEcLGh8j5v7,9003.14,880.786,1386,6.32933e+06
2020-06-05 03:45:00,wCURE6d3bPkepu2,0,0,0,6.93902e+06
2020-06-12 20:30:00,sjndEbLyjtCKgGv,0,0,5847,7.2271e+06
2020-05-18 15:15:00,uHbuxQJl8lW7ozc,8320.86,814.329,4367.29,7.06316e+06
2020-05-26 09:45:00,uHbuxQJl8lW7ozc,10066.1,984.2,1716.62,7.12241e+06
2020-06-01 03:00:00,1BY6WEcLGh8j5v7,0,0,0,6.37793e+06
2020-06-17 21:45:00,iCRJl6heRkivqQ3,0,0,5957,7.42626e+06
2020-06-05 16:00:00,uHbuxQJl8lW7ozc,7614.57,745.471,6892.14,7.20143e+06
2020-06-14 03:15:00,McdE0feGgRqW7Ca,0,0,0,7.38192e+06
2020-06-10 09:45:00,VHMLBKoKgIrUVDU,5945.38,582.538,1475.38,7.40429e+06
2020-05-26 00:15:00,ih0vzX44oOqAx2f,0,0,0,6.26458e+06
2020-05-22 10:30:00,rGa61gmuvPhdLxV,4814.86,472.343,1818.14,7.16222e+06
2020-05-15 07:00:00,wCURE6d3bPkepu2,1873.38,183.625,79,6.78268e+06
2020-05-23 09:30:00,bvBOhCH3iADSZry,7603,744.263,1360.12,6.37027e+06
2020-05-18 00:30:00,McdE0feGgRqW7Ca,0,0,0,7.17963e+06
2020-06-15 15:15:00,VHMLBKoKgIrUVDU,6167.38,604.188,5942.38,7.443e+06
2020-06-04 07:00:00,1BY6WEcLGh8j5v7,1787,175.037,75.375,6.39788e+06
2020-05-31 04:15:00,uHbuxQJl8lW7ozc,0,0,0,7.15927e+06
2020-06-01 08:45:00,YxYtjZvoooNbGkE,6500.62,636.763,919.125,7.30666e+06
2020-05-28 21:30:00,1IF53ai7Xc0U56Y,0,0,8496,6.28996e+06
2020-06-01 14:45:00,YxYtjZvoooNbGkE,2966.12,291.25,5261.5,7.311e+06
2020-05-22 05:15:00,VHMLBKoKgIrUVDU,0,0,0,7.25636e+06
2020-05-18 00:00:00,z9Y9gH1T5YWrNuG,0,0,1871.5,7.02823e+06
2020-05-20 22:15:00,VHMLBKoKgIrUVDU,0,0,8982,7.24852e+06
2020-06-14 09:15:00,ZnxXDlPa8U1GXgE,8328.43,815.029,1035.86,6.74538e+06
2020-06-16 11:30:00,bvBOhCH3iADSZry,5547.14,543.657,2802,6.53059e+06
2020-05-27 01:00:00,zBIq5rxdHJRwDNY,0,0,0,6.4277e+06
2020-05-28 02:00:00,iCRJl6heRkivqQ3,0,0,0,7.27469e+06
2020-06-05 09:45:00,iCRJl6heRkivqQ3,5658.75,554.575,1504.5,7.3355e+06
2020-05-17 23:00:00,iCRJl6heRkivqQ3,0,0,7519,7.19837e+06
2020-06-14 10:30:00,ZnxXDlPa8U1GXgE,10757,1050.61,2066.38,6.74641e+06
2020-05-17 02:15:00,ZoEaEvLYb1n2sOq,0,0,0,7.11074e+06
2020-05-22 04:30:00,3PZuoBAID5Wc2HD,0,0,0,7.0373e+06
2020-06-06 18:45:00,1IF53ai7Xc0U56Y,0,0,6542,6.3551e+06
2020-06-04 08:30:00,ZoEaEvLYb1n2sOq,5636.62,552.425,632,7.24413e+06
2020-05-23 23:00:00,bvBOhCH3iADSZry,0,0,7864,6.37677e+06
2020-06-05 23:30:00,1IF53ai7Xc0U56Y,0,0,0,6.34856e+06
2020-05-25 02:45:00,1BY6WEcLGh8j5v7,0,0,0,6.32794e+06
2020-05-18 20:45:00,7JYdWkrLSPkdwr4,0,0,5309,7.62837e+06
2020-05-25 11:45:00,z9Y9gH1T5YWrNuG,12581.4,1226.69,3925.71,7.08456e+06
2020-06-13 06:45:00,zVJPv84UY57bAof,1030.29,100.129,34.8571,7.32858e+06
2020-05-24 07:45:00,ZoEaEvLYb1n2sOq,3901,383.3,277.625,7.16246e+06
2020-05-17 06:15:00,pkci93gMrogZuBj,104.75,10.1,0.875,7.18165e+06
2020-06-04 14:45:00,bvBOhCH3iADSZry,9663.57,944.657,5657.57,6.45838e+06
2020-06-13 18:00:00,zVJPv84UY57bAof,596,57.7,8394.38,7.33694e+06
2020-05-18 15:15:00,1IF53ai7Xc0U56Y,7895.29,772.829,4420.57,6.20877e+06
2020-06-05 05:00:00,McdE0feGgRqW7Ca,0,0,0,7.31676e+06
2020-05-18 07:30:00,WRmjgnKYAwPKWDb,3453.5,339.25,209.875,7.04931e+06
2020-05-23 23:00:00,rGa61gmuvPhdLxV,0,0,8152,7.17529e+06
2020-06-02 11:30:00,ZoEaEvLYb1n2sOq,6302.62,617.462,2993,7.23143e+06
2020-06-08 04:00:00,McdE0feGgRqW7Ca,0,0,0,7.3382e+06
2020-06-05 02:00:00,3PZuoBAID5Wc2HD,0,0,0,7.1447e+06
2020-06-09 13:15:00,bvBOhCH3iADSZry,9777,955.038,4783.75,6.49077e+06
2020-06-11 04:45:00,zVJPv84UY57bAof,0,0,0,7.31702e+06
2020-06-01 12:00:00,pkci93gMrogZuBj,5957.29,583.614,3349.57,7.29814e+06
2020-05-19 01:45:00,bvBOhCH3iADSZry,0,0,0,6.34054e+06
2020-06-17 17:30:00,uHbuxQJl8lW7ozc,1365.6,132.94,5895.4,7.28693e+06
2020-05-23 02:15:00,z9Y9gH1T5YWrNuG,0,0,0,7.06422e+06
2020-05-28 17:30:00,iCRJl6heRkivqQ3,1138.43,110.771,8297.43,7.28299e+06
2020-06-14 00:00:00,rGa61gmuvPhdLxV,0,0,0,7.33067e+06
2020-06-05 06:00:00,uHbuxQJl8lW7ozc,0,0,0,7.19454e+06
2020-06-04 07:30:00,sjndEbLyjtCKgGv,2572.5,252.588,194.25,7.16349e+06
2020-06-08 12:00:00,zVJPv84UY57bAof,10506.8,1027.06,4048,7.29784e+06
2020-05-18 20:45:00,wCURE6d3bPkepu2,0,0,5393,6.80839e+06
2020-06-01 23:30:00,3PZuoBAID5Wc2HD,0,0,5965,7.12127e+06
2020-06-03 19:15:00,ZnxXDlPa8U1GXgE,0,0,7916,6.67088e+06
2020-06-11 16:45:00,7JYdWkrLSPkdwr4,3135.57,307.957,5348,7.80644e+06
2020-06-08 10:45:00,bvBOhCH3iADSZry,11424.9,1114.74,2518.38,6.48081e+06
2020-05-20 18:30:00,3PZuoBAID5Wc2HD,34.5714,3.34286,8982,7.02949e+06
2020-05-25 08:15:00,3PZuoBAID5Wc2HD,6372.88,624.325,511.625,7.06208e+06
2020-05-30 11:30:00,adLQvlD726eNBSB,8445.88,826.112,2174.5,6.38953e+06
2020-06-13 23:15:00,uHbuxQJl8lW7ozc,0,0,8437,7.26053e+06
2020-06-06 01:00:00,zVJPv84UY57bAof,0,0,0,7.27909e+06
2020-06-01 13:15:00,zVJPv84UY57bAof,8242.62,806.188,4427.88,7.24645e+06
2020-06-06 12:00:00,iCRJl6heRkivqQ3,8154.14,796.7,3405,7.34521e+06
2020-06-10 02:00:00,z9Y9gH1T5YWrNuG,0,0,0,7.19905e+06
2020-06-10 12:45:00,McdE0feGgRqW7Ca,11326.4,1105.4,3942.12,7.35896e+06
2020-06-17 10:00:00,pkci93gMrogZuBj,6267.71,614.071,1265.71,7.41074e+06
2020-06-03 12:45:00,ZoEaEvLYb1n2sOq,12556.6,1224.8,4000.43,7.23973e+06
2020-05-19 06:30:00,McdE0feGgRqW7Ca,176.286,17.0286,4.71429,7.1851e+06
2020-06-12 07:30:00,1IF53ai7Xc0U56Y,959,93.1571,91.2857,6.39242e+06
2020-05-24 13:15:00,ih0vzX44oOqAx2f,11763.9,1147.26,5116,6.25405e+06
2020-05-24 09:45:00,WRmjgnKYAwPKWDb,6263.14,613.171,1615.14,7.09464e+06
2020-06-12 20:30:00,bvBOhCH3iADSZry,0,0,5372,6.50978e+06
2020-06-09 06:30:00,ZnxXDlPa8U1GXgE,866.286,84.0857,25.5714,6.70972e+06
2020-06-05 04:45:00,rGa61gmuvPhdLxV,0,0,0,7.26535e+06
2020-05-15 04:30:00,3PZuoBAID5Wc2HD,0,0,0,6.98776e+06
2020-06-10 00:15:00,1IF53ai7Xc0U56Y,0,0,0,6.38002e+06
2020-06-03 05:45:00,zBIq5rxdHJRwDNY,0,0,0,6.47645e+06
2020-06-12 04:30:00,ih0vzX44oOqAx2f,0,0,0,6.38655e+06
2020-05-24 05:30:00,z9Y9gH1T5YWrNuG,0,0,0,7.07276e+06
2020-06-06 05:30:00,YxYtjZvoooNbGkE,0,0,0,7.34249e+06
2020-06-17 17:45:00,zBIq5rxdHJRwDNY,929.857,90.3,5782,6.58333e+06
2020-05-15 17:15:00,ZoEaEvLYb1n2sOq,2326.57,228.157,6186.14,7.10429e+06
2020-06-12 04:15:00,adLQvlD726eNBSB,0,0,0,6.48273e+06
2020-06-13 19:00:00,uHbuxQJl8lW7ozc,0,0,8437,7.26053e+06
2020-05-21 11:00:00,zVJPv84UY57bAof,10261.9,1001.62,2732.38,7.15991e+06
2020-06-10 10:30:00,pkci93gMrogZuBj,7469.43,730.814,1822.86,7.36454e+06
2020-06-06 11:15:00,WRmjgnKYAwPKWDb,12497.4,1219.19,2948.38,7.19322e+06
2020-05-29 07:45:00,pkci93gMrogZuBj,2710.71,265.871,252,7.27351e+06
2020-06-02 01:00:00,bvBOhCH3iADSZry,0,0,0,6.43864e+06
2020-06-17 02:15:00,wCURE6d3bPkepu2,0,0,0,7.02272e+06
2020-06-13 08:30:00,7JYdWkrLSPkdwr4,6985.43,684.114,724.714,7.81314e+06
2020-05-23 19:45:00,zBIq5rxdHJRwDNY,0,0,8674,6.40448e+06
2020-06-15 13:15:00,ZnxXDlPa8U1GXgE,5664,555.2,4741.43,6.75649e+06
2020-06-17 05:30:00,iCRJl6heRkivqQ3,0,0,0,7.42031e+06
2020-06-06 03:15:00,1BY6WEcLGh8j5v7,0,0,0,6.41254e+06
2020-05-22 14:30:00,3PZuoBAID5Wc2HD,11067.6,1081.14,5956.75,7.04326e+06
2020-05-21 08:45:00,WRmjgnKYAwPKWDb,7768,760.45,862.5,7.07059e+06
2020-06-04 04:15:00,iCRJl6heRkivqQ3,0,0,0,7.3257e+06
2020-05-28 21:15:00,pkci93gMrogZuBj,0,0,8273,7.27326e+06
2020-06-11 19:30:00,pkci93gMrogZuBj,0,0,5662,7.37496e+06
2020-06-01 06:30:00,pkci93gMrogZuBj,956.625,92.925,22.875,7.29481e+06
2020-06-11 16:00:00,1BY6WEcLGh8j5v7,4401.62,432.137,4775.12,6.44976e+06
2020-05-18 22:15:00,VHMLBKoKgIrUVDU,0,0,5457,7.23255e+06
2020-06-11 09:30:00,1IF53ai7Xc0U56Y,4531.62,444.775,714.25,6.38733e+06
2020-05-18 00:30:00,uHbuxQJl8lW7ozc,0,0,0,7.05879e+06
2020-05-27 05:30:00,1BY6WEcLGh8j5v7,0,0,0,6.34367e+06
2020-06-01 17:30:00,YxYtjZvoooNbGkE,699.75,67.8375,5731.5,7.31147e+06
2020-06-06 06:15:00,rGa61gmuvPhdLxV,403.286,39,7.14286,7.2731e+06
2020-06-10 02:30:00,bvBOhCH3iADSZry,0,0,0,6.49335e+06
2020-06-09 19:15:00,rGa61gmuvPhdLxV,0,0,8240,7.3042e+06
2020-06-14 18:00:00,ZnxXDlPa8U1GXgE,395.875,38.25,7391.12,6.75173e+06
2020-05-19 06:15:00,1IF53ai7Xc0U56Y,88.625,8.55,1.375,6.20981e+06
2020-06-03 08:15:00,zBIq5rxdHJRwDNY,4498.29,441.586,446.857,6.4769e+06
2020-05-15 17:15:00,1BY6WEcLGh8j5v7,2011.38,197.188,5687.75,6.26525e+06
2020-05-28 00:30:00,z9Y9gH1T5YWrNuG,0,0,0,7.10388e+06
2020-05-30 10:30:00,3PZuoBAID5Wc2HD,5267.88,516.375,1428.75,7.10362e+06
2020-05-30 04:30:00,zVJPv84UY57bAof,0,0,0,7.22869e+06
2020-05-31 05:30:00,uHbuxQJl8lW7ozc,0,0,0,7.15927e+06
2020-05-18 14:45:00,zBIq5rxdHJRwDNY,6424.12,629.3,3974.5,6.36363e+06
2020-06-06 12:15:00,iCRJl6heRkivqQ3,9155.12,894.025,3667.88,7.34547e+06
2020-05-24 01:45:00,adLQvlD726eNBSB,0,0,0,6.33773e+06
2020-05-17 16:00:00,McdE0feGgRqW7Ca,6147.38,602.15,7073.88,7.17909e+06
2020-06-16 12:45:00,z9Y9gH1T5YWrNuG,7327.71,716.843,3761.71,7.24295e+06
2020-06-12 14:15:00,ZoEaEvLYb1n2sOq,7179.86,703.1,4377.57,7.30601e+06
2020-05-23 00:00:00,zVJPv84UY57bAof,0,0,0,7.17229e+06
2020-06-01 19:00:00,zVJPv84UY57bAof,0,0,5742,7.24777e+06
2020-06-16 15:30:00,YxYtjZvoooNbGkE,6479,634.686,5510.57,7.41885e+06
2020-06-09 15:45:00,ih0vzX44oOqAx2f,7416.12,726.125,6980.38,6.37389e+06
2020-05-29 15:00:00,McdE0feGgRqW7Ca,7786.43,762.2,6908.71,7.27186e+06
2020-06-05 02:15:00,1BY6WEcLGh8j5v7,0,0,0,6.40538e+06
2020-05-19 02:45:00,ZoEaEvLYb1n2sOq,0,0,0,7.12353e+06
2020-05-23 15:15:00,1BY6WEcLGh8j5v7,8059.43,788.771,6740.29,6.31918e+06
2020-06-13 13:45:00,adLQvlD726eNBSB,8089.57,791.643,6226,6.49495e+06
2020-06-14 03:45:00,ZnxXDlPa8U1GXgE,0,0,0,6.74434e+06
2020-05-17 08:30:00,ZnxXDlPa8U1GXgE,5675.62,556.3,631.75,6.53578e+06
2020-05-28 15:15:00,WRmjgnKYAwPKWDb,8365.25,818.587,7340.5,7.13188e+06
2020-06-01 12:15:00,ih0vzX44oOqAx2f,6182.43,605.7,3779.14,6.31201e+06
2020-06-13 22:45:00,YxYtjZvoooNbGkE,0,0,8380,7.39944e+06
2020-05-31 05:45:00,ZnxXDlPa8U1GXgE,0,0,0,6.64338e+06
2020-06-06 19:30:00,ih0vzX44oOqAx2f,0,0,6197,6.35067e+06
2020-06-12 07:45:00,ih0vzX44oOqAx2f,1306.88,127.287,115.125,6.38667e+06
2020-06-10 06:15:00,3PZuoBAID5Wc2HD,466.714,45.1429,7,7.18393e+06
2020-05-19 06:15:00,WRmjgnKYAwPKWDb,83.75,8.1125,0.625,7.05445e+06
2020-05-22 10:00:00,sjndEbLyjtCKgGv,6914.29,677,1446,7.06733e+06
2020-06-03 14:15:00,ih0vzX44oOqAx2f,9337.12,913.225,5541.75,6.32685e+06
2020-05-20 18:15:00,sjndEbLyjtCKgGv,356.143,34.4143,8772.29,7.05806e+06
2020-06-08 08:45:00,pkci93gMrogZuBj,7168.38,701.925,690.625,7.34682e+06
2020-05-19 17:45:00,ZoEaEvLYb1n2sOq,533.143,51.6571,6800.86,7.13033e+06
2020-06-09 18:45:00,1IF53ai7Xc0U56Y,0,0,8189,6.38002e+06
2020-05-26 04:15:00,WRmjgnKYAwPKWDb,0,0,0,7.11e+06
2020-05-31 06:00:00,pkci93gMrogZuBj,95,9.17143,0.714286,7.28888e+06
2020-05-29 13:00:00,1BY6WEcLGh8j5v7,11814.9,1151.96,4612.86,6.36242e+06
2020-06-07 01:00:00,uHbuxQJl8lW7ozc,0,0,0,7.20886e+06
2020-06-09 16:00:00,1IF53ai7Xc0U56Y,6358.88,622.975,7492.38,6.37933e+06
2020-06-01 02:15:00,ZoEaEvLYb1n2sOq,0,0,0,7.22264e+06
2020-05-22 11:30:00,McdE0feGgRqW7Ca,12551.1,1224.53,2361.14,7.21142e+06
2020-05-23 19:15:00,7JYdWkrLSPkdwr4,0,0,8450,7.66722e+06
2020-06-11 22:30:00,1IF53ai7Xc0U56Y,0,0,5704,6.39232e+06
2020-05-15 03:15:00,bvBOhCH3iADSZry,0,0,0,6.3168e+06
2020-06-13 06:15:00,WRmjgnKYAwPKWDb,373.125,36.075,7,7.23879e+06
2020-06-10 03:00:00,3PZuoBAID5Wc2HD,0,0,0,7.18392e+06
2020-05-21 13:30:00,7JYdWkrLSPkdwr4,12160.1,1186.39,5395.71,7.64938e+06
2020-05-19 20:45:00,WRmjgnKYAwPKWDb,0,0,0,7.06093e+06
2020-06-10 06:15:00,McdE0feGgRqW7Ca,424.429,41.0429,7.14286,7.35502e+06
2020-06-04 14:15:00,ZnxXDlPa8U1GXgE,7270.57,711.2,5787.43,6.67667e+06
2020-06-16 14:00:00,pkci93gMrogZuBj,6873.29,672.786,4605.14,7.40782e+06
2020-05-21 20:15:00,pkci93gMrogZuBj,0,0,7778,7.21798e+06
2020-05-24 12:15:00,rGa61gmuvPhdLxV,12678,1236.09,3885.57,7.17918e+06
2020-05-28 19:15:00,iCRJl6heRkivqQ3,0,0,8345,7.28304e+06
2020-06-04 00:00:00,1IF53ai7Xc0U56Y,0,0,0,6.33266e+06
2020-06-07 15:30:00,adLQvlD726eNBSB,8112.86,793.957,7288.57,6.45232e+06
2020-05-24 12:30:00,ih0vzX44oOqAx2f,11513.7,1123.36,4253.29,6.25319e+06
2020-05-25 11:30:00,ZnxXDlPa8U1GXgE,12444.8,1213.36,3651.62,6.59941e+06
2020-06-03 15:45:00,McdE0feGgRqW7Ca,6829.38,668.8,7203.12,7.30756e+06
2020-05-31 22:45:00,VHMLBKoKgIrUVDU,0,0,6076,7.3344e+06
2020-05-25 06:30:00,McdE0feGgRqW7Ca,711.286,68.9,16.4286,7.23271e+06
2020-05-19 14:00:00,adLQvlD726eNBSB,8748.57,855.914,4924.14,6.30274e+06
2020-05-27 00:30:00,zBIq5rxdHJRwDNY,0,0,0,6.4277e+06
2020-06-01 01:30:00,uHbuxQJl8lW7ozc,0,0,0,7.16535e+06
2020-06-04 03:45:00,adLQvlD726eNBSB,0,0,0,6.42227e+06
2020-06-01 10:30:00,iCRJl6heRkivqQ3,11584.3,1130.3,2234.86,7.3068e+06
2020-06-13 01:15:00,7JYdWkrLSPkdwr4,0,0,0,7.81242e+06
2020-05-16 03:30:00,uHbuxQJl8lW7ozc,0,0,0,7.04507e+06
2020-05-15 02:00:00,ih0vzX44oOqAx2f,0,0,0,6.18518e+06
2020-05-31 09:15:00,wCURE6d3bPkepu2,5651.71,553.871,938.714,6.9041e+06
2020-06-01 22:15:00,ZnxXDlPa8U1GXgE,0,0,5918,6.65544e+06
2020-05-28 03:45:00,1BY6WEcLGh8j5v7,0,0,0,6.34983e+06
2020-05-15 12:00:00,iCRJl6heRkivqQ3,7039.29,689.171,2838.57,7.18083e+06
2020-06-15 06:15:00,7JYdWkrLSPkdwr4,466.25,45.0875,6.375,7.82816e+06
2020-05-20 08:15:00,zVJPv84UY57bAof,5855.62,573.788,533.75,7.14887e+06
2020-06-03 23:00:00,VHMLBKoKgIrUVDU,0,0,7917,7.35566e+06
2020-05-30 03:45:00,VHMLBKoKgIrUVDU,0,0,0,7.32106e+06
2020-05-15 09:45:00,ih0vzX44oOqAx2f,7024.5,687.85,1126.17,6.18631e+06
2020-06-09 20:30:00,YxYtjZvoooNbGkE,0,0,7958,7.37327e+06
2020-05-23 11:15:00,VHMLBKoKgIrUVDU,12569.1,1226.09,3100.88,7.26682e+06
2020-06-01 18:30:00,rGa61gmuvPhdLxV,24.375,2.35,5636.75,7.24197e+06
2020-05-22 05:15:00,z9Y9gH1T5YWrNuG,0,0,0,7.05715e+06
2020-06-01 05:30:00,McdE0feGgRqW7Ca,0,0,0,7.28676e+06
2020-05-31 03:30:00,wCURE6d3bPkepu2,0,0,0,6.90316e+06
2020-05-15 22:45:00,ih0vzX44oOqAx2f,0,0,0,6.19136e+06
2020-06-13 06:45:00,bvBOhCH3iADSZry,1017.29,98.8429,34.2857,6.50981e+06
2020-05-26 05:45:00,rGa61gmuvPhdLxV,0,0,0,7.1921e+06
2020-06-15 18:45:00,WRmjgnKYAwPKWDb,0,0,6731,7.26132e+06
2020-06-15 00:00:00,ih0vzX44oOqAx2f,0,0,895.625,6.40768e+06
2020-06-16 06:30:00,ih0vzX44oOqAx2f,683.875,66.275,11.375,6.41426e+06
2020-06-13 04:45:00,VHMLBKoKgIrUVDU,0,0,0,7.42091e+06
2020-05-25 03:15:00,iCRJl6heRkivqQ3,0,0,0,7.25126e+06
2020-06-01 17:15:00,3PZuoBAID5Wc2HD,986.75,95.8875,5900.62,7.1212e+06
2020-06-06 08:00:00,ih0vzX44oOqAx2f,5079.14,497.957,478.429,6.34495e+06
2020-06-04 07:15:00,ZnxXDlPa8U1GXgE,2526.75,247.887,132.5,6.67102e+06
2020-05-21 15:45:00,ZnxXDlPa8U1GXgE,5643.5,553.125,7321.25,6.57137e+06
2020-05-17 15:30:00,ih0vzX44oOqAx2f,7843.12,767.538,6596.88,6.20441e+06
2020-06-10 21:15:00,pkci93gMrogZuBj,0,0,6578,7.36929e+06
2020-05-22 14:45:00,ZnxXDlPa8U1GXgE,10636.5,1039.67,6169.38,6.57803e+06
2020-06-02 03:00:00,zBIq5rxdHJRwDNY,0,0,0,6.46903e+06
2020-05-25 23:45:00,rGa61gmuvPhdLxV,0,0,8807,7.1921e+06
2020-06-15 12:45:00,adLQvlD726eNBSB,6678.29,654.1,4451.71,6.50954e+06
2020-05-28 03:15:00,iCRJl6heRkivqQ3,0,0,0,7.27469e+06
2020-06-03 03:45:00,zBIq5rxdHJRwDNY,0,0,0,6.47645e+06
2020-06-12 06:00:00,YxYtjZvoooNbGkE,0,0,0,7.38528e+06
2020-05-15 21:30:00,rGa61gmuvPhdLxV,0,0,6373,7.11787e+06
2020-06-03 01:15:00,uHbuxQJl8lW7ozc,0,0,0,7.1784e+06
2020-05-26 16:00:00,1BY6WEcLGh8j5v7,4117.43,403.871,6856.29,6.34306e+06
2020-06-05 01:15:00,McdE0feGgRqW7Ca,0,0,0,7.31676e+06
2020-05-23 07:30:00,sjndEbLyjtCKgGv,3197.62,314.3,145.5,7.07311e+06
2020-06-04 14:00:00,rGa61gmuvPhdLxV,9387.71,916.886,5637.71,7.26277e+06
2020-06-11 17:15:00,zVJPv84UY57bAof,1911.71,187.386,5563.86,7.32258e+06
2020-06-10 11:30:00,iCRJl6heRkivqQ3,9208.12,899.638,2515.62,7.37574e+06
2020-05-30 04:15:00,3PZuoBAID5Wc2HD,0,0,0,7.10219e+06
2020-05-15 07:45:00,adLQvlD726eNBSB,2176.86,213.429,237.714,6.27159e+06
2020-05-19 07:15:00,wCURE6d3bPkepu2,2659.75,260.875,114.5,6.80851e+06
2020-06-17 13:30:00,sjndEbLyjtCKgGv,9694.38,947.812,4245,7.26004e+06
2020-06-10 05:15:00,sjndEbLyjtCKgGv,0,0,0,7.2091e+06
2020-05-15 17:45:00,rGa61gmuvPhdLxV,520.75,50.375,6356.12,7.11785e+06
2020-06-06 09:30:00,ZnxXDlPa8U1GXgE,8359.12,817.85,1336.38,6.68804e+06
2020-06-15 09:15:00,7JYdWkrLSPkdwr4,9254.29,904.914,1316.71,7.82947e+06
2020-05-27 16:45:00,z9Y9gH1T5YWrNuG,2881.57,282.757,6517.57,7.1037e+06
2020-05-27 01:30:00,adLQvlD726eNBSB,0,0,0,6.36352e+06
2020-05-31 20:30:00,pkci93gMrogZuBj,0,0,5915,7.29479e+06
2020-06-14 09:45:00,1IF53ai7Xc0U56Y,8314.14,813.657,1487.14,6.40837e+06
2020-06-08 14:30:00,VHMLBKoKgIrUVDU,11387,1111.94,6561.86,7.39277e+06
2020-05-31 18:00:00,VHMLBKoKgIrUVDU,682.286,66.1143,6061.43,7.33439e+06
2020-05-15 05:30:00,1IF53ai7Xc0U56Y,0,0,0,6.18364e+06
2020-06-12 18:00:00,zVJPv84UY57bAof,821.571,79.7143,5843,7.32853e+06
2020-06-17 19:15:00,7JYdWkrLSPkdwr4,0,0,5856,7.84682e+06
2020-05-16 11:00:00,uHbuxQJl8lW7ozc,7768.5,760.362,2236.38,7.0473e+06
2020-06-09 04:30:00,7JYdWkrLSPkdwr4,0,0,0,7.78679e+06
2020-06-09 22:00:00,uHbuxQJl8lW7ozc,0,0,8309,7.23386e+06
2020-05-21 17:00:00,3PZuoBAID5Wc2HD,1082.88,105.263,7743.88,7.03724e+06
2020-05-18 15:15:00,zVJPv84UY57bAof,8128.88,795.6,4352.12,7.14037e+06
2020-06-07 22:45:00,zVJPv84UY57bAof,0,0,8260,7.29379e+06
2020-05-22 02:45:00,YxYtjZvoooNbGkE,0,0,0,7.22903e+06
2020-06-10 17:30:00,VHMLBKoKgIrUVDU,1491.8,145.64,6413.8,7.40923e+06
2020-05-15 07:30:00,McdE0feGgRqW7Ca,2023.38,198.363,181.125,7.15915e+06
2020-06-16 01:30:00,1BY6WEcLGh8j5v7,0,0,0,6.47395e+06
2020-06-03 08:45:00,pkci93gMrogZuBj,5139.14,503.814,668,7.30832e+06
2020-06-09 09:00:00,uHbuxQJl8lW7ozc,8435.86,825.5,1065.14,7.22662e+06
2020-05-22 04:00:00,adLQvlD726eNBSB,0,0,0,6.32157e+06
2020-05-31 03:30:00,sjndEbLyjtCKgGv,0,0,0,7.13626e+06
2020-06-15 02:45:00,1BY6WEcLGh8j5v7,0,0,0,6.46768e+06
2020-05-16 19:00:00,ih0vzX44oOqAx2f,0,0,6450,6.19781e+06
2020-06-07 20:00:00,zVJPv84UY57bAof,0,0,8260,7.29379e+06
2020-06-03 17:00:00,7JYdWkrLSPkdwr4,5166.57,506.571,7528.14,7.7484e+06
2020-06-06 09:15:00,pkci93gMrogZuBj,5075.88,497.7,1123,7.33261e+06
2020-06-08 15:45:00,pkci93gMrogZuBj,6767.88,662.413,7545.12,7.35368e+06
2020-06-01 07:30:00,uHbuxQJl8lW7ozc,4151.38,407.837,249.25,7.1656e+06
2020-06-08 01:45:00,uHbuxQJl8lW7ozc,0,0,0,7.21715e+06
2020-05-26 07:45:00,z9Y9gH1T5YWrNuG,4141.75,406.875,295,7.08974e+06
2020-05-24 08:15:00,z9Y9gH1T5YWrNuG,5394.62,528.712,509.375,7.07327e+06
2020-05-23 16:15:00,z9Y9gH1T5YWrNuG,5630.43,551.9,7944,7.07216e+06
2020-06-14 06:15:00,rGa61gmuvPhdLxV,322.75,31.2,4.125,7.33067e+06
2020-05-23 12:45:00,3PZuoBAID5Wc2HD,9289.71,908.671,5023.14,7.04964e+06
2020-06-15 17:30:00,ih0vzX44oOqAx2f,1410.14,137.371,6496.57,6.41418e+06
2020-05-20 02:00:00,bvBOhCH3iADSZry,0,0,0,6.34691e+06
2020-05-31 00:15:00,zVJPv84UY57bAof,0,0,0,7.23598e+06
2020-06-14 21:45:00,sjndEbLyjtCKgGv,0,0,7307,7.24281e+06
2020-06-12 18:00:00,uHbuxQJl8lW7ozc,835.286,81.0571,5868,7.25207e+06
2020-06-08 02:45:00,adLQvlD726eNBSB,0,0,0,6.45338e+06
2020-05-15 12:15:00,adLQvlD726eNBSB,9022.75,881.938,2949,6.2743e+06
2020-06-16 01:45:00,ih0vzX44oOqAx2f,0,0,0,6.41425e+06
2020-05-30 19:15:00,wCURE6d3bPkepu2,0,0,7278,6.90316e+06
2020-05-28 19:45:00,ZnxXDlPa8U1GXgE,0,0,8540,6.62792e+06
2020-05-21 13:15:00,YxYtjZvoooNbGkE,13008.4,1268.46,5096.71,7.22639e+06
2020-06-14 10:00:00,zBIq5rxdHJRwDNY,8587,840.212,1636,6.55946e+06
2020-06-11 10:00:00,ZoEaEvLYb1n2sOq,5094.38,499.413,921.375,7.29699e+06
2020-06-12 08:45:00,zBIq5rxdHJRwDNY,4172.88,409.837,373,6.54392e+06
2020-05-16 09:30:00,ih0vzX44oOqAx2f,5785.57,566.986,1151.86,6.19251e+06
2020-05-29 22:45:00,WRmjgnKYAwPKWDb,0,0,8038,7.1409e+06
2020-05-19 18:00:00,bvBOhCH3iADSZry,0,0,6369,6.34691e+06
2020-05-20 12:15:00,zBIq5rxdHJRwDNY,12880.9,1255.89,4490.43,6.37646e+06
2020-05-15 15:00:00,z9Y9gH1T5YWrNuG,9010.5,881.425,5246.38,7.01311e+06
2020-05-23 14:45:00,1IF53ai7Xc0U56Y,7205.62,705.6,7038.75,6.24757e+06
2020-06-14 07:00:00,iCRJl6heRkivqQ3,2030.71,199.071,72.1429,7.39993e+06
2020-06-11 15:15:00,zBIq5rxdHJRwDNY,6548.57,641.543,4643.29,6.54255e+06
2020-06-07 05:15:00,bvBOhCH3iADSZry,0,0,0,6.47312e+06
2020-06-06 13:00:00,WRmjgnKYAwPKWDb,12645.4,1233.39,4388.57,7.19466e+06
2020-06-05 13:45:00,zVJPv84UY57bAof,12596.4,1228.6,4925.57,7.2762e+06
2020-05-23 04:15:00,WRmjgnKYAwPKWDb,0,0,0,7.0846e+06
2020-05-25 21:30:00,ih0vzX44oOqAx2f,0,0,8085,6.26458e+06
2020-06-10 14:30:00,wCURE6d3bPkepu2,5905,578.243,5413.71,6.98139e+06
2020-06-17 03:15:00,WRmjgnKYAwPKWDb,0,0,0,7.26758e+06
2020-05-25 06:45:00,adLQvlD726eNBSB,1350,131.514,44.8571,6.34618e+06
2020-05-21 21:30:00,pkci93gMrogZuBj,0,0,7778,7.21798e+06
2020-05-27 04:15:00,7JYdWkrLSPkdwr4,0,0,0,7.69191e+06
2020-05-18 21:45:00,ZnxXDlPa8U1GXgE,0,0,5424,6.54816e+06
2020-05-18 07:00:00,McdE0feGgRqW7Ca,1737.71,170.114,78.4286,7.17971e+06
2020-06-14 00:00:00,wCURE6d3bPkepu2,0,0,0,7.00237e+06
2020-06-09 23:45:00,1BY6WEcLGh8j5v7,0,0,7456,6.43907e+06
2020-06-05 12:15:00,3PZuoBAID5Wc2HD,4041.12,396.938,3844.88,7.14855e+06
2020-06-02 15:15:00,3PZuoBAID5Wc2HD,5348.29,524.257,6381.29,7.12765e+06
2020-05-18 08:45:00,ZnxXDlPa8U1GXgE,1962.62,192.387,427.125,6.54317e+06
2020-06-01 00:45:00,zBIq5rxdHJRwDNY,0,0,0,6.46324e+06
2020-05-24 21:30:00,wCURE6d3bPkepu2,0,0,7961,6.85579e+06
2020-06-09 18:45:00,1BY6WEcLGh8j5v7,0,0,7456,6.43907e+06
2020-06-04 15:00:00,7JYdWkrLSPkdwr4,11183.5,1091.95,6379.75,7.755e+06
2020-05-25 07:30:00,1BY6WEcLGh8j5v7,2375.86,232.971,178.857,6.32812e+06
2020-05-27 11:15:00,adLQvlD726eNBSB,12114,1181.56,2848.57,6.36636e+06
2020-05-30 22:30:00,VHMLBKoKgIrUVDU,0,0,7270,7.32833e+06
2020-05-30 17:45:00,7JYdWkrLSPkdwr4,994.375,96.625,7108.38,7.72194e+06
2020-05-29 21:45:00,uHbuxQJl8lW7ozc,0,0,0,7.15193e+06
2020-06-15 09:30:00,VHMLBKoKgIrUVDU,8977,877.775,1569.62,7.43862e+06
2020-05-30 21:15:00,pkci93gMrogZuBj,0,0,7341,7.28888e+06
2020-05-25 15:15:00,adLQvlD726eNBSB,9078.43,888.114,8157.86,6.35429e+06
2020-06-01 01:30:00,zVJPv84UY57bAof,0,0,0,7.24202e+06
2020-05-19 09:00:00,VHMLBKoKgIrUVDU,6319.71,619.086,683,7.23324e+06
2020-05-23 00:30:00,7JYdWkrLSPkdwr4,0,0,0,7.65877e+06
2020-05-28 07:45:00,YxYtjZvoooNbGkE,4170.71,409.7,301.571,7.27633e+06
2020-05-30 03:00:00,1IF53ai7Xc0U56Y,0,0,0,6.29821e+06
2020-06-12 20:00:00,adLQvlD726eNBSB,0,0,5988,6.48872e+06
2020-05-29 09:00:00,zVJPv84UY57bAof,6983.62,683.788,808.25,7.22128e+06
2020-06-16 05:00:00,3PZuoBAID5Wc2HD,0,0,0,7.22504e+06
2020-05-27 06:00:00,1BY6WEcLGh8j5v7,130.286,12.5857,0.285714,6.34367e+06
2020-06-14 12:15:00,uHbuxQJl8lW7ozc,7025.29,688.029,3583.43,7.26411e+06
2020-06-17 09:45:00,McdE0feGgRqW7Ca,5802.25,568.587,1142.88,7.40374e+06
2020-06-12 16:00:00,bvBOhCH3iADSZry,2672.71,262.229,4961.14,6.50937e+06
2020-06-04 04:30:00,1IF53ai7Xc0U56Y,0,0,0,6.33266e+06
2020-06-06 04:00:00,ZoEaEvLYb1n2sOq,0,0,0,7.25908e+06
2020-06-11 06:15:00,1BY6WEcLGh8j5v7,136.714,13.1857,0.857143,6.44498e+06
2020-05-16 08:15:00,1IF53ai7Xc0U56Y,5030.75,493.212,460.75,6.19046e+06
2020-06-16 14:00:00,YxYtjZvoooNbGkE,5970,585.014,4609.14,7.41794e+06
2020-05-15 20:30:00,YxYtjZvoooNbGkE,0,0,6291,7.18626e+06
2020-06-10 17:45:00,zVJPv84UY57bAof,1197,116.414,6531.43,7.31699e+06
2020-05-27 18:15:00,bvBOhCH3iADSZry,109.25,10.5375,6131.12,6.40583e+06
2020-05-17 17:00:00,adLQvlD726eNBSB,2053.86,201.343,7733,6.29218e+06
2020-05-17 22:15:00,1IF53ai7Xc0U56Y,0,0,7759,6.20435e+06
2020-06-04 09:45:00,1IF53ai7Xc0U56Y,6114.12,598.725,1490.12,6.33415e+06
2020-05-21 11:45:00,ih0vzX44oOqAx2f,11864.9,1157.26,3556.71,6.2295e+06
2020-06-05 16:00:00,zVJPv84UY57bAof,7683.57,752.2,6863.71,7.27814e+06
2020-06-16 00:00:00,z9Y9gH1T5YWrNuG,0,0,959.429,7.23918e+06
2020-06-17 00:30:00,pkci93gMrogZuBj,0,0,0,7.40948e+06
2020-05-20 01:45:00,iCRJl6heRkivqQ3,0,0,0,7.21072e+06
2020-06-03 17:00:00,bvBOhCH3iADSZry,4916.86,482.243,7019.29,6.45251e+06
2020-05-30 18:45:00,rGa61gmuvPhdLxV,0,0,7364,7.23044e+06
2020-06-09 02:15:00,wCURE6d3bPkepu2,0,0,0,6.96797e+06
2020-05-19 10:15:00,sjndEbLyjtCKgGv,8033.25,785.962,1538.38,7.04394e+06
2020-05-29 10:15:00,1BY6WEcLGh8j5v7,11476.5,1119.72,1703,6.35951e+06
2020-05-21 23:45:00,zVJPv84UY57bAof,0,0,7944,7.16512e+06
2020-05-15 01:15:00,pkci93gMrogZuBj,0,0,0,7.1691e+06
2020-06-07 00:30:00,iCRJl6heRkivqQ3,0,0,0,7.34823e+06
2020-05-23 14:15:00,7JYdWkrLSPkdwr4,8019.12,784.925,6478.75,7.66525e+06
2020-06-02 23:15:00,ZnxXDlPa8U1GXgE,0,0,0,6.66297e+06
2020-06-14 03:15:00,VHMLBKoKgIrUVDU,0,0,0,7.42957e+06
2020-05-19 04:15:00,7JYdWkrLSPkdwr4,0,0,0,7.62837e+06
2020-06-10 08:30:00,wCURE6d3bPkepu2,3560.5,350,561.125,6.97654e+06
2020-06-16 18:30:00,7JYdWkrLSPkdwr4,79.2857,7.64286,6165.29,7.84096e+06
2020-05-18 10:15:00,pkci93gMrogZuBj,2244.25,220.05,670,7.18972e+06
2020-06-10 15:30:00,ZnxXDlPa8U1GXgE,4760.29,467.029,5691.43,6.72346e+06
2020-06-11 08:00:00,1IF53ai7Xc0U56Y,2629,257.812,191.25,6.38681e+06
2020-05-17 16:30:00,3PZuoBAID5Wc2HD,4494.14,440.857,7487.29,7.00818e+06
2020-06-06 08:00:00,wCURE6d3bPkepu2,5020.14,492.171,460.429,6.94723e+06
2020-06-08 13:00:00,uHbuxQJl8lW7ozc,8372.25,818.888,5032,7.22218e+06
2020-06-16 17:30:00,z9Y9gH1T5YWrNuG,1446,141.057,6131.86,7.24532e+06
2020-05-21 13:15:00,rGa61gmuvPhdLxV,12710.8,1239.61,5073.25,7.15771e+06
2020-05-22 07:30:00,1BY6WEcLGh8j5v7,4229.38,415.488,239.875,6.30583e+06
2020-06-12 12:00:00,ZnxXDlPa8U1GXgE,10200.4,996.975,2666.75,6.73257e+06
2020-05-26 08:45:00,zVJPv84UY57bAof,7421.88,726.712,859.75,7.19847e+06
2020-05-17 18:00:00,YxYtjZvoooNbGkE,323.25,31.25,7490,7.20022e+06
2020-06-16 15:45:00,3PZuoBAID5Wc2HD,5074,497.663,5766.12,7.23081e+06
2020-06-16 10:45:00,ZoEaEvLYb1n2sOq,9160.43,895.514,2322.57,7.33201e+06
2020-06-16 14:00:00,wCURE6d3bPkepu2,7067.12,692,4651.5,7.0211e+06
2020-06-04 09:00:00,zVJPv84UY57bAof,7398.62,724.188,906.25,7.26396e+06
2020-05-25 09:15:00,z9Y9gH1T5YWrNuG,8993.38,879.837,1197.88,7.08184e+06
2020-06-03 15:45:00,adLQvlD726eNBSB,5152.12,505.15,7233.25,6.42151e+06
2020-06-06 19:15:00,ih0vzX44oOqAx2f,0,0,6197,6.35067e+06
2020-05-30 19:30:00,ZoEaEvLYb1n2sOq,0,0,7248,7.21685e+06
2020-05-30 04:15:00,VHMLBKoKgIrUVDU,0,0,0,7.32106e+06
2020-06-05 16:15:00,1BY6WEcLGh8j5v7,6000.14,587.929,6509,6.41189e+06
2020-06-05 23:30:00,adLQvlD726eNBSB,0,0,0,6.43843e+06
2020-06-04 05:00:00,ZnxXDlPa8U1GXgE,0,0,0,6.67088e+06
2020-05-27 05:15:00,adLQvlD726eNBSB,0,0,0,6.36352e+06
2020-05-31 16:00:00,1IF53ai7Xc0U56Y,3085.71,303.2,5528.57,6.31107e+06
2020-06-10 16:00:00,3PZuoBAID5Wc2HD,4240.12,416.413,6016,7.18994e+06
2020-05-25 21:45:00,z9Y9gH1T5YWrNuG,0,0,8802,7.08944e+06
2020-05-19 15:00:00,1IF53ai7Xc0U56Y,7338.86,718.5,5804,6.21561e+06
2020-05-17 08:45:00,rGa61gmuvPhdLxV,7378.71,722.471,755,7.12485e+06
2020-06-11 01:00:00,pkci93gMrogZuBj,0,0,0,7.36929e+06
2020-05-18 20:00:00,1IF53ai7Xc0U56Y,0,0,5453,6.20981e+06
2020-06-14 17:00:00,1BY6WEcLGh8j5v7,1626.5,159.175,3902.25,6.46757e+06
2020-06-14 22:30:00,3PZuoBAID5Wc2HD,0,0,7504,7.21822e+06
2020-06-12 08:15:00,wCURE6d3bPkepu2,2791.71,273.814,209.143,6.98826e+06
2020-06-17 09:30:00,wCURE6d3bPkepu2,6949.29,680.514,968,7.02369e+06
2020-06-05 15:45:00,pkci93gMrogZuBj,9042.25,884.487,6642.62,7.33033e+06
2020-06-09 05:15:00,McdE0feGgRqW7Ca,0,0,0,7.34678e+06
2020-06-08 12:00:00,wCURE6d3bPkepu2,10536.4,1029.96,4087,6.96361e+06
2020-06-08 13:15:00,z9Y9gH1T5YWrNuG,7950,776.986,5053.29,7.18868e+06
2020-05-29 10:45:00,1BY6WEcLGh8j5v7,10772.2,1052.85,2246.75,6.36006e+06
2020-05-24 07:00:00,iCRJl6heRkivqQ3,1697,166.088,77,7.2433e+06
2020-05-27 15:00:00,1IF53ai7Xc0U56Y,5828.29,571.171,5650.29,6.28029e+06
2020-06-04 02:30:00,wCURE6d3bPkepu2,0,0,0,6.93078e+06
2020-05-21 12:15:00,z9Y9gH1T5YWrNuG,11291.6,1102.06,4158.5,7.05342e+06
2020-06-16 16:45:00,pkci93gMrogZuBj,2258.38,221.425,6053.38,7.40927e+06
2020-05-18 15:30:00,rGa61gmuvPhdLxV,7666.43,750.514,4524.86,7.13606e+06
2020-05-15 17:45:00,iCRJl6heRkivqQ3,519.625,50.275,6401.88,7.18439e+06
2020-05-25 11:15:00,ZnxXDlPa8U1GXgE,12279.3,1197.24,3350.29,6.59911e+06
2020-05-21 21:00:00,iCRJl6heRkivqQ3,0,0,7837,7.22744e+06
2020-06-15 05:15:00,iCRJl6heRkivqQ3,0,0,0,7.40722e+06
2020-05-26 19:45:00,3PZuoBAID5Wc2HD,0,0,0,7.07871e+06
2020-05-27 08:15:00,adLQvlD726eNBSB,6139.86,601.614,563.714,6.36408e+06
2020-06-05 01:00:00,1BY6WEcLGh8j5v7,0,0,0,6.40538e+06
2020-06-06 01:45:00,WRmjgnKYAwPKWDb,0,0,0,7.19027e+06
2020-05-18 19:00:00,bvBOhCH3iADSZry,0,0,4962,6.34054e+06
2020-06-02 16:30:00,1IF53ai7Xc0U56Y,4404.62,432.337,7064.12,6.32451e+06
2020-06-16 23:15:00,sjndEbLyjtCKgGv,0,0,6255,7.25579e+06
2020-05-28 03:00:00,ZnxXDlPa8U1GXgE,0,0,0,6.61938e+06
2020-05-30 23:30:00,zVJPv84UY57bAof,0,0,7290,7.23598e+06
2020-05-29 11:45:00,zBIq5rxdHJRwDNY,12230,1193.11,3379.38,6.44537e+06
2020-06-06 20:30:00,adLQvlD726eNBSB,0,0,6603,6.44503e+06
2020-05-15 06:00:00,ih0vzX44oOqAx2f,50.1667,4.85,0,6.18518e+06
2020-06-14 12:30:00,ZnxXDlPa8U1GXgE,6981.14,683.714,3790.86,6.74813e+06
2020-05-15 16:30:00,1IF53ai7Xc0U56Y,4569,448.438,6064.62,6.18971e+06
2020-05-25 19:15:00,zVJPv84UY57bAof,0,0,8813,7.19761e+06
2020-06-04 21:30:00,ih0vzX44oOqAx2f,0,0,8009,6.33702e+06
2020-06-11 04:15:00,ZnxXDlPa8U1GXgE,0,0,0,6.72421e+06
2020-05-31 16:00:00,wCURE6d3bPkepu2,2978,292.35,5892.75,6.90905e+06
2020-06-17 13:30:00,3PZuoBAID5Wc2HD,10748.4,1049.81,4406,7.23578e+06
2020-06-06 15:00:00,uHbuxQJl8lW7ozc,4236.25,415.85,5867.38,7.20824e+06
2020-06-05 12:00:00,rGa61gmuvPhdLxV,5485.25,537.5,3611.75,7.26896e+06
2020-06-13 23:30:00,ZoEaEvLYb1n2sOq,0,0,8378,7.31576e+06
2020-06-07 09:15:00,bvBOhCH3iADSZry,7714.12,755.163,908,6.47403e+06
2020-06-11 10:15:00,rGa61gmuvPhdLxV,5672.86,555.943,1075.14,7.31184e+06
2020-05-17 04:00:00,sjndEbLyjtCKgGv,0,0,0,7.02961e+06
2020-05-23 14:15:00,z9Y9gH1T5YWrNuG,8319,814.143,6479.86,7.0707e+06
2020-05-20 22:45:00,adLQvlD726eNBSB,0,0,9102,6.31362e+06
2020-05-28 22:00:00,3PZuoBAID5Wc2HD,0,0,8528,7.09398e+06
2020-06-16 04:45:00,sjndEbLyjtCKgGv,0,0,0,7.24954e+06
2020-06-11 17:45:00,wCURE6d3bPkepu2,974.571,94.6714,5615.86,6.98802e+06
2020-05-15 07:00:00,rGa61gmuvPhdLxV,1865.38,182.838,78.5,7.11157e+06
2020-06-12 10:00:00,adLQvlD726eNBSB,5904,578.571,1097.14,6.48383e+06
2020-06-06 00:00:00,1BY6WEcLGh8j5v7,0,0,895.25,6.41254e+06
2020-05-15 20:00:00,rGa61gmuvPhdLxV,0,0,6373,7.11787e+06
2020-06-09 15:00:00,zVJPv84UY57bAof,8499.25,831.6,6769.12,7.30894e+06
2020-05-28 14:30:00,uHbuxQJl8lW7ozc,9318.71,910.571,6627.86,7.14189e+06
2020-05-18 07:30:00,YxYtjZvoooNbGkE,3454,339.371,205.714,7.20043e+06
2020-06-05 21:30:00,bvBOhCH3iADSZry,0,0,7065,6.46725e+06
2020-05-15 14:00:00,ZnxXDlPa8U1GXgE,10347.9,1011.54,4328.71,6.5265e+06
2020-06-06 06:00:00,zBIq5rxdHJRwDNY,123,11.875,0.5,6.5003e+06
2020-05-25 23:15:00,1BY6WEcLGh8j5v7,0,0,8268,6.33621e+06
2020-05-24 22:00:00,uHbuxQJl8lW7ozc,0,0,8106,7.11185e+06
2020-06-11 14:45:00,rGa61gmuvPhdLxV,6907.5,676.413,4295.5,7.31506e+06
2020-05-20 04:30:00,McdE0feGgRqW7Ca,0,0,0,7.1921e+06
2020-05-25 16:30:00,iCRJl6heRkivqQ3,2020,198.014,8716.43,7.25998e+06
2020-05-23 03:15:00,ih0vzX44oOqAx2f,0,0,0,6.24054e+06
2020-05-19 18:00:00,wCURE6d3bPkepu2,0,0,6956,6.81535e+06
2020-06-05 14:45:00,sjndEbLyjtCKgGv,11017.6,1076.42,5870.88,7.17739e+06
2020-05-27 07:45:00,zVJPv84UY57bAof,3956.29,388.729,284.714,7.20567e+06
2020-06-06 09:45:00,iCRJl6heRkivqQ3,7802.5,762.938,1537.75,7.34334e+06
2020-06-06 07:45:00,zBIq5rxdHJRwDNY,4440.43,435.914,348.571,6.50065e+06
2020-06-11 05:00:00,adLQvlD726eNBSB,0,0,0,6.47694e+06
2020-05-26 13:30:00,adLQvlD726eNBSB,9182.71,896.886,5844,6.36114e+06
2020-05-16 12:15:00,zVJPv84UY57bAof,8194.75,801.938,3245,7.12536e+06
2020-06-14 03:45:00,3PZuoBAID5Wc2HD,0,0,0,7.21072e+06
2020-05-29 13:15:00,ih0vzX44oOqAx2f,11161.1,1089.33,5097.12,6.29227e+06
2020-06-12 19:15:00,ZnxXDlPa8U1GXgE,0,0,5883,6.73578e+06
2020-05-18 09:45:00,rGa61gmuvPhdLxV,1495.71,146.043,583.571,7.13212e+06
2020-05-18 01:30:00,z9Y9gH1T5YWrNuG,0,0,0,7.02823e+06
2020-05-31 15:45:00,bvBOhCH3iADSZry,2813.12,275.938,5187.75,6.43287e+06
2020-06-05 05:30:00,1BY6WEcLGh8j5v7,0,0,0,6.40538e+06
2020-05-17 11:15:00,wCURE6d3bPkepu2,13005.7,1268.03,3134.86,6.7986e+06
2020-05-27 19:45:00,sjndEbLyjtCKgGv,0,0,0,7.11256e+06
2020-06-01 08:00:00,ih0vzX44oOqAx2f,5961.25,584.125,484.25,6.30872e+06
2020-06-15 22:45:00,3PZuoBAID5Wc2HD,0,0,6819,7.22504e+06
2020-05-19 22:45:00,WRmjgnKYAwPKWDb,0,0,0,7.06093e+06
2020-05-23 11:15:00,uHbuxQJl8lW7ozc,12710.3,1239.26,3158,7.09841e+06
2020-05-28 07:30:00,wCURE6d3bPkepu2,3294.38,323.712,207.5,6.8794e+06
2020-06-16 10:45:00,uHbuxQJl8lW7ozc,9659.14,943.9,2369.71,7.27711e+06
2020-06-10 16:45:00,zVJPv84UY57bAof,2808,275.788,6325.88,7.31678e+06
2020-05-16 22:15:00,7JYdWkrLSPkdwr4,0,0,6461,7.61554e+06
2020-05-16 07:45:00,VHMLBKoKgIrUVDU,3524.57,346.471,243,7.21291e+06
2020-05-26 00:45:00,YxYtjZvoooNbGkE,0,0,0,7.26146e+06
2020-06-01 23:45:00,3PZuoBAID5Wc2HD,0,0,5965,7.12127e+06
2020-06-03 08:30:00,ih0vzX44oOqAx2f,4459.86,438,548.286,6.32186e+06
2020-05-15 09:45:00,rGa61gmuvPhdLxV,7639.5,747.538,1177,7.11267e+06
2020-05-19 05:30:00,bvBOhCH3iADSZry,0,0,0,6.34054e+06
2020-06-03 13:15:00,WRmjgnKYAwPKWDb,9301.71,909.829,4625,7.17154e+06
2020-05-27 10:30:00,ZnxXDlPa8U1GXgE,9130,892.2,2289.14,6.61494e+06
2020-06-17 17:00:00,3PZuoBAID5Wc2HD,1326.86,129.114,5912.43,7.23729e+06
2020-06-07 13:30:00,rGa61gmuvPhdLxV,11783.6,1149.58,5467.62,7.28497e+06
2020-05-26 17:00:00,7JYdWkrLSPkdwr4,4202,412.186,7784,7.6918e+06
2020-06-13 22:00:00,zVJPv84UY57bAof,0,0,8410,7.33696e+06
2020-06-12 20:45:00,z9Y9gH1T5YWrNuG,0,0,5803,7.21687e+06
2020-05-22 21:30:00,pkci93gMrogZuBj,0,0,0,7.2252e+06
2020-06-12 08:00:00,ih0vzX44oOqAx2f,1777.43,173.871,150.571,6.3867e+06
2020-06-15 19:15:00,uHbuxQJl8lW7ozc,0,0,6906,7.27474e+06
2020-06-11 23:45:00,bvBOhCH3iADSZry,0,0,2598.5,6.50441e+06
2020-05-29 20:00:00,zVJPv84UY57bAof,0,0,0,7.22869e+06
2020-06-07 05:00:00,1IF53ai7Xc0U56Y,0,0,0,6.3551e+06
2020-06-16 17:45:00,zBIq5rxdHJRwDNY,1008.57,97.9857,5681.14,6.57751e+06
2020-05-30 01:30:00,rGa61gmuvPhdLxV,0,0,0,7.22307e+06
2020-06-11 04:45:00,iCRJl6heRkivqQ3,0,0,0,7.37978e+06
2020-06-01 01:30:00,ZnxXDlPa8U1GXgE,0,0,0,6.64952e+06
2020-05-17 09:45:00,zBIq5rxdHJRwDNY,10405.6,1017.21,1531.86,6.35368e+06
2020-06-06 07:30:00,iCRJl6heRkivqQ3,3740.62,367.637,254.75,7.34206e+06
2020-05-26 13:15:00,ZoEaEvLYb1n2sOq,8916.29,871.029,5192.86,7.18411e+06
2020-05-17 19:00:00,iCRJl6heRkivqQ3,0,0,7519,7.19837e+06
2020-06-17 00:00:00,zBIq5rxdHJRwDNY,0,0,714.875,6.57755e+06
2020-05-24 00:15:00,wCURE6d3bPkepu2,0,0,0,6.84783e+06
2020-05-18 06:00:00,ih0vzX44oOqAx2f,90.625,8.725,0.625,6.2052e+06
2020-05-17 21:15:00,z9Y9gH1T5YWrNuG,0,0,7486,7.02823e+06
2020-06-03 14:45:00,iCRJl6heRkivqQ3,9831.57,961.043,6146.43,7.32396e+06
2020-06-15 10:15:00,zBIq5rxdHJRwDNY,12069.7,1177.11,2181.57,6.56732e+06
2020-05-24 14:45:00,1IF53ai7Xc0U56Y,9155.14,895.314,6947.29,6.25615e+06
2020-05-27 12:15:00,3PZuoBAID5Wc2HD,6912.43,676.514,3886.14,7.0826e+06
2020-06-10 06:30:00,uHbuxQJl8lW7ozc,826.5,80.2,21.125,7.23388e+06
2020-05-17 21:15:00,iCRJl6heRkivqQ3,0,0,7519,7.19837e+06
2020-06-08 13:00:00,zBIq5rxdHJRwDNY,9987.5,975.575,4988.88,6.5199e+06
2020-06-07 18:00:00,pkci93gMrogZuBj,698.25,67.7,8197,7.34612e+06
2020-06-10 19:45:00,iCRJl6heRkivqQ3,0,0,6559,7.37978e+06
2020-06-15 15:15:00,ZoEaEvLYb1n2sOq,6636.71,650,5779.86,7.32883e+06
2020-06-10 12:45:00,uHbuxQJl8lW7ozc,11394.9,1111.86,3993.5,7.23786e+06
2020-06-14 17:15:00,wCURE6d3bPkepu2,1650.14,161.7,7253.14,7.00962e+06
2020-05-23 07:15:00,wCURE6d3bPkepu2,2119.14,207.6,78.2857,6.8393e+06
2020-06-13 00:30:00,ih0vzX44oOqAx2f,0,0,0,6.39226e+06
2020-06-01 03:45:00,zBIq5rxdHJRwDNY,0,0,0,6.46324e+06
2020-05-16 16:30:00,1IF53ai7Xc0U56Y,2661.57,261.043,6353.14,6.19636e+06
2020-05-23 02:00:00,ih0vzX44oOqAx2f,0,0,0,6.24054e+06
2020-06-12 19:30:00,1IF53ai7Xc0U56Y,0,0,5903,6.39823e+06
2020-05-18 09:00:00,adLQvlD726eNBSB,1814.88,177.887,490.875,6.2928e+06
2020-05-25 00:30:00,ZnxXDlPa8U1GXgE,0,0,0,6.59576e+06
2020-06-12 02:15:00,3PZuoBAID5Wc2HD,0,0,0,7.19619e+06
2020-06-16 18:15:00,ZnxXDlPa8U1GXgE,361.5,34.925,6298.12,6.7648e+06
2020-06-09 21:00:00,ih0vzX44oOqAx2f,0,0,7846,6.37476e+06
2020-06-01 23:00:00,adLQvlD726eNBSB,0,0,6127,6.40683e+06
2020-06-03 13:30:00,ZoEaEvLYb1n2sOq,10016.6,978.938,4790.75,7.24052e+06
2020-05-25 18:15:00,1IF53ai7Xc0U56Y,230.75,22.275,9044.5,6.26652e+06
2020-06-16 08:45:00,1BY6WEcLGh8j5v7,5562.57,545.171,701.857,6.47465e+06
2020-05-21 22:45:00,sjndEbLyjtCKgGv,0,0,7825,7.06589e+06
2020-06-07 23:30:00,pkci93gMrogZuBj,0,0,8214,7.34613e+06
2020-05-31 03:15:00,3PZuoBAID5Wc2HD,0,0,0,7.10949e+06
2020-05-18 21:45:00,7JYdWkrLSPkdwr4,0,0,5309,7.62837e+06
2020-06-01 04:15:00,YxYtjZvoooNbGkE,0,0,0,7.30574e+06
2020-05-18 02:30:00,rGa61gmuvPhdLxV,0,0,0,7.13154e+06
2020-06-08 20:45:00,wCURE6d3bPkepu2,0,0,8443,6.96797e+06
2020-06-01 13:00:00,zBIq5rxdHJRwDNY,6983.5,683.475,4224.5,6.46746e+06
2020-06-05 22:30:00,ZoEaEvLYb1n2sOq,0,0,7535,7.25908e+06
2020-06-14 21:30:00,wCURE6d3bPkepu2,0,0,7329,7.0097e+06
2020-06-16 18:15:00,WRmjgnKYAwPKWDb,355.857,34.3857,6257.57,7.26757e+06
2020-06-10 13:30:00,1IF53ai7Xc0U56Y,11871.7,1158.01,4696.86,6.38472e+06
2020-06-02 06:15:00,wCURE6d3bPkepu2,404.125,39.1,6.375,6.91535e+06
2020-06-05 00:30:00,zBIq5rxdHJRwDNY,0,0,0,6.49258e+06
2020-05-19 03:00:00,z9Y9gH1T5YWrNuG,0,0,0,7.03357e+06
2020-06-13 11:15:00,iCRJl6heRkivqQ3,13036.2,1271.01,3184.75,7.39454e+06
2020-06-07 09:45:00,McdE0feGgRqW7Ca,6264.57,613.771,1356.71,7.33252e+06
2020-06-01 16:00:00,iCRJl6heRkivqQ3,1680.14,164.4,5516.29,7.31008e+06
2020-06-10 12:15:00,YxYtjZvoooNbGkE,9929.43,969.743,3275.29,7.37654e+06
2020-05-24 06:45:00,ZoEaEvLYb1n2sOq,1141.38,111,42.25,7.16223e+06
2020-06-12 03:00:00,zVJPv84UY57bAof,0,0,0,7.32269e+06
2020-05-17 19:30:00,uHbuxQJl8lW7ozc,0,0,7454,7.05879e+06
2020-05-31 12:15:00,zVJPv84UY57bAof,8675.14,847.886,3544.43,7.23952e+06
2020-06-02 10:15:00,iCRJl6heRkivqQ3,7201.62,705.087,2146,7.31249e+06
2020-05-17 05:45:00,pkci93gMrogZuBj,0,0,0,7.18165e+06
2020-05-29 08:15:00,zBIq5rxdHJRwDNY,4004.43,393.429,396.571,6.44239e+06
2020-06-02 19:15:00,pkci93gMrogZuBj,0,0,7350,7.30765e+06
2020-05-20 12:15:00,WRmjgnKYAwPKWDb,12787.9,1246.81,4546.86,7.06548e+06
2020-05-19 04:30:00,rGa61gmuvPhdLxV,0,0,0,7.1369e+06
2020-06-06 14:15:00,3PZuoBAID5Wc2HD,10143.9,990.729,5558.71,7.15804e+06
2020-06-10 09:45:00,z9Y9gH1T5YWrNuG,5890.29,577.171,1423.29,7.20048e+06
2020-05-15 07:30:00,z9Y9gH1T5YWrNuG,2025.86,198.6,176.714,7.00804e+06
2020-05-30 12:15:00,sjndEbLyjtCKgGv,9229.29,902.3,2860.43,7.13189e+06
2020-05-15 09:30:00,ih0vzX44oOqAx2f,3395.86,333.271,1001.86,6.1862e+06
2020-05-25 12:45:00,ZnxXDlPa8U1GXgE,12602.9,1228.79,5206.14,6.60096e+06
2020-06-03 11:45:00,ih0vzX44oOqAx2f,13162.4,1283.69,2947.57,6.32426e+06
2020-06-13 03:15:00,z9Y9gH1T5YWrNuG,0,0,0,7.21687e+06
2020-05-29 10:00:00,bvBOhCH3iADSZry,7704.57,754.129,1432.57,6.41502e+06
2020-05-30 01:45:00,zBIq5rxdHJRwDNY,0,0,0,6.4499e+06
2020-06-16 18:15:00,rGa61gmuvPhdLxV,346,33.4429,6237.29,7.35094e+06
2020-06-03 16:00:00,rGa61gmuvPhdLxV,5166,506.65,7137.88,7.25647e+06
2020-06-15 03:30:00,1BY6WEcLGh8j5v7,0,0,0,6.46768e+06
2020-06-12 11:00:00,1BY6WEcLGh8j5v7,5800.88,568.45,1626.38,6.45186e+06
2020-06-07 10:00:00,ZnxXDlPa8U1GXgE,6693.71,655.629,1511.14,6.69457e+06
2020-06-09 17:45:00,ZoEaEvLYb1n2sOq,1427.71,139.343,7905.71,7.28963e+06
2020-06-02 05:30:00,wCURE6d3bPkepu2,0,0,0,6.91534e+06
2020-05-19 20:00:00,ih0vzX44oOqAx2f,0,0,6790,6.21728e+06
2020-05-30 04:00:00,ZnxXDlPa8U1GXgE,0,0,0,6.63607e+06
2020-05-30 19:30:00,YxYtjZvoooNbGkE,0,0,7266,7.29977e+06
2020-06-04 05:30:00,zBIq5rxdHJRwDNY,0,0,0,6.48434e+06
2020-06-10 15:00:00,iCRJl6heRkivqQ3,2152.43,210.943,5636.86,7.37886e+06
2020-06-08 06:15:00,iCRJl6heRkivqQ3,463,44.7857,6.85714,7.35652e+06
2020-05-20 09:30:00,iCRJl6heRkivqQ3,8720.5,853.237,1434.12,7.21215e+06
2020-06-04 00:30:00,ih0vzX44oOqAx2f,0,0,0,6.32901e+06
2020-05-26 01:00:00,ZnxXDlPa8U1GXgE,0,0,0,6.60467e+06
2020-05-23 15:30:00,1BY6WEcLGh8j5v7,8194,801.962,6934.5,6.31937e+06
2020-06-16 04:00:00,uHbuxQJl8lW7ozc,0,0,0,7.27474e+06
2020-06-12 05:30:00,7JYdWkrLSPkdwr4,0,0,0,7.80666e+06
2020-06-07 20:15:00,ih0vzX44oOqAx2f,0,0,8019,6.35869e+06
2020-06-08 02:15:00,zBIq5rxdHJRwDNY,0,0,0,6.51491e+06
2020-06-08 15:00:00,ih0vzX44oOqAx2f,9293.38,908.837,6804.38,6.3655e+06
2020-06-01 12:30:00,adLQvlD726eNBSB,7317.29,715.9,4257.29,6.40496e+06
2020-05-31 21:45:00,1IF53ai7Xc0U56Y,0,0,5889,6.31143e+06
2020-05-25 07:15:00,1IF53ai7Xc0U56Y,2757,270.543,141.143,6.25762e+06
2020-06-12 19:30:00,McdE0feGgRqW7Ca,0,0,5955,7.37333e+06
2020-06-07 14:30:00,1BY6WEcLGh8j5v7,0,0,3823,6.4223e+06
2020-06-10 23:15:00,McdE0feGgRqW7Ca,0,0,6606,7.36162e+06
2020-05-25 17:00:00,ih0vzX44oOqAx2f,1127.57,109.614,8002.14,6.2645e+06
2020-06-04 04:00:00,ih0vzX44oOqAx2f,0,0,0,6.32901e+06
2020-05-29 21:15:00,3PZuoBAID5Wc2HD,0,0,8210,7.10219e+06
2020-05-17 23:15:00,bvBOhCH3iADSZry,0,0,6928,6.33558e+06
2020-05-20 05:15:00,rGa61gmuvPhdLxV,0,0,0,7.14381e+06
2020-06-01 12:45:00,McdE0feGgRqW7Ca,3958.75,388.875,4250,7.29101e+06
2020-06-17 03:30:00,3PZuoBAID5Wc2HD,0,0,0,7.23137e+06
2020-06-10 01:15:00,ZoEaEvLYb1n2sOq,0,0,0,7.28968e+06
2020-05-22 11:30:00,sjndEbLyjtCKgGv,12280.9,1197.8,2605,7.06849e+06
2020-06-11 15:15:00,7JYdWkrLSPkdwr4,6008.57,588.814,4598.86,7.80569e+06
2020-05-27 09:30:00,McdE0feGgRqW7Ca,8906.14,871.057,1455.86,7.25102e+06
2020-05-22 07:15:00,ih0vzX44oOqAx2f,3465.29,340.429,142.857,6.23369e+06
2020-06-12 21:00:00,iCRJl6heRkivqQ3,0,0,5888,7.39136e+06
2020-05-15 22:15:00,pkci93gMrogZuBj,0,0,6375,7.17548e+06
2020-05-26 18:45:00,ih0vzX44oOqAx2f,0,0,0,6.27229e+06
2020-05-20 20:00:00,uHbuxQJl8lW7ozc,0,0,8913,7.08011e+06
2020-06-06 13:45:00,z9Y9gH1T5YWrNuG,10682.1,1042.81,4900.71,7.1759e+06
2020-05-27 17:30:00,7JYdWkrLSPkdwr4,934.125,90.725,6602.12,7.69851e+06
2020-06-09 22:30:00,adLQvlD726eNBSB,0,0,8273,6.47028e+06
2020-06-14 03:15:00,adLQvlD726eNBSB,0,0,0,6.4975e+06
2020-06-03 05:30:00,pkci93gMrogZuBj,0,0,0,7.30765e+06
2020-06-06 17:30:00,pkci93gMrogZuBj,456.143,44.1286,6417,7.3379e+06
2020-05-17 13:45:00,zBIq5rxdHJRwDNY,8439.62,824.987,5344.25,6.35749e+06
2020-06-04 22:30:00,ih0vzX44oOqAx2f,0,0,8009,6.33702e+06
2020-05-24 10:15:00,sjndEbLyjtCKgGv,7657.88,749.15,1796.38,7.08325e+06
2020-06-02 19:30:00,ZnxXDlPa8U1GXgE,0,0,0,6.66297e+06
2020-05-27 02:45:00,VHMLBKoKgIrUVDU,0,0,0,7.29762e+06
2020-05-26 15:45:00,rGa61gmuvPhdLxV,7817.62,765.237,6914.75,7.19902e+06
2020-05-20 05:45:00,McdE0feGgRqW7Ca,0,0,0,7.1921e+06
2020-05-17 03:30:00,sjndEbLyjtCKgGv,0,0,0,7.02961e+06
2020-05-31 20:15:00,7JYdWkrLSPkdwr4,0,0,5843,7.72782e+06
2020-05-20 03:45:00,YxYtjZvoooNbGkE,0,0,0,7.21248e+06
2020-05-29 14:45:00,McdE0feGgRqW7Ca,8706.25,851.837,6706.62,7.27166e+06
2020-06-03 10:15:00,1BY6WEcLGh8j5v7,5642.71,553.043,1454.57,6.39192e+06
2020-06-05 13:30:00,ih0vzX44oOqAx2f,9697.75,947.275,4357.38,6.34138e+06
2020-06-05 04:00:00,WRmjgnKYAwPKWDb,0,0,0,7.18266e+06
2020-06-04 09:15:00,pkci93gMrogZuBj,6582.14,644.514,1046.29,7.31648e+06
2020-05-21 21:30:00,iCRJl6heRkivqQ3,0,0,7837,7.22744e+06
2020-05-29 22:00:00,z9Y9gH1T5YWrNuG,0,0,0,7.12046e+06
2020-06-13 08:00:00,1IF53ai7Xc0U56Y,5572,546.087,446.5,6.39867e+06
2020-06-01 22:45:00,pkci93gMrogZuBj,0,0,5509,7.3003e+06
2020-05-20 06:30:00,pkci93gMrogZuBj,685,66.3429,20.5714,7.20137e+06
2020-06-14 21:15:00,ih0vzX44oOqAx2f,0,0,7165,6.40768e+06
2020-06-05 19:15:00,McdE0feGgRqW7Ca,0,0,7920,7.32468e+06
2020-06-17 09:15:00,7JYdWkrLSPkdwr4,5449.5,534.125,819,7.84178e+06
2020-06-14 15:00:00,uHbuxQJl8lW7ozc,7898,772.986,6124.43,7.26666e+06
2020-06-03 04:15:00,wCURE6d3bPkepu2,0,0,0,6.92287e+06
2020-06-16 13:15:00,3PZuoBAID5Wc2HD,7235.29,708.457,4189,7.22923e+06
2020-05-19 21:00:00,YxYtjZvoooNbGkE,0,0,6878,7.21248e+06
2020-05-19 00:45:00,1BY6WEcLGh8j5v7,0,0,0,6.28365e+06
2020-06-07 18:30:00,McdE0feGgRqW7Ca,66,6.3625,7041.38,7.3382e+06
2020-06-01 14:30:00,adLQvlD726eNBSB,5515.14,540.629,5484.71,6.40619e+06
2020-05-23 04:00:00,z9Y9gH1T5YWrNuG,0,0,0,7.06422e+06
2020-06-08 07:45:00,1IF53ai7Xc0U56Y,4108.62,403.363,267.375,6.36361e+06
2020-06-03 03:15:00,rGa61gmuvPhdLxV,0,0,0,7.24933e+06
2020-06-15 06:45:00,VHMLBKoKgIrUVDU,1506.75,147.15,55.125,7.43711e+06
2020-05-19 13:30:00,iCRJl6heRkivqQ3,7613.86,745.371,4354.14,7.20812e+06
2020-06-15 17:30:00,z9Y9gH1T5YWrNuG,1454.38,141.85,6648.38,7.23912e+06
2020-06-15 14:45:00,VHMLBKoKgIrUVDU,7362.38,720.775,5614.75,7.44267e+06
2020-05-23 07:15:00,McdE0feGgRqW7Ca,2146.57,210.329,79.4286,7.21603e+06
2020-05-29 09:15:00,zBIq5rxdHJRwDNY,8708,852.025,955.625,6.44295e+06
2020-06-09 00:45:00,YxYtjZvoooNbGkE,0,0,0,7.36531e+06
2020-05-29 15:15:00,adLQvlD726eNBSB,8120.38,794.763,7173.38,6.38618e+06
2020-06-02 01:30:00,pkci93gMrogZuBj,0,0,0,7.3003e+06
2020-05-23 15:45:00,1IF53ai7Xc0U56Y,7439.62,728.375,7776,6.24831e+06
2020-05-26 16:00:00,ZoEaEvLYb1n2sOq,5325.86,522.2,7104.14,7.18602e+06
2020-06-13 11:45:00,McdE0feGgRqW7Ca,13485.9,1314.9,3851.57,7.37718e+06
2020-06-10 06:45:00,YxYtjZvoooNbGkE,1319.25,128.5,48.125,7.37332e+06
2020-05-23 12:15:00,rGa61gmuvPhdLxV,13567.4,1322.8,3949.57,7.17109e+06
2020-05-27 07:00:00,wCURE6d3bPkepu2,1887.29,184.986,90.1429,6.87258e+06
2020-06-05 15:00:00,sjndEbLyjtCKgGv,9191.71,898.286,6123.86,7.17764e+06
2020-05-15 13:15:00,ZnxXDlPa8U1GXgE,6917.5,677.5,3734.25,6.52591e+06
2020-06-07 11:00:00,ZoEaEvLYb1n2sOq,11128.3,1086.59,2394.57,7.26776e+06
2020-05-15 03:00:00,sjndEbLyjtCKgGv,0,0,0,7.01683e+06
2020-06-13 02:15:00,ZoEaEvLYb1n2sOq,0,0,0,7.30738e+06
2020-06-09 21:15:00,ih0vzX44oOqAx2f,0,0,7846,6.37476e+06
2020-05-25 00:15:00,1IF53ai7Xc0U56Y,0,0,0,6.25748e+06
2020-06-12 06:00:00,McdE0feGgRqW7Ca,0,0,0,7.36737e+06
2020-06-01 09:15:00,sjndEbLyjtCKgGv,5653.62,554.2,1240.88,7.14348e+06
2020-06-04 05:30:00,iCRJl6heRkivqQ3,0,0,0,7.3257e+06
2020-06-04 02:00:00,rGa61gmuvPhdLxV,0,0,0,7.25714e+06
2020-06-10 15:45:00,bvBOhCH3iADSZry,3460.25,340.175,5276.75,6.49862e+06
2020-05-19 16:45:00,YxYtjZvoooNbGkE,3750.43,368.571,6677.71,7.21228e+06
2020-06-13 23:15:00,pkci93gMrogZuBj,0,0,8354,7.38916e+06
2020-06-06 19:00:00,adLQvlD726eNBSB,0,0,6603,6.44503e+06
2020-05-19 03:30:00,VHMLBKoKgIrUVDU,0,0,0,7.23255e+06
2020-06-06 01:15:00,1BY6WEcLGh8j5v7,0,0,0,6.41254e+06
2020-05-19 03:30:00,7JYdWkrLSPkdwr4,0,0,0,7.62837e+06
2020-06-13 07:30:00,zBIq5rxdHJRwDNY,3276,321.925,191.25,6.54958e+06
2020-06-02 23:00:00,VHMLBKoKgIrUVDU,0,0,0,7.34774e+06
2020-05-30 12:00:00,YxYtjZvoooNbGkE,13899.9,1355.23,2552.86,7.29506e+06
2020-05-15 02:15:00,zBIq5rxdHJRwDNY,0,0,0,6.33938e+06
2020-06-15 14:45:00,bvBOhCH3iADSZry,6527.12,639.263,5098.75,6.5267e+06
2020-05-25 15:00:00,adLQvlD726eNBSB,10155.2,992.888,7920.25,6.35405e+06
2020-05-23 14:30:00,zBIq5rxdHJRwDNY,7651.29,749.071,6818.43,6.40263e+06
2020-06-12 23:30:00,VHMLBKoKgIrUVDU,0,0,5903,7.42091e+06
2020-05-15 17:30:00,sjndEbLyjtCKgGv,1196.5,116.6,6313.5,7.02315e+06
2020-06-03 11:45:00,3PZuoBAID5Wc2HD,13494.1,1316.01,3066.71,7.13168e+06
2020-05-31 06:00:00,WRmjgnKYAwPKWDb,108.375,10.4625,0.875,7.14803e+06
2020-05-30 11:45:00,pkci93gMrogZuBj,8519.88,833.312,2288.5,7.28382e+06
2020-05-31 09:45:00,3PZuoBAID5Wc2HD,6195.88,606.95,1178,7.11067e+06
2020-06-16 06:30:00,sjndEbLyjtCKgGv,698.5,67.7,11.875,7.24955e+06
2020-05-22 09:45:00,1IF53ai7Xc0U56Y,5596.75,548.562,1352.88,6.2346e+06
2020-05-28 16:45:00,7JYdWkrLSPkdwr4,3670.57,360.486,8022.43,7.70657e+06
2020-06-05 02:30:00,7JYdWkrLSPkdwr4,0,0,0,7.75662e+06
2020-06-06 16:00:00,ZnxXDlPa8U1GXgE,2680.29,262.857,6154.14,6.69285e+06
2020-05-17 02:15:00,z9Y9gH1T5YWrNuG,0,0,0,7.02074e+06
2020-05-23 15:45:00,z9Y9gH1T5YWrNuG,7574,741.514,7624.57,7.07184e+06
2020-05-16 10:45:00,McdE0feGgRqW7Ca,7467.57,730.843,2139.71,7.16757e+06
2020-06-10 21:15:00,zVJPv84UY57bAof,0,0,6560,7.31702e+06
2020-06-12 14:15:00,7JYdWkrLSPkdwr4,7161.25,701.263,4380.25,7.81104e+06
2020-05-24 06:30:00,1BY6WEcLGh8j5v7,712.857,69.1143,18.5714,6.32042e+06
2020-06-07 07:30:00,1IF53ai7Xc0U56Y,2106,206.471,185.714,6.35528e+06
2020-06-16 23:15:00,rGa61gmuvPhdLxV,0,0,6243,7.35095e+06
2020-05-26 01:45:00,iCRJl6heRkivqQ3,0,0,0,7.26013e+06
2020-05-24 11:00:00,bvBOhCH3iADSZry,10588.2,1033.76,2549.25,6.37932e+06
2020-06-02 17:30:00,McdE0feGgRqW7Ca,935.286,90.8286,7563.29,7.30032e+06
2020-06-07 22:30:00,sjndEbLyjtCKgGv,0,0,6898,7.19255e+06
2020-06-14 11:15:00,pkci93gMrogZuBj,9225.14,902.329,2775.14,7.39194e+06
2020-06-07 09:00:00,ih0vzX44oOqAx2f,9632,941.943,745.571,6.35142e+06
2020-05-16 15:30:00,sjndEbLyjtCKgGv,5062.5,496.312,5856.12,7.02904e+06
2020-05-22 21:30:00,z9Y9gH1T5YWrNuG,0,0,0,7.06422e+06
2020-06-09 12:00:00,ZnxXDlPa8U1GXgE,10064.7,982.929,3953.71,6.71365e+06
2020-06-05 11:30:00,sjndEbLyjtCKgGv,10805,1054.76,3116.86,7.17463e+06
2020-05-15 12:00:00,YxYtjZvoooNbGkE,8245.62,806.375,2745.62,7.18271e+06
2020-05-25 12:45:00,bvBOhCH3iADSZry,11372.9,1111.21,4755.86,6.38897e+06
2020-06-12 19:15:00,iCRJl6heRkivqQ3,0,0,5888,7.39136e+06
2020-06-16 18:45:00,z9Y9gH1T5YWrNuG,0,0,6201,7.24538e+06
2020-05-19 02:00:00,zVJPv84UY57bAof,0,0,0,7.1414e+06
2020-06-09 14:30:00,zVJPv84UY57bAof,9561.38,934.737,6340.25,7.30851e+06
2020-05-30 07:45:00,zBIq5rxdHJRwDNY,2349.86,230.4,229.857,6.45013e+06
2020-06-15 00:45:00,ih0vzX44oOqAx2f,0,0,0,6.40768e+06
2020-06-05 09:00:00,wCURE6d3bPkepu2,7068.25,691.888,869.625,6.93989e+06
2020-05-26 23:15:00,McdE0feGgRqW7Ca,0,0,0,7.24956e+06
2020-06-03 22:45:00,VHMLBKoKgIrUVDU,0,0,7917,7.35566e+06
2020-05-25 21:30:00,z9Y9gH1T5YWrNuG,0,0,8802,7.08944e+06
2020-06-08 14:00:00,zVJPv84UY57bAof,11099.5,1083.26,5942,7.29973e+06
2020-06-06 01:00:00,VHMLBKoKgIrUVDU,0,0,0,7.37155e+06
2020-06-08 12:00:00,YxYtjZvoooNbGkE,10604.3,1036.53,4031.14,7.361e+06
2020-05-22 07:30:00,sjndEbLyjtCKgGv,4358.62,428.113,249.75,7.06614e+06
2020-06-11 01:45:00,sjndEbLyjtCKgGv,0,0,0,7.2156e+06
2020-05-31 20:30:00,7JYdWkrLSPkdwr4,0,0,5843,7.72782e+06
2020-05-27 10:00:00,pkci93gMrogZuBj,6147.67,602.333,1766.67,7.26006e+06
2020-05-18 11:45:00,zVJPv84UY57bAof,6197.86,607.214,1454.86,7.13747e+06
2020-06-08 03:00:00,1IF53ai7Xc0U56Y,0,0,0,6.36334e+06
2020-05-29 10:00:00,7JYdWkrLSPkdwr4,8138.5,796.125,1571.75,7.7084e+06
2020-05-27 21:15:00,uHbuxQJl8lW7ozc,0,0,0,7.13526e+06
2020-05-26 09:15:00,adLQvlD726eNBSB,9363.71,915.9,1384.29,6.35668e+06
2020-05-19 07:30:00,ZoEaEvLYb1n2sOq,2631.75,258.163,178.5,7.12371e+06
2020-05-17 17:30:00,adLQvlD726eNBSB,1407.14,136.957,7816.43,6.29226e+06
2020-06-17 17:15:00,ih0vzX44oOqAx2f,1536.62,150.125,5659.25,6.42603e+06
2020-06-12 06:30:00,1IF53ai7Xc0U56Y,370,35.7714,7.71429,6.39233e+06
2020-05-16 18:00:00,rGa61gmuvPhdLxV,394.5,38.15,6226.25,7.12409e+06
2020-06-01 05:15:00,ih0vzX44oOqAx2f,0,0,0,6.30823e+06
2020-06-01 23:30:00,ZoEaEvLYb1n2sOq,0,0,5796,7.22844e+06
2020-06-05 21:45:00,wCURE6d3bPkepu2,0,0,7748,6.94677e+06
2020-06-06 00:45:00,VHMLBKoKgIrUVDU,0,0,0,7.37155e+06
2020-05-30 03:45:00,sjndEbLyjtCKgGv,0,0,0,7.12903e+06
2020-05-19 02:00:00,sjndEbLyjtCKgGv,0,0,0,7.0424e+06
2020-06-11 14:00:00,z9Y9gH1T5YWrNuG,6612.88,647.725,3636.5,7.2091e+06
2020-05-25 06:00:00,7JYdWkrLSPkdwr4,0,0,0,7.67524e+06
2020-05-18 10:30:00,WRmjgnKYAwPKWDb,3210.86,315.371,741.714,7.04985e+06
2020-05-25 07:00:00,VHMLBKoKgIrUVDU,1830.43,179.429,78.2857,7.28059e+06
2020-05-16 22:15:00,z9Y9gH1T5YWrNuG,0,0,6488,7.02074e+06
2020-05-23 09:00:00,iCRJl6heRkivqQ3,8206,803.125,1023.38,7.23562e+06
2020-06-11 00:30:00,uHbuxQJl8lW7ozc,0,0,0,7.24051e+06
2020-06-04 00:45:00,zVJPv84UY57bAof,0,0,0,7.26305e+06
2020-06-01 07:15:00,zVJPv84UY57bAof,2991.57,293.771,156.857,7.24218e+06
2020-06-17 11:15:00,uHbuxQJl8lW7ozc,8048,787.725,2132.25,7.28317e+06
2020-06-12 16:00:00,rGa61gmuvPhdLxV,2900.86,284.771,5393.43,7.32183e+06
2020-06-13 11:45:00,sjndEbLyjtCKgGv,13397.1,1306.21,3773.57,7.23087e+06
2020-06-17 17:30:00,zBIq5rxdHJRwDNY,1322.2,128.66,5748,6.5833e+06
2020-06-03 17:15:00,zBIq5rxdHJRwDNY,2939.86,288.657,7742.43,6.4842e+06
2020-06-13 06:45:00,ih0vzX44oOqAx2f,1070.86,104.114,37.5714,6.3923e+06
2020-06-14 10:00:00,VHMLBKoKgIrUVDU,8683.14,849.543,1681.86,7.43125e+06
2020-06-13 06:30:00,1BY6WEcLGh8j5v7,568.75,55.0375,16.875,6.4557e+06
2020-06-17 12:30:00,adLQvlD726eNBSB,10537.4,1029.19,3528.12,6.52193e+06
2020-06-17 02:15:00,ih0vzX44oOqAx2f,0,0,0,6.42037e+06
2020-05-22 02:30:00,bvBOhCH3iADSZry,0,0,0,6.36215e+06
2020-05-30 13:45:00,rGa61gmuvPhdLxV,11881.4,1159.27,4493.71,7.22757e+06
2020-05-28 14:30:00,WRmjgnKYAwPKWDb,7373.88,721.5,6716.5,7.13125e+06
2020-06-03 22:30:00,bvBOhCH3iADSZry,0,0,7237,6.45272e+06
2020-05-31 16:45:00,McdE0feGgRqW7Ca,1834.25,179.787,5993.25,7.28656e+06
2020-05-24 13:00:00,1IF53ai7Xc0U56Y,12400.8,1209.08,5111.75,6.25432e+06
2020-06-15 20:00:00,iCRJl6heRkivqQ3,0,0,6777,7.414e+06
2020-05-30 23:30:00,1IF53ai7Xc0U56Y,0,0,7332,6.30554e+06
2020-06-03 02:15:00,sjndEbLyjtCKgGv,0,0,0,7.15545e+06
2020-05-27 20:15:00,rGa61gmuvPhdLxV,0,0,0,7.20655e+06
2020-05-27 08:00:00,z9Y9gH1T5YWrNuG,4393.57,431.2,383.857,7.09757e+06
2020-06-04 22:45:00,ih0vzX44oOqAx2f,0,0,8009,6.33702e+06
2020-05-23 08:45:00,ih0vzX44oOqAx2f,7617.43,745.771,829.429,6.24137e+06
2020-05-16 16:15:00,ZnxXDlPa8U1GXgE,2891.12,283.675,6367.88,6.53484e+06
2020-05-16 12:15:00,1BY6WEcLGh8j5v7,6788.57,664.871,3237.57,6.26855e+06
2020-05-22 01:45:00,zBIq5rxdHJRwDNY,0,0,0,6.3886e+06
2020-05-20 01:00:00,sjndEbLyjtCKgGv,0,0,0,7.04928e+06
2020-05-28 18:15:00,1IF53ai7Xc0U56Y,279.143,26.9714,8491.71,6.28995e+06
2020-05-19 19:30:00,zVJPv84UY57bAof,0,0,6932,7.14834e+06
2020-05-31 20:15:00,YxYtjZvoooNbGkE,0,0,5970,7.30574e+06
2020-06-02 13:00:00,rGa61gmuvPhdLxV,12074.4,1177.79,4337.62,7.24631e+06
2020-05-23 15:15:00,uHbuxQJl8lW7ozc,7567.5,740.737,7182.62,7.10244e+06
2020-06-05 04:15:00,zVJPv84UY57bAof,0,0,0,7.27127e+06
2020-06-17 06:45:00,uHbuxQJl8lW7ozc,473.5,45.95,0,7.28104e+06
2020-06-13 10:15:00,uHbuxQJl8lW7ozc,10673.4,1041.73,2022.43,7.25412e+06
2020-05-18 00:00:00,zBIq5rxdHJRwDNY,0,0,0,6.35966e+06
2020-05-25 07:15:00,sjndEbLyjtCKgGv,2298.38,225.363,122.5,7.08947e+06
2020-05-23 18:15:00,ih0vzX44oOqAx2f,590.5,57.2,8388.38,6.24893e+06
2020-05-17 21:45:00,uHbuxQJl8lW7ozc,0,0,7454,7.05879e+06
2020-06-05 17:30:00,ZnxXDlPa8U1GXgE,3771.86,370.686,7491.71,6.68655e+06
2020-06-05 03:45:00,zBIq5rxdHJRwDNY,0,0,0,6.49258e+06
2020-05-18 09:30:00,rGa61gmuvPhdLxV,1481.5,144.475,548.625,7.13209e+06
2020-05-25 20:00:00,1IF53ai7Xc0U56Y,0,0,9048,6.26653e+06
2020-06-03 13:15:00,McdE0feGgRqW7Ca,10292.3,1006.01,4689.57,7.30505e+06
2020-05-22 22:45:00,rGa61gmuvPhdLxV,0,0,0,7.16714e+06
2020-05-17 11:15:00,iCRJl6heRkivqQ3,13068.9,1274.23,3061.29,7.19391e+06
2020-06-03 19:15:00,rGa61gmuvPhdLxV,0,0,7807,7.25714e+06
2020-05-23 16:15:00,rGa61gmuvPhdLxV,6746.71,660.814,7535,7.17468e+06
2020-06-11 21:45:00,7JYdWkrLSPkdwr4,0,0,5573,7.80666e+06
2020-06-15 15:15:00,WRmjgnKYAwPKWDb,6260,613.157,5866.43,7.26045e+06
2020-06-08 10:30:00,sjndEbLyjtCKgGv,11526.9,1124.61,2447.38,7.195e+06
2020-06-16 13:45:00,YxYtjZvoooNbGkE,6403.5,626.837,4433.38,7.41777e+06
2020-05-15 04:15:00,zBIq5rxdHJRwDNY,0,0,0,6.33938e+06
2020-06-14 15:45:00,3PZuoBAID5Wc2HD,5926.5,580.75,6913.38,7.21763e+06
2020-06-01 08:45:00,rGa61gmuvPhdLxV,7056.29,690.971,911.857,7.23724e+06
2020-05-15 21:45:00,1BY6WEcLGh8j5v7,0,0,5754,6.26531e+06
2020-05-28 02:45:00,bvBOhCH3iADSZry,0,0,0,6.40583e+06
2020-05-18 05:15:00,VHMLBKoKgIrUVDU,0,0,0,7.2271e+06
2020-06-14 02:00:00,bvBOhCH3iADSZry,0,0,0,6.51764e+06
2020-06-13 02:15:00,1IF53ai7Xc0U56Y,0,0,0,6.39823e+06
2020-05-23 01:15:00,1IF53ai7Xc0U56Y,0,0,0,6.24053e+06
2020-05-24 01:45:00,3PZuoBAID5Wc2HD,0,0,0,7.05327e+06
2020-05-19 07:00:00,ZoEaEvLYb1n2sOq,2447.38,240.075,51,7.12358e+06
2020-05-25 19:30:00,zVJPv84UY57bAof,0,0,8813,7.19761e+06
2020-05-26 02:45:00,3PZuoBAID5Wc2HD,0,0,0,7.07064e+06
2020-06-10 18:30:00,ih0vzX44oOqAx2f,0,0,6277,6.38103e+06
2020-06-16 14:15:00,7JYdWkrLSPkdwr4,4222.29,414.571,4709.43,7.83951e+06
2020-06-06 04:15:00,ZnxXDlPa8U1GXgE,0,0,0,6.6867e+06
2020-06-17 14:30:00,adLQvlD726eNBSB,9068.12,886.587,5186.25,6.52358e+06
2020-06-05 19:45:00,WRmjgnKYAwPKWDb,0,0,0,7.19027e+06
2020-05-17 15:15:00,McdE0feGgRqW7Ca,7568.5,740.938,6595.88,7.17862e+06
2020-06-10 18:30:00,rGa61gmuvPhdLxV,0,0,6565,7.31077e+06
2020-06-12 08:00:00,bvBOhCH3iADSZry,1619.86,158.271,140.143,6.50455e+06
2020-06-02 08:30:00,zBIq5rxdHJRwDNY,7908.86,774,625.857,6.46966e+06
2020-06-02 19:30:00,1IF53ai7Xc0U56Y,0,0,0,6.32478e+06
2020-06-14 07:00:00,WRmjgnKYAwPKWDb,1892.43,185.357,71,7.24725e+06
2020-06-06 20:00:00,1IF53ai7Xc0U56Y,0,0,6542,6.3551e+06
2020-05-25 22:15:00,z9Y9gH1T5YWrNuG,0,0,8802,7.08944e+06
2020-05-24 23:45:00,1BY6WEcLGh8j5v7,0,0,7537,6.32794e+06
2020-05-22 06:45:00,1IF53ai7Xc0U56Y,1252.14,121.829,56,6.2333e+06
2020-05-19 04:00:00,sjndEbLyjtCKgGv,0,0,0,7.0424e+06
2020-06-15 20:15:00,YxYtjZvoooNbGkE,0,0,6633,7.41334e+06
2020-06-13 14:30:00,sjndEbLyjtCKgGv,9139.75,893.425,6664.5,7.23377e+06
2020-06-06 18:30:00,bvBOhCH3iADSZry,0,0,5873,6.47312e+06
2020-06-11 10:15:00,sjndEbLyjtCKgGv,5607,549.525,1067.62,7.21667e+06
2020-05-18 08:30:00,McdE0feGgRqW7Ca,1848.25,181.175,383.125,7.18001e+06
2020-05-16 06:00:00,zBIq5rxdHJRwDNY,53.7143,5.18571,0,6.34578e+06
2020-05-25 22:00:00,zBIq5rxdHJRwDNY,0,0,8443,6.4202e+06
2020-06-04 23:45:00,zBIq5rxdHJRwDNY,0,0,0,6.49258e+06
2020-06-04 03:15:00,YxYtjZvoooNbGkE,0,0,0,7.32676e+06
2020-06-03 19:15:00,McdE0feGgRqW7Ca,0,0,8010,7.30837e+06
2020-05-27 21:15:00,bvBOhCH3iADSZry,0,0,6133,6.40583e+06
2020-06-17 01:15:00,iCRJl6heRkivqQ3,0,0,0,7.42031e+06
2020-06-06 05:15:00,7JYdWkrLSPkdwr4,0,0,0,7.76414e+06
2020-06-06 19:45:00,YxYtjZvoooNbGkE,0,0,0,7.34881e+06
2020-06-05 18:45:00,uHbuxQJl8lW7ozc,0,0,7838,7.20237e+06
2020-05-30 18:45:00,bvBOhCH3iADSZry,0,0,6658,6.42768e+06
2020-05-19 01:30:00,YxYtjZvoooNbGkE,0,0,0,7.2056e+06
2020-06-08 19:15:00,ih0vzX44oOqAx2f,0,0,8217,6.36691e+06
2020-05-31 03:30:00,pkci93gMrogZuBj,0,0,0,7.28888e+06
2020-06-09 12:15:00,ih0vzX44oOqAx2f,8825.12,861.962,4112.38,6.37102e+06
2020-05-28 10:45:00,wCURE6d3bPkepu2,9409.62,919.388,2731.25,6.88193e+06
2020-05-19 01:15:00,pkci93gMrogZuBj,0,0,0,7.19441e+06
2020-05-22 07:00:00,iCRJl6heRkivqQ3,1544,150.762,85.75,7.22753e+06
2020-05-30 04:15:00,7JYdWkrLSPkdwr4,0,0,0,7.71484e+06
2020-06-13 08:15:00,ih0vzX44oOqAx2f,6127.12,600.337,536.625,6.3928e+06
2020-05-16 15:15:00,pkci93gMrogZuBj,6089.12,596.575,5465.5,7.18094e+06
2020-05-24 17:15:00,rGa61gmuvPhdLxV,2744.75,269.387,7870.88,7.18316e+06
2020-05-27 01:45:00,ZnxXDlPa8U1GXgE,0,0,0,6.61265e+06
2020-06-17 23:15:00,1IF53ai7Xc0U56Y,0,0,6034,6.43357e+06
2020-05-17 11:15:00,McdE0feGgRqW7Ca,13192.4,1286.27,3153.71,7.17517e+06
2020-06-01 09:30:00,zBIq5rxdHJRwDNY,6289.71,616.2,1407.14,6.46465e+06
2020-06-10 20:30:00,VHMLBKoKgIrUVDU,0,0,6479,7.4093e+06
2020-06-13 03:15:00,YxYtjZvoooNbGkE,0,0,0,7.39106e+06
2020-06-16 08:45:00,z9Y9gH1T5YWrNuG,5847.25,573.013,733,7.23992e+06
2020-05-25 19:00:00,1IF53ai7Xc0U56Y,0,0,9048,6.26653e+06
2020-06-10 05:45:00,ZoEaEvLYb1n2sOq,0,0,0,7.28968e+06
2020-05-23 00:45:00,YxYtjZvoooNbGkE,0,0,0,7.23612e+06
2020-06-16 15:30:00,1IF53ai7Xc0U56Y,6358,622.871,5608.29,6.42682e+06
2020-05-27 22:45:00,YxYtjZvoooNbGkE,0,0,0,7.27603e+06
2020-05-16 15:00:00,ZnxXDlPa8U1GXgE,7420.12,726.538,5793.25,6.53427e+06
2020-05-17 16:15:00,iCRJl6heRkivqQ3,4905.71,481.029,7114.29,7.19796e+06
2020-06-08 07:00:00,WRmjgnKYAwPKWDb,1587.57,155.2,79,7.20476e+06
2020-05-21 20:00:00,McdE0feGgRqW7Ca,0,0,7993,7.20906e+06
2020-05-15 13:15:00,zVJPv84UY57bAof,6664.57,652.8,3405,7.11956e+06
2020-05-22 15:00:00,1IF53ai7Xc0U56Y,9845.75,962.763,6425.38,6.23967e+06
2020-06-05 14:30:00,zVJPv84UY57bAof,11881,1158.99,5643.38,7.27692e+06
2020-06-08 14:30:00,iCRJl6heRkivqQ3,11243.1,1098.05,6526.25,7.36304e+06
2020-05-25 01:00:00,pkci93gMrogZuBj,0,0,0,7.24171e+06
2020-05-18 14:45:00,1BY6WEcLGh8j5v7,5844.29,572.657,3706.14,6.28236e+06
2020-06-07 07:15:00,bvBOhCH3iADSZry,1703.75,166.988,121.5,6.47325e+06
2020-06-04 13:00:00,zVJPv84UY57bAof,10454.6,1021.25,4597.88,7.26765e+06
2020-05-20 01:00:00,rGa61gmuvPhdLxV,0,0,0,7.14381e+06
2020-05-26 19:15:00,VHMLBKoKgIrUVDU,0,0,0,7.29762e+06
2020-06-16 21:00:00,7JYdWkrLSPkdwr4,0,0,6166,7.84096e+06
2020-05-24 02:00:00,7JYdWkrLSPkdwr4,0,0,0,7.66722e+06
2020-05-22 09:00:00,ZoEaEvLYb1n2sOq,5127.43,502.771,852.286,7.14754e+06
2020-05-19 01:45:00,zBIq5rxdHJRwDNY,0,0,0,6.36505e+06
2020-05-19 10:15:00,ZoEaEvLYb1n2sOq,8305.25,812.425,1500.75,7.12503e+06
2020-06-14 08:15:00,ZoEaEvLYb1n2sOq,3450.75,337.671,494.714,7.31626e+06
2020-06-03 22:45:00,YxYtjZvoooNbGkE,0,0,7827,7.32676e+06
2020-05-23 08:45:00,adLQvlD726eNBSB,8170,799.629,887.571,6.32984e+06
2020-05-28 20:00:00,pkci93gMrogZuBj,0,0,8273,7.27326e+06
2020-06-06 22:00:00,pkci93gMrogZuBj,0,0,0,7.33792e+06
2020-06-10 05:30:00,z9Y9gH1T5YWrNuG,0,0,0,7.19905e+06
2020-05-31 00:15:00,McdE0feGgRqW7Ca,0,0,0,7.28056e+06
2020-05-27 14:15:00,VHMLBKoKgIrUVDU,4708.88,462.212,5111,7.30273e+06
2020-06-02 19:45:00,zVJPv84UY57bAof,0,0,7451,7.25522e+06
2020-05-19 14:00:00,7JYdWkrLSPkdwr4,8571.71,838.7,4761.86,7.63313e+06
2020-06-13 17:30:00,1BY6WEcLGh8j5v7,1174.57,114.357,7928,6.46361e+06
2020-05-17 00:15:00,z9Y9gH1T5YWrNuG,0,0,0,7.02074e+06
2020-05-31 04:30:00,1BY6WEcLGh8j5v7,0,0,0,6.37213e+06
2020-05-19 07:00:00,iCRJl6heRkivqQ3,2453.62,240.6,51.125,7.20382e+06
2020-05-23 02:00:00,3PZuoBAID5Wc2HD,0,0,0,7.04462e+06
2020-06-12 10:45:00,sjndEbLyjtCKgGv,6662.86,652.6,1598.29,7.22285e+06
2020-06-16 05:45:00,1BY6WEcLGh8j5v7,0,0,0,6.47395e+06
2020-06-17 16:15:00,z9Y9gH1T5YWrNuG,3422.75,336.15,5549.25,7.25093e+06
2020-05-29 07:15:00,zBIq5rxdHJRwDNY,1874.43,183.714,133.571,6.44213e+06
2020-06-08 20:00:00,ZoEaEvLYb1n2sOq,0,0,8271,7.28172e+06
2020-06-12 09:00:00,zVJPv84UY57bAof,5006,490.771,486.857,7.32317e+06
2020-05-19 15:30:00,bvBOhCH3iADSZry,5947.25,582.812,5562.25,6.3461e+06
2020-06-12 03:00:00,z9Y9gH1T5YWrNuG,0,0,0,7.21106e+06
2020-05-31 11:15:00,YxYtjZvoooNbGkE,9506.57,928.743,2506.71,7.30228e+06
2020-05-16 08:00:00,1BY6WEcLGh8j5v7,3960,389.114,315.286,6.26563e+06
2020-06-15 02:15:00,iCRJl6heRkivqQ3,0,0,0,7.40722e+06
2020-05-15 18:15:00,iCRJl6heRkivqQ3,87.125,8.425,6417,7.18441e+06
2020-06-05 04:30:00,uHbuxQJl8lW7ozc,0,0,0,7.19454e+06
2020-06-10 23:00:00,ih0vzX44oOqAx2f,0,0,6277,6.38103e+06
2020-06-17 11:15:00,YxYtjZvoooNbGkE,7995,782.543,2103.29,7.42166e+06
2020-06-09 23:30:00,adLQvlD726eNBSB,0,0,8273,6.47028e+06
2020-05-23 14:45:00,zVJPv84UY57bAof,7094.25,694.75,6919.5,7.17921e+06
2020-06-16 13:45:00,pkci93gMrogZuBj,6300.88,616.837,4423.12,7.40764e+06
2020-05-25 15:15:00,wCURE6d3bPkepu2,8418.12,823.663,7868.38,6.86366e+06
2020-06-09 05:30:00,iCRJl6heRkivqQ3,0,0,0,7.36496e+06
2020-06-15 13:30:00,sjndEbLyjtCKgGv,3663.29,359.5,4836.14,7.24765e+06
2020-06-01 23:45:00,bvBOhCH3iADSZry,0,0,2689,6.43864e+06
2020-05-27 15:30:00,z9Y9gH1T5YWrNuG,7703.75,754.025,5788.38,7.10297e+06
2020-06-12 16:15:00,3PZuoBAID5Wc2HD,2748.57,269.571,5521.43,7.20171e+06
2020-05-17 06:15:00,ZnxXDlPa8U1GXgE,144.286,13.9286,0.857143,6.53515e+06
2020-05-16 20:45:00,bvBOhCH3iADSZry,0,0,6138,6.32865e+06
2020-06-13 18:30:00,uHbuxQJl8lW7ozc,66.875,6.45,8437,7.26053e+06
2020-05-31 07:45:00,ih0vzX44oOqAx2f,2287.29,224.271,194.571,6.30246e+06
2020-05-15 14:45:00,McdE0feGgRqW7Ca,7507.29,734.129,5143.14,7.16411e+06
2020-06-13 21:00:00,zVJPv84UY57bAof,0,0,8410,7.33696e+06
2020-06-11 19:45:00,wCURE6d3bPkepu2,0,0,5651,6.98805e+06
2020-06-02 19:00:00,7JYdWkrLSPkdwr4,0,0,0,7.74087e+06
2020-06-05 16:00:00,bvBOhCH3iADSZry,6814.12,667.4,6247.38,6.46643e+06
2020-05-31 02:00:00,1IF53ai7Xc0U56Y,0,0,0,6.30554e+06
2020-06-04 11:15:00,z9Y9gH1T5YWrNuG,7706.12,753.938,2906.5,7.15802e+06
2020-06-15 11:30:00,wCURE6d3bPkepu2,9106.5,889.663,3442.62,7.01314e+06
2020-06-04 17:45:00,pkci93gMrogZuBj,1994.29,195.371,8200.86,7.32364e+06
2020-05-29 08:00:00,7JYdWkrLSPkdwr4,3333.5,327.6,324.5,7.70715e+06
2020-06-10 01:45:00,1BY6WEcLGh8j5v7,0,0,0,6.43907e+06
2020-06-02 17:45:00,bvBOhCH3iADSZry,562.143,54.4,6819.43,6.44546e+06
2020-06-11 14:45:00,uHbuxQJl8lW7ozc,6551.38,641.65,4317.25,7.24483e+06
2020-05-16 11:30:00,VHMLBKoKgIrUVDU,6997.14,685.186,2826.43,7.21549e+06
2020-06-04 12:15:00,WRmjgnKYAwPKWDb,12400.7,1209.51,3936,7.17856e+06
2020-05-29 10:00:00,VHMLBKoKgIrUVDU,8442.5,825.737,1597.62,7.31448e+06
2020-06-07 06:00:00,bvBOhCH3iADSZry,55.5714,5.35714,0.285714,6.47312e+06
2020-06-07 09:45:00,ZnxXDlPa8U1GXgE,6287.62,615.987,1346.12,6.6944e+06
2020-06-01 13:45:00,zVJPv84UY57bAof,6940.5,679.617,4816.17,7.24684e+06
2020-06-09 20:15:00,ZoEaEvLYb1n2sOq,0,0,7955,7.28968e+06
2020-05-16 13:15:00,YxYtjZvoooNbGkE,10974,1072.33,4274.12,7.19053e+06
2020-05-26 00:15:00,sjndEbLyjtCKgGv,0,0,0,7.09811e+06
2020-06-17 11:45:00,pkci93gMrogZuBj,11664.4,1138.51,2520.71,7.412e+06
2020-05-31 02:45:00,sjndEbLyjtCKgGv,0,0,0,7.13626e+06
2020-05-24 16:15:00,VHMLBKoKgIrUVDU,4601.62,450.938,7694.75,7.28003e+06
2020-06-14 22:45:00,uHbuxQJl8lW7ozc,0,0,7306,7.26784e+06
2020-05-31 18:45:00,McdE0feGgRqW7Ca,0,0,6195,7.28676e+06
2020-05-30 05:30:00,ZoEaEvLYb1n2sOq,0,0,0,7.2096e+06
2020-05-30 00:00:00,bvBOhCH3iADSZry,0,0,0,6.42102e+06
2020-06-12 04:30:00,wCURE6d3bPkepu2,0,0,0,6.98805e+06
2020-06-09 01:00:00,1BY6WEcLGh8j5v7,0,0,0,6.43161e+06
2020-06-05 18:00:00,VHMLBKoKgIrUVDU,1095.86,106.514,7706.86,7.37153e+06
2020-06-12 07:15:00,YxYtjZvoooNbGkE,1048.25,101.875,64.75,7.38534e+06
2020-06-15 11:15:00,zVJPv84UY57bAof,7787.38,761.712,3209.75,7.34749e+06
2020-05-27 12:15:00,adLQvlD726eNBSB,6861.86,671.571,3966.14,6.36748e+06
2020-05-29 18:15:00,1IF53ai7Xc0U56Y,125.857,12.1143,8251.86,6.29821e+06
2020-06-01 14:30:00,wCURE6d3bPkepu2,4704,461.3,5344.43,6.91475e+06
2020-06-11 15:00:00,adLQvlD726eNBSB,7808.43,764.186,4602,6.48155e+06
2020-06-08 06:45:00,1BY6WEcLGh8j5v7,1026.62,99.775,42.625,6.42379e+06
2020-05-28 04:45:00,McdE0feGgRqW7Ca,0,0,0,7.25639e+06
2020-05-18 01:30:00,1IF53ai7Xc0U56Y,0,0,0,6.20435e+06
2020-05-24 22:30:00,wCURE6d3bPkepu2,0,0,7961,6.85579e+06
2020-06-10 08:45:00,adLQvlD726eNBSB,6958.43,681.5,761,6.47104e+06
2020-06-02 06:30:00,zVJPv84UY57bAof,489,47.2875,17.875,7.24778e+06
2020-06-12 08:45:00,YxYtjZvoooNbGkE,4063.88,399.163,366.75,7.38565e+06
2020-06-11 19:45:00,adLQvlD726eNBSB,0,0,5790,6.48273e+06
2020-06-11 10:30:00,McdE0feGgRqW7Ca,5868,574.986,1228.43,7.36285e+06
2020-06-16 21:00:00,z9Y9gH1T5YWrNuG,0,0,6201,7.24538e+06
2020-06-07 01:45:00,adLQvlD726eNBSB,0,0,0,6.44503e+06
2020-06-14 07:15:00,YxYtjZvoooNbGkE,3145.62,309.038,137,7.39958e+06
2020-06-08 08:45:00,iCRJl6heRkivqQ3,7209.88,706,695.375,7.35721e+06
2020-05-23 20:00:00,pkci93gMrogZuBj,0,0,8475,7.23368e+06
2020-06-11 17:45:00,1IF53ai7Xc0U56Y,1009.86,98.1286,5668.14,6.39229e+06
2020-06-11 14:00:00,1IF53ai7Xc0U56Y,6889,674.686,3723.57,6.39034e+06
2020-06-03 18:15:00,1IF53ai7Xc0U56Y,360.25,34.8125,7869.62,6.33265e+06
2020-05-30 21:15:00,7JYdWkrLSPkdwr4,0,0,7143,7.72198e+06
2020-06-16 10:15:00,1IF53ai7Xc0U56Y,10477,1023.86,1987.14,6.4232e+06
2020-06-03 06:30:00,iCRJl6heRkivqQ3,602.25,58.275,15.375,7.31783e+06
2020-06-09 07:00:00,3PZuoBAID5Wc2HD,2496.43,244.814,106.571,7.17584e+06
2020-05-25 03:30:00,WRmjgnKYAwPKWDb,0,0,0,7.10112e+06
2020-06-06 06:15:00,pkci93gMrogZuBj,404,39.0429,7.71429,7.33149e+06
2020-06-12 15:00:00,ZoEaEvLYb1n2sOq,5586,547.475,4830,7.30646e+06
2020-05-31 07:30:00,sjndEbLyjtCKgGv,1966.57,192.786,141,7.1364e+06
2020-06-15 23:30:00,adLQvlD726eNBSB,0,0,6916,6.512e+06
2020-06-03 11:45:00,bvBOhCH3iADSZry,12762.4,1244.71,2759.43,6.44825e+06
2020-06-13 05:15:00,VHMLBKoKgIrUVDU,0,0,0,7.42091e+06
2020-06-14 03:15:00,YxYtjZvoooNbGkE,0,0,0,7.39944e+06
2020-05-20 01:45:00,WRmjgnKYAwPKWDb,0,0,0,7.06093e+06
2020-05-31 21:45:00,1BY6WEcLGh8j5v7,0,0,5803,6.37793e+06
2020-06-15 10:30:00,ZnxXDlPa8U1GXgE,10166.2,992.237,2515.75,6.75426e+06
2020-06-02 12:45:00,ih0vzX44oOqAx2f,10864.1,1061.19,4074,6.31806e+06
2020-06-06 20:30:00,bvBOhCH3iADSZry,0,0,5873,6.47312e+06
2020-05-28 00:00:00,uHbuxQJl8lW7ozc,0,0,0,7.13526e+06
2020-05-19 15:00:00,ZoEaEvLYb1n2sOq,7153.57,700.4,5630.29,7.12916e+06
2020-06-15 15:45:00,uHbuxQJl8lW7ozc,5995.29,587.314,6336,7.27417e+06
2020-05-27 00:45:00,uHbuxQJl8lW7ozc,0,0,0,7.12854e+06
2020-05-30 00:30:00,1IF53ai7Xc0U56Y,0,0,0,6.29821e+06
2020-06-08 07:15:00,wCURE6d3bPkepu2,1933.38,189.5,120.25,6.95965e+06
2020-06-15 05:30:00,1IF53ai7Xc0U56Y,0,0,0,6.41437e+06
2020-06-13 04:45:00,wCURE6d3bPkepu2,0,0,0,6.99391e+06
2020-06-03 02:45:00,iCRJl6heRkivqQ3,0,0,0,7.31781e+06
2020-05-29 15:00:00,ih0vzX44oOqAx2f,7843,767.714,6620.43,6.29379e+06
2020-06-05 02:45:00,YxYtjZvoooNbGkE,0,0,0,7.33489e+06
2020-05-25 23:45:00,bvBOhCH3iADSZry,0,0,4062,6.39234e+06
2020-06-11 15:00:00,z9Y9gH1T5YWrNuG,7495.88,733.763,4441,7.20991e+06
2020-06-14 07:30:00,ZoEaEvLYb1n2sOq,3090.43,303.514,213.571,7.31598e+06
2020-06-13 22:00:00,bvBOhCH3iADSZry,0,0,7863,6.51764e+06
2020-06-01 03:45:00,wCURE6d3bPkepu2,0,0,0,6.9094e+06
2020-06-17 12:45:00,WRmjgnKYAwPKWDb,9772.14,955.571,3671.29,7.27125e+06
2020-06-04 16:00:00,rGa61gmuvPhdLxV,7972.57,780.357,7339.57,7.26448e+06
2020-06-17 08:15:00,iCRJl6heRkivqQ3,3820.43,375.414,388.571,7.42069e+06
2020-06-11 08:30:00,ZoEaEvLYb1n2sOq,2976.88,292.25,323.625,7.29639e+06
2020-05-26 01:30:00,uHbuxQJl8lW7ozc,0,0,0,7.1207e+06
2020-06-06 20:00:00,z9Y9gH1T5YWrNuG,0,0,0,7.17729e+06
2020-06-02 15:15:00,1IF53ai7Xc0U56Y,5365.86,525.971,6370.57,6.32381e+06
2020-06-06 07:00:00,zBIq5rxdHJRwDNY,2474.5,242.675,90.875,6.50039e+06
2020-05-29 23:30:00,iCRJl6heRkivqQ3,0,0,0,7.29125e+06
2020-06-09 04:30:00,z9Y9gH1T5YWrNuG,0,0,0,7.19142e+06
2020-05-19 20:45:00,pkci93gMrogZuBj,0,0,6938,7.20135e+06
2020-05-15 04:00:00,z9Y9gH1T5YWrNuG,0,0,0,7.00787e+06
2020-05-27 23:30:00,7JYdWkrLSPkdwr4,0,0,6638,7.69855e+06
2020-06-07 11:15:00,bvBOhCH3iADSZry,12502.6,1219.34,2559.57,6.47568e+06
2020-06-02 02:30:00,zVJPv84UY57bAof,0,0,0,7.24777e+06
2020-06-01 01:15:00,ZnxXDlPa8U1GXgE,0,0,0,6.64952e+06
2020-06-07 21:15:00,bvBOhCH3iADSZry,0,0,5169,6.47829e+06
2020-05-17 21:15:00,ZnxXDlPa8U1GXgE,0,0,7586,6.54274e+06
2020-05-21 16:00:00,ZnxXDlPa8U1GXgE,4071.71,399.929,7437.71,6.57148e+06
2020-05-27 15:45:00,adLQvlD726eNBSB,6693,655.5,6163,6.36968e+06
2020-05-30 11:30:00,1BY6WEcLGh8j5v7,8093.86,791.757,1968.57,6.36734e+06
2020-05-15 18:45:00,adLQvlD726eNBSB,0,0,6383,6.27774e+06
2020-06-08 00:00:00,zBIq5rxdHJRwDNY,0,0,1169,6.51491e+06
2020-06-09 04:15:00,wCURE6d3bPkepu2,0,0,0,6.96797e+06
2020-06-01 15:00:00,wCURE6d3bPkepu2,2833.71,278.043,5499.43,6.9149e+06
2020-06-06 01:45:00,iCRJl6heRkivqQ3,0,0,0,7.3418e+06
2020-05-17 06:30:00,McdE0feGgRqW7Ca,464.143,44.9,7.57143,7.17203e+06
2020-06-13 01:00:00,1IF53ai7Xc0U56Y,0,0,0,6.39823e+06
2020-05-27 13:15:00,VHMLBKoKgIrUVDU,5277.12,517.325,4660.25,7.30228e+06
2020-05-30 07:45:00,1BY6WEcLGh8j5v7,2209,216.571,211.714,6.36559e+06
2020-06-15 00:30:00,adLQvlD726eNBSB,0,0,0,6.50509e+06
2020-05-28 02:00:00,rGa61gmuvPhdLxV,0,0,0,7.20655e+06
2020-05-17 22:15:00,ZnxXDlPa8U1GXgE,0,0,7586,6.54274e+06
2020-06-06 05:15:00,rGa61gmuvPhdLxV,0,0,0,7.27309e+06
2020-05-15 06:45:00,pkci93gMrogZuBj,1264.14,123.114,37.1429,7.16914e+06
2020-05-24 02:00:00,bvBOhCH3iADSZry,0,0,0,6.37677e+06
2020-05-24 06:30:00,zBIq5rxdHJRwDNY,723.375,70.1375,20,6.4045e+06
2020-06-14 01:45:00,1IF53ai7Xc0U56Y,0,0,0,6.40688e+06
2020-05-31 15:00:00,ih0vzX44oOqAx2f,2046.62,200.65,5349.75,6.30762e+06
2020-06-13 04:15:00,adLQvlD726eNBSB,0,0,0,6.48872e+06
2020-06-13 06:15:00,z9Y9gH1T5YWrNuG,354.25,34.2375,5.625,7.21687e+06
2020-06-05 01:45:00,zVJPv84UY57bAof,0,0,0,7.27127e+06
2020-06-10 06:45:00,7JYdWkrLSPkdwr4,1383.43,134.8,50.5714,7.79478e+06
2020-05-28 16:15:00,3PZuoBAID5Wc2HD,4771.12,467.562,8075,7.09353e+06
2020-06-12 14:00:00,rGa61gmuvPhdLxV,8925.75,873.2,4249,7.32068e+06
2020-05-17 13:15:00,uHbuxQJl8lW7ozc,5304.62,519.675,4858.12,7.0562e+06
2020-06-17 15:45:00,wCURE6d3bPkepu2,1409.71,137.529,5479,7.0282e+06
2020-05-26 22:15:00,iCRJl6heRkivqQ3,0,0,0,7.268e+06
2020-05-24 18:15:00,zBIq5rxdHJRwDNY,376.286,36.3571,7269.14,6.41175e+06
2020-05-23 15:15:00,pkci93gMrogZuBj,7790.38,762.5,7150.25,7.23235e+06
2020-06-02 02:30:00,1IF53ai7Xc0U56Y,0,0,0,6.31744e+06
2020-05-22 16:30:00,1BY6WEcLGh8j5v7,2107,206.562,6672.88,6.31226e+06
2020-05-19 10:15:00,zVJPv84UY57bAof,8308.12,812.562,1568.75,7.14297e+06
2020-05-31 01:15:00,VHMLBKoKgIrUVDU,0,0,0,7.32833e+06
2020-06-11 02:15:00,iCRJl6heRkivqQ3,0,0,0,7.37978e+06
2020-06-12 00:30:00,7JYdWkrLSPkdwr4,0,0,0,7.80666e+06
2020-06-15 03:00:00,ih0vzX44oOqAx2f,0,0,0,6.40768e+06
2020-06-16 19:00:00,1BY6WEcLGh8j5v7,0,0,5848,6.4798e+06
2020-06-14 13:45:00,ZnxXDlPa8U1GXgE,11747.2,1146.81,4931.25,6.74927e+06
2020-05-19 10:00:00,z9Y9gH1T5YWrNuG,7266.71,710.857,1358.14,7.03493e+06
2020-06-17 12:15:00,7JYdWkrLSPkdwr4,13528.7,1319.04,3093.71,7.84406e+06
2020-06-04 17:15:00,1IF53ai7Xc0U56Y,3663.71,360.1,8011,6.34067e+06
2020-06-16 04:00:00,zBIq5rxdHJRwDNY,0,0,0,6.57183e+06
2020-06-12 01:45:00,YxYtjZvoooNbGkE,0,0,0,7.38528e+06
2020-06-06 11:15:00,3PZuoBAID5Wc2HD,12650.5,1234.42,3024,7.15551e+06
2020-06-08 20:45:00,VHMLBKoKgIrUVDU,0,0,8488,7.3947e+06
2020-06-16 16:45:00,z9Y9gH1T5YWrNuG,2231.38,218.775,5995.12,7.24518e+06
2020-05-23 09:45:00,adLQvlD726eNBSB,9324,911.557,1758.43,6.33071e+06
2020-06-04 10:15:00,7JYdWkrLSPkdwr4,8073.12,788.9,1812.62,7.75043e+06
2020-06-15 13:15:00,adLQvlD726eNBSB,5943,582.443,4853,6.50994e+06
2020-05-25 10:30:00,bvBOhCH3iADSZry,10402.9,1016.94,2285.62,6.3865e+06
2020-05-18 17:45:00,VHMLBKoKgIrUVDU,748.286,72.5429,5433.29,7.23253e+06
2020-05-29 09:45:00,zBIq5rxdHJRwDNY,8119.75,794.3,1318.75,6.44331e+06
2020-06-15 09:15:00,3PZuoBAID5Wc2HD,8997.86,879.957,1358,7.21958e+06
2020-06-15 11:45:00,WRmjgnKYAwPKWDb,9403.88,919,3606.38,7.25819e+06
2020-06-11 16:00:00,ih0vzX44oOqAx2f,4751.38,466.275,5008.25,6.38604e+06
2020-06-09 10:15:00,McdE0feGgRqW7Ca,10466.2,1021.48,2146.62,7.34893e+06
2020-06-12 23:00:00,zBIq5rxdHJRwDNY,0,0,5837,6.54939e+06
2020-05-15 02:30:00,adLQvlD726eNBSB,0,0,0,6.27136e+06
2020-05-24 23:00:00,ZoEaEvLYb1n2sOq,0,0,7985,7.17017e+06
2020-06-08 17:30:00,7JYdWkrLSPkdwr4,1814.75,177.65,8195.75,7.78671e+06
2020-05-15 14:45:00,zBIq5rxdHJRwDNY,7227.14,707.129,5090.14,6.34447e+06
2020-06-03 06:00:00,YxYtjZvoooNbGkE,57.5,5.55,0,7.31893e+06
2020-05-15 08:30:00,ZnxXDlPa8U1GXgE,5053.29,495.429,490.714,6.52266e+06
2020-06-13 17:00:00,1IF53ai7Xc0U56Y,1743.62,170.775,8511,6.40674e+06
2020-06-02 23:00:00,7JYdWkrLSPkdwr4,0,0,0,7.74087e+06
2020-06-02 01:30:00,7JYdWkrLSPkdwr4,0,0,0,7.73362e+06
2020-06-04 10:30:00,McdE0feGgRqW7Ca,9449.43,922.6,2132.71,7.3105e+06
2020-05-26 07:15:00,YxYtjZvoooNbGkE,2501.12,245.262,131,7.2616e+06
2020-05-19 22:30:00,YxYtjZvoooNbGkE,0,0,6878,7.21248e+06
2020-05-20 21:00:00,1IF53ai7Xc0U56Y,0,0,8997,6.22543e+06
2020-05-30 11:15:00,1BY6WEcLGh8j5v7,9698.43,947.657,1753.86,6.36713e+06
2020-06-05 13:30:00,ZoEaEvLYb1n2sOq,10157.1,992.062,4393.12,7.25593e+06
2020-05-24 07:45:00,zVJPv84UY57bAof,3878.5,381,279.625,7.18112e+06
2020-06-12 23:30:00,McdE0feGgRqW7Ca,0,0,5955,7.37333e+06
2020-06-15 23:00:00,zVJPv84UY57bAof,0,0,6820,7.3511e+06
2020-05-19 10:00:00,1IF53ai7Xc0U56Y,6893.25,674.975,1395.12,6.2112e+06
2020-06-13 06:00:00,ZnxXDlPa8U1GXgE,112.375,10.85,0.5,6.73579e+06
2020-06-13 00:30:00,bvBOhCH3iADSZry,0,0,0,6.50978e+06
2020-06-16 15:45:00,wCURE6d3bPkepu2,5078.29,497.971,5711.43,7.02216e+06
2020-06-17 13:30:00,pkci93gMrogZuBj,9730.88,951.263,4293.38,7.41377e+06
2020-05-28 06:45:00,VHMLBKoKgIrUVDU,1411.75,137.713,51.375,7.30443e+06
2020-06-15 21:15:00,ZnxXDlPa8U1GXgE,0,0,6757,6.7585e+06
2020-06-08 18:45:00,adLQvlD726eNBSB,0,0,8620,6.462e+06
2020-05-28 08:00:00,ZnxXDlPa8U1GXgE,5081,498.114,431.286,6.61981e+06
2020-06-14 03:00:00,1BY6WEcLGh8j5v7,0,0,0,6.46366e+06
2020-06-14 17:45:00,WRmjgnKYAwPKWDb,554.25,53.65,7381,7.25456e+06
2020-05-18 20:30:00,uHbuxQJl8lW7ozc,0,0,5408,7.0642e+06
2020-05-29 16:45:00,ZnxXDlPa8U1GXgE,3635.25,357.275,7905.5,6.63582e+06
2020-05-23 12:30:00,7JYdWkrLSPkdwr4,12274.6,1197.64,4630.14,7.6634e+06
2020-06-12 19:30:00,adLQvlD726eNBSB,0,0,5988,6.48872e+06
2020-05-31 23:00:00,adLQvlD726eNBSB,0,0,5933,6.4007e+06
2020-06-13 13:15:00,ih0vzX44oOqAx2f,8470,828.214,5344.14,6.39761e+06
2020-06-05 15:00:00,ZoEaEvLYb1n2sOq,9126,891.686,5942.43,7.25748e+06
2020-05-23 17:30:00,sjndEbLyjtCKgGv,2044.62,200.45,8377.88,7.08134e+06
2020-05-19 05:15:00,rGa61gmuvPhdLxV,0,0,0,7.1369e+06
2020-05-31 00:00:00,7JYdWkrLSPkdwr4,0,0,1020.43,7.72198e+06
2020-06-02 13:45:00,z9Y9gH1T5YWrNuG,11755,1147.45,5203,7.14503e+06
2020-06-12 06:15:00,7JYdWkrLSPkdwr4,163.625,15.8,1.125,7.80667e+06
2020-06-15 18:30:00,YxYtjZvoooNbGkE,24.5714,2.35714,6633,7.41334e+06
2020-06-12 11:45:00,ih0vzX44oOqAx2f,9120.57,892.2,2340.43,6.38889e+06
2020-06-01 19:45:00,VHMLBKoKgIrUVDU,0,0,5909,7.34031e+06
2020-06-11 03:00:00,z9Y9gH1T5YWrNuG,0,0,0,7.20546e+06
2020-05-29 17:45:00,3PZuoBAID5Wc2HD,923.429,89.6714,8185.29,7.10216e+06
2020-06-05 04:30:00,McdE0feGgRqW7Ca,0,0,0,7.31676e+06
2020-05-31 05:15:00,zBIq5rxdHJRwDNY,0,0,0,6.4573e+06
2020-06-04 00:15:00,z9Y9gH1T5YWrNuG,0,0,0,7.15511e+06
2020-05-31 06:15:00,ih0vzX44oOqAx2f,450.714,43.5857,7.28571,6.30227e+06
2020-05-15 14:30:00,z9Y9gH1T5YWrNuG,5346.38,523.9,4900,7.01277e+06
2020-06-05 18:15:00,rGa61gmuvPhdLxV,558,54.025,7733.12,7.27308e+06
2020-06-17 16:45:00,ZoEaEvLYb1n2sOq,1113.75,108.287,5707.38,7.34159e+06
2020-05-25 01:30:00,rGa61gmuvPhdLxV,0,0,0,7.1833e+06
2020-05-17 04:00:00,iCRJl6heRkivqQ3,0,0,0,7.19085e+06
2020-05-19 18:15:00,z9Y9gH1T5YWrNuG,0,0,6892,7.04046e+06
2020-05-21 09:45:00,wCURE6d3bPkepu2,10397.6,1016.39,1638.57,6.82588e+06
2020-06-06 00:30:00,VHMLBKoKgIrUVDU,0,0,0,7.37155e+06
2020-06-11 21:30:00,VHMLBKoKgIrUVDU,0,0,5716,7.41501e+06
2020-06-17 14:30:00,7JYdWkrLSPkdwr4,8464.5,827.8,4971.62,7.84594e+06
2020-06-05 15:30:00,VHMLBKoKgIrUVDU,3710,363.625,6495.5,7.37032e+06
2020-06-11 22:15:00,zBIq5rxdHJRwDNY,0,0,5647,6.54355e+06
2020-06-14 13:00:00,1BY6WEcLGh8j5v7,0,0,2402,6.46606e+06
2020-05-24 14:15:00,McdE0feGgRqW7Ca,11816,1152.59,6304.29,7.23094e+06
2020-05-20 21:00:00,uHbuxQJl8lW7ozc,0,0,8913,7.08011e+06
2020-06-02 10:30:00,pkci93gMrogZuBj,7344.71,719.014,2220.14,7.30252e+06
2020-06-08 11:15:00,pkci93gMrogZuBj,11902.7,1160.9,3257,7.34939e+06
2020-05-28 14:00:00,VHMLBKoKgIrUVDU,9652.43,942.314,6531.14,7.31091e+06
2020-06-16 06:00:00,1IF53ai7Xc0U56Y,15.4286,1.5,0,6.42121e+06
2020-06-13 21:30:00,uHbuxQJl8lW7ozc,0,0,8437,7.26053e+06
2020-06-13 20:45:00,zVJPv84UY57bAof,0,0,8410,7.33696e+06
2020-06-17 10:30:00,sjndEbLyjtCKgGv,7315.29,716.286,1604.57,7.2574e+06
2020-06-04 12:30:00,zBIq5rxdHJRwDNY,10273.1,1003.26,4125.43,6.48847e+06
2020-06-08 15:15:00,1IF53ai7Xc0U56Y,9128.5,892.875,7349.12,6.37069e+06
2020-05-30 14:15:00,uHbuxQJl8lW7ozc,11578,1129.92,5039.5,7.15697e+06
2020-05-23 01:00:00,bvBOhCH3iADSZry,0,0,0,6.36891e+06
2020-05-27 20:30:00,ih0vzX44oOqAx2f,0,0,6564,6.27886e+06
2020-06-06 11:15:00,7JYdWkrLSPkdwr4,11535.1,1125.39,2908.88,7.76705e+06
2020-06-16 15:15:00,3PZuoBAID5Wc2HD,4740.38,465.087,5482.38,7.23052e+06
2020-05-24 14:15:00,1BY6WEcLGh8j5v7,8892.5,869.7,5932.38,6.32634e+06
2020-05-21 07:45:00,ih0vzX44oOqAx2f,3278,322.08,311.2,6.22625e+06
2020-05-29 08:00:00,McdE0feGgRqW7Ca,3384.38,332.587,328.75,7.26528e+06
2020-06-04 17:15:00,zBIq5rxdHJRwDNY,3991.71,392.229,8027.14,6.49237e+06
2020-05-17 19:45:00,iCRJl6heRkivqQ3,0,0,7519,7.19837e+06
2020-06-17 13:00:00,ih0vzX44oOqAx2f,6803.75,666.375,3773.5,6.42414e+06
2020-06-12 17:15:00,1IF53ai7Xc0U56Y,1824.12,178.787,5757,6.39808e+06
2020-05-24 08:00:00,ZoEaEvLYb1n2sOq,4830.43,473.743,383.857,7.16257e+06
2020-05-17 22:15:00,z9Y9gH1T5YWrNuG,0,0,7486,7.02823e+06
2020-06-08 20:30:00,rGa61gmuvPhdLxV,0,0,8291,7.29596e+06
2020-05-15 12:15:00,1IF53ai7Xc0U56Y,9083.25,887.825,2960.38,6.18661e+06
2020-05-22 17:30:00,1BY6WEcLGh8j5v7,752.125,72.9375,6818.38,6.31241e+06
2020-05-22 18:15:00,McdE0feGgRqW7Ca,120.875,11.675,6896.12,7.21595e+06
2020-05-17 07:45:00,YxYtjZvoooNbGkE,4197.57,412.114,240,7.19297e+06
2020-06-13 17:45:00,zBIq5rxdHJRwDNY,974.857,94.7,8400.14,6.55779e+06
2020-05-18 23:00:00,VHMLBKoKgIrUVDU,0,0,5457,7.23255e+06
2020-05-23 07:45:00,VHMLBKoKgIrUVDU,3895.57,382.814,237,7.26396e+06
2020-05-28 02:45:00,3PZuoBAID5Wc2HD,0,0,0,7.08545e+06
2020-06-16 08:30:00,z9Y9gH1T5YWrNuG,5547,543.729,584,7.23977e+06
2020-06-02 13:15:00,uHbuxQJl8lW7ozc,11519.7,1124.47,4723.57,7.17567e+06
2020-06-06 15:30:00,ZoEaEvLYb1n2sOq,4253.88,417.725,5938.12,7.26501e+06
2020-06-16 08:15:00,zVJPv84UY57bAof,4628.29,454.286,469,7.35157e+06
2020-05-23 22:15:00,z9Y9gH1T5YWrNuG,0,0,8543,7.07276e+06
2020-06-14 00:15:00,VHMLBKoKgIrUVDU,0,0,0,7.42957e+06
2020-05-15 15:00:00,pkci93gMrogZuBj,4994.62,490.062,5243.62,7.17435e+06
2020-05-18 13:15:00,bvBOhCH3iADSZry,9050.29,885.029,2438.43,6.33801e+06
2020-06-13 23:30:00,ih0vzX44oOqAx2f,0,0,8255,6.40052e+06
2020-05-29 09:15:00,VHMLBKoKgIrUVDU,9115.71,891.7,1028.57,7.31392e+06
2020-06-01 21:00:00,7JYdWkrLSPkdwr4,0,0,5803,7.73362e+06
2020-06-07 06:00:00,ih0vzX44oOqAx2f,79.5,7.675,0.25,6.35067e+06
2020-06-01 02:15:00,ZnxXDlPa8U1GXgE,0,0,0,6.64952e+06
2020-05-30 01:30:00,z9Y9gH1T5YWrNuG,0,0,0,7.12046e+06
2020-05-23 14:45:00,ih0vzX44oOqAx2f,7167.14,701.843,6729.86,6.24727e+06
2020-06-07 23:15:00,zBIq5rxdHJRwDNY,0,0,8183,6.51491e+06
2020-05-22 13:45:00,ZnxXDlPa8U1GXgE,9812.12,958.112,5203.75,6.57707e+06
2020-06-16 14:15:00,ZoEaEvLYb1n2sOq,4411,432.925,4703.5,7.33439e+06
2020-06-17 19:45:00,3PZuoBAID5Wc2HD,0,0,6052,7.23742e+06
2020-05-21 14:00:00,1IF53ai7Xc0U56Y,10322.4,1007.71,6015.43,6.23144e+06
2020-06-17 13:15:00,sjndEbLyjtCKgGv,7887.86,772.114,4037.43,7.25983e+06
2020-06-01 12:00:00,wCURE6d3bPkepu2,4788.75,469.712,3734.62,6.91314e+06
2020-05-27 15:30:00,iCRJl6heRkivqQ3,9464.14,925.586,5769.57,7.27377e+06
2020-05-19 21:30:00,VHMLBKoKgIrUVDU,0,0,6988,7.23954e+06
2020-06-04 09:15:00,bvBOhCH3iADSZry,5696.38,558.237,1029,6.45375e+06
2020-05-28 11:00:00,zBIq5rxdHJRwDNY,10697.7,1043.59,2802.86,6.43689e+06
2020-06-02 14:15:00,McdE0feGgRqW7Ca,7374.75,722.075,5755.88,7.29851e+06
2020-05-16 23:00:00,7JYdWkrLSPkdwr4,0,0,6461,7.61554e+06
2020-06-06 06:30:00,1BY6WEcLGh8j5v7,724.429,70.2286,20.4286,6.41256e+06
2020-05-17 16:45:00,zBIq5rxdHJRwDNY,3785.14,371.871,7302.43,6.35945e+06
2020-06-05 08:00:00,3PZuoBAID5Wc2HD,3118.62,306.2,298.875,7.145e+06
2020-06-07 12:45:00,ih0vzX44oOqAx2f,12808.6,1248.83,4515.14,6.35519e+06
2020-06-17 23:00:00,1BY6WEcLGh8j5v7,0,0,5521,6.48532e+06
2020-05-30 10:15:00,iCRJl6heRkivqQ3,4380.62,430.113,1269.75,7.29252e+06
2020-06-06 02:00:00,zBIq5rxdHJRwDNY,0,0,0,6.5003e+06
2020-05-31 07:15:00,ZnxXDlPa8U1GXgE,1335,130.057,104,6.64349e+06
2020-05-31 20:00:00,1BY6WEcLGh8j5v7,0,0,5803,6.37793e+06
2020-06-05 16:45:00,sjndEbLyjtCKgGv,4969,487.243,7293.14,7.17881e+06
2020-05-26 11:15:00,1IF53ai7Xc0U56Y,8276.25,809.05,3491.12,6.27002e+06
2020-06-01 02:00:00,zVJPv84UY57bAof,0,0,0,7.24202e+06
2020-05-16 16:45:00,ih0vzX44oOqAx2f,2209.75,216.662,6275.88,6.19764e+06
2020-06-17 15:45:00,iCRJl6heRkivqQ3,1425.29,139.057,5548.14,7.42585e+06
2020-05-25 09:45:00,zBIq5rxdHJRwDNY,9647.5,943.487,1571.5,6.41333e+06
2020-06-09 21:30:00,zBIq5rxdHJRwDNY,0,0,8136,6.5314e+06
2020-06-11 06:45:00,wCURE6d3bPkepu2,537.143,51.9857,18.4286,6.98242e+06
2020-06-09 13:15:00,z9Y9gH1T5YWrNuG,10471.6,1022.23,4795.86,7.19622e+06
2020-05-26 07:00:00,adLQvlD726eNBSB,2069.12,202.85,91.375,6.35539e+06
2020-06-03 19:00:00,rGa61gmuvPhdLxV,0,0,7807,7.25714e+06
2020-05-25 07:15:00,YxYtjZvoooNbGkE,2356.38,231.025,123.5,7.25277e+06
2020-06-15 20:45:00,ih0vzX44oOqAx2f,0,0,6564,6.41425e+06
2020-06-04 21:00:00,ZnxXDlPa8U1GXgE,0,0,8178,6.67906e+06
2020-06-16 01:45:00,wCURE6d3bPkepu2,0,0,0,7.01644e+06
2020-05-19 06:15:00,VHMLBKoKgIrUVDU,76.25,7.3625,0.75,7.23255e+06
2020-05-16 05:00:00,z9Y9gH1T5YWrNuG,0,0,0,7.01425e+06
2020-06-09 17:30:00,1BY6WEcLGh8j5v7,1917.62,187.975,7370,6.43898e+06
2020-05-31 17:30:00,pkci93gMrogZuBj,1390.29,135.743,5850.14,7.29473e+06
2020-06-08 17:15:00,VHMLBKoKgIrUVDU,2412.71,236.586,8349.71,7.39456e+06
2020-05-19 18:15:00,iCRJl6heRkivqQ3,0,0,6951,7.21072e+06
2020-06-15 05:15:00,ZoEaEvLYb1n2sOq,0,0,0,7.32305e+06
2020-05-23 11:30:00,VHMLBKoKgIrUVDU,12820,1250.31,3421,7.26714e+06
2020-05-15 18:00:00,3PZuoBAID5Wc2HD,296.286,28.6143,6268.29,6.99403e+06
2020-05-17 18:00:00,1IF53ai7Xc0U56Y,321.143,31.0143,7752.71,6.20435e+06
2020-05-27 16:45:00,adLQvlD726eNBSB,2929.88,287.55,6662.62,6.37018e+06
2020-05-18 03:00:00,1BY6WEcLGh8j5v7,0,0,0,6.27865e+06
2020-06-12 01:15:00,adLQvlD726eNBSB,0,0,0,6.48273e+06
2020-05-30 19:00:00,wCURE6d3bPkepu2,0,0,7278,6.90316e+06
2020-05-16 03:45:00,YxYtjZvoooNbGkE,0,0,0,7.18626e+06
2020-06-01 02:00:00,1BY6WEcLGh8j5v7,0,0,0,6.37793e+06
2020-06-16 13:00:00,rGa61gmuvPhdLxV,5019.71,492.314,3901.29,7.34861e+06
2020-06-04 08:00:00,rGa61gmuvPhdLxV,4745.43,465.7,365.714,7.2575e+06
2020-06-09 04:30:00,YxYtjZvoooNbGkE,0,0,0,7.36531e+06
2020-05-15 04:15:00,1BY6WEcLGh8j5v7,0,0,0,6.25956e+06
2020-06-13 05:00:00,ZnxXDlPa8U1GXgE,0,0,0,6.73578e+06
2020-05-29 22:00:00,VHMLBKoKgIrUVDU,0,0,8172,7.32106e+06
2020-06-13 10:45:00,ih0vzX44oOqAx2f,11488.5,1120.85,2601.75,6.39486e+06
2020-05-17 04:45:00,YxYtjZvoooNbGkE,0,0,0,7.19273e+06
2020-05-22 04:00:00,bvBOhCH3iADSZry,0,0,0,6.36215e+06
2020-05-31 18:15:00,z9Y9gH1T5YWrNuG,251.286,24.2571,6296.71,7.13389e+06
2020-06-10 12:15:00,1BY6WEcLGh8j5v7,9574.71,935.514,3058,6.44213e+06
2020-05-25 12:30:00,ZnxXDlPa8U1GXgE,12741.6,1242.29,4897.62,6.60065e+06
2020-05-18 20:15:00,z9Y9gH1T5YWrNuG,0,0,5347,7.03357e+06
2020-06-11 14:15:00,ZoEaEvLYb1n2sOq,8995.38,879.6,3801.62,7.29987e+06
2020-05-19 12:30:00,uHbuxQJl8lW7ozc,9886,966.7,3616,7.06782e+06
2020-05-23 03:30:00,McdE0feGgRqW7Ca,0,0,0,7.21595e+06
2020-06-06 23:15:00,wCURE6d3bPkepu2,0,0,0,6.95309e+06
2020-05-16 12:15:00,bvBOhCH3iADSZry,6259.43,613.229,3142.57,6.32565e+06
2020-05-30 05:00:00,z9Y9gH1T5YWrNuG,0,0,0,7.12046e+06
2020-06-09 12:30:00,McdE0feGgRqW7Ca,9538.38,931.487,4503.38,7.35129e+06
2020-06-14 02:15:00,adLQvlD726eNBSB,0,0,0,6.4975e+06
2020-06-05 21:00:00,zVJPv84UY57bAof,0,0,7817,7.27909e+06
2020-06-14 07:15:00,sjndEbLyjtCKgGv,3338.14,328.057,139.286,7.23564e+06
2020-06-08 11:45:00,YxYtjZvoooNbGkE,10571.9,1032.26,3782.25,7.36075e+06
2020-05-27 03:15:00,iCRJl6heRkivqQ3,0,0,0,7.268e+06
2020-05-25 08:00:00,1IF53ai7Xc0U56Y,3624.71,355.614,379.714,6.25786e+06
2020-06-08 05:15:00,ZoEaEvLYb1n2sOq,0,0,0,7.27345e+06
2020-05-31 02:15:00,7JYdWkrLSPkdwr4,0,0,0,7.72198e+06
2020-06-13 14:45:00,z9Y9gH1T5YWrNuG,11116.5,1086.01,6861,7.22373e+06
2020-05-23 10:45:00,iCRJl6heRkivqQ3,11496.1,1121.67,2567.14,7.23716e+06
2020-05-22 14:15:00,VHMLBKoKgIrUVDU,9752.14,952.029,5719,7.26208e+06
2020-05-19 20:30:00,ZoEaEvLYb1n2sOq,0,0,6805,7.13033e+06
2020-05-23 19:30:00,bvBOhCH3iADSZry,0,0,7864,6.37677e+06
2020-05-30 20:15:00,ZoEaEvLYb1n2sOq,0,0,7248,7.21685e+06
2020-05-19 05:15:00,ZnxXDlPa8U1GXgE,0,0,0,6.54816e+06
2020-05-28 05:00:00,1IF53ai7Xc0U56Y,0,0,0,6.28146e+06
2020-06-03 20:00:00,WRmjgnKYAwPKWDb,0,0,7710,7.17463e+06
2020-06-02 13:30:00,pkci93gMrogZuBj,10013.2,978.725,4906.88,7.30521e+06
2020-05-29 16:30:00,iCRJl6heRkivqQ3,4229.88,415.325,7873.38,7.29091e+06
2020-05-25 10:00:00,pkci93gMrogZuBj,10532.7,1029.59,1878.86,7.24359e+06
2020-06-05 07:30:00,1BY6WEcLGh8j5v7,1962.12,192.338,153.5,6.40553e+06
2020-06-16 13:15:00,McdE0feGgRqW7Ca,7410,725.486,4165.86,7.4004e+06
2020-06-09 00:45:00,McdE0feGgRqW7Ca,0,0,0,7.34678e+06
2020-05-26 06:45:00,WRmjgnKYAwPKWDb,1322,128.771,47.8571,7.11004e+06
2020-06-14 07:30:00,3PZuoBAID5Wc2HD,3267,321,216.286,7.21094e+06
2020-05-20 08:15:00,rGa61gmuvPhdLxV,5807.25,569.112,525.375,7.14434e+06
2020-06-07 10:30:00,7JYdWkrLSPkdwr4,9763.5,954.462,1854.25,7.77231e+06
2020-06-09 20:15:00,adLQvlD726eNBSB,0,0,8273,6.47028e+06
2020-05-28 19:00:00,pkci93gMrogZuBj,0,0,8273,7.27326e+06
2020-05-31 14:30:00,VHMLBKoKgIrUVDU,2111.5,207.012,5321,7.33365e+06
2020-06-11 19:00:00,ih0vzX44oOqAx2f,0,0,5521,6.38655e+06
2020-05-19 10:45:00,ZoEaEvLYb1n2sOq,8594.12,840.188,1878.5,7.12541e+06
2020-05-16 13:30:00,wCURE6d3bPkepu2,9175.29,897.414,4550,6.79348e+06
2020-05-19 21:00:00,McdE0feGgRqW7Ca,0,0,7007,7.1921e+06
2020-06-12 07:00:00,zBIq5rxdHJRwDNY,934.429,90.7429,41.4286,6.54359e+06
2020-06-10 16:00:00,1IF53ai7Xc0U56Y,4232.43,415.7,6059.43,6.38608e+06
2020-06-13 09:00:00,z9Y9gH1T5YWrNuG,6123.86,600,1038.43,7.21791e+06
2020-06-06 17:00:00,YxYtjZvoooNbGkE,937.143,91.0143,6275.29,7.34876e+06
2020-06-02 23:15:00,1IF53ai7Xc0U56Y,0,0,0,6.32478e+06
2020-06-05 16:45:00,ih0vzX44oOqAx2f,4335.5,425.35,7012.5,6.34403e+06
2020-05-17 21:15:00,McdE0feGgRqW7Ca,0,0,7606,7.17963e+06
2020-05-24 15:30:00,zBIq5rxdHJRwDNY,3168.12,310.988,6504.12,6.41099e+06
2020-06-02 11:15:00,YxYtjZvoooNbGkE,6944.57,680.071,2923.57,7.31444e+06
2020-06-04 23:30:00,3PZuoBAID5Wc2HD,0,0,8215,7.1447e+06
2020-06-04 03:30:00,uHbuxQJl8lW7ozc,0,0,0,7.18626e+06
2020-05-30 22:15:00,7JYdWkrLSPkdwr4,0,0,7143,7.72198e+06
2020-06-04 21:45:00,YxYtjZvoooNbGkE,0,0,0,7.33489e+06
2020-05-24 14:00:00,1BY6WEcLGh8j5v7,6450.43,631.357,5732.43,6.32614e+06
2020-05-24 12:00:00,YxYtjZvoooNbGkE,11954.9,1166.29,3736.12,7.24842e+06
2020-06-02 20:00:00,3PZuoBAID5Wc2HD,0,0,0,7.12861e+06
2020-06-08 09:45:00,z9Y9gH1T5YWrNuG,11388.9,1111.83,1589.43,7.18522e+06
2020-06-08 16:45:00,VHMLBKoKgIrUVDU,5342.5,523.725,8179.62,7.39439e+06
2020-06-13 19:30:00,VHMLBKoKgIrUVDU,0,0,8652,7.42957e+06
2020-06-03 18:00:00,1IF53ai7Xc0U56Y,636.286,61.6286,7857.43,6.33264e+06
2020-05-28 21:30:00,uHbuxQJl8lW7ozc,0,0,8374,7.14363e+06
2020-05-15 18:00:00,bvBOhCH3iADSZry,272.429,26.3143,5702.29,6.32251e+06
2020-05-29 20:45:00,VHMLBKoKgIrUVDU,0,0,8172,7.32106e+06
2020-06-07 18:30:00,adLQvlD726eNBSB,72.75,7.0125,8352.75,6.45338e+06
2020-05-29 18:00:00,YxYtjZvoooNbGkE,433,41.8875,8094.75,7.2925e+06
2020-06-14 15:45:00,ZnxXDlPa8U1GXgE,5918.86,579.986,6805.43,6.75115e+06
2020-06-07 04:15:00,adLQvlD726eNBSB,0,0,0,6.44503e+06
2020-05-21 09:00:00,zBIq5rxdHJRwDNY,8448.71,826.786,980.714,6.38184e+06
2020-05-21 11:30:00,7JYdWkrLSPkdwr4,12222,1192.26,3341.29,7.64732e+06
2020-05-22 10:30:00,adLQvlD726eNBSB,5215.86,511.471,1942.43,6.32352e+06
2020-06-08 15:15:00,pkci93gMrogZuBj,9053.62,885.325,7226.12,7.35336e+06
2020-05-27 19:15:00,bvBOhCH3iADSZry,0,0,6133,6.40583e+06
2020-05-23 19:30:00,VHMLBKoKgIrUVDU,0,0,8611,7.27233e+06
2020-06-06 16:30:00,ih0vzX44oOqAx2f,1336.29,130.057,6085.43,6.35056e+06
2020-06-11 01:30:00,YxYtjZvoooNbGkE,0,0,0,7.37969e+06
2020-05-19 07:30:00,ZnxXDlPa8U1GXgE,2600.12,255.012,182.625,6.54834e+06
2020-05-25 08:00:00,1BY6WEcLGh8j5v7,4575.29,448.914,354.857,6.32829e+06
2020-05-24 11:00:00,pkci93gMrogZuBj,10609.2,1035.84,2532,7.23621e+06
2020-06-12 00:45:00,zBIq5rxdHJRwDNY,0,0,0,6.54355e+06
2020-06-13 02:45:00,1BY6WEcLGh8j5v7,0,0,0,6.45568e+06
2020-05-23 08:15:00,uHbuxQJl8lW7ozc,6040.29,591.843,447.714,7.0957e+06
2020-05-23 17:00:00,iCRJl6heRkivqQ3,3458.5,340.012,8376.88,7.24297e+06
2020-05-18 03:15:00,3PZuoBAID5Wc2HD,0,0,0,7.00848e+06
2020-06-02 21:45:00,rGa61gmuvPhdLxV,0,0,7361,7.24933e+06
2020-05-18 02:30:00,pkci93gMrogZuBj,0,0,0,7.18905e+06
2020-06-06 23:00:00,bvBOhCH3iADSZry,0,0,5873,6.47312e+06
2020-05-30 10:30:00,1IF53ai7Xc0U56Y,5282.62,517.825,1430.25,6.29964e+06
2020-06-12 19:00:00,VHMLBKoKgIrUVDU,0,0,5903,7.42091e+06
2020-05-24 03:30:00,ZnxXDlPa8U1GXgE,0,0,0,6.58773e+06
2020-06-05 22:30:00,ZnxXDlPa8U1GXgE,0,0,0,6.6867e+06
2020-05-27 09:00:00,zVJPv84UY57bAof,8161.62,798.725,1003.25,7.20639e+06
2020-06-06 06:30:00,ih0vzX44oOqAx2f,724.429,70.2429,19.7143,6.3445e+06
2020-05-27 10:30:00,zBIq5rxdHJRwDNY,7975.25,780.45,2034.62,6.42974e+06
2020-05-23 19:15:00,ih0vzX44oOqAx2f,0,0,8395,6.24894e+06
2020-06-06 11:30:00,adLQvlD726eNBSB,9307,908.343,3317,6.44174e+06
2020-05-22 00:15:00,McdE0feGgRqW7Ca,0,0,0,7.20906e+06
2020-05-18 04:45:00,VHMLBKoKgIrUVDU,0,0,0,7.2271e+06
2020-05-28 20:15:00,rGa61gmuvPhdLxV,0,0,8266,7.21482e+06
2020-06-12 01:30:00,YxYtjZvoooNbGkE,0,0,0,7.38528e+06
2020-05-15 04:45:00,pkci93gMrogZuBj,0,0,0,7.1691e+06
2020-05-24 07:15:00,3PZuoBAID5Wc2HD,2663.43,261.229,143.429,7.05341e+06
2020-06-07 04:30:00,uHbuxQJl8lW7ozc,0,0,0,7.20886e+06
2020-05-24 15:30:00,McdE0feGgRqW7Ca,3612.25,354.538,7300.5,7.23194e+06
2020-06-06 06:30:00,wCURE6d3bPkepu2,686.286,66.5,20.2857,6.94679e+06
2020-05-23 22:30:00,sjndEbLyjtCKgGv,0,0,8487,7.08145e+06
2020-06-01 20:15:00,rGa61gmuvPhdLxV,0,0,5637,7.24197e+06
2020-05-30 01:15:00,McdE0feGgRqW7Ca,0,0,0,7.27321e+06
2020-05-20 20:00:00,3PZuoBAID5Wc2HD,0,0,8982,7.02949e+06
2020-06-11 10:30:00,WRmjgnKYAwPKWDb,5712.38,559.85,1208.75,7.22858e+06
2020-06-10 05:45:00,sjndEbLyjtCKgGv,0,0,0,7.2091e+06
2020-06-16 07:30:00,zBIq5rxdHJRwDNY,2804.5,275.087,171,6.572e+06
2020-06-10 20:15:00,1IF53ai7Xc0U56Y,0,0,6598,6.38662e+06
2020-05-19 12:30:00,7JYdWkrLSPkdwr4,10806,1056.2,3500,7.63187e+06
2020-06-11 18:00:00,YxYtjZvoooNbGkE,628.625,60.8625,5576.62,7.38526e+06
2020-06-16 10:30:00,1BY6WEcLGh8j5v7,7846.86,768.086,2001,6.47595e+06
2020-05-25 09:30:00,pkci93gMrogZuBj,9408.57,920.229,1387.86,7.24309e+06
2020-05-27 01:45:00,sjndEbLyjtCKgGv,0,0,0,7.10589e+06
2020-05-24 16:00:00,uHbuxQJl8lW7ozc,3720.57,364.957,7532.86,7.11128e+06
2020-05-22 23:00:00,z9Y9gH1T5YWrNuG,0,0,0,7.06422e+06
2020-05-17 09:30:00,1BY6WEcLGh8j5v7,7851.29,768.5,1252.71,6.27286e+06
2020-05-29 14:30:00,pkci93gMrogZuBj,8120.88,794.737,6474.25,7.27973e+06
2020-05-16 22:45:00,zBIq5rxdHJRwDNY,0,0,6374,6.35215e+06
2020-05-19 11:30:00,uHbuxQJl8lW7ozc,4574,448.933,2566,7.06677e+06
2020-05-16 15:15:00,ih0vzX44oOqAx2f,5803.86,568.714,5753.14,6.19711e+06
2020-05-19 01:15:00,rGa61gmuvPhdLxV,0,0,0,7.1369e+06
2020-05-30 09:00:00,ih0vzX44oOqAx2f,3709.86,364.586,639.714,6.29576e+06
2020-06-09 10:30:00,wCURE6d3bPkepu2,12680.1,1236.29,2329.43,6.9703e+06
2020-05-17 00:15:00,McdE0feGgRqW7Ca,0,0,0,7.17202e+06
2020-06-12 15:30:00,1IF53ai7Xc0U56Y,5917.86,579.886,5219.57,6.39754e+06
2020-06-12 03:15:00,YxYtjZvoooNbGkE,0,0,0,7.38528e+06
2020-05-20 20:00:00,ZnxXDlPa8U1GXgE,0,0,8909,6.56404e+06
2020-05-31 19:00:00,YxYtjZvoooNbGkE,0,0,5970,7.30574e+06
2020-05-19 20:15:00,zBIq5rxdHJRwDNY,0,0,6924,6.37197e+06
2020-06-16 09:00:00,wCURE6d3bPkepu2,5811.57,569.514,875,7.01732e+06
2020-05-17 06:45:00,zVJPv84UY57bAof,880.5,85.4875,22.375,7.12856e+06
2020-06-09 03:30:00,zVJPv84UY57bAof,0,0,0,7.30217e+06
2020-06-05 21:00:00,WRmjgnKYAwPKWDb,0,0,0,7.19027e+06
2020-05-23 09:30:00,ZoEaEvLYb1n2sOq,8274.25,809.7,1433.75,7.15515e+06
2020-05-28 01:45:00,adLQvlD726eNBSB,0,0,0,6.37037e+06
2020-06-12 20:30:00,YxYtjZvoooNbGkE,0,0,5780,7.39106e+06
2020-05-21 11:00:00,bvBOhCH3iADSZry,11064.3,1079.93,2477.71,6.35752e+06
2020-05-19 03:30:00,zBIq5rxdHJRwDNY,0,0,0,6.36505e+06
2020-05-26 17:45:00,pkci93gMrogZuBj,489.375,47.325,7760,7.25828e+06
2020-06-07 10:30:00,3PZuoBAID5Wc2HD,10518.1,1027.7,1899.38,7.16088e+06
2020-06-06 05:30:00,7JYdWkrLSPkdwr4,0,0,0,7.76414e+06
2020-06-16 06:15:00,1IF53ai7Xc0U56Y,196,18.9143,1.85714,6.42122e+06
2020-06-13 00:00:00,ZnxXDlPa8U1GXgE,0,0,840.429,6.73578e+06
2020-06-14 13:15:00,zVJPv84UY57bAof,10575.9,1033.46,4385.12,7.34135e+06
2020-05-17 15:00:00,pkci93gMrogZuBj,9175.86,897.471,6158.71,7.18781e+06
2020-05-22 07:00:00,sjndEbLyjtCKgGv,1571.38,153.45,87.125,7.06597e+06
2020-05-28 21:15:00,WRmjgnKYAwPKWDb,0,0,8323,7.13286e+06
2020-05-17 05:45:00,VHMLBKoKgIrUVDU,0,0,0,7.21938e+06
2020-06-01 17:45:00,ih0vzX44oOqAx2f,690.286,66.9,5721.86,6.31395e+06
2020-06-11 07:30:00,1BY6WEcLGh8j5v7,1367,133.137,82.625,6.44506e+06
2020-06-14 11:30:00,z9Y9gH1T5YWrNuG,9665.43,945.086,2988.57,7.22822e+06
2020-06-13 11:15:00,YxYtjZvoooNbGkE,12493.8,1218.49,3152.12,7.39421e+06
2020-05-17 18:15:00,wCURE6d3bPkepu2,127.857,12.3429,7528.43,6.803e+06
2020-06-10 22:45:00,7JYdWkrLSPkdwr4,0,0,6362,7.80109e+06
2020-05-31 18:45:00,zVJPv84UY57bAof,0,0,6047,7.24202e+06
2020-05-20 05:45:00,3PZuoBAID5Wc2HD,0,0,0,7.02051e+06
2020-05-20 10:00:00,3PZuoBAID5Wc2HD,10449.7,1021.51,2020.29,7.02253e+06
2020-05-25 16:00:00,pkci93gMrogZuBj,8186.71,801.186,8434.14,7.25014e+06
2020-06-05 21:00:00,McdE0feGgRqW7Ca,0,0,7920,7.32468e+06
2020-06-06 05:45:00,WRmjgnKYAwPKWDb,0,0,0,7.19027e+06
2020-05-24 23:45:00,VHMLBKoKgIrUVDU,0,0,8180,7.28051e+06
2020-06-04 12:45:00,3PZuoBAID5Wc2HD,7461.71,729.957,4460,7.14095e+06
2020-06-16 16:15:00,3PZuoBAID5Wc2HD,3461.25,340.025,5995.12,7.23104e+06
2020-05-18 05:30:00,1BY6WEcLGh8j5v7,0,0,0,6.27865e+06
2020-05-25 22:45:00,1BY6WEcLGh8j5v7,0,0,8268,6.33621e+06
2020-05-20 20:45:00,WRmjgnKYAwPKWDb,0,0,8793,7.06972e+06
2020-05-19 04:15:00,pkci93gMrogZuBj,0,0,0,7.19441e+06
2020-05-24 17:00:00,ZoEaEvLYb1n2sOq,4054.43,398.286,7775,7.16996e+06
2020-05-17 03:00:00,7JYdWkrLSPkdwr4,0,0,0,7.61554e+06
2020-05-19 16:15:00,3PZuoBAID5Wc2HD,4651.5,456.038,6536,7.02045e+06
2020-05-29 23:30:00,WRmjgnKYAwPKWDb,0,0,8038,7.1409e+06
2020-05-27 17:15:00,z9Y9gH1T5YWrNuG,1693.14,165.671,6643.29,7.10383e+06
2020-05-23 02:15:00,pkci93gMrogZuBj,0,0,0,7.2252e+06
2020-05-29 10:00:00,YxYtjZvoooNbGkE,8938.43,873.8,1559.29,7.28596e+06
2020-06-09 16:15:00,VHMLBKoKgIrUVDU,5592.38,548.087,7556.25,7.40225e+06
2020-05-26 15:15:00,rGa61gmuvPhdLxV,4519.12,443.4,6580.75,7.19868e+06
2020-06-01 10:00:00,adLQvlD726eNBSB,8697.75,850.675,1932.5,6.40264e+06
2020-05-27 02:00:00,zBIq5rxdHJRwDNY,0,0,0,6.4277e+06
2020-05-24 00:30:00,ZnxXDlPa8U1GXgE,0,0,0,6.58773e+06
2020-05-29 14:30:00,wCURE6d3bPkepu2,8269.71,809.314,6393,6.8941e+06
2020-05-21 20:15:00,3PZuoBAID5Wc2HD,0,0,0,7.0373e+06
2020-06-01 15:15:00,McdE0feGgRqW7Ca,1989.25,194.988,5604,7.29236e+06
2020-06-04 04:30:00,ZnxXDlPa8U1GXgE,0,0,0,6.67088e+06
2020-05-19 23:15:00,ZoEaEvLYb1n2sOq,0,0,6805,7.13033e+06
2020-06-16 05:00:00,zVJPv84UY57bAof,0,0,0,7.3511e+06
2020-05-19 06:15:00,rGa61gmuvPhdLxV,87.4286,8.42857,0.857143,7.1369e+06
2020-05-19 23:00:00,YxYtjZvoooNbGkE,0,0,6878,7.21248e+06
2020-05-25 21:30:00,3PZuoBAID5Wc2HD,0,0,9068,7.07064e+06
2020-05-24 01:00:00,zBIq5rxdHJRwDNY,0,0,0,6.40448e+06
2020-06-08 09:30:00,ih0vzX44oOqAx2f,10546.8,1030.98,1316.5,6.36001e+06
2020-06-17 13:00:00,VHMLBKoKgIrUVDU,7325.62,717.275,3916.75,7.45412e+06
2020-06-14 07:00:00,z9Y9gH1T5YWrNuG,1964.62,192.475,70.875,7.2253e+06
2020-06-11 22:45:00,ZnxXDlPa8U1GXgE,0,0,5692,6.7299e+06
2020-06-17 01:30:00,iCRJl6heRkivqQ3,0,0,0,7.42031e+06
2020-06-11 07:45:00,sjndEbLyjtCKgGv,2045.57,200.514,133.714,7.21573e+06
2020-05-27 15:15:00,WRmjgnKYAwPKWDb,5341.86,523.729,5663.14,7.12354e+06
2020-05-19 10:15:00,VHMLBKoKgIrUVDU,7183.57,703.329,1507.86,7.23406e+06
2020-06-05 15:30:00,3PZuoBAID5Wc2HD,4010.62,392.85,6560.25,7.15126e+06
2020-06-07 03:45:00,3PZuoBAID5Wc2HD,0,0,0,7.15898e+06
2020-05-18 08:15:00,sjndEbLyjtCKgGv,1370.86,133.486,335.857,7.03739e+06
2020-05-30 17:30:00,sjndEbLyjtCKgGv,1865,182.825,7151.38,7.13618e+06
2020-05-16 12:45:00,ZoEaEvLYb1n2sOq,11265.5,1099.96,3746.62,7.10811e+06
2020-06-15 19:30:00,ih0vzX44oOqAx2f,0,0,6564,6.41425e+06
2020-06-08 15:45:00,VHMLBKoKgIrUVDU,7008.25,685.95,7673.62,7.39388e+06
2020-06-14 19:30:00,1IF53ai7Xc0U56Y,0,0,7487,6.41437e+06
2020-05-28 06:45:00,1BY6WEcLGh8j5v7,1262.43,122.829,46,6.34988e+06
2020-05-23 14:00:00,adLQvlD726eNBSB,10820.9,1056.73,6530,6.33548e+06
2020-06-03 17:15:00,3PZuoBAID5Wc2HD,2491.12,244.438,7751.75,7.13637e+06
2020-06-08 19:30:00,ZnxXDlPa8U1GXgE,0,0,8435,6.7097e+06
2020-05-29 07:15:00,McdE0feGgRqW7Ca,2016.86,197.743,141.857,7.2651e+06
2020-05-16 14:45:00,7JYdWkrLSPkdwr4,7122.86,697.5,5422.14,7.6145e+06
2020-06-10 19:45:00,WRmjgnKYAwPKWDb,0,0,6389,7.22737e+06
2020-06-16 22:30:00,ih0vzX44oOqAx2f,0,0,6124,6.42037e+06
2020-06-16 14:15:00,sjndEbLyjtCKgGv,4496.57,441.4,4753.43,7.25429e+06
2020-05-27 01:30:00,uHbuxQJl8lW7ozc,0,0,0,7.12854e+06
2020-06-09 06:45:00,rGa61gmuvPhdLxV,1337.29,130.429,49.1429,7.29601e+06
2020-05-28 08:00:00,McdE0feGgRqW7Ca,5048.75,494.95,422.125,7.25681e+06
2020-06-01 14:30:00,zBIq5rxdHJRwDNY,5292.14,518.871,5171.43,6.46841e+06
2020-05-20 01:30:00,VHMLBKoKgIrUVDU,0,0,0,7.23954e+06
2020-06-01 04:15:00,zBIq5rxdHJRwDNY,0,0,0,6.46324e+06
2020-06-08 11:30:00,iCRJl6heRkivqQ3,9793.38,956.575,3554.5,7.36007e+06
2020-05-22 05:45:00,z9Y9gH1T5YWrNuG,0,0,0,7.05715e+06
2020-06-06 01:00:00,wCURE6d3bPkepu2,0,0,0,6.94677e+06
2020-06-05 03:45:00,z9Y9gH1T5YWrNuG,0,0,0,7.16326e+06
2020-06-13 09:00:00,ih0vzX44oOqAx2f,8698.43,851.1,1041.86,6.3933e+06
2020-06-15 12:00:00,WRmjgnKYAwPKWDb,10129,989.229,3822.14,7.25841e+06
2020-06-03 17:15:00,7JYdWkrLSPkdwr4,2740.57,268.957,7616,7.74849e+06
2020-05-28 21:15:00,McdE0feGgRqW7Ca,0,0,8567,7.26496e+06
2020-06-02 15:30:00,wCURE6d3bPkepu2,6056,593.386,6613,6.92196e+06
2020-05-18 11:00:00,ZnxXDlPa8U1GXgE,6419.43,628.886,1015.86,6.54375e+06
2020-05-24 11:45:00,adLQvlD726eNBSB,11939.1,1164.96,3702,6.34144e+06
2020-05-29 11:15:00,1IF53ai7Xc0U56Y,11170.3,1090.33,3078.14,6.29304e+06
2020-06-14 21:45:00,wCURE6d3bPkepu2,0,0,7329,7.0097e+06
2020-05-31 06:45:00,VHMLBKoKgIrUVDU,1046.14,101.686,45.7143,7.32837e+06
2020-06-15 05:45:00,bvBOhCH3iADSZry,0,0,0,6.5216e+06
2020-06-14 09:45:00,sjndEbLyjtCKgGv,8174,800.013,1442,7.23695e+06
2020-06-03 22:30:00,1BY6WEcLGh8j5v7,0,0,7341,6.39781e+06
2020-06-13 19:45:00,VHMLBKoKgIrUVDU,0,0,8652,7.42957e+06
2020-06-06 01:45:00,uHbuxQJl8lW7ozc,0,0,0,7.20237e+06
2020-06-06 18:00:00,bvBOhCH3iADSZry,211.875,20.4625,5868.88,6.47312e+06
2020-05-19 06:00:00,pkci93gMrogZuBj,0,0,0,7.19441e+06
2020-06-07 02:15:00,1IF53ai7Xc0U56Y,0,0,0,6.3551e+06
2020-06-12 00:45:00,ZoEaEvLYb1n2sOq,0,0,0,7.30163e+06
2020-06-06 02:15:00,zVJPv84UY57bAof,0,0,0,7.27909e+06
2020-06-02 15:30:00,sjndEbLyjtCKgGv,6069.71,594.7,6554.57,7.15456e+06
2020-06-16 22:00:00,wCURE6d3bPkepu2,0,0,6274,7.02272e+06
2020-06-05 08:30:00,WRmjgnKYAwPKWDb,7172.5,702.388,575.75,7.18324e+06
2020-06-06 11:15:00,McdE0feGgRqW7Ca,10869.1,1060.91,2954,7.32764e+06
2020-05-25 07:15:00,bvBOhCH3iADSZry,2300.75,225.588,117.75,6.38433e+06
2020-06-03 22:30:00,ZoEaEvLYb1n2sOq,0,0,7774,7.2435e+06
2020-05-21 22:15:00,VHMLBKoKgIrUVDU,0,0,0,7.25636e+06
2020-05-21 18:00:00,bvBOhCH3iADSZry,288.25,27.85,7103.88,6.36214e+06
2020-06-14 06:45:00,uHbuxQJl8lW7ozc,1066,103.588,38,7.26057e+06
2020-05-19 18:00:00,1BY6WEcLGh8j5v7,0,0,6449,6.2901e+06
2020-05-17 20:45:00,zVJPv84UY57bAof,0,0,7480,7.13602e+06
2020-05-20 05:15:00,iCRJl6heRkivqQ3,0,0,0,7.21072e+06
2020-05-20 01:30:00,z9Y9gH1T5YWrNuG,0,0,0,7.04046e+06
2020-06-13 20:45:00,ZoEaEvLYb1n2sOq,0,0,8378,7.31576e+06
2020-05-27 01:15:00,rGa61gmuvPhdLxV,0,0,0,7.19987e+06
2020-05-28 02:00:00,ZnxXDlPa8U1GXgE,0,0,0,6.61938e+06
2020-06-08 15:15:00,bvBOhCH3iADSZry,8390.29,821.014,6595.14,6.48489e+06
2020-05-26 07:00:00,z9Y9gH1T5YWrNuG,1776.57,174,78.4286,7.08952e+06
2020-06-12 14:30:00,VHMLBKoKgIrUVDU,6461.57,632.986,4668.57,7.41968e+06
2020-06-14 04:15:00,wCURE6d3bPkepu2,0,0,0,7.00237e+06
2020-06-12 09:00:00,adLQvlD726eNBSB,5190.14,508.786,504.143,6.48324e+06
2020-06-08 23:30:00,WRmjgnKYAwPKWDb,0,0,8319,7.213e+06
2020-05-30 09:00:00,z9Y9gH1T5YWrNuG,3761.29,369.671,645,7.1211e+06
2020-06-17 08:45:00,wCURE6d3bPkepu2,3911.38,384.325,577.625,7.0233e+06
2020-05-18 13:15:00,pkci93gMrogZuBj,8728.14,853.929,2641.86,7.19169e+06
2020-05-28 09:30:00,7JYdWkrLSPkdwr4,9455.62,924.825,1533,7.70008e+06
2020-06-16 07:15:00,ZoEaEvLYb1n2sOq,2329.5,228.4,105.75,7.3298e+06
2020-06-12 00:30:00,McdE0feGgRqW7Ca,0,0,0,7.36737e+06
2020-06-12 06:15:00,VHMLBKoKgIrUVDU,167,16.1125,1.625,7.41501e+06
2020-06-04 16:45:00,iCRJl6heRkivqQ3,3983.14,390.886,7900.14,7.3336e+06
2020-06-14 05:45:00,zVJPv84UY57bAof,0,0,0,7.33696e+06
2020-06-12 18:00:00,1BY6WEcLGh8j5v7,762,73.9,5422.43,6.45566e+06
2020-05-28 05:30:00,adLQvlD726eNBSB,0,0,0,6.37037e+06
2020-06-07 18:30:00,YxYtjZvoooNbGkE,52.2857,5.05714,8155,7.35697e+06
2020-06-17 10:15:00,zVJPv84UY57bAof,6722.75,658.475,1434.25,7.3588e+06
2020-05-28 18:00:00,VHMLBKoKgIrUVDU,489.75,47.35,8495.38,7.31287e+06
2020-05-30 02:00:00,ZnxXDlPa8U1GXgE,0,0,0,6.63607e+06
2020-06-13 11:30:00,3PZuoBAID5Wc2HD,12667.4,1235.45,3738.5,7.20582e+06
2020-05-26 06:15:00,bvBOhCH3iADSZry,391,37.7857,6.71429,6.39234e+06
2020-06-06 12:45:00,WRmjgnKYAwPKWDb,6778.5,663.4,4149.25,7.19442e+06
2020-05-26 08:30:00,iCRJl6heRkivqQ3,6678.12,654.15,686.625,7.26082e+06
2020-06-01 02:15:00,bvBOhCH3iADSZry,0,0,0,6.43327e+06
2020-06-10 17:00:00,YxYtjZvoooNbGkE,2442.14,239.514,6247.43,7.37952e+06
2020-06-04 18:30:00,wCURE6d3bPkepu2,46,4.44286,8244.86,6.93902e+06
2020-06-10 06:30:00,ZnxXDlPa8U1GXgE,879.714,85.3857,21.8571,6.71779e+06
2020-05-30 19:15:00,1BY6WEcLGh8j5v7,0,0,6754,6.37213e+06
2020-05-17 12:15:00,adLQvlD726eNBSB,10579.6,1032.74,4397.71,6.28884e+06
2020-05-29 09:00:00,1BY6WEcLGh8j5v7,6348.14,621.786,757.286,6.35857e+06
2020-06-07 20:00:00,pkci93gMrogZuBj,0,0,8214,7.34613e+06
2020-06-11 10:30:00,wCURE6d3bPkepu2,5746.71,563.157,1206,6.98361e+06
2020-06-01 01:00:00,rGa61gmuvPhdLxV,0,0,0,7.23633e+06
2020-06-11 04:30:00,YxYtjZvoooNbGkE,0,0,0,7.37969e+06
2020-05-31 00:30:00,YxYtjZvoooNbGkE,0,0,0,7.29977e+06
2020-06-03 07:15:00,VHMLBKoKgIrUVDU,2283.5,223.9,109.5,7.34785e+06
2020-05-30 15:30:00,VHMLBKoKgIrUVDU,8204.29,802.957,6262,7.32732e+06
2020-06-15 21:45:00,VHMLBKoKgIrUVDU,0,0,6814,7.44387e+06
2020-05-28 00:00:00,7JYdWkrLSPkdwr4,0,0,948.286,7.69855e+06
2020-05-24 01:15:00,pkci93gMrogZuBj,0,0,0,7.23368e+06
2020-05-26 09:15:00,ZnxXDlPa8U1GXgE,8978.25,878.362,1280.75,6.60595e+06
2020-05-27 23:00:00,1IF53ai7Xc0U56Y,0,0,6824,6.28146e+06
2020-06-14 05:45:00,uHbuxQJl8lW7ozc,0,0,0,7.26053e+06
2020-05-29 17:15:00,adLQvlD726eNBSB,2402.14,235.557,8246,6.38726e+06
2020-05-23 13:30:00,z9Y9gH1T5YWrNuG,11612.9,1132.65,5667.25,7.06989e+06
2020-06-07 16:15:00,rGa61gmuvPhdLxV,6612.25,647.688,7577.75,7.28708e+06
2020-06-17 18:15:00,uHbuxQJl8lW7ozc,346.875,33.5,5960.75,7.287e+06
2020-05-30 05:00:00,ZnxXDlPa8U1GXgE,0,0,0,6.63607e+06
2020-06-09 14:15:00,3PZuoBAID5Wc2HD,6515.29,638.186,6144.29,7.18188e+06
2020-06-16 23:45:00,iCRJl6heRkivqQ3,0,0,6305,7.42031e+06
2020-05-31 00:30:00,rGa61gmuvPhdLxV,0,0,0,7.23044e+06
2020-05-21 13:45:00,WRmjgnKYAwPKWDb,9137.38,892.712,5660.25,7.07539e+06
2020-06-16 19:45:00,McdE0feGgRqW7Ca,0,0,6365,7.4026e+06
2020-06-08 22:45:00,rGa61gmuvPhdLxV,0,0,8291,7.29596e+06
2020-05-24 09:45:00,1IF53ai7Xc0U56Y,6744.75,660.55,1591,6.2508e+06
2020-06-01 03:00:00,ZoEaEvLYb1n2sOq,0,0,0,7.22264e+06
2020-06-17 14:45:00,uHbuxQJl8lW7ozc,8176.71,799.814,5275.86,7.28631e+06
2020-05-18 08:30:00,ZnxXDlPa8U1GXgE,1861.29,182.443,380,6.54312e+06
2020-05-17 06:30:00,ZoEaEvLYb1n2sOq,460.714,44.5571,7.42857,7.11075e+06
2020-05-19 01:15:00,ih0vzX44oOqAx2f,0,0,0,6.21049e+06
2020-05-25 22:45:00,7JYdWkrLSPkdwr4,0,0,8779,7.68402e+06
2020-06-16 23:00:00,wCURE6d3bPkepu2,0,0,6274,7.02272e+06
2020-05-25 20:15:00,rGa61gmuvPhdLxV,0,0,8807,7.1921e+06
2020-06-03 11:30:00,YxYtjZvoooNbGkE,10512.4,1026.97,2684,7.32161e+06
2020-05-17 11:45:00,ih0vzX44oOqAx2f,11221.2,1094.8,3670.88,6.20148e+06
2020-05-17 17:15:00,ZnxXDlPa8U1GXgE,1706.86,167.286,7499.43,6.54265e+06
2020-06-07 09:00:00,7JYdWkrLSPkdwr4,9139.75,893.9,749.625,7.77121e+06
2020-06-15 12:00:00,1IF53ai7Xc0U56Y,9677.38,945.312,3901,6.41827e+06
2020-06-08 12:00:00,1IF53ai7Xc0U56Y,10205.2,997.638,4193,6.36753e+06
2020-06-05 16:00:00,7JYdWkrLSPkdwr4,7173.38,702.45,6663,7.76328e+06
2020-06-09 21:15:00,sjndEbLyjtCKgGv,0,0,8170,7.2091e+06
2020-05-31 09:30:00,ZoEaEvLYb1n2sOq,8254.38,807.788,1025.88,7.21787e+06
2020-06-12 01:30:00,VHMLBKoKgIrUVDU,0,0,0,7.41501e+06
2020-05-31 18:45:00,wCURE6d3bPkepu2,0,0,6247,6.9094e+06
2020-06-17 14:30:00,WRmjgnKYAwPKWDb,8774.75,858.05,5046,7.27262e+06
2020-05-16 23:45:00,zVJPv84UY57bAof,0,0,6419,7.12854e+06
2020-05-19 03:15:00,rGa61gmuvPhdLxV,0,0,0,7.1369e+06
2020-05-23 04:45:00,rGa61gmuvPhdLxV,0,0,0,7.16714e+06
2020-05-30 06:45:00,pkci93gMrogZuBj,1187,115.429,38,7.28157e+06
2020-06-09 01:00:00,1IF53ai7Xc0U56Y,0,0,0,6.37183e+06
2020-05-28 20:15:00,ZnxXDlPa8U1GXgE,0,0,8540,6.62792e+06
2020-05-16 03:30:00,3PZuoBAID5Wc2HD,0,0,0,6.99403e+06
2020-06-03 05:00:00,zVJPv84UY57bAof,0,0,0,7.25522e+06
2020-05-17 05:45:00,z9Y9gH1T5YWrNuG,0,0,0,7.02074e+06
2020-05-21 16:30:00,ZoEaEvLYb1n2sOq,4371.86,429.171,7414.71,7.14648e+06
2020-05-24 02:30:00,pkci93gMrogZuBj,0,0,0,7.23368e+06
2020-05-27 05:45:00,zVJPv84UY57bAof,0,0,0,7.20538e+06
2020-06-17 12:30:00,7JYdWkrLSPkdwr4,9671.62,945.212,3387.62,7.84435e+06
2020-05-24 06:45:00,3PZuoBAID5Wc2HD,1308.57,127.414,46.4286,7.05331e+06
2020-05-31 21:00:00,ih0vzX44oOqAx2f,0,0,5965,6.30823e+06
2020-06-04 10:00:00,ZoEaEvLYb1n2sOq,9538.12,931.4,1577.5,7.24508e+06
2020-06-17 05:15:00,pkci93gMrogZuBj,0,0,0,7.40948e+06
2020-06-06 05:00:00,wCURE6d3bPkepu2,0,0,0,6.94677e+06
2020-06-15 21:15:00,ih0vzX44oOqAx2f,0,0,6564,6.41425e+06
2020-06-10 05:15:00,adLQvlD726eNBSB,0,0,0,6.47028e+06
2020-05-20 21:00:00,zVJPv84UY57bAof,0,0,8842,7.15718e+06
2020-06-07 10:00:00,3PZuoBAID5Wc2HD,6899.25,675.688,1508.12,7.16049e+06
2020-06-06 17:15:00,sjndEbLyjtCKgGv,648.375,62.775,6351.25,7.18563e+06
2020-06-06 02:30:00,z9Y9gH1T5YWrNuG,0,0,0,7.171e+06
2020-05-17 22:30:00,WRmjgnKYAwPKWDb,0,0,7674,7.0491e+06
2020-06-13 02:00:00,uHbuxQJl8lW7ozc,0,0,0,7.25209e+06
2020-06-08 12:45:00,YxYtjZvoooNbGkE,8467.86,828.143,4758.43,7.36173e+06
2020-06-05 06:30:00,1IF53ai7Xc0U56Y,670.25,64.95,17.75,6.34087e+06
2020-05-25 16:30:00,uHbuxQJl8lW7ozc,1967.71,192.786,8691.14,7.12054e+06
2020-06-13 15:30:00,YxYtjZvoooNbGkE,8033.88,785.913,7609.12,7.39867e+06
2020-06-03 14:45:00,wCURE6d3bPkepu2,9829.75,960.288,6157.12,6.92903e+06
2020-05-31 05:45:00,iCRJl6heRkivqQ3,0,0,0,7.2986e+06
2020-05-22 02:30:00,ih0vzX44oOqAx2f,0,0,0,6.23354e+06
2020-06-17 11:00:00,VHMLBKoKgIrUVDU,6697.25,655.2,1945.12,7.45215e+06
2020-05-23 12:15:00,YxYtjZvoooNbGkE,13758.4,1341.44,4327.88,7.24045e+06
2020-06-10 01:15:00,1IF53ai7Xc0U56Y,0,0,0,6.38002e+06
2020-05-18 19:30:00,ih0vzX44oOqAx2f,0,0,5286,6.21049e+06
2020-05-28 15:15:00,YxYtjZvoooNbGkE,9039.75,884.325,7317.38,7.28335e+06
2020-06-13 12:15:00,z9Y9gH1T5YWrNuG,9798.86,957.443,4359.57,7.22123e+06
2020-06-12 10:30:00,iCRJl6heRkivqQ3,8236.75,806.1,1406.88,7.38688e+06
2020-05-30 16:45:00,7JYdWkrLSPkdwr4,3992.25,392.262,6863.5,7.7217e+06
2020-05-31 16:00:00,rGa61gmuvPhdLxV,3046.62,299.238,5539.75,7.23598e+06
2020-05-17 18:45:00,ZoEaEvLYb1n2sOq,0,0,7464,7.11821e+06
2020-05-15 11:15:00,adLQvlD726eNBSB,5966.88,584.65,2176.75,6.27353e+06
2020-06-11 19:00:00,z9Y9gH1T5YWrNuG,0,0,5599,7.21106e+06
2020-06-10 16:30:00,iCRJl6heRkivqQ3,3466.29,340.429,6250,7.37947e+06
2020-06-15 20:00:00,3PZuoBAID5Wc2HD,0,0,6819,7.22504e+06
2020-05-16 08:15:00,zBIq5rxdHJRwDNY,4733,464.143,438.429,6.34621e+06
2020-06-15 10:15:00,McdE0feGgRqW7Ca,12431.4,1212.79,2284.86,7.39164e+06
2020-06-10 19:00:00,VHMLBKoKgIrUVDU,0,0,6479,7.4093e+06
2020-05-30 15:30:00,WRmjgnKYAwPKWDb,7988.57,781.943,6185.57,7.14708e+06
2020-05-25 22:45:00,YxYtjZvoooNbGkE,0,0,8813,7.26146e+06
2020-05-26 16:45:00,sjndEbLyjtCKgGv,6111.25,598.8,7534.75,7.10565e+06
2020-05-18 20:30:00,wCURE6d3bPkepu2,0,0,5393,6.80839e+06
2020-05-31 04:15:00,YxYtjZvoooNbGkE,0,0,0,7.29977e+06
2020-06-02 08:45:00,McdE0feGgRqW7Ca,7940.75,777.163,910.75,7.29366e+06
2020-05-18 17:30:00,VHMLBKoKgIrUVDU,1167.38,113.525,5409.75,7.23251e+06
2020-05-26 21:30:00,YxYtjZvoooNbGkE,0,0,0,7.26933e+06
2020-06-15 17:15:00,WRmjgnKYAwPKWDb,2289.29,224.471,6618.57,7.2612e+06
2020-05-21 21:00:00,wCURE6d3bPkepu2,0,0,7811,6.83206e+06
2020-06-01 00:30:00,bvBOhCH3iADSZry,0,0,0,6.43327e+06
2020-05-28 13:45:00,wCURE6d3bPkepu2,9702.43,947.243,6129.71,6.88532e+06
2020-05-20 12:15:00,iCRJl6heRkivqQ3,12904.1,1258.16,4499.57,7.21522e+06
2020-06-03 05:15:00,adLQvlD726eNBSB,0,0,0,6.41428e+06
2020-06-13 21:00:00,VHMLBKoKgIrUVDU,0,0,8652,7.42957e+06
2020-06-03 01:15:00,ih0vzX44oOqAx2f,0,0,0,6.32131e+06
2020-05-25 19:00:00,ih0vzX44oOqAx2f,0,0,8085,6.26458e+06
2020-05-26 06:45:00,z9Y9gH1T5YWrNuG,1208.71,117.557,44.5714,7.08948e+06
2020-05-27 21:15:00,rGa61gmuvPhdLxV,0,0,0,7.20655e+06
2020-05-28 15:15:00,iCRJl6heRkivqQ3,9091.71,889.414,7278.86,7.28197e+06
2020-05-24 22:45:00,WRmjgnKYAwPKWDb,0,0,8091,7.10112e+06
2020-06-16 02:15:00,iCRJl6heRkivqQ3,0,0,0,7.414e+06
2020-06-01 20:15:00,3PZuoBAID5Wc2HD,0,0,5965,7.12127e+06
2020-06-06 02:45:00,1IF53ai7Xc0U56Y,0,0,0,6.34856e+06
2020-05-27 10:45:00,pkci93gMrogZuBj,7879,770.4,2257.38,7.26055e+06
2020-05-27 21:45:00,WRmjgnKYAwPKWDb,0,0,6658,7.12454e+06
2020-05-23 00:45:00,1BY6WEcLGh8j5v7,0,0,0,6.31244e+06
2020-06-13 09:00:00,adLQvlD726eNBSB,9505.75,929.712,1185.62,6.48991e+06
2020-05-26 19:30:00,ZoEaEvLYb1n2sOq,0,0,0,7.18669e+06
2020-05-25 04:45:00,3PZuoBAID5Wc2HD,0,0,0,7.06157e+06
2020-06-12 10:00:00,zVJPv84UY57bAof,5780.86,566.5,1063.29,7.32375e+06
2020-06-14 18:15:00,iCRJl6heRkivqQ3,252.429,24.3571,7364.71,7.40722e+06
2020-06-03 17:00:00,zVJPv84UY57bAof,5733,561.875,7583,7.2628e+06
2020-05-18 19:45:00,McdE0feGgRqW7Ca,0,0,5464,7.18509e+06
2020-05-29 13:15:00,1IF53ai7Xc0U56Y,11917.8,1162.99,5359.12,6.29532e+06
2020-05-24 12:30:00,ZnxXDlPa8U1GXgE,11743.1,1145.77,4422.86,6.59215e+06
2020-05-19 22:45:00,uHbuxQJl8lW7ozc,0,0,6997,7.0712e+06
2020-06-11 00:00:00,1IF53ai7Xc0U56Y,0,0,0,6.38662e+06
2020-05-26 07:30:00,YxYtjZvoooNbGkE,3275.14,321.786,201,7.26166e+06
2020-05-30 10:00:00,ZoEaEvLYb1n2sOq,4685.43,459.657,1145.57,7.21075e+06
2020-06-02 06:30:00,adLQvlD726eNBSB,525.875,50.8625,18.625,6.40685e+06
2020-06-01 04:15:00,1BY6WEcLGh8j5v7,0,0,0,6.37793e+06
2020-05-29 12:15:00,wCURE6d3bPkepu2,11113.4,1085.16,4054.71,6.89176e+06
2020-05-25 09:45:00,McdE0feGgRqW7Ca,10377.5,1014.48,1691.38,7.23438e+06
2020-05-18 12:45:00,zVJPv84UY57bAof,7717.71,755.457,2249.14,7.13826e+06
2020-06-09 10:45:00,ZnxXDlPa8U1GXgE,11677,1139.33,2635.86,6.71233e+06
2020-06-08 10:45:00,iCRJl6heRkivqQ3,11353.7,1107.84,2721.57,7.35923e+06
2020-05-30 03:00:00,pkci93gMrogZuBj,0,0,0,7.28154e+06
2020-05-22 06:45:00,ZoEaEvLYb1n2sOq,1180.57,114.8,53.7143,7.14674e+06
2020-05-31 05:15:00,wCURE6d3bPkepu2,0,0,0,6.90316e+06
2020-06-09 00:00:00,ih0vzX44oOqAx2f,0,0,1027.12,6.36691e+06
2020-06-10 15:45:00,pkci93gMrogZuBj,3965.14,389.614,5932.86,7.36865e+06
2020-05-28 03:45:00,McdE0feGgRqW7Ca,0,0,0,7.25639e+06
2020-05-18 03:30:00,zBIq5rxdHJRwDNY,0,0,0,6.35966e+06
2020-06-10 15:00:00,uHbuxQJl8lW7ozc,2088,204.488,5722.88,7.23959e+06
2020-06-13 06:15:00,3PZuoBAID5Wc2HD,380.5,36.775,7.375,7.20209e+06
2020-05-20 01:00:00,3PZuoBAID5Wc2HD,0,0,0,7.02051e+06
2020-05-26 17:00:00,VHMLBKoKgIrUVDU,4231,415.014,7982.29,7.29751e+06
2020-05-29 12:15:00,McdE0feGgRqW7Ca,9872.62,965.35,4122.75,7.26908e+06
2020-06-07 22:30:00,ih0vzX44oOqAx2f,0,0,8019,6.35869e+06
2020-05-24 18:45:00,wCURE6d3bPkepu2,0,0,7961,6.85579e+06
2020-06-04 21:45:00,zVJPv84UY57bAof,0,0,0,7.27127e+06
2020-06-09 00:15:00,rGa61gmuvPhdLxV,0,0,0,7.29596e+06
2020-05-16 13:45:00,uHbuxQJl8lW7ozc,7214.62,706.4,4466.12,7.04953e+06
2020-06-01 14:15:00,ZoEaEvLYb1n2sOq,3307,324.288,5062.12,7.22771e+06
2020-06-03 04:15:00,pkci93gMrogZuBj,0,0,0,7.30765e+06
2020-06-14 09:00:00,z9Y9gH1T5YWrNuG,5917.71,579.886,869.429,7.2261e+06
2020-05-19 03:00:00,YxYtjZvoooNbGkE,0,0,0,7.2056e+06
2020-05-21 23:15:00,pkci93gMrogZuBj,0,0,7778,7.21798e+06
2020-05-20 20:15:00,ZoEaEvLYb1n2sOq,0,0,8736,7.13907e+06
2020-06-08 01:15:00,wCURE6d3bPkepu2,0,0,0,6.95953e+06
2020-06-13 05:30:00,z9Y9gH1T5YWrNuG,0,0,0,7.21687e+06
2020-06-06 14:30:00,YxYtjZvoooNbGkE,4278.5,418.462,5598.38,7.34809e+06
2020-06-14 22:30:00,YxYtjZvoooNbGkE,0,0,7263,7.4067e+06
2020-06-08 18:15:00,sjndEbLyjtCKgGv,468.143,45.2571,8362.86,7.20092e+06
2020-06-15 00:15:00,McdE0feGgRqW7Ca,0,0,0,7.38936e+06
2020-05-22 00:00:00,uHbuxQJl8lW7ozc,0,0,0,7.08798e+06
2020-05-20 09:15:00,1IF53ai7Xc0U56Y,8675.12,848.85,1317.12,6.21775e+06
2020-05-25 02:30:00,1IF53ai7Xc0U56Y,0,0,0,6.25748e+06
2020-06-06 04:45:00,1IF53ai7Xc0U56Y,0,0,0,6.34856e+06
2020-06-14 06:30:00,YxYtjZvoooNbGkE,647.429,62.7,16.1429,7.39946e+06
2020-06-03 02:45:00,YxYtjZvoooNbGkE,0,0,0,7.31893e+06
2020-06-05 18:45:00,bvBOhCH3iADSZry,0,0,7065,6.46725e+06
2020-05-19 07:00:00,ZnxXDlPa8U1GXgE,2502.5,245.4,53.5,6.54822e+06
2020-06-16 19:00:00,zBIq5rxdHJRwDNY,0,0,5719,6.57755e+06
2020-05-28 19:00:00,VHMLBKoKgIrUVDU,0,0,8509,7.31289e+06
2020-05-26 15:30:00,zVJPv84UY57bAof,7539.43,738.086,6769.86,7.20438e+06
2020-06-05 00:30:00,VHMLBKoKgIrUVDU,0,0,0,7.36382e+06
2020-05-22 02:00:00,3PZuoBAID5Wc2HD,0,0,0,7.0373e+06
2020-06-11 20:00:00,McdE0feGgRqW7Ca,0,0,5750,7.36737e+06
2020-05-31 02:00:00,rGa61gmuvPhdLxV,0,0,0,7.23044e+06
2020-05-17 21:15:00,7JYdWkrLSPkdwr4,0,0,7526,7.62306e+06
2020-06-05 08:30:00,rGa61gmuvPhdLxV,7182.14,703.3,524.143,7.26587e+06
2020-05-17 16:45:00,7JYdWkrLSPkdwr4,3704,363.843,7329.86,7.62287e+06
2020-05-16 06:45:00,zVJPv84UY57bAof,1125.75,109.475,38.375,7.12215e+06
2020-05-23 16:00:00,iCRJl6heRkivqQ3,6785.14,664.586,7860,7.24245e+06
2020-05-16 11:30:00,ZoEaEvLYb1n2sOq,6575.57,644.086,2649.14,7.10701e+06
2020-06-02 23:15:00,McdE0feGgRqW7Ca,0,0,7607,7.30036e+06
2020-06-05 05:00:00,zBIq5rxdHJRwDNY,0,0,0,6.49258e+06
2020-06-17 02:45:00,1IF53ai7Xc0U56Y,0,0,0,6.42753e+06
2020-06-16 01:30:00,VHMLBKoKgIrUVDU,0,0,0,7.44387e+06
2020-06-04 17:45:00,zVJPv84UY57bAof,2003.29,196.329,8167.14,7.27122e+06
2020-06-17 03:45:00,VHMLBKoKgIrUVDU,0,0,0,7.4502e+06
2020-05-27 00:45:00,zBIq5rxdHJRwDNY,0,0,0,6.4277e+06
2020-05-30 08:15:00,zBIq5rxdHJRwDNY,4247.86,417.2,389.429,6.45029e+06
2020-06-01 16:45:00,1BY6WEcLGh8j5v7,1508.14,147.2,5386.86,6.38332e+06
2020-05-22 05:45:00,YxYtjZvoooNbGkE,0,0,0,7.22903e+06
2020-05-29 13:45:00,iCRJl6heRkivqQ3,8798,860.357,5808.57,7.28885e+06
2020-06-09 22:00:00,VHMLBKoKgIrUVDU,0,0,8120,7.40282e+06
2020-06-02 04:15:00,McdE0feGgRqW7Ca,0,0,0,7.29275e+06
2020-05-17 12:15:00,WRmjgnKYAwPKWDb,9087.14,887.614,4232.29,7.04566e+06
2020-05-19 04:30:00,ZoEaEvLYb1n2sOq,0,0,0,7.12353e+06
2020-06-06 09:15:00,VHMLBKoKgIrUVDU,5469.71,536.214,1198.71,7.37275e+06
2020-05-15 20:30:00,sjndEbLyjtCKgGv,0,0,6350,7.02318e+06
2020-05-18 10:45:00,wCURE6d3bPkepu2,5623.14,551.143,847.571,6.80385e+06
2020-06-14 01:30:00,ZoEaEvLYb1n2sOq,0,0,0,7.31576e+06
2020-06-05 22:30:00,7JYdWkrLSPkdwr4,0,0,0,7.76414e+06
2020-05-30 03:45:00,wCURE6d3bPkepu2,0,0,0,6.89588e+06
2020-05-28 04:15:00,sjndEbLyjtCKgGv,0,0,0,7.11256e+06
2020-05-25 02:30:00,wCURE6d3bPkepu2,0,0,0,6.85579e+06
2020-05-19 18:15:00,McdE0feGgRqW7Ca,0,0,7007,7.1921e+06
2020-05-19 10:15:00,WRmjgnKYAwPKWDb,7314.86,715.986,1471.86,7.05592e+06
2020-05-25 12:15:00,zBIq5rxdHJRwDNY,12159.7,1185.57,4295.57,6.41605e+06
2020-06-12 18:45:00,iCRJl6heRkivqQ3,0,0,5888,7.39136e+06
2020-06-15 21:00:00,zBIq5rxdHJRwDNY,0,0,6696,6.57183e+06
2020-05-15 02:45:00,wCURE6d3bPkepu2,0,0,0,6.7826e+06
2020-06-04 04:45:00,rGa61gmuvPhdLxV,0,0,0,7.25714e+06
2020-06-12 12:15:00,YxYtjZvoooNbGkE,7241,709.043,2818.86,7.3881e+06
2020-06-12 00:00:00,ZnxXDlPa8U1GXgE,0,0,711.5,6.7299e+06
2020-06-16 14:30:00,7JYdWkrLSPkdwr4,10243.1,1000.41,4874.88,7.83967e+06
2020-05-25 02:15:00,WRmjgnKYAwPKWDb,0,0,0,7.10112e+06
2020-05-28 17:30:00,7JYdWkrLSPkdwr4,1106.75,107.6,8229.75,7.70678e+06
2020-06-11 13:15:00,McdE0feGgRqW7Ca,7412.25,725.75,3278.5,7.3649e+06
2020-06-10 03:00:00,zBIq5rxdHJRwDNY,0,0,0,6.5314e+06
2020-06-11 16:00:00,3PZuoBAID5Wc2HD,4723,463.414,5192.43,7.19566e+06
2020-06-11 07:15:00,zVJPv84UY57bAof,1204,117.114,57.4286,7.31707e+06
2020-06-14 14:45:00,pkci93gMrogZuBj,6596.75,646.188,5914.5,7.39508e+06
2020-06-01 15:45:00,bvBOhCH3iADSZry,1341.88,130.562,5102,6.43837e+06
2020-05-22 23:30:00,1IF53ai7Xc0U56Y,0,0,7287,6.24053e+06
2020-05-23 14:30:00,sjndEbLyjtCKgGv,7523.62,736.625,6651.75,7.07961e+06
2020-05-28 03:30:00,McdE0feGgRqW7Ca,0,0,0,7.25639e+06
2020-06-11 00:15:00,zVJPv84UY57bAof,0,0,0,7.31702e+06
2020-06-01 13:00:00,McdE0feGgRqW7Ca,7944.71,776.729,4362.57,7.29112e+06
2020-05-18 10:30:00,zVJPv84UY57bAof,3200.5,314.387,740.75,7.13676e+06
2020-05-27 07:30:00,1BY6WEcLGh8j5v7,3032.86,297.8,193.714,6.34386e+06
2020-05-15 20:30:00,zBIq5rxdHJRwDNY,0,0,6396,6.34578e+06
2020-06-04 17:45:00,3PZuoBAID5Wc2HD,1787,174.925,8167.25,7.14466e+06
2020-06-05 07:00:00,pkci93gMrogZuBj,1488,145.314,69.7143,7.32376e+06
2020-05-31 13:00:00,wCURE6d3bPkepu2,7639.57,747.714,4566,6.90772e+06
2020-05-31 10:00:00,uHbuxQJl8lW7ozc,5367,526.2,1447.5,7.16072e+06
2020-06-10 13:45:00,bvBOhCH3iADSZry,9229.75,902.85,4383.62,6.49773e+06
2020-06-11 11:45:00,pkci93gMrogZuBj,8311.14,813.386,2092.86,7.37139e+06
2020-06-12 07:00:00,ih0vzX44oOqAx2f,929.286,90.2571,40.8571,6.38659e+06
2020-06-13 14:45:00,zBIq5rxdHJRwDNY,10507.9,1027.1,6902.57,6.55629e+06
2020-05-31 04:15:00,3PZuoBAID5Wc2HD,0,0,0,7.10949e+06
2020-06-08 22:45:00,uHbuxQJl8lW7ozc,0,0,8405,7.22555e+06
2020-06-05 15:30:00,ZnxXDlPa8U1GXgE,3993,391.15,6359.12,6.68542e+06
2020-06-05 12:30:00,uHbuxQJl8lW7ozc,3541.38,348.1,3966.88,7.1985e+06
2020-05-15 07:30:00,rGa61gmuvPhdLxV,1951,191.262,176.75,7.11167e+06
2020-05-26 03:30:00,bvBOhCH3iADSZry,0,0,0,6.39234e+06
2020-06-04 17:00:00,VHMLBKoKgIrUVDU,3957.86,388.886,7873.86,7.36353e+06
2020-05-27 20:00:00,McdE0feGgRqW7Ca,0,0,0,7.25639e+06
2020-06-03 19:30:00,adLQvlD726eNBSB,0,0,7991,6.42227e+06
2020-06-06 08:30:00,sjndEbLyjtCKgGv,7047.43,690.114,758.429,7.18004e+06
2020-05-17 13:30:00,ih0vzX44oOqAx2f,9563.38,933.862,5108,6.20292e+06
2020-05-28 08:30:00,z9Y9gH1T5YWrNuG,6767.88,662.913,707.75,7.10459e+06
2020-06-13 06:30:00,3PZuoBAID5Wc2HD,639.857,61.9571,20,7.20211e+06
2020-06-10 09:15:00,YxYtjZvoooNbGkE,7649.14,748.757,1019.43,7.37429e+06
2020-05-22 23:15:00,wCURE6d3bPkepu2,0,0,0,6.83922e+06
2020-05-26 14:45:00,VHMLBKoKgIrUVDU,5418.86,531.371,6682.86,7.29621e+06
2020-06-10 01:15:00,zBIq5rxdHJRwDNY,0,0,0,6.5314e+06
2020-05-23 23:45:00,rGa61gmuvPhdLxV,0,0,8152,7.17529e+06
2020-05-23 13:30:00,zVJPv84UY57bAof,12441,1212.99,5728.57,7.17802e+06
2020-05-29 16:15:00,ih0vzX44oOqAx2f,6258.25,613.112,7487.62,6.29466e+06
2020-05-25 15:15:00,zBIq5rxdHJRwDNY,8896.71,870.429,7500.29,6.41926e+06
2020-06-11 00:45:00,VHMLBKoKgIrUVDU,0,0,0,7.4093e+06
2020-06-01 12:15:00,McdE0feGgRqW7Ca,7703.88,753.7,3918.88,7.29068e+06
2020-05-15 10:15:00,pkci93gMrogZuBj,6130.12,600.675,1580.12,7.17068e+06
2020-05-19 03:15:00,sjndEbLyjtCKgGv,0,0,0,7.0424e+06
2020-06-02 07:15:00,McdE0feGgRqW7Ca,1781.75,174.562,109.25,7.29286e+06
2020-05-25 04:15:00,WRmjgnKYAwPKWDb,0,0,0,7.10112e+06
2020-05-23 04:30:00,zVJPv84UY57bAof,0,0,0,7.17229e+06
2020-06-14 08:30:00,wCURE6d3bPkepu2,4740.5,480.486,615.714,7.00298e+06
2020-06-14 03:30:00,VHMLBKoKgIrUVDU,0,0,0,7.42957e+06
2020-06-17 16:00:00,rGa61gmuvPhdLxV,3349.62,329.075,5596.25,7.35654e+06
2020-05-15 08:00:00,3PZuoBAID5Wc2HD,2736.12,268.625,287.75,6.98805e+06
2020-06-17 19:45:00,uHbuxQJl8lW7ozc,0,0,5967,7.287e+06
2020-05-20 19:45:00,VHMLBKoKgIrUVDU,0,0,8982,7.24852e+06
2020-06-12 02:30:00,McdE0feGgRqW7Ca,0,0,0,7.36737e+06
2020-05-15 13:15:00,wCURE6d3bPkepu2,6655,651.857,3781,6.78638e+06
2020-05-16 04:00:00,YxYtjZvoooNbGkE,0,0,0,7.18626e+06
2020-06-14 15:45:00,1IF53ai7Xc0U56Y,6006.29,588.557,6891.14,6.41377e+06
2020-06-06 18:15:00,1IF53ai7Xc0U56Y,114,10.9857,6540.71,6.3551e+06
2020-05-27 00:00:00,WRmjgnKYAwPKWDb,0,0,0,7.11788e+06
2020-06-10 10:45:00,uHbuxQJl8lW7ozc,5717.88,560.337,2001.75,7.23586e+06
2020-05-18 15:00:00,YxYtjZvoooNbGkE,7869.71,770.343,4146.86,7.20438e+06
2020-06-14 23:30:00,3PZuoBAID5Wc2HD,0,0,7504,7.21822e+06
2020-05-28 01:45:00,rGa61gmuvPhdLxV,0,0,0,7.20655e+06
2020-05-19 18:45:00,1BY6WEcLGh8j5v7,0,0,6449,6.2901e+06
2020-05-15 12:30:00,iCRJl6heRkivqQ3,8117,793.529,3272.14,7.18126e+06
2020-06-08 08:00:00,adLQvlD726eNBSB,4455.57,437.386,385,6.45377e+06
2020-06-10 08:00:00,1IF53ai7Xc0U56Y,4052.38,397.988,449,6.38047e+06
2020-06-17 02:00:00,YxYtjZvoooNbGkE,0,0,0,7.41956e+06
2020-06-07 00:45:00,adLQvlD726eNBSB,0,0,0,6.44503e+06
2020-06-10 23:45:00,wCURE6d3bPkepu2,0,0,2752.71,6.9824e+06
2020-06-08 12:45:00,WRmjgnKYAwPKWDb,7642.38,747.725,4813.38,7.2095e+06
2020-05-31 08:45:00,bvBOhCH3iADSZry,6052.38,592.962,516.125,6.4282e+06
2020-05-15 04:30:00,rGa61gmuvPhdLxV,0,0,0,7.11149e+06
2020-06-16 01:30:00,adLQvlD726eNBSB,0,0,0,6.512e+06
2020-06-05 14:30:00,ZoEaEvLYb1n2sOq,11643.3,1136.41,5429.57,7.25697e+06
2020-05-20 00:45:00,McdE0feGgRqW7Ca,0,0,0,7.1921e+06
2020-05-30 18:15:00,1IF53ai7Xc0U56Y,297.143,28.7,7328.43,6.30554e+06
2020-05-31 03:15:00,pkci93gMrogZuBj,0,0,0,7.28888e+06
2020-06-11 11:30:00,wCURE6d3bPkepu2,7363.57,721.029,1881.43,6.98428e+06
2020-06-01 14:15:00,7JYdWkrLSPkdwr4,3322.25,325.488,5069.62,7.73289e+06
2020-06-07 05:45:00,WRmjgnKYAwPKWDb,0,0,0,7.19661e+06
2020-05-19 19:30:00,wCURE6d3bPkepu2,0,0,6956,6.81535e+06
2020-05-15 09:00:00,ZnxXDlPa8U1GXgE,8110,793.775,748.75,6.52292e+06
2020-05-25 17:45:00,uHbuxQJl8lW7ozc,489.125,47.3125,8819.88,7.12067e+06
2020-06-15 16:15:00,YxYtjZvoooNbGkE,2431.71,238.571,6206.29,7.41291e+06
2020-05-23 03:45:00,zVJPv84UY57bAof,0,0,0,7.17229e+06
2020-06-06 10:15:00,sjndEbLyjtCKgGv,8552.29,835.7,2004.57,7.18128e+06
2020-06-10 16:00:00,zBIq5rxdHJRwDNY,4176.43,410.286,5957.86,6.53736e+06
2020-06-11 06:00:00,z9Y9gH1T5YWrNuG,0,0,0,7.20546e+06
2020-06-14 10:15:00,ih0vzX44oOqAx2f,7506.86,734.971,1795.14,6.40231e+06
2020-05-25 12:45:00,VHMLBKoKgIrUVDU,12641.6,1232.51,5301.86,7.28581e+06
2020-05-21 21:45:00,pkci93gMrogZuBj,0,0,7778,7.21798e+06
2020-05-22 17:15:00,ZnxXDlPa8U1GXgE,1227,119.357,7219,6.57908e+06
2020-06-04 19:30:00,1IF53ai7Xc0U56Y,0,0,8196,6.34086e+06
2020-06-16 13:15:00,wCURE6d3bPkepu2,7299,714.671,4111.86,7.02056e+06
2020-06-08 21:00:00,1IF53ai7Xc0U56Y,0,0,8495,6.37183e+06
2020-05-27 21:45:00,uHbuxQJl8lW7ozc,0,0,0,7.13526e+06
2020-06-10 07:45:00,1BY6WEcLGh8j5v7,3905.57,383.814,290.857,6.43936e+06
2020-06-03 16:45:00,pkci93gMrogZuBj,4757.71,466.443,7393.86,7.31504e+06
2020-05-31 23:00:00,wCURE6d3bPkepu2,0,0,6247,6.9094e+06
2020-05-16 14:15:00,YxYtjZvoooNbGkE,8580.75,839.575,5042.38,7.1913e+06
2020-06-17 23:30:00,z9Y9gH1T5YWrNuG,0,0,5819,7.2512e+06
2020-05-29 19:00:00,3PZuoBAID5Wc2HD,0,0,8210,7.10219e+06
2020-05-16 18:30:00,rGa61gmuvPhdLxV,0,0,6233,7.1241e+06
2020-06-05 03:15:00,uHbuxQJl8lW7ozc,0,0,0,7.19454e+06
2020-05-24 15:15:00,ZoEaEvLYb1n2sOq,6277.88,614.987,7090.5,7.16927e+06
2020-06-07 02:30:00,bvBOhCH3iADSZry,0,0,0,6.47312e+06
2020-05-18 13:30:00,zBIq5rxdHJRwDNY,11155,1088.74,2931.38,6.36259e+06
2020-06-13 19:30:00,zBIq5rxdHJRwDNY,0,0,8435,6.55782e+06
2020-05-21 23:15:00,wCURE6d3bPkepu2,0,0,7811,6.83206e+06
2020-06-10 18:15:00,1BY6WEcLGh8j5v7,111.625,10.7625,5909.5,6.44498e+06
2020-05-30 07:45:00,ih0vzX44oOqAx2f,2314.88,226.963,224.25,6.29535e+06
2020-05-19 18:30:00,sjndEbLyjtCKgGv,0,0,6879,7.04928e+06
2020-05-31 17:00:00,zBIq5rxdHJRwDNY,1969.88,193.088,5784.5,6.46309e+06
2020-06-08 15:45:00,3PZuoBAID5Wc2HD,8073.12,789.875,7715.38,7.17494e+06
2020-05-28 21:30:00,McdE0feGgRqW7Ca,0,0,8567,7.26496e+06
2020-05-17 10:30:00,1IF53ai7Xc0U56Y,11839.1,1154.71,2400.14,6.19899e+06
2020-06-02 05:15:00,3PZuoBAID5Wc2HD,0,0,0,7.12127e+06
2020-06-10 01:15:00,YxYtjZvoooNbGkE,0,0,0,7.37327e+06
2020-06-10 19:30:00,z9Y9gH1T5YWrNuG,0,0,6412,7.20546e+06
2020-06-11 23:15:00,sjndEbLyjtCKgGv,0,0,5654,7.22125e+06
2020-06-06 21:00:00,3PZuoBAID5Wc2HD,0,0,6496,7.15898e+06
2020-05-31 04:45:00,1IF53ai7Xc0U56Y,0,0,0,6.30554e+06
2020-05-26 12:00:00,bvBOhCH3iADSZry,9489,926.562,3747.25,6.39608e+06
2020-06-10 06:00:00,ZnxXDlPa8U1GXgE,102.286,9.87143,0.714286,6.71777e+06
2020-06-17 02:15:00,YxYtjZvoooNbGkE,0,0,0,7.41956e+06
2020-05-21 11:00:00,McdE0feGgRqW7Ca,9652,943.1,2748.71,7.20381e+06
2020-06-06 10:00:00,zBIq5rxdHJRwDNY,10521.4,1027.81,1746.29,6.50205e+06
2020-05-21 17:00:00,WRmjgnKYAwPKWDb,1076.62,104.65,7569.62,7.07729e+06
2020-05-31 20:15:00,pkci93gMrogZuBj,0,0,5915,7.29479e+06
2020-06-11 22:45:00,3PZuoBAID5Wc2HD,0,0,5717,7.19619e+06
2020-06-08 10:15:00,1IF53ai7Xc0U56Y,12255,1195.23,2249.14,6.36559e+06
2020-06-12 10:00:00,1BY6WEcLGh8j5v7,5446.38,533.837,975.75,6.45121e+06
2020-06-04 17:30:00,uHbuxQJl8lW7ozc,3198.12,314.137,8161.75,7.19442e+06
2020-06-07 16:15:00,WRmjgnKYAwPKWDb,5459.57,535.1,7552.43,7.20416e+06
2020-06-05 12:00:00,1IF53ai7Xc0U56Y,4665.86,457.786,3671.57,6.34453e+06
2020-06-05 12:45:00,McdE0feGgRqW7Ca,5398.88,529.3,4065.88,7.32083e+06
2020-06-01 08:15:00,1IF53ai7Xc0U56Y,5215,511.386,682,6.31211e+06
2020-06-04 02:15:00,zVJPv84UY57bAof,0,0,0,7.26305e+06
2020-05-25 03:45:00,YxYtjZvoooNbGkE,0,0,0,7.25265e+06
2020-06-12 09:15:00,pkci93gMrogZuBj,5968.5,584.837,624.875,7.37558e+06
2020-05-26 06:00:00,ih0vzX44oOqAx2f,133.714,12.9,1.14286,6.26458e+06
2020-05-15 17:30:00,pkci93gMrogZuBj,1205.5,117.5,6337.5,7.17544e+06
2020-06-17 02:45:00,uHbuxQJl8lW7ozc,0,0,0,7.28104e+06
2020-06-13 09:00:00,WRmjgnKYAwPKWDb,8784.25,859.425,1140.88,7.23992e+06
2020-06-01 06:30:00,zVJPv84UY57bAof,941.875,91.475,22.25,7.24205e+06
2020-06-08 11:30:00,rGa61gmuvPhdLxV,9946.86,971.686,3522.57,7.2912e+06
2020-05-26 02:00:00,1IF53ai7Xc0U56Y,0,0,0,6.26653e+06
2020-05-26 14:30:00,1IF53ai7Xc0U56Y,8460.62,826.975,6526.75,6.27305e+06
2020-06-09 16:30:00,1IF53ai7Xc0U56Y,5038.88,494,7765.5,6.3796e+06
2020-05-18 08:30:00,WRmjgnKYAwPKWDb,1827.88,179.162,380,7.04948e+06
2020-06-17 00:00:00,zVJPv84UY57bAof,0,0,0,7.35736e+06
2020-05-20 13:00:00,adLQvlD726eNBSB,12052.8,1175.84,5651.75,6.31016e+06
2020-05-17 16:45:00,YxYtjZvoooNbGkE,3646.5,358.225,7298,7.20003e+06
2020-06-05 11:15:00,VHMLBKoKgIrUVDU,9390.38,917.413,2939.12,7.36676e+06
2020-06-12 11:30:00,zBIq5rxdHJRwDNY,9895.25,967.288,2146,6.5457e+06
2020-06-05 13:45:00,pkci93gMrogZuBj,13028,1270.23,4919.57,7.32861e+06
2020-06-08 09:15:00,pkci93gMrogZuBj,9266.5,906.337,1050.75,7.34718e+06
2020-05-16 04:15:00,bvBOhCH3iADSZry,0,0,0,6.32251e+06
2020-06-11 20:00:00,sjndEbLyjtCKgGv,0,0,5654,7.22125e+06
2020-05-17 11:30:00,wCURE6d3bPkepu2,12055.5,1175.94,3445.88,6.79892e+06
2020-05-24 11:45:00,bvBOhCH3iADSZry,11428.4,1114.71,3381,6.38015e+06
2020-05-29 22:15:00,bvBOhCH3iADSZry,0,0,7438,6.42102e+06
2020-05-29 18:45:00,ih0vzX44oOqAx2f,0,0,7951,6.29512e+06
2020-05-19 11:00:00,adLQvlD726eNBSB,10579.8,1032.64,2197.25,6.30001e+06
2020-05-27 15:15:00,pkci93gMrogZuBj,3919.29,384.271,5594,7.26389e+06
2020-06-06 08:45:00,VHMLBKoKgIrUVDU,5949.29,582.943,965,7.37252e+06
2020-05-27 15:30:00,ZoEaEvLYb1n2sOq,8930.29,873.6,5700.14,7.19239e+06
2020-05-30 10:00:00,WRmjgnKYAwPKWDb,4698,460.962,1179.25,7.14208e+06
2020-05-19 01:00:00,WRmjgnKYAwPKWDb,0,0,0,7.05445e+06
2020-05-30 09:30:00,wCURE6d3bPkepu2,6300.57,617.214,910,6.89679e+06
2020-06-17 21:30:00,ZnxXDlPa8U1GXgE,0,0,5929,6.77074e+06
2020-05-17 19:00:00,sjndEbLyjtCKgGv,0,0,7441,7.03705e+06
2020-05-21 21:45:00,bvBOhCH3iADSZry,0,0,7110,6.36215e+06
2020-06-12 04:45:00,sjndEbLyjtCKgGv,0,0,0,7.22125e+06
2020-05-19 07:30:00,VHMLBKoKgIrUVDU,2606.14,255.6,182.857,7.23274e+06
2020-05-22 12:45:00,ih0vzX44oOqAx2f,11270.6,1099.92,3956.88,6.2375e+06
2020-06-13 07:45:00,WRmjgnKYAwPKWDb,4513.14,442.986,310.143,7.23909e+06
2020-06-01 02:30:00,ih0vzX44oOqAx2f,0,0,0,6.30823e+06
2020-06-02 08:45:00,ZoEaEvLYb1n2sOq,7098.75,695.038,804,7.22924e+06
2020-05-22 16:30:00,1IF53ai7Xc0U56Y,2275.38,223.1,7098.75,6.24035e+06
2020-05-16 23:30:00,uHbuxQJl8lW7ozc,0,0,6271,7.05134e+06
2020-06-13 00:45:00,WRmjgnKYAwPKWDb,0,0,0,7.23878e+06
2020-06-15 00:45:00,uHbuxQJl8lW7ozc,0,0,0,7.26784e+06
2020-06-11 13:15:00,zVJPv84UY57bAof,7317.62,716.475,3220,7.32024e+06
2020-05-26 14:00:00,wCURE6d3bPkepu2,8900.38,869.413,6089.38,6.87074e+06
2020-05-15 05:30:00,rGa61gmuvPhdLxV,0,0,0,7.11149e+06
2020-06-08 20:00:00,7JYdWkrLSPkdwr4,0,0,8283,7.78679e+06
2020-05-15 02:45:00,sjndEbLyjtCKgGv,0,0,0,7.01683e+06
2020-06-12 10:45:00,7JYdWkrLSPkdwr4,6578.29,644.343,1592.57,7.80826e+06
2020-05-27 10:45:00,sjndEbLyjtCKgGv,6983,683.614,2349.14,7.10824e+06
2020-06-08 17:00:00,ZoEaEvLYb1n2sOq,3408.86,334.5,8062.14,7.28152e+06
2020-06-04 20:15:00,uHbuxQJl8lW7ozc,0,0,0,7.19454e+06
2020-05-18 11:00:00,z9Y9gH1T5YWrNuG,6408.88,627.837,1003.38,7.02923e+06
2020-06-17 07:00:00,ih0vzX44oOqAx2f,1347.38,131.512,15.875,6.42039e+06
2020-06-02 11:45:00,YxYtjZvoooNbGkE,6146.71,602.229,3232.57,7.31475e+06
2020-06-15 01:00:00,WRmjgnKYAwPKWDb,0,0,0,7.25458e+06
2020-06-03 23:15:00,sjndEbLyjtCKgGv,0,0,7846,7.16329e+06
2020-06-13 01:15:00,bvBOhCH3iADSZry,0,0,0,6.50978e+06
2020-05-31 23:45:00,1IF53ai7Xc0U56Y,0,0,5889,6.31143e+06
2020-06-04 22:00:00,1IF53ai7Xc0U56Y,0,0,8196,6.34086e+06
2020-06-11 12:30:00,7JYdWkrLSPkdwr4,7911.29,774.357,2698.14,7.80379e+06
2020-05-19 12:30:00,z9Y9gH1T5YWrNuG,10526,1028.9,3486,7.03706e+06
2020-05-30 08:30:00,ZnxXDlPa8U1GXgE,3598.86,353.729,484.571,6.63655e+06
2020-06-10 06:15:00,zBIq5rxdHJRwDNY,422.375,40.825,6.625,6.53141e+06
2020-05-31 10:30:00,iCRJl6heRkivqQ3,13058.1,1273.14,1904.62,7.3005e+06
2020-06-04 12:45:00,wCURE6d3bPkepu2,8883.71,867.8,4349.14,6.93513e+06
2020-06-01 20:45:00,iCRJl6heRkivqQ3,0,0,5781,7.31035e+06
2020-06-13 05:45:00,ZnxXDlPa8U1GXgE,0,0,0,6.73578e+06
2020-05-22 00:15:00,rGa61gmuvPhdLxV,0,0,0,7.1604e+06
2020-05-22 20:45:00,McdE0feGgRqW7Ca,0,0,0,7.21595e+06
2020-05-30 21:45:00,z9Y9gH1T5YWrNuG,0,0,7142,7.1276e+06
2020-06-15 01:45:00,VHMLBKoKgIrUVDU,0,0,0,7.43706e+06
2020-06-15 10:45:00,ZoEaEvLYb1n2sOq,9429.5,921.263,2674.62,7.32573e+06
2020-06-14 00:45:00,wCURE6d3bPkepu2,0,0,0,7.00237e+06
2020-06-06 01:30:00,iCRJl6heRkivqQ3,0,0,0,7.3418e+06
2020-06-06 21:00:00,YxYtjZvoooNbGkE,0,0,0,7.34881e+06
2020-05-28 07:15:00,rGa61gmuvPhdLxV,2533.25,248.438,133.75,7.20668e+06
2020-06-09 06:00:00,3PZuoBAID5Wc2HD,152.571,14.7429,1.14286,7.17573e+06
2020-05-25 18:00:00,McdE0feGgRqW7Ca,436.857,42.2286,8947.43,7.24164e+06
2020-06-08 06:45:00,ZnxXDlPa8U1GXgE,1117.29,108.614,47.5714,6.70131e+06
2020-05-19 15:45:00,rGa61gmuvPhdLxV,5431.5,532.5,6177.38,7.14308e+06
2020-05-26 11:30:00,VHMLBKoKgIrUVDU,11242.1,1097.2,3643.62,7.29317e+06
2020-05-30 08:15:00,rGa61gmuvPhdLxV,4437.75,435.6,386.25,7.22346e+06
2020-06-08 01:45:00,adLQvlD726eNBSB,0,0,0,6.45338e+06
2020-05-28 17:00:00,bvBOhCH3iADSZry,3211.86,315.457,7591.29,6.41342e+06
2020-06-06 15:45:00,VHMLBKoKgIrUVDU,3299.29,324.143,6155,7.37771e+06
2020-06-03 20:15:00,7JYdWkrLSPkdwr4,0,0,7749,7.74862e+06
2020-05-28 18:00:00,ZnxXDlPa8U1GXgE,485,46.9,8526.43,6.6279e+06
2020-05-26 05:30:00,wCURE6d3bPkepu2,0,0,0,6.86465e+06
2020-05-27 02:15:00,rGa61gmuvPhdLxV,0,0,0,7.19987e+06
2020-06-10 17:45:00,McdE0feGgRqW7Ca,1207,117.386,6576,7.36159e+06
2020-05-19 09:00:00,zVJPv84UY57bAof,5399.29,529.171,672.714,7.14208e+06
2020-06-07 17:45:00,McdE0feGgRqW7Ca,1208.29,117.529,7001.57,7.33816e+06
2020-06-11 10:00:00,ZnxXDlPa8U1GXgE,5185.88,508.35,944.75,6.72515e+06
2020-06-08 18:30:00,bvBOhCH3iADSZry,101.571,9.8,7692.57,6.48599e+06
2020-06-03 09:00:00,wCURE6d3bPkepu2,6299,617.129,810.571,6.92368e+06
2020-06-14 23:15:00,ZoEaEvLYb1n2sOq,0,0,7289,7.32305e+06
2020-05-16 02:00:00,wCURE6d3bPkepu2,0,0,0,6.78893e+06
2020-06-08 12:30:00,sjndEbLyjtCKgGv,11343.4,1107.05,4536.38,7.19709e+06
2020-05-18 10:15:00,wCURE6d3bPkepu2,2211.57,216.814,677.857,6.80368e+06
2020-06-17 01:45:00,WRmjgnKYAwPKWDb,0,0,0,7.26758e+06
2020-06-14 20:00:00,uHbuxQJl8lW7ozc,0,0,7306,7.26784e+06
2020-05-26 17:30:00,ih0vzX44oOqAx2f,650.714,62.9857,7683,6.27226e+06
2020-06-12 19:15:00,VHMLBKoKgIrUVDU,0,0,5903,7.42091e+06
2020-06-14 21:30:00,WRmjgnKYAwPKWDb,0,0,7405,7.25458e+06
2020-06-14 15:15:00,McdE0feGgRqW7Ca,10498.7,1024.86,6485.57,7.38841e+06
2020-06-13 09:45:00,1IF53ai7Xc0U56Y,8853.5,865.788,1818.25,6.40005e+06
2020-05-27 22:15:00,wCURE6d3bPkepu2,0,0,0,6.8792e+06
2020-06-09 18:15:00,adLQvlD726eNBSB,452.375,43.75,8266,6.47027e+06
2020-05-26 14:00:00,7JYdWkrLSPkdwr4,8467.88,827.625,6089.62,7.69011e+06
2020-06-05 23:30:00,iCRJl6heRkivqQ3,0,0,7803,7.3418e+06
2020-05-19 00:15:00,ih0vzX44oOqAx2f,0,0,0,6.21049e+06
2020-06-03 02:30:00,adLQvlD726eNBSB,0,0,0,6.41428e+06
2020-06-17 01:30:00,wCURE6d3bPkepu2,0,0,0,7.02272e+06
2020-05-24 07:45:00,McdE0feGgRqW7Ca,4157.86,408.429,292.429,7.22493e+06
2020-05-30 03:30:00,ih0vzX44oOqAx2f,0,0,0,6.29512e+06
2020-05-15 03:15:00,zVJPv84UY57bAof,0,0,0,7.11615e+06
2020-06-13 17:15:00,zVJPv84UY57bAof,1751.14,171.643,8311.71,7.33686e+06
2020-05-31 00:45:00,z9Y9gH1T5YWrNuG,0,0,0,7.1276e+06
2020-06-07 17:45:00,3PZuoBAID5Wc2HD,1168.71,113.643,8203.43,7.16719e+06
2020-06-03 04:00:00,McdE0feGgRqW7Ca,0,0,0,7.30036e+06
2020-06-04 11:45:00,pkci93gMrogZuBj,11107,1084.54,3327.86,7.31876e+06
2020-05-29 12:45:00,McdE0feGgRqW7Ca,12714.6,1239.67,4705,7.26966e+06
2020-05-31 01:15:00,iCRJl6heRkivqQ3,0,0,0,7.2986e+06
2020-06-16 04:30:00,3PZuoBAID5Wc2HD,0,0,0,7.22504e+06
2020-05-30 08:15:00,wCURE6d3bPkepu2,4270.12,419.375,380,6.89626e+06
2020-05-22 15:15:00,wCURE6d3bPkepu2,6370.14,624.071,6507.86,6.83856e+06
2020-06-16 23:30:00,z9Y9gH1T5YWrNuG,0,0,6201,7.24538e+06
2020-05-24 04:30:00,ZnxXDlPa8U1GXgE,0,0,0,6.58773e+06
2020-06-03 08:15:00,wCURE6d3bPkepu2,4491.88,440.975,442.5,6.92331e+06
2020-06-10 22:45:00,ZnxXDlPa8U1GXgE,0,0,6438,6.72421e+06
2020-05-30 08:45:00,YxYtjZvoooNbGkE,3430,337.214,565.429,7.29307e+06
2020-05-19 10:00:00,3PZuoBAID5Wc2HD,6132.38,600.763,1360,7.01528e+06
2020-06-13 08:15:00,adLQvlD726eNBSB,6774,663.486,611.571,6.48933e+06
2020-05-16 18:15:00,pkci93gMrogZuBj,126,12.1571,6172.29,7.18165e+06
2020-05-17 04:00:00,WRmjgnKYAwPKWDb,0,0,0,7.04143e+06
2020-06-16 02:00:00,YxYtjZvoooNbGkE,0,0,0,7.41334e+06
2020-05-18 06:30:00,zBIq5rxdHJRwDNY,746.571,72.3714,18.5714,6.35968e+06
2020-06-17 16:00:00,pkci93gMrogZuBj,3278.43,322.086,5595.29,7.41507e+06
2020-05-24 18:00:00,pkci93gMrogZuBj,623.571,60.3714,8012.71,7.24169e+06
2020-05-18 03:00:00,sjndEbLyjtCKgGv,0,0,0,7.03705e+06
2020-05-29 06:15:00,uHbuxQJl8lW7ozc,424.833,41.1333,2,7.14363e+06
2020-06-04 17:45:00,ZoEaEvLYb1n2sOq,1894.43,185.586,7987.71,7.25149e+06
2020-05-24 19:45:00,WRmjgnKYAwPKWDb,0,0,8091,7.10112e+06
2020-05-26 23:00:00,z9Y9gH1T5YWrNuG,0,0,0,7.09718e+06
2020-05-24 16:00:00,rGa61gmuvPhdLxV,4328.57,424.414,7403.86,7.1827e+06
2020-06-08 21:00:00,rGa61gmuvPhdLxV,0,0,8291,7.29596e+06
2020-06-09 15:45:00,wCURE6d3bPkepu2,7693.29,753.157,7117.71,6.97509e+06
2020-06-02 02:30:00,1BY6WEcLGh8j5v7,0,0,0,6.38344e+06
2020-06-11 17:30:00,VHMLBKoKgIrUVDU,1429.25,139.35,5650.88,7.41495e+06
2020-06-14 21:45:00,zBIq5rxdHJRwDNY,0,0,7315,6.56514e+06
2020-05-16 17:00:00,YxYtjZvoooNbGkE,1957,191.838,6353.75,7.19261e+06
2020-05-16 10:00:00,WRmjgnKYAwPKWDb,7795.71,763.043,1574.29,7.03639e+06
2020-05-20 18:15:00,7JYdWkrLSPkdwr4,360.286,34.8143,8767.29,7.64398e+06
2020-06-01 11:45:00,VHMLBKoKgIrUVDU,6758.25,661.138,3676.38,7.33808e+06
2020-05-27 11:45:00,pkci93gMrogZuBj,10505.9,1026.05,3240.5,7.26153e+06
2020-05-26 21:45:00,z9Y9gH1T5YWrNuG,0,0,0,7.09718e+06
2020-05-15 13:00:00,YxYtjZvoooNbGkE,5673.86,556,3590,7.18356e+06
2020-05-28 16:15:00,z9Y9gH1T5YWrNuG,4308.75,422.387,8030,7.11192e+06
2020-05-31 02:45:00,z9Y9gH1T5YWrNuG,0,0,0,7.1276e+06
2020-06-03 12:30:00,7JYdWkrLSPkdwr4,11451.1,1118.16,3741.86,7.74461e+06
2020-06-04 06:15:00,bvBOhCH3iADSZry,355.714,34.3714,4.71429,6.45273e+06
2020-06-12 09:00:00,ih0vzX44oOqAx2f,4842.12,474.788,471.5,6.38702e+06
2020-05-25 09:45:00,ih0vzX44oOqAx2f,8916.14,872.3,1463.86,6.25796e+06
2020-05-29 20:15:00,VHMLBKoKgIrUVDU,0,0,8172,7.32106e+06
2020-06-11 22:45:00,1BY6WEcLGh8j5v7,0,0,5257,6.45024e+06
2020-05-17 18:00:00,ih0vzX44oOqAx2f,314,30.3286,7384.71,6.20519e+06
2020-06-16 11:30:00,rGa61gmuvPhdLxV,5664.43,555.129,3012,7.34772e+06
2020-05-29 19:15:00,ih0vzX44oOqAx2f,0,0,7951,6.29512e+06
2020-05-20 22:45:00,McdE0feGgRqW7Ca,0,0,8964,7.20106e+06
2020-05-31 02:30:00,bvBOhCH3iADSZry,0,0,0,6.42768e+06
2020-06-07 15:30:00,WRmjgnKYAwPKWDb,7558.57,739.857,7068.71,7.20368e+06
2020-05-31 00:45:00,iCRJl6heRkivqQ3,0,0,0,7.2986e+06
2020-05-19 00:45:00,sjndEbLyjtCKgGv,0,0,0,7.0424e+06
2020-06-16 04:45:00,wCURE6d3bPkepu2,0,0,0,7.01644e+06
2020-05-21 12:45:00,3PZuoBAID5Wc2HD,9559.75,933.525,4730.12,7.03422e+06
2020-06-05 14:00:00,7JYdWkrLSPkdwr4,12195.1,1189.74,5048.12,7.76167e+06
2020-05-15 03:00:00,uHbuxQJl8lW7ozc,0,0,0,7.03868e+06
2020-05-31 16:30:00,adLQvlD726eNBSB,1881.57,184.429,5681.29,6.40045e+06
2020-05-31 12:30:00,uHbuxQJl8lW7ozc,7068.62,691.3,3802.12,7.16307e+06
2020-06-02 04:30:00,rGa61gmuvPhdLxV,0,0,0,7.24197e+06
2020-06-16 16:15:00,WRmjgnKYAwPKWDb,3420.62,335.938,5930.5,7.26725e+06
2020-06-11 14:30:00,wCURE6d3bPkepu2,10716,1046.36,4115.5,6.98652e+06
2020-05-29 15:30:00,uHbuxQJl8lW7ozc,6970.12,682.575,7294,7.15093e+06
2020-06-11 15:15:00,ZoEaEvLYb1n2sOq,6168.25,604.388,4585.88,7.30066e+06
2020-06-15 15:00:00,ih0vzX44oOqAx2f,6229.86,610.4,5566.57,6.41325e+06
2020-05-30 14:15:00,YxYtjZvoooNbGkE,11362.1,1109.47,5021,7.29752e+06
2020-05-22 21:15:00,rGa61gmuvPhdLxV,0,0,0,7.16714e+06
2020-05-16 13:30:00,VHMLBKoKgIrUVDU,8726.14,853.671,4725.14,7.21739e+06
2020-06-09 00:00:00,bvBOhCH3iADSZry,0,0,0,6.48599e+06
2020-05-15 12:15:00,pkci93gMrogZuBj,9142.75,893.175,3031.5,7.17213e+06
2020-06-13 21:45:00,1BY6WEcLGh8j5v7,0,0,7984,6.46366e+06
2020-06-13 16:30:00,ZoEaEvLYb1n2sOq,3441.88,338.125,8119.12,7.3155e+06
2020-06-16 10:15:00,3PZuoBAID5Wc2HD,10673.3,1043.07,1964.14,7.22701e+06
2020-05-18 05:15:00,zVJPv84UY57bAof,0,0,0,7.13602e+06
2020-05-19 01:45:00,ih0vzX44oOqAx2f,0,0,0,6.21049e+06
2020-06-10 22:45:00,zBIq5rxdHJRwDNY,0,0,6498,6.5379e+06
2020-06-01 23:15:00,adLQvlD726eNBSB,0,0,6127,6.40683e+06
2020-06-13 06:00:00,VHMLBKoKgIrUVDU,108.875,10.5125,0.75,7.42091e+06
2020-05-19 08:45:00,z9Y9gH1T5YWrNuG,4132.88,405.738,558.375,7.03413e+06
2020-05-30 16:00:00,ih0vzX44oOqAx2f,6629.25,649.337,6482.88,6.3016e+06
2020-06-01 15:00:00,uHbuxQJl8lW7ozc,2903.57,285,5141.43,7.17049e+06
2020-06-04 06:15:00,sjndEbLyjtCKgGv,370,35.7714,5.14286,7.1633e+06
2020-05-30 17:45:00,YxYtjZvoooNbGkE,1025.14,99.6429,7230.57,7.29973e+06
2020-05-24 07:30:00,zBIq5rxdHJRwDNY,3164.38,310.85,191.5,6.40467e+06
2020-05-16 17:15:00,McdE0feGgRqW7Ca,1627.43,159.229,6506.43,7.17194e+06
2020-05-15 05:45:00,uHbuxQJl8lW7ozc,0,0,0,7.03868e+06
2020-05-29 10:30:00,ZoEaEvLYb1n2sOq,11791.7,1150.99,2115.86,7.20365e+06
2020-05-29 11:45:00,sjndEbLyjtCKgGv,12850.9,1253.62,3484.5,7.12439e+06
2020-06-01 10:30:00,adLQvlD726eNBSB,10844.6,1058.99,2388.57,6.40309e+06
2020-06-05 07:45:00,sjndEbLyjtCKgGv,2321.29,227.614,215.571,7.17173e+06
2020-05-22 03:00:00,zBIq5rxdHJRwDNY,0,0,0,6.3886e+06
2020-05-22 15:00:00,rGa61gmuvPhdLxV,8997.75,880.263,5983.75,7.16638e+06
2020-06-13 00:15:00,ZnxXDlPa8U1GXgE,0,0,0,6.73578e+06
2020-06-17 23:30:00,wCURE6d3bPkepu2,0,0,5883,7.0286e+06
2020-05-31 10:00:00,3PZuoBAID5Wc2HD,6543.71,640.9,1327.86,7.11082e+06
2020-06-09 23:30:00,iCRJl6heRkivqQ3,0,0,8265,7.37322e+06
2020-06-05 10:00:00,wCURE6d3bPkepu2,10884.2,1062.59,1666.12,6.94069e+06
2020-05-15 00:30:00,bvBOhCH3iADSZry,0,0,0,6.3168e+06
2020-06-01 13:15:00,ZoEaEvLYb1n2sOq,9519.71,929.871,4478.86,7.22712e+06
2020-05-30 09:45:00,wCURE6d3bPkepu2,4607.5,452.2,1046.38,6.89693e+06
2020-05-20 22:00:00,sjndEbLyjtCKgGv,0,0,8777,7.05806e+06
2020-06-09 18:15:00,WRmjgnKYAwPKWDb,409.125,39.575,7970,7.22097e+06
2020-06-14 20:15:00,ZnxXDlPa8U1GXgE,0,0,7404,6.75175e+06
2020-06-01 15:15:00,ZoEaEvLYb1n2sOq,1997,195.775,5411.62,7.22806e+06
2020-06-17 01:15:00,sjndEbLyjtCKgGv,0,0,0,7.25579e+06
2020-06-03 23:15:00,ZnxXDlPa8U1GXgE,0,0,7916,6.67088e+06
2020-05-19 06:30:00,z9Y9gH1T5YWrNuG,177.143,17.1,5,7.03358e+06
2020-05-19 15:45:00,zBIq5rxdHJRwDNY,5429.29,532.314,6187.43,6.37123e+06
2020-06-12 06:00:00,pkci93gMrogZuBj,0,0,0,7.37496e+06
2020-06-06 21:15:00,ih0vzX44oOqAx2f,0,0,6197,6.35067e+06
2020-05-27 11:45:00,1IF53ai7Xc0U56Y,8321.86,813.929,3426.29,6.27806e+06
2020-06-08 03:45:00,3PZuoBAID5Wc2HD,0,0,0,7.16722e+06
2020-05-25 18:30:00,ZoEaEvLYb1n2sOq,25.4286,2.45714,8745,7.17891e+06
2020-06-10 10:15:00,ZnxXDlPa8U1GXgE,7013,686.743,1708.43,6.71948e+06
2020-05-17 19:00:00,7JYdWkrLSPkdwr4,0,0,7526,7.62306e+06
2020-05-26 18:30:00,adLQvlD726eNBSB,0,0,0,6.36352e+06
2020-05-15 12:15:00,3PZuoBAID5Wc2HD,8377.25,819.013,2876.38,6.99064e+06
2020-06-17 09:00:00,adLQvlD726eNBSB,5185.43,508.314,724.286,6.51912e+06
2020-05-19 20:45:00,adLQvlD726eNBSB,0,0,0,6.30451e+06
2020-05-25 21:15:00,iCRJl6heRkivqQ3,0,0,8869,7.26013e+06
2020-06-17 21:15:00,z9Y9gH1T5YWrNuG,0,0,5819,7.2512e+06
2020-05-20 06:30:00,McdE0feGgRqW7Ca,709.143,68.7429,21.2857,7.19212e+06
2020-05-28 12:15:00,bvBOhCH3iADSZry,12408.3,1209.8,4217.33,6.41005e+06
2020-05-25 15:45:00,rGa61gmuvPhdLxV,9070.62,887.35,8214.5,7.19151e+06
2020-05-16 06:00:00,VHMLBKoKgIrUVDU,59.8571,5.78571,0,7.21267e+06
2020-05-19 14:45:00,VHMLBKoKgIrUVDU,10007.2,978.487,5598.25,7.23815e+06
2020-06-06 12:15:00,rGa61gmuvPhdLxV,8352.75,816.15,3636,7.27673e+06
2020-06-01 03:15:00,uHbuxQJl8lW7ozc,0,0,0,7.16535e+06
2020-06-13 21:15:00,iCRJl6heRkivqQ3,0,0,8496,7.39986e+06
2020-05-31 11:30:00,rGa61gmuvPhdLxV,8791.57,859.243,2907.71,7.23335e+06
2020-06-06 18:15:00,1BY6WEcLGh8j5v7,87.4286,8.44286,5939.43,6.41848e+06
2020-05-26 10:15:00,wCURE6d3bPkepu2,10526.8,1027.74,2241,6.86689e+06
2020-05-29 14:00:00,z9Y9gH1T5YWrNuG,6947.71,680.357,5912.57,7.11827e+06
2020-05-16 21:45:00,ZnxXDlPa8U1GXgE,0,0,6676,6.53515e+06
2020-06-10 10:15:00,rGa61gmuvPhdLxV,6756.14,661.729,1643.14,7.30585e+06
2020-06-06 21:15:00,WRmjgnKYAwPKWDb,0,0,6341,7.19661e+06
2020-06-04 23:00:00,ZoEaEvLYb1n2sOq,0,0,0,7.25154e+06
2020-06-16 01:15:00,zBIq5rxdHJRwDNY,0,0,0,6.57183e+06
2020-05-22 20:30:00,YxYtjZvoooNbGkE,0,0,0,7.23612e+06
2020-05-26 15:30:00,pkci93gMrogZuBj,7095,694.65,6755.12,7.25727e+06
2020-06-11 23:15:00,VHMLBKoKgIrUVDU,0,0,5716,7.41501e+06
2020-05-20 04:45:00,zBIq5rxdHJRwDNY,0,0,0,6.37197e+06
2020-06-13 23:30:00,YxYtjZvoooNbGkE,0,0,8380,7.39944e+06
2020-05-26 04:45:00,bvBOhCH3iADSZry,0,0,0,6.39234e+06
2020-06-08 05:30:00,VHMLBKoKgIrUVDU,0,0,0,7.38621e+06
2020-06-06 10:15:00,z9Y9gH1T5YWrNuG,10362.1,1011.47,1979.14,7.17298e+06
2020-06-16 20:00:00,bvBOhCH3iADSZry,0,0,5757,6.53355e+06
2020-05-31 17:15:00,zVJPv84UY57bAof,1797.38,176.188,5941.62,7.24192e+06
2020-06-10 01:30:00,VHMLBKoKgIrUVDU,0,0,0,7.40282e+06
2020-06-08 13:45:00,WRmjgnKYAwPKWDb,8318.88,812.888,5680,7.21036e+06
2020-05-19 10:15:00,adLQvlD726eNBSB,7971.29,779.314,1574.86,6.29939e+06
2020-05-24 00:45:00,YxYtjZvoooNbGkE,0,0,0,7.24468e+06
2020-06-09 03:00:00,ZoEaEvLYb1n2sOq,0,0,0,7.28172e+06
2020-05-26 02:15:00,zVJPv84UY57bAof,0,0,0,7.19761e+06
2020-05-18 16:15:00,zVJPv84UY57bAof,4409,432.837,5016.62,7.14103e+06
2020-05-24 11:00:00,z9Y9gH1T5YWrNuG,11094.7,1082.96,2563.43,7.07533e+06
2020-05-29 13:00:00,ih0vzX44oOqAx2f,12326.7,1201.86,4798.43,6.29197e+06
2020-06-04 07:15:00,z9Y9gH1T5YWrNuG,2436.86,239.071,128.143,7.15524e+06
2020-05-18 06:00:00,uHbuxQJl8lW7ozc,80.875,7.8125,0.25,7.05879e+06
2020-05-30 05:45:00,bvBOhCH3iADSZry,0,0,0,6.42102e+06
2020-06-10 09:45:00,ZnxXDlPa8U1GXgE,6170.25,604.575,1456.62,6.71923e+06
2020-05-19 09:45:00,3PZuoBAID5Wc2HD,6177.43,605.171,1208.71,7.01513e+06
2020-05-17 18:15:00,3PZuoBAID5Wc2HD,129,12.4375,7792.5,7.00848e+06
2020-06-01 18:00:00,WRmjgnKYAwPKWDb,511.286,49.4429,5821.57,7.15969e+06
2020-05-31 00:45:00,VHMLBKoKgIrUVDU,0,0,0,7.32833e+06
2020-06-10 18:15:00,uHbuxQJl8lW7ozc,112.75,10.9,6642.75,7.24051e+06
2020-06-10 00:30:00,1BY6WEcLGh8j5v7,0,0,0,6.43907e+06
2020-05-22 23:45:00,ZoEaEvLYb1n2sOq,0,0,0,7.15371e+06
2020-05-27 04:00:00,wCURE6d3bPkepu2,0,0,0,6.87248e+06
2020-05-19 18:30:00,VHMLBKoKgIrUVDU,0,0,6988,7.23954e+06
2020-06-11 13:30:00,rGa61gmuvPhdLxV,4889.57,479.571,3376,7.31414e+06
2020-06-03 01:00:00,bvBOhCH3iADSZry,0,0,0,6.44549e+06
2020-06-02 10:00:00,zVJPv84UY57bAof,9400.14,919.371,1953.86,7.24972e+06
2020-05-30 20:45:00,bvBOhCH3iADSZry,0,0,6658,6.42768e+06
2020-06-01 10:00:00,3PZuoBAID5Wc2HD,8170.57,799.229,1891.14,7.1172e+06
2020-06-16 05:00:00,rGa61gmuvPhdLxV,0,0,0,7.3447e+06
2020-05-26 12:15:00,uHbuxQJl8lW7ozc,13263.6,1293.19,4300.12,7.125e+06
2020-05-25 08:00:00,zBIq5rxdHJRwDNY,3011.43,295.5,336.286,6.41209e+06
2020-05-25 17:15:00,zVJPv84UY57bAof,973.625,94.5625,8756.75,7.19755e+06
2020-06-11 21:30:00,YxYtjZvoooNbGkE,0,0,5592,7.38528e+06
2020-06-09 16:30:00,sjndEbLyjtCKgGv,5295.71,519.1,7724.14,7.20865e+06
2020-05-24 07:00:00,pkci93gMrogZuBj,1658.86,162.314,74.2857,7.23375e+06
2020-05-18 11:00:00,adLQvlD726eNBSB,6626.43,649.057,1039.43,6.29335e+06
2020-05-23 16:00:00,zVJPv84UY57bAof,5840.71,572.486,7786.29,7.18008e+06
2020-06-02 22:30:00,bvBOhCH3iADSZry,0,0,6842,6.44549e+06
2020-05-23 09:00:00,zVJPv84UY57bAof,8191.38,801.688,1020.75,7.17331e+06
2020-06-03 11:30:00,iCRJl6heRkivqQ3,10927,1067.03,2698.86,7.32051e+06
2020-05-19 20:00:00,adLQvlD726eNBSB,0,0,0,6.30451e+06
2020-06-16 12:15:00,zBIq5rxdHJRwDNY,4553.25,446.137,3433.5,6.57527e+06
2020-05-16 15:00:00,7JYdWkrLSPkdwr4,7114.25,696.675,5594.12,7.61467e+06
2020-05-16 23:00:00,3PZuoBAID5Wc2HD,0,0,6656,7.00069e+06
2020-05-17 12:00:00,McdE0feGgRqW7Ca,6669.86,653.243,3985.14,7.17601e+06
2020-06-03 19:00:00,McdE0feGgRqW7Ca,0,0,8010,7.30837e+06
2020-06-14 14:15:00,bvBOhCH3iADSZry,3496.75,341.988,2388.75,6.52003e+06
2020-06-14 10:00:00,YxYtjZvoooNbGkE,8310.75,813.288,1620.62,7.40106e+06
2020-05-23 14:00:00,7JYdWkrLSPkdwr4,10157.1,992.371,6265.29,7.66504e+06
2020-05-25 02:00:00,ZnxXDlPa8U1GXgE,0,0,0,6.59576e+06
2020-06-11 21:30:00,ZoEaEvLYb1n2sOq,0,0,5561,7.30163e+06
2020-05-31 18:15:00,1IF53ai7Xc0U56Y,266.875,25.8,5885.62,6.31143e+06
2020-06-15 06:00:00,zBIq5rxdHJRwDNY,90.4286,8.74286,0.428571,6.56514e+06
2020-05-18 17:45:00,WRmjgnKYAwPKWDb,723.286,70.1,5325.14,7.05443e+06
2020-06-06 13:45:00,3PZuoBAID5Wc2HD,9594.29,937.071,5122.14,7.15761e+06
2020-06-06 14:30:00,ZnxXDlPa8U1GXgE,4949.71,483.886,5619.71,6.69232e+06
2020-05-26 17:15:00,ZnxXDlPa8U1GXgE,1022.12,99.4625,7934.12,6.6126e+06
2020-05-15 20:00:00,wCURE6d3bPkepu2,0,0,6329,6.78893e+06
2020-06-02 06:30:00,z9Y9gH1T5YWrNuG,474.571,45.9,17.4286,7.13985e+06
2020-05-25 03:45:00,McdE0feGgRqW7Ca,0,0,0,7.23269e+06
2020-05-26 23:45:00,7JYdWkrLSPkdwr4,0,0,0,7.69191e+06
2020-06-07 10:00:00,wCURE6d3bPkepu2,6757.12,661.8,1495.88,6.95459e+06
2020-06-09 09:30:00,YxYtjZvoooNbGkE,8835,862.837,1456,7.36677e+06
2020-05-26 08:45:00,wCURE6d3bPkepu2,7422.88,726.788,850.875,6.8655e+06
2020-06-04 06:30:00,uHbuxQJl8lW7ozc,737.857,71.5429,18.8571,7.18627e+06
2020-06-11 16:00:00,WRmjgnKYAwPKWDb,4586.86,450.157,5102.57,7.23247e+06
2020-06-13 07:15:00,YxYtjZvoooNbGkE,2563,251.329,121.286,7.39118e+06
2020-06-16 02:00:00,wCURE6d3bPkepu2,0,0,0,7.01644e+06
2020-06-08 05:15:00,ih0vzX44oOqAx2f,0,0,0,6.35869e+06
2020-06-03 20:00:00,1BY6WEcLGh8j5v7,0,0,7341,6.39781e+06
2020-05-31 22:00:00,WRmjgnKYAwPKWDb,0,0,5837,7.15387e+06
2020-06-02 16:30:00,ih0vzX44oOqAx2f,4488.86,440.557,7047.57,6.32103e+06
2020-05-18 13:30:00,uHbuxQJl8lW7ozc,12341.8,1203.97,2936.62,7.06173e+06
2020-05-23 18:00:00,YxYtjZvoooNbGkE,1306.38,127.225,8529.38,7.24465e+06
2020-05-25 00:45:00,YxYtjZvoooNbGkE,0,0,0,7.25265e+06
2020-06-15 09:00:00,adLQvlD726eNBSB,8646.14,845.929,1169.14,6.50626e+06
2020-06-15 18:15:00,VHMLBKoKgIrUVDU,250.857,24.2143,6810.57,7.44387e+06
2020-05-24 16:15:00,uHbuxQJl8lW7ozc,3019.12,296.1,7621,7.11137e+06
2020-05-26 05:00:00,7JYdWkrLSPkdwr4,0,0,0,7.68402e+06
2020-05-22 02:00:00,z9Y9gH1T5YWrNuG,0,0,0,7.05715e+06
2020-05-31 13:15:00,zBIq5rxdHJRwDNY,6662.5,651.788,4357.88,6.46166e+06
2020-05-29 07:15:00,z9Y9gH1T5YWrNuG,2012.12,197.25,142.875,7.1125e+06
2020-06-03 21:45:00,ZoEaEvLYb1n2sOq,0,0,7774,7.2435e+06
2020-06-10 16:00:00,VHMLBKoKgIrUVDU,4245.25,416.938,5937.88,7.40875e+06
2020-06-17 22:15:00,ZoEaEvLYb1n2sOq,0,0,5871,7.34175e+06
2020-06-13 20:45:00,YxYtjZvoooNbGkE,0,0,8380,7.39944e+06
2020-06-16 15:30:00,ih0vzX44oOqAx2f,6290.5,616.225,5423.25,6.41967e+06
2020-05-15 15:30:00,VHMLBKoKgIrUVDU,7739.38,757.55,5456,7.21186e+06
2020-05-31 05:00:00,uHbuxQJl8lW7ozc,0,0,0,7.15927e+06
2020-06-07 10:15:00,iCRJl6heRkivqQ3,7720.86,755.814,1651,7.34988e+06
2020-05-25 18:15:00,1BY6WEcLGh8j5v7,214.571,20.7143,8265.29,6.33621e+06
2020-06-12 04:45:00,z9Y9gH1T5YWrNuG,0,0,0,7.21106e+06
2020-06-08 09:30:00,ZoEaEvLYb1n2sOq,10835,1058.57,1305.83,7.27476e+06
2020-05-26 08:45:00,uHbuxQJl8lW7ozc,7381.62,722.775,856.5,7.12155e+06
2020-06-02 01:45:00,iCRJl6heRkivqQ3,0,0,0,7.31035e+06
2020-06-07 19:45:00,McdE0feGgRqW7Ca,0,0,7042,7.3382e+06
2020-05-23 08:30:00,zVJPv84UY57bAof,7861.5,769.538,634,7.17293e+06
2020-05-28 04:45:00,zVJPv84UY57bAof,0,0,0,7.21208e+06
2020-06-06 21:45:00,3PZuoBAID5Wc2HD,0,0,6496,7.15898e+06
2020-05-15 16:00:00,ZoEaEvLYb1n2sOq,4827.29,473.614,5732.86,7.10383e+06
2020-05-16 12:00:00,z9Y9gH1T5YWrNuG,8992.57,879.643,3063.43,7.01732e+06
2020-06-04 07:15:00,zVJPv84UY57bAof,2433,238.688,128.375,7.26318e+06
2020-06-17 17:15:00,z9Y9gH1T5YWrNuG,1564.5,152.912,5718.12,7.2511e+06
2020-06-08 23:15:00,adLQvlD726eNBSB,0,0,8620,6.462e+06
2020-06-09 23:30:00,ih0vzX44oOqAx2f,0,0,7846,6.37476e+06
2020-05-22 19:00:00,ZnxXDlPa8U1GXgE,0,0,7275,6.57914e+06
2020-05-16 22:00:00,3PZuoBAID5Wc2HD,0,0,6656,7.00069e+06
2020-05-23 15:30:00,WRmjgnKYAwPKWDb,8209.29,803.386,7365,7.09196e+06
2020-06-15 20:15:00,uHbuxQJl8lW7ozc,0,0,6906,7.27474e+06
2020-05-28 01:45:00,bvBOhCH3iADSZry,0,0,0,6.40583e+06
2020-06-12 07:30:00,rGa61gmuvPhdLxV,929.714,90.3143,88.2857,7.31652e+06
2020-05-24 12:00:00,sjndEbLyjtCKgGv,12594.6,1228.39,3647.43,7.0851e+06
2020-06-12 17:45:00,ZnxXDlPa8U1GXgE,1609.14,157.129,5831.86,6.73573e+06
2020-05-29 11:45:00,pkci93gMrogZuBj,12770.9,1245.76,3650.25,7.27691e+06
2020-05-28 07:15:00,3PZuoBAID5Wc2HD,2980.14,292.6,161.857,7.08561e+06
2020-05-31 05:15:00,3PZuoBAID5Wc2HD,0,0,0,7.10949e+06
2020-06-04 11:45:00,3PZuoBAID5Wc2HD,10162.3,992.914,3404.86,7.13989e+06
2020-06-04 21:00:00,pkci93gMrogZuBj,0,0,0,7.32369e+06
2020-05-30 02:45:00,3PZuoBAID5Wc2HD,0,0,0,7.10219e+06
2020-06-07 17:00:00,ih0vzX44oOqAx2f,3298.29,323.671,7791.71,6.35846e+06
2020-06-05 23:45:00,iCRJl6heRkivqQ3,0,0,7803,7.3418e+06
2020-05-31 12:00:00,1BY6WEcLGh8j5v7,9356.62,914.5,3397.12,6.37553e+06
2020-06-15 17:15:00,YxYtjZvoooNbGkE,2278,223.343,6521.57,7.41322e+06
2020-05-15 14:00:00,rGa61gmuvPhdLxV,10122.9,989.538,4391,7.11588e+06
2020-05-25 00:00:00,7JYdWkrLSPkdwr4,0,0,1145.86,7.67524e+06
2020-06-02 15:45:00,rGa61gmuvPhdLxV,5959.86,583.914,6651.86,7.24862e+06
2020-06-09 12:30:00,ZoEaEvLYb1n2sOq,10776.4,1051.74,4354.71,7.28608e+06
2020-05-27 08:30:00,z9Y9gH1T5YWrNuG,6603.14,646.771,665.286,7.09785e+06
2020-05-15 02:45:00,McdE0feGgRqW7Ca,0,0,0,7.15896e+06
2020-05-28 20:30:00,bvBOhCH3iADSZry,0,0,7752,6.41358e+06
2020-05-19 01:30:00,McdE0feGgRqW7Ca,0,0,0,7.18509e+06
2020-05-19 00:00:00,ZoEaEvLYb1n2sOq,0,0,0,7.12353e+06
2020-05-21 13:00:00,zBIq5rxdHJRwDNY,10601.6,1034.84,4808,6.38567e+06
2020-05-25 07:15:00,3PZuoBAID5Wc2HD,2700.62,264.938,136.25,7.0617e+06
2020-06-01 03:15:00,pkci93gMrogZuBj,0,0,0,7.29479e+06
2020-05-17 12:45:00,sjndEbLyjtCKgGv,9792.75,956.288,4548.75,7.03416e+06
2020-05-24 10:30:00,VHMLBKoKgIrUVDU,10895.1,1063.34,2216.25,7.27455e+06
2020-05-17 04:30:00,7JYdWkrLSPkdwr4,0,0,0,7.61554e+06
2020-05-21 12:45:00,ZoEaEvLYb1n2sOq,9429.57,921.057,4498.29,7.14357e+06
2020-06-16 19:15:00,iCRJl6heRkivqQ3,0,0,6305,7.42031e+06
2020-05-31 16:30:00,rGa61gmuvPhdLxV,1850.29,181.371,5649.57,7.23609e+06
2020-06-11 11:45:00,wCURE6d3bPkepu2,8324.88,814.712,2071.25,6.98447e+06
2020-06-05 18:15:00,wCURE6d3bPkepu2,553.714,53.6,7741.14,6.94676e+06
2020-05-29 11:30:00,WRmjgnKYAwPKWDb,9432.14,921.529,3180.43,7.13604e+06
2020-05-18 16:45:00,McdE0feGgRqW7Ca,2976.14,292.071,5267.86,7.18489e+06
2020-05-26 03:00:00,wCURE6d3bPkepu2,0,0,0,6.86465e+06
2020-06-09 18:15:00,zVJPv84UY57bAof,418.857,40.4857,8283.57,7.31045e+06
2020-05-20 00:15:00,pkci93gMrogZuBj,0,0,0,7.20135e+06
2020-05-18 15:45:00,ZoEaEvLYb1n2sOq,7034.5,688.888,4670.5,7.12288e+06
2020-06-14 11:15:00,McdE0feGgRqW7Ca,9382.5,917.375,2826,7.38475e+06
2020-06-01 17:30:00,bvBOhCH3iADSZry,648.75,62.825,5336.25,6.4386e+06
2020-06-05 05:00:00,WRmjgnKYAwPKWDb,0,0,0,7.18266e+06
2020-06-12 09:00:00,ZnxXDlPa8U1GXgE,4974.62,487.725,479.75,6.73038e+06
2020-06-04 09:15:00,zBIq5rxdHJRwDNY,5093.57,499.471,1066.57,6.48541e+06
2020-06-16 13:30:00,sjndEbLyjtCKgGv,8169.88,799.4,4289.88,7.25383e+06
2020-05-19 07:00:00,uHbuxQJl8lW7ozc,2402.25,235.575,48.75,7.06425e+06
2020-05-17 07:00:00,ZoEaEvLYb1n2sOq,1396.38,136.137,49,7.11079e+06
2020-06-03 17:30:00,ZoEaEvLYb1n2sOq,2180.71,213.814,7688.57,7.24342e+06
2020-06-15 15:15:00,adLQvlD726eNBSB,6184.86,605.9,6039.29,6.51113e+06
2020-06-15 01:45:00,7JYdWkrLSPkdwr4,0,0,0,7.82816e+06
2020-05-31 23:30:00,1BY6WEcLGh8j5v7,0,0,5803,6.37793e+06
2020-06-08 14:15:00,zVJPv84UY57bAof,11144.9,1086.97,6190.43,7.29998e+06
2020-06-11 02:00:00,sjndEbLyjtCKgGv,0,0,0,7.2156e+06
2020-06-14 14:15:00,McdE0feGgRqW7Ca,11504.7,1122.91,5610,7.38753e+06
2020-05-29 13:30:00,1IF53ai7Xc0U56Y,11481.9,1120.99,5633.86,6.29559e+06
2020-05-27 03:15:00,rGa61gmuvPhdLxV,0,0,0,7.19987e+06
2020-05-17 21:45:00,WRmjgnKYAwPKWDb,0,0,7674,7.0491e+06
2020-06-09 10:15:00,ZnxXDlPa8U1GXgE,10186,993.9,2049.57,6.71175e+06
2020-05-24 22:45:00,zVJPv84UY57bAof,0,0,7958,7.1888e+06
2020-05-21 08:15:00,pkci93gMrogZuBj,5613,550.125,471.625,7.21067e+06
2020-05-27 21:30:00,zVJPv84UY57bAof,0,0,0,7.21208e+06
2020-05-26 08:15:00,iCRJl6heRkivqQ3,5828.29,571.129,534.429,7.26066e+06
2020-05-23 16:30:00,zBIq5rxdHJRwDNY,5323.5,521.925,8201.75,6.40401e+06
2020-06-07 09:15:00,z9Y9gH1T5YWrNuG,8165.29,799.157,969,7.17826e+06
2020-06-05 20:00:00,ZoEaEvLYb1n2sOq,0,0,7535,7.25908e+06
2020-05-26 08:00:00,1BY6WEcLGh8j5v7,4779.57,468.814,391.857,6.3366e+06
2020-05-18 22:30:00,ZoEaEvLYb1n2sOq,0,0,5319,7.12353e+06
2020-06-15 04:45:00,1IF53ai7Xc0U56Y,0,0,0,6.41437e+06
2020-06-03 09:45:00,iCRJl6heRkivqQ3,5942.62,582.35,1253.75,7.31907e+06
2020-05-19 00:15:00,1IF53ai7Xc0U56Y,0,0,0,6.20981e+06
2020-05-29 12:30:00,WRmjgnKYAwPKWDb,11756.3,1147.07,4293.57,7.13715e+06
2020-05-22 18:15:00,VHMLBKoKgIrUVDU,107.5,10.3875,7358.62,7.26372e+06
2020-05-23 20:00:00,7JYdWkrLSPkdwr4,0,0,8450,7.66722e+06
2020-06-15 20:30:00,ZoEaEvLYb1n2sOq,0,0,6639,7.32969e+06
2020-06-15 01:00:00,YxYtjZvoooNbGkE,0,0,0,7.4067e+06
2020-05-21 10:00:00,pkci93gMrogZuBj,6029.43,589.514,1290.71,7.212e+06
2020-06-13 01:00:00,wCURE6d3bPkepu2,0,0,0,6.99391e+06
2020-06-14 05:15:00,YxYtjZvoooNbGkE,0,0,0,7.39944e+06
2020-06-11 22:00:00,z9Y9gH1T5YWrNuG,0,0,5599,7.21106e+06
2020-05-15 11:30:00,WRmjgnKYAwPKWDb,8600.57,840.086,2217,7.03089e+06
2020-06-01 13:00:00,adLQvlD726eNBSB,6973.57,682.457,4496,6.4052e+06
2020-06-07 21:45:00,zBIq5rxdHJRwDNY,0,0,8183,6.51491e+06
2020-05-31 07:15:00,3PZuoBAID5Wc2HD,1388.25,135.275,103.875,7.10959e+06
2020-06-03 18:30:00,McdE0feGgRqW7Ca,90.2857,8.71429,8009.43,7.30837e+06
2020-06-14 16:15:00,zBIq5rxdHJRwDNY,4093,401.914,6999.29,6.56482e+06
2020-06-14 08:30:00,sjndEbLyjtCKgGv,4795.12,485.4,619.143,7.23612e+06
2020-06-11 01:45:00,ZoEaEvLYb1n2sOq,0,0,0,7.29607e+06
2020-06-09 10:30:00,ZnxXDlPa8U1GXgE,12563.6,1224.96,2331.88,6.71203e+06
2020-05-18 08:00:00,ih0vzX44oOqAx2f,1260.57,122.614,302.857,6.2055e+06
2020-06-05 16:15:00,zVJPv84UY57bAof,6764.25,662.55,7038.5,7.27831e+06
2020-06-07 02:30:00,zVJPv84UY57bAof,0,0,0,7.28553e+06
2020-05-29 14:45:00,uHbuxQJl8lW7ozc,9462.14,925.414,6727,7.15036e+06
2020-05-27 17:15:00,1IF53ai7Xc0U56Y,1858.86,181.943,6752.86,6.28139e+06
2020-06-12 22:30:00,adLQvlD726eNBSB,0,0,5988,6.48872e+06
2020-05-17 05:30:00,z9Y9gH1T5YWrNuG,0,0,0,7.02074e+06
2020-05-25 21:45:00,YxYtjZvoooNbGkE,0,0,8813,7.26146e+06
2020-05-24 11:00:00,sjndEbLyjtCKgGv,10428.1,1018.36,2543.86,7.08399e+06
2020-06-07 07:15:00,3PZuoBAID5Wc2HD,1883.88,184.662,136.875,7.15912e+06
2020-06-05 08:30:00,zVJPv84UY57bAof,7298.14,714.614,525.286,7.2718e+06
2020-06-04 05:30:00,rGa61gmuvPhdLxV,0,0,0,7.25714e+06
2020-05-25 01:30:00,1BY6WEcLGh8j5v7,0,0,0,6.32794e+06
2020-06-08 00:15:00,z9Y9gH1T5YWrNuG,0,0,0,7.18363e+06
2020-06-02 15:15:00,rGa61gmuvPhdLxV,5406.43,529.914,6366,7.24834e+06
2020-05-16 20:00:00,z9Y9gH1T5YWrNuG,0,0,6488,7.02074e+06
2020-05-22 07:15:00,uHbuxQJl8lW7ozc,3504.71,344.271,143.429,7.08812e+06
2020-06-03 15:15:00,rGa61gmuvPhdLxV,10615.6,1036.7,6650.14,7.25598e+06
2020-06-08 02:45:00,McdE0feGgRqW7Ca,0,0,0,7.3382e+06
2020-06-14 10:15:00,adLQvlD726eNBSB,7985.86,781.671,1940.29,6.49944e+06
2020-05-22 20:30:00,adLQvlD726eNBSB,0,0,7378,6.32895e+06
2020-05-23 12:30:00,zVJPv84UY57bAof,11811.7,1152.77,4662,7.17696e+06
2020-06-02 04:30:00,VHMLBKoKgIrUVDU,0,0,0,7.34031e+06
2020-06-08 14:30:00,ZnxXDlPa8U1GXgE,11455.8,1118.75,6492.12,6.70776e+06
2020-06-17 22:00:00,z9Y9gH1T5YWrNuG,0,0,5819,7.2512e+06
2020-05-29 06:15:00,pkci93gMrogZuBj,423.333,40.9833,2,7.27326e+06
2020-05-30 13:00:00,WRmjgnKYAwPKWDb,9166,896.586,3657.86,7.14456e+06
2020-05-24 19:45:00,rGa61gmuvPhdLxV,0,0,8002,7.1833e+06
2020-06-05 13:00:00,z9Y9gH1T5YWrNuG,7948.57,778.043,4148,7.16741e+06
2020-06-05 00:45:00,zVJPv84UY57bAof,0,0,0,7.27127e+06
2020-06-14 12:00:00,iCRJl6heRkivqQ3,7549.14,739.071,3436,7.40329e+06
2020-06-09 12:00:00,uHbuxQJl8lW7ozc,7373.75,721.837,4070.25,7.22962e+06
2020-06-08 03:15:00,adLQvlD726eNBSB,0,0,0,6.45338e+06
2020-06-15 23:00:00,z9Y9gH1T5YWrNuG,0,0,6716,7.23918e+06
2020-06-02 21:30:00,bvBOhCH3iADSZry,0,0,6842,6.44549e+06
2020-05-22 18:30:00,VHMLBKoKgIrUVDU,0,0,7360,7.26372e+06
2020-05-17 14:15:00,WRmjgnKYAwPKWDb,6641.57,649.643,5904.57,7.04733e+06
2020-05-31 21:30:00,uHbuxQJl8lW7ozc,0,0,6081,7.16535e+06
2020-05-30 18:15:00,rGa61gmuvPhdLxV,283.125,27.3625,7359.88,7.23043e+06
2020-05-17 02:00:00,wCURE6d3bPkepu2,0,0,0,6.79547e+06
2020-05-17 01:30:00,z9Y9gH1T5YWrNuG,0,0,0,7.02074e+06
2020-05-27 15:00:00,wCURE6d3bPkepu2,4203.75,412.788,5570.75,6.87806e+06
2020-06-08 17:00:00,uHbuxQJl8lW7ozc,3227.57,316.586,8192.14,7.22534e+06
2020-06-07 09:30:00,rGa61gmuvPhdLxV,6678.29,654.086,1158.29,7.28066e+06
2020-05-16 16:00:00,VHMLBKoKgIrUVDU,3429.5,337.15,6329,7.219e+06
2020-06-09 00:00:00,YxYtjZvoooNbGkE,0,0,0,7.36531e+06
2020-06-08 06:45:00,zBIq5rxdHJRwDNY,1097,106.625,46.375,6.51496e+06
2020-05-30 19:15:00,pkci93gMrogZuBj,0,0,7341,7.28888e+06
2020-06-06 22:00:00,z9Y9gH1T5YWrNuG,0,0,0,7.17729e+06
2020-06-02 14:30:00,uHbuxQJl8lW7ozc,10000.5,976.513,5865.62,7.17681e+06
2020-05-16 12:45:00,1BY6WEcLGh8j5v7,11209,1095.29,3711.86,6.26902e+06
2020-06-04 03:15:00,1IF53ai7Xc0U56Y,0,0,0,6.33266e+06
2020-05-30 15:45:00,z9Y9gH1T5YWrNuG,7590.71,743.157,6291.43,7.12675e+06
2020-06-05 12:30:00,VHMLBKoKgIrUVDU,3737.14,367.3,3887.14,7.36771e+06
2020-06-11 13:15:00,7JYdWkrLSPkdwr4,7251.38,710.062,3194.12,7.80429e+06
2020-06-14 07:45:00,1BY6WEcLGh8j5v7,4105.43,403.114,280.714,6.46394e+06
2020-05-22 21:15:00,ZnxXDlPa8U1GXgE,0,0,7275,6.57914e+06
2020-06-16 12:45:00,McdE0feGgRqW7Ca,7353.43,719.343,3857.43,7.40009e+06
2020-06-03 10:15:00,ZoEaEvLYb1n2sOq,5994.62,587.4,1522.62,7.23725e+06
2020-06-04 20:45:00,iCRJl6heRkivqQ3,0,0,0,7.334e+06
2020-06-09 15:15:00,ZnxXDlPa8U1GXgE,8334.25,815.6,6777.12,6.71648e+06
2020-06-06 05:15:00,z9Y9gH1T5YWrNuG,0,0,0,7.171e+06
2020-05-24 02:15:00,ih0vzX44oOqAx2f,0,0,0,6.24894e+06
2020-06-12 05:15:00,ZnxXDlPa8U1GXgE,0,0,0,6.7299e+06
2020-06-06 12:15:00,McdE0feGgRqW7Ca,9348.43,913.043,3715.57,7.3284e+06
2020-05-22 14:45:00,wCURE6d3bPkepu2,10758,1051.44,6062.14,6.83812e+06
2020-06-07 16:30:00,3PZuoBAID5Wc2HD,3209.25,314.837,7813.25,7.1668e+06
2020-06-02 18:00:00,rGa61gmuvPhdLxV,365.429,35.3429,7346.86,7.24932e+06
2020-05-30 15:45:00,bvBOhCH3iADSZry,6826.25,668.612,5901.25,6.42692e+06
2020-05-22 11:00:00,uHbuxQJl8lW7ozc,8452.57,826.2,2260.14,7.09024e+06
2020-06-07 13:15:00,1BY6WEcLGh8j5v7,0,0,3634,6.42212e+06
2020-06-08 18:45:00,uHbuxQJl8lW7ozc,0,0,8405,7.22555e+06
2020-06-01 05:30:00,rGa61gmuvPhdLxV,0,0,0,7.23633e+06
2020-05-31 07:45:00,wCURE6d3bPkepu2,2331.29,228.586,194.857,6.90335e+06
2020-06-08 20:15:00,McdE0feGgRqW7Ca,0,0,8580,7.34678e+06
2020-06-16 09:30:00,7JYdWkrLSPkdwr4,7643.43,748.257,1201.43,7.836e+06
2020-06-14 00:00:00,VHMLBKoKgIrUVDU,0,0,1081.5,7.42957e+06
2020-05-25 22:00:00,pkci93gMrogZuBj,0,0,8812,7.25052e+06
2020-05-25 13:45:00,rGa61gmuvPhdLxV,11780.6,1149.64,6264.12,7.18956e+06
2020-05-21 14:00:00,bvBOhCH3iADSZry,8111.71,793.671,5467.86,6.36051e+06
2020-05-16 18:15:00,WRmjgnKYAwPKWDb,119.375,11.525,6614.25,7.04143e+06
2020-05-27 13:15:00,sjndEbLyjtCKgGv,5104.71,500.443,4687,7.11058e+06
2020-05-24 06:15:00,ZoEaEvLYb1n2sOq,385,37.2,6.875,7.16219e+06
2020-06-14 04:00:00,McdE0feGgRqW7Ca,0,0,0,7.38192e+06
2020-06-04 15:30:00,ih0vzX44oOqAx2f,8489.62,830.638,6763.25,6.33577e+06
2020-05-16 13:30:00,sjndEbLyjtCKgGv,8671.29,848.3,4464.86,7.02765e+06
2020-05-15 06:15:00,rGa61gmuvPhdLxV,315.429,30.4714,3,7.1115e+06
2020-05-17 01:45:00,3PZuoBAID5Wc2HD,0,0,0,7.00069e+06
2020-05-19 15:00:00,rGa61gmuvPhdLxV,7616.71,745.643,5703.14,7.14261e+06
2020-05-26 08:30:00,3PZuoBAID5Wc2HD,7143.5,699.538,759.5,7.0714e+06
2020-05-25 15:30:00,ih0vzX44oOqAx2f,8092.57,792.029,7309.14,6.2638e+06
2020-05-24 05:30:00,McdE0feGgRqW7Ca,0,0,0,7.22464e+06
2020-05-30 11:45:00,adLQvlD726eNBSB,9280.14,907.329,2392.57,6.38974e+06
2020-06-03 05:00:00,sjndEbLyjtCKgGv,0,0,0,7.15545e+06
2020-06-16 21:45:00,wCURE6d3bPkepu2,0,0,6274,7.02272e+06
2020-06-08 04:15:00,VHMLBKoKgIrUVDU,0,0,0,7.38621e+06
2020-06-08 16:15:00,7JYdWkrLSPkdwr4,3680.38,360.988,7743.75,7.78625e+06
2020-06-14 01:00:00,sjndEbLyjtCKgGv,0,0,0,7.2355e+06
2020-05-18 23:30:00,uHbuxQJl8lW7ozc,0,0,5408,7.0642e+06
2020-05-31 00:15:00,wCURE6d3bPkepu2,0,0,0,6.90316e+06
2020-05-28 10:45:00,sjndEbLyjtCKgGv,8971.25,876.837,2687.25,7.11525e+06
2020-06-02 05:00:00,zBIq5rxdHJRwDNY,0,0,0,6.46903e+06
2020-05-22 16:45:00,zBIq5rxdHJRwDNY,1948.29,190.986,7073.43,6.39567e+06
2020-06-04 07:15:00,wCURE6d3bPkepu2,2393.57,234.771,128.714,6.9309e+06
2020-06-07 15:00:00,YxYtjZvoooNbGkE,8083.75,789.688,6719.62,7.35553e+06
2020-05-29 20:45:00,zBIq5rxdHJRwDNY,0,0,0,6.4499e+06
2020-05-30 11:45:00,YxYtjZvoooNbGkE,8580.88,839.288,2288.62,7.29479e+06
2020-06-07 09:45:00,uHbuxQJl8lW7ozc,6147.86,602.357,1312.71,7.21017e+06
2020-06-11 22:45:00,WRmjgnKYAwPKWDb,0,0,5619,7.23299e+06
2020-05-25 15:00:00,YxYtjZvoooNbGkE,10230.1,1000.16,7599.14,7.26025e+06
2020-06-09 23:00:00,sjndEbLyjtCKgGv,0,0,8170,7.2091e+06
2020-06-08 00:45:00,3PZuoBAID5Wc2HD,0,0,0,7.16722e+06
2020-05-19 15:15:00,1IF53ai7Xc0U56Y,5900.25,578.237,5976.38,6.21578e+06
2020-05-20 21:00:00,YxYtjZvoooNbGkE,0,0,8818,7.22129e+06
2020-05-26 20:45:00,zBIq5rxdHJRwDNY,0,0,0,6.4277e+06
2020-06-14 22:30:00,z9Y9gH1T5YWrNuG,0,0,7238,7.23247e+06
2020-06-16 13:00:00,zVJPv84UY57bAof,5017.29,492.1,3920.71,7.35502e+06
2020-06-10 20:30:00,YxYtjZvoooNbGkE,0,0,6419,7.37969e+06
2020-05-23 08:15:00,adLQvlD726eNBSB,7061.12,691.35,498.75,6.32945e+06
2020-05-16 23:30:00,WRmjgnKYAwPKWDb,0,0,6615,7.04143e+06
2020-05-26 06:00:00,z9Y9gH1T5YWrNuG,138.375,13.3375,1.25,7.08944e+06
2020-06-09 05:00:00,pkci93gMrogZuBj,0,0,0,7.35448e+06
2020-05-22 20:45:00,rGa61gmuvPhdLxV,0,0,0,7.16714e+06
2020-06-06 23:15:00,zBIq5rxdHJRwDNY,0,0,0,6.50673e+06
2020-06-04 02:45:00,uHbuxQJl8lW7ozc,0,0,0,7.18626e+06
2020-06-04 11:15:00,ZoEaEvLYb1n2sOq,10568.4,1031.86,2784.75,7.24629e+06
2020-05-15 18:00:00,sjndEbLyjtCKgGv,291.286,28.1429,6345.14,7.02318e+06
2020-05-28 00:30:00,wCURE6d3bPkepu2,0,0,0,6.8792e+06
2020-06-14 10:45:00,pkci93gMrogZuBj,10801.9,1055.47,2292.43,7.39145e+06
2020-06-03 18:15:00,ZnxXDlPa8U1GXgE,373.143,36.0571,7909.43,6.67088e+06
2020-05-25 04:45:00,zVJPv84UY57bAof,0,0,0,7.1888e+06
2020-06-03 05:15:00,1BY6WEcLGh8j5v7,0,0,0,6.39047e+06
2020-06-16 06:15:00,uHbuxQJl8lW7ozc,173.125,16.725,1.125,7.27474e+06
2020-05-23 13:00:00,iCRJl6heRkivqQ3,10631.1,1038.49,5193.29,7.23979e+06
2020-06-07 07:00:00,1IF53ai7Xc0U56Y,1830.29,179.4,92,6.35519e+06
2020-06-01 20:30:00,z9Y9gH1T5YWrNuG,0,0,5931,7.13983e+06
2020-06-01 03:45:00,McdE0feGgRqW7Ca,0,0,0,7.28676e+06
2020-05-15 08:15:00,pkci93gMrogZuBj,5152.57,505.257,374.429,7.16948e+06
2020-06-07 19:15:00,iCRJl6heRkivqQ3,0,0,8277,7.35651e+06
2020-06-16 17:00:00,wCURE6d3bPkepu2,1930.14,189.171,6118.29,7.02256e+06
2020-05-15 06:45:00,iCRJl6heRkivqQ3,1271.43,123.829,36.4286,7.17803e+06
2020-06-07 20:30:00,ZnxXDlPa8U1GXgE,0,0,8209,6.70126e+06
2020-06-04 03:15:00,adLQvlD726eNBSB,0,0,0,6.42227e+06
2020-06-15 11:00:00,1IF53ai7Xc0U56Y,12094.5,1180.26,3056.12,6.41742e+06
2020-06-12 08:45:00,rGa61gmuvPhdLxV,4172.12,409.762,372,7.3168e+06
2020-06-12 08:45:00,McdE0feGgRqW7Ca,4133.57,406,377.571,7.36775e+06
2020-06-17 08:15:00,wCURE6d3bPkepu2,3823,375.663,383.5,7.0231e+06
2020-06-16 23:00:00,1BY6WEcLGh8j5v7,0,0,5848,6.4798e+06
2020-06-13 13:15:00,YxYtjZvoooNbGkE,8487.62,830,5428.12,7.39649e+06
2020-06-12 16:15:00,WRmjgnKYAwPKWDb,2714,266.2,5423.29,7.23841e+06
2020-06-06 18:00:00,pkci93gMrogZuBj,139,13.45,6431,7.33792e+06
2020-06-10 15:00:00,z9Y9gH1T5YWrNuG,2076.88,203.4,5501.88,7.20455e+06
2020-05-16 18:45:00,YxYtjZvoooNbGkE,0,0,6475,7.19273e+06
2020-05-28 15:45:00,pkci93gMrogZuBj,6207.29,607.986,7582.43,7.27257e+06
2020-06-06 03:15:00,uHbuxQJl8lW7ozc,0,0,0,7.20237e+06
2020-05-18 22:45:00,WRmjgnKYAwPKWDb,0,0,5348,7.05445e+06
2020-06-15 18:15:00,iCRJl6heRkivqQ3,231.875,22.3875,6774.5,7.414e+06
2020-06-10 05:45:00,wCURE6d3bPkepu2,0,0,0,6.97598e+06
2020-06-13 01:30:00,McdE0feGgRqW7Ca,0,0,0,7.37333e+06
2020-06-11 20:00:00,zBIq5rxdHJRwDNY,0,0,5647,6.54355e+06
2020-06-17 01:15:00,wCURE6d3bPkepu2,0,0,0,7.02272e+06
2020-06-13 14:15:00,sjndEbLyjtCKgGv,11739.7,1145.8,6411.71,7.23351e+06
2020-05-28 15:45:00,wCURE6d3bPkepu2,7095.5,694.775,7833.5,6.88703e+06
2020-06-15 07:45:00,7JYdWkrLSPkdwr4,3649.75,358.375,264.375,7.82842e+06
2020-06-15 00:30:00,sjndEbLyjtCKgGv,0,0,0,7.24281e+06
2020-06-08 17:30:00,sjndEbLyjtCKgGv,2037,199.6,8277.86,7.20083e+06
2020-06-03 04:45:00,z9Y9gH1T5YWrNuG,0,0,0,7.14727e+06
2020-06-04 01:00:00,zVJPv84UY57bAof,0,0,0,7.26305e+06
2020-05-26 00:15:00,WRmjgnKYAwPKWDb,0,0,0,7.11e+06
2020-06-15 16:00:00,VHMLBKoKgIrUVDU,1790.71,175.257,6331.71,7.44339e+06
2020-05-27 09:00:00,7JYdWkrLSPkdwr4,7706.29,754.343,1017.14,7.69293e+06
2020-06-12 07:15:00,McdE0feGgRqW7Ca,1107.43,107.643,66.4286,7.36744e+06
2020-05-15 11:30:00,ih0vzX44oOqAx2f,5802.14,568.571,2316.86,6.1875e+06
2020-06-06 16:15:00,3PZuoBAID5Wc2HD,1513,147.8,6349.43,7.15884e+06
2020-06-13 11:30:00,z9Y9gH1T5YWrNuG,13033.5,1270.79,3437.5,7.2203e+06
2020-05-24 13:45:00,uHbuxQJl8lW7ozc,11723.1,1143.34,5688.14,7.10943e+06
2020-06-01 20:00:00,McdE0feGgRqW7Ca,0,0,5992,7.29275e+06
2020-06-02 18:00:00,3PZuoBAID5Wc2HD,303.75,29.35,7343.5,7.12861e+06
2020-05-27 02:30:00,adLQvlD726eNBSB,0,0,0,6.36352e+06
2020-05-29 14:45:00,1IF53ai7Xc0U56Y,8923.88,873,6708,6.29667e+06
2020-05-23 11:15:00,bvBOhCH3iADSZry,11383.2,1111.25,2788.38,6.3717e+06
2020-05-29 15:30:00,ZoEaEvLYb1n2sOq,7195.25,704.538,7081,7.20862e+06
2020-06-09 07:15:00,bvBOhCH3iADSZry,2507.86,245.929,146.286,6.48613e+06
2020-06-02 01:15:00,z9Y9gH1T5YWrNuG,0,0,0,7.13983e+06
2020-06-01 07:45:00,zBIq5rxdHJRwDNY,4877.88,478.312,351,6.46359e+06
2020-06-05 20:15:00,zBIq5rxdHJRwDNY,0,0,7723,6.5003e+06
2020-05-18 02:00:00,7JYdWkrLSPkdwr4,0,0,0,7.62306e+06
2020-06-12 23:00:00,iCRJl6heRkivqQ3,0,0,5888,7.39136e+06
2020-06-11 14:00:00,1BY6WEcLGh8j5v7,6583.43,644.814,3420.71,6.4484e+06
2020-06-16 08:00:00,WRmjgnKYAwPKWDb,5016.71,492.029,359.571,7.26167e+06
2020-06-15 02:30:00,sjndEbLyjtCKgGv,0,0,0,7.24281e+06
2020-05-16 08:45:00,wCURE6d3bPkepu2,6435.14,630.414,719,6.78965e+06
2020-05-16 21:15:00,rGa61gmuvPhdLxV,0,0,6233,7.1241e+06
2020-05-28 10:15:00,WRmjgnKYAwPKWDb,10088.1,985.212,2312.88,7.12685e+06
2020-06-09 12:15:00,z9Y9gH1T5YWrNuG,9249.43,903.457,3826.71,7.19525e+06
2020-06-16 20:45:00,pkci93gMrogZuBj,0,0,6261,7.40948e+06
2020-05-23 17:30:00,z9Y9gH1T5YWrNuG,2060.71,202.029,8432.57,7.07265e+06
2020-06-06 20:30:00,rGa61gmuvPhdLxV,0,0,0,7.2795e+06
2020-05-22 21:45:00,zVJPv84UY57bAof,0,0,0,7.17229e+06
2020-05-17 13:00:00,3PZuoBAID5Wc2HD,6893.25,674.812,5055.12,7.00574e+06
2020-06-15 02:00:00,bvBOhCH3iADSZry,0,0,0,6.5216e+06
2020-06-04 21:30:00,1IF53ai7Xc0U56Y,0,0,8196,6.34086e+06
2020-06-14 13:30:00,VHMLBKoKgIrUVDU,9958.14,973.686,4779.14,7.43435e+06
2020-06-13 02:15:00,bvBOhCH3iADSZry,0,0,0,6.50978e+06
2020-05-22 21:00:00,WRmjgnKYAwPKWDb,0,0,7237,7.0846e+06
2020-05-31 11:45:00,uHbuxQJl8lW7ozc,8176,799.229,3243.14,7.16252e+06
2020-05-25 15:15:00,z9Y9gH1T5YWrNuG,8336.62,815.712,7820.25,7.08846e+06
2020-05-18 00:30:00,VHMLBKoKgIrUVDU,0,0,0,7.2271e+06
2020-06-16 15:15:00,bvBOhCH3iADSZry,4187.57,411.186,4978.86,6.53277e+06
2020-05-25 12:30:00,McdE0feGgRqW7Ca,12962.1,1263.81,4929.75,7.23762e+06
2020-05-28 03:45:00,adLQvlD726eNBSB,0,0,0,6.37037e+06
2020-06-09 09:45:00,z9Y9gH1T5YWrNuG,9343,913.288,1513.62,7.19294e+06
2020-06-05 22:30:00,YxYtjZvoooNbGkE,0,0,7603,7.34249e+06
2020-05-17 16:30:00,WRmjgnKYAwPKWDb,4414.43,433.043,7372.43,7.0488e+06
2020-05-29 15:45:00,zBIq5rxdHJRwDNY,7483.71,732.729,7082,6.44908e+06
2020-05-22 09:15:00,VHMLBKoKgIrUVDU,5779.25,566.337,1044,7.2574e+06
2020-06-06 22:30:00,bvBOhCH3iADSZry,0,0,5873,6.47312e+06
2020-06-07 11:30:00,McdE0feGgRqW7Ca,11833.8,1155.01,3145,7.3343e+06
2020-06-11 00:15:00,adLQvlD726eNBSB,0,0,0,6.47694e+06
2020-06-14 04:15:00,7JYdWkrLSPkdwr4,0,0,0,7.82085e+06
2020-06-01 00:00:00,ZoEaEvLYb1n2sOq,0,0,0,7.22264e+06
2020-05-31 05:00:00,1IF53ai7Xc0U56Y,0,0,0,6.30554e+06
2020-05-31 11:15:00,7JYdWkrLSPkdwr4,8385.75,819.938,2460.5,7.72444e+06
2020-06-07 03:00:00,pkci93gMrogZuBj,0,0,0,7.33792e+06
2020-06-13 18:30:00,wCURE6d3bPkepu2,67.7143,6.51429,8460.71,7.00237e+06
2020-06-16 20:15:00,adLQvlD726eNBSB,0,0,6396,6.5184e+06
2020-05-15 20:45:00,zBIq5rxdHJRwDNY,0,0,6396,6.34578e+06
2020-05-21 22:45:00,1IF53ai7Xc0U56Y,0,0,0,6.23325e+06
2020-06-14 18:45:00,1IF53ai7Xc0U56Y,0,0,7487,6.41437e+06
2020-05-18 09:15:00,VHMLBKoKgIrUVDU,1771,173.614,523.143,7.22762e+06
2020-06-07 03:15:00,ZnxXDlPa8U1GXgE,0,0,0,6.69305e+06
2020-05-17 19:45:00,YxYtjZvoooNbGkE,0,0,7497,7.20023e+06
2020-05-17 04:30:00,zBIq5rxdHJRwDNY,0,0,0,6.35215e+06
2020-05-23 04:45:00,ZoEaEvLYb1n2sOq,0,0,0,7.15371e+06
2020-05-20 06:15:00,ih0vzX44oOqAx2f,432.5,41.8375,6.375,6.21728e+06
2020-06-13 11:00:00,ZoEaEvLYb1n2sOq,10471.1,1022.21,2867.86,7.31025e+06
2020-06-03 11:15:00,wCURE6d3bPkepu2,9308.43,910.471,2465.57,6.92533e+06
2020-05-23 21:00:00,7JYdWkrLSPkdwr4,0,0,8450,7.66722e+06
2020-06-01 06:15:00,z9Y9gH1T5YWrNuG,446.625,43.2,6.25,7.1339e+06
2020-05-23 15:15:00,ih0vzX44oOqAx2f,7952.57,778.371,7070.71,6.24761e+06
2020-06-14 03:00:00,YxYtjZvoooNbGkE,0,0,0,7.39944e+06
2020-06-14 01:15:00,uHbuxQJl8lW7ozc,0,0,0,7.26053e+06
2020-06-06 08:15:00,1IF53ai7Xc0U56Y,5409.14,530.271,661,6.34922e+06
2020-05-27 11:45:00,rGa61gmuvPhdLxV,9830,959.886,3233.71,7.2031e+06
2020-06-17 09:15:00,WRmjgnKYAwPKWDb,5583.88,547.25,834.625,7.26841e+06
2020-05-15 15:00:00,wCURE6d3bPkepu2,7779,761.388,5191.88,6.78779e+06
2020-05-15 04:45:00,YxYtjZvoooNbGkE,0,0,0,7.17997e+06
2020-05-20 02:30:00,zBIq5rxdHJRwDNY,0,0,0,6.37197e+06
2020-05-23 14:45:00,z9Y9gH1T5YWrNuG,7321.86,716.914,6857.43,7.07108e+06
2020-05-21 08:15:00,3PZuoBAID5Wc2HD,6079.75,595.712,536.125,7.03003e+06
2020-06-07 21:45:00,ZnxXDlPa8U1GXgE,0,0,8209,6.70126e+06
2020-06-10 22:30:00,iCRJl6heRkivqQ3,0,0,6559,7.37978e+06
2020-05-18 00:45:00,ih0vzX44oOqAx2f,0,0,0,6.2052e+06
2020-06-04 01:30:00,WRmjgnKYAwPKWDb,0,0,0,7.17463e+06
2020-06-03 06:15:00,McdE0feGgRqW7Ca,350.143,33.8571,4.57143,7.30036e+06
2020-05-17 20:30:00,zBIq5rxdHJRwDNY,0,0,7507,6.35966e+06
2020-06-13 02:30:00,YxYtjZvoooNbGkE,0,0,0,7.39106e+06
2020-06-04 09:30:00,iCRJl6heRkivqQ3,6845.88,670.325,1229.25,7.32693e+06
2020-06-01 14:45:00,ih0vzX44oOqAx2f,2882,282.95,5243.75,6.31348e+06
2020-06-06 08:30:00,pkci93gMrogZuBj,6703.29,656.514,732.857,7.33222e+06
2020-06-15 17:15:00,bvBOhCH3iADSZry,2082.75,204.188,6088.38,6.52769e+06
2020-05-23 21:30:00,1IF53ai7Xc0U56Y,0,0,8673,6.24921e+06
2020-06-05 11:00:00,ZoEaEvLYb1n2sOq,9124.88,891.525,2491.88,7.25403e+06
2020-06-03 21:15:00,bvBOhCH3iADSZry,0,0,7237,6.45272e+06
2020-05-27 06:15:00,zBIq5rxdHJRwDNY,348.571,33.6571,5.71429,6.42771e+06
2020-06-07 22:15:00,ZnxXDlPa8U1GXgE,0,0,8209,6.70126e+06
2020-05-18 19:00:00,adLQvlD726eNBSB,0,0,5506,6.29782e+06
2020-05-26 02:45:00,sjndEbLyjtCKgGv,0,0,0,7.09811e+06
2020-05-19 23:00:00,ZoEaEvLYb1n2sOq,0,0,6805,7.13033e+06
2020-05-31 05:00:00,ZnxXDlPa8U1GXgE,0,0,0,6.64338e+06
2020-06-17 02:45:00,YxYtjZvoooNbGkE,0,0,0,7.41956e+06
2020-05-19 19:00:00,ZnxXDlPa8U1GXgE,0,0,6974,6.55514e+06
2020-05-26 18:30:00,ZoEaEvLYb1n2sOq,0,0,0,7.18669e+06
2020-05-17 02:00:00,WRmjgnKYAwPKWDb,0,0,0,7.04143e+06
2020-05-16 14:30:00,zVJPv84UY57bAof,7516.86,735.914,5186.29,7.1273e+06
2020-05-15 18:45:00,3PZuoBAID5Wc2HD,0,0,6274,6.99403e+06
2020-06-02 01:45:00,bvBOhCH3iADSZry,0,0,0,6.43864e+06
2020-05-24 23:00:00,ZnxXDlPa8U1GXgE,0,0,8028,6.59576e+06
2020-06-09 03:30:00,WRmjgnKYAwPKWDb,0,0,0,7.213e+06
2020-06-14 22:15:00,z9Y9gH1T5YWrNuG,0,0,7238,7.23247e+06
2020-05-22 14:00:00,YxYtjZvoooNbGkE,10120.5,987.3,5285.38,7.23432e+06
2020-05-23 07:30:00,VHMLBKoKgIrUVDU,3261.62,320.575,149.125,7.26387e+06
2020-06-15 20:00:00,pkci93gMrogZuBj,0,0,6795,7.40322e+06
2020-06-16 22:00:00,zBIq5rxdHJRwDNY,0,0,5719,6.57755e+06
2020-05-24 18:45:00,ZnxXDlPa8U1GXgE,0,0,8028,6.59576e+06
2020-06-02 12:30:00,ZnxXDlPa8U1GXgE,9591.25,937.312,3918.5,6.65936e+06
2020-05-21 13:15:00,ZoEaEvLYb1n2sOq,13170.6,1284.1,5000.86,7.14407e+06
2020-05-28 03:00:00,zVJPv84UY57bAof,0,0,0,7.21208e+06
2020-06-14 08:30:00,ZoEaEvLYb1n2sOq,4894.29,480.014,597.857,7.31636e+06
2020-06-06 15:30:00,1BY6WEcLGh8j5v7,3932,386.343,5609.29,6.41815e+06
2020-05-28 09:00:00,1IF53ai7Xc0U56Y,8653.86,846.8,1165.57,6.28263e+06
2020-06-15 23:00:00,3PZuoBAID5Wc2HD,0,0,6819,7.22504e+06
2020-05-28 04:45:00,z9Y9gH1T5YWrNuG,0,0,0,7.10388e+06
2020-06-15 23:15:00,rGa61gmuvPhdLxV,0,0,6732,7.3447e+06
2020-05-18 18:30:00,wCURE6d3bPkepu2,0,0,5393,6.80839e+06
2020-05-30 10:30:00,7JYdWkrLSPkdwr4,5209.38,510.688,1385.5,7.71622e+06
2020-06-07 17:15:00,z9Y9gH1T5YWrNuG,3420.12,336.038,6193.12,7.18348e+06
2020-05-18 02:15:00,7JYdWkrLSPkdwr4,0,0,0,7.62306e+06
2020-05-19 14:15:00,uHbuxQJl8lW7ozc,9194.88,899.237,5107.75,7.06931e+06
2020-05-17 16:15:00,YxYtjZvoooNbGkE,4707.86,461.657,7094.14,7.19983e+06
2020-05-28 06:15:00,iCRJl6heRkivqQ3,414.429,40.0857,6.57143,7.2747e+06
2020-05-20 04:00:00,bvBOhCH3iADSZry,0,0,0,6.34691e+06
2020-06-13 21:30:00,rGa61gmuvPhdLxV,0,0,8389,7.33067e+06
2020-05-21 14:45:00,ih0vzX44oOqAx2f,8151.86,797.629,6409.29,6.23235e+06
2020-06-10 04:00:00,z9Y9gH1T5YWrNuG,0,0,0,7.19905e+06
2020-06-06 09:15:00,ih0vzX44oOqAx2f,5341.14,523.786,1140.71,6.34562e+06
2020-06-13 19:00:00,ih0vzX44oOqAx2f,0,0,8255,6.40052e+06
2020-05-19 05:15:00,uHbuxQJl8lW7ozc,0,0,0,7.0642e+06
2020-06-05 14:45:00,ZoEaEvLYb1n2sOq,10859.1,1061.03,5698.5,7.25724e+06
2020-06-16 21:15:00,bvBOhCH3iADSZry,0,0,5757,6.53355e+06
2020-05-15 16:15:00,McdE0feGgRqW7Ca,4760.71,467.071,6037.14,7.165e+06
2020-06-01 09:45:00,rGa61gmuvPhdLxV,7626.71,746.043,1547.43,7.23788e+06
2020-05-29 23:15:00,sjndEbLyjtCKgGv,0,0,0,7.12903e+06
2020-05-20 10:15:00,3PZuoBAID5Wc2HD,11336.5,1106.96,2285.25,7.0228e+06
2020-06-15 12:15:00,YxYtjZvoooNbGkE,6191.88,606.675,3953.88,7.41066e+06
2020-06-06 04:00:00,adLQvlD726eNBSB,0,0,0,6.43843e+06
2020-05-23 08:30:00,iCRJl6heRkivqQ3,7868.25,770.212,642.75,7.23524e+06
2020-05-28 07:00:00,sjndEbLyjtCKgGv,1870.12,183.325,82.625,7.11265e+06
2020-06-15 23:45:00,uHbuxQJl8lW7ozc,0,0,6906,7.27474e+06
2020-05-21 17:30:00,7JYdWkrLSPkdwr4,585.5,56.6625,7630.62,7.65161e+06
2020-06-16 11:15:00,bvBOhCH3iADSZry,8073,790.163,2633.5,6.53043e+06
2020-06-04 01:45:00,iCRJl6heRkivqQ3,0,0,0,7.3257e+06
2020-06-12 04:00:00,sjndEbLyjtCKgGv,0,0,0,7.22125e+06
2020-05-17 17:30:00,sjndEbLyjtCKgGv,1373.88,133.7,7392.25,7.03701e+06
2020-06-03 00:15:00,VHMLBKoKgIrUVDU,0,0,0,7.34774e+06
2020-05-16 13:30:00,zBIq5rxdHJRwDNY,7938.29,776.843,4409.86,6.35019e+06
2020-05-17 01:45:00,wCURE6d3bPkepu2,0,0,0,6.79547e+06
2020-06-17 02:00:00,WRmjgnKYAwPKWDb,0,0,0,7.26758e+06
2020-06-06 00:30:00,uHbuxQJl8lW7ozc,0,0,0,7.20237e+06
2020-05-18 01:15:00,wCURE6d3bPkepu2,0,0,0,6.803e+06
2020-05-28 05:00:00,3PZuoBAID5Wc2HD,0,0,0,7.08545e+06
2020-06-05 09:15:00,1BY6WEcLGh8j5v7,9033.71,883.686,1003.86,6.40638e+06
2020-06-08 11:00:00,pkci93gMrogZuBj,11869.6,1157.67,2958.75,7.34909e+06
2020-05-27 23:15:00,wCURE6d3bPkepu2,0,0,0,6.8792e+06
2020-05-29 14:15:00,sjndEbLyjtCKgGv,10061.6,983.4,6132.75,7.12704e+06
2020-06-15 01:15:00,ZnxXDlPa8U1GXgE,0,0,0,6.75175e+06
2020-05-18 00:00:00,adLQvlD726eNBSB,0,0,0,6.29231e+06
2020-05-18 11:15:00,iCRJl6heRkivqQ3,7221.14,707.071,1163.71,7.19953e+06
2020-05-22 02:30:00,VHMLBKoKgIrUVDU,0,0,0,7.25636e+06
2020-05-23 14:45:00,ZnxXDlPa8U1GXgE,7337.43,718.471,6890.14,6.58603e+06
2020-05-17 13:15:00,1IF53ai7Xc0U56Y,6339.86,620.286,5155.57,6.20175e+06
2020-06-08 16:15:00,z9Y9gH1T5YWrNuG,2424.88,237.875,7305.75,7.19094e+06
2020-06-04 07:00:00,YxYtjZvoooNbGkE,1810.75,177.375,77.5,7.32683e+06
2020-06-10 00:15:00,z9Y9gH1T5YWrNuG,0,0,0,7.19905e+06
2020-05-26 21:45:00,3PZuoBAID5Wc2HD,0,0,0,7.07871e+06
2020-05-28 09:45:00,iCRJl6heRkivqQ3,9479.62,926.987,1721.75,7.27641e+06
2020-05-24 04:30:00,3PZuoBAID5Wc2HD,0,0,0,7.05327e+06
2020-05-29 18:15:00,sjndEbLyjtCKgGv,93,9,8125.5,7.12903e+06
2020-05-28 03:30:00,rGa61gmuvPhdLxV,0,0,0,7.20655e+06
2020-05-15 01:00:00,bvBOhCH3iADSZry,0,0,0,6.3168e+06
2020-06-12 14:15:00,zBIq5rxdHJRwDNY,7391.75,723.75,4435.25,6.54799e+06
2020-05-17 20:15:00,WRmjgnKYAwPKWDb,0,0,7674,7.0491e+06
2020-05-17 21:45:00,z9Y9gH1T5YWrNuG,0,0,7486,7.02823e+06
2020-05-17 13:00:00,sjndEbLyjtCKgGv,4975.71,488.129,4768.43,7.03438e+06
2020-05-22 02:45:00,sjndEbLyjtCKgGv,0,0,0,7.06589e+06
2020-05-27 16:45:00,3PZuoBAID5Wc2HD,3052.5,299.45,6548.12,7.08526e+06
2020-05-26 16:00:00,zVJPv84UY57bAof,4830.71,473.529,7095.14,7.2047e+06
2020-05-18 15:00:00,1BY6WEcLGh8j5v7,7249.75,709.9,3875.25,6.28253e+06
2020-05-28 12:00:00,ih0vzX44oOqAx2f,10971.1,1070.53,4148.86,6.283e+06
2020-05-22 06:15:00,adLQvlD726eNBSB,604,58.4571,12,6.32158e+06
2020-06-06 19:45:00,rGa61gmuvPhdLxV,0,0,0,7.2795e+06
2020-05-28 11:30:00,3PZuoBAID5Wc2HD,13294.1,1296.17,3746.14,7.0892e+06
2020-06-06 03:45:00,uHbuxQJl8lW7ozc,0,0,0,7.20237e+06
2020-06-03 17:00:00,iCRJl6heRkivqQ3,5521.12,541.2,7634.75,7.32545e+06
2020-06-06 01:15:00,WRmjgnKYAwPKWDb,0,0,0,7.19027e+06
2020-06-15 22:00:00,wCURE6d3bPkepu2,0,0,6746,7.01644e+06
2020-06-14 06:30:00,ih0vzX44oOqAx2f,642.625,62.25,15.25,6.40053e+06
2020-06-11 23:15:00,WRmjgnKYAwPKWDb,0,0,5619,7.23299e+06
2020-06-01 20:45:00,rGa61gmuvPhdLxV,0,0,5637,7.24197e+06
2020-06-13 17:30:00,ZnxXDlPa8U1GXgE,1250.71,121.957,8497.29,6.74428e+06
2020-05-27 05:45:00,uHbuxQJl8lW7ozc,0,0,0,7.12854e+06
2020-06-12 18:30:00,1IF53ai7Xc0U56Y,78.8571,7.61429,5902.29,6.39823e+06
2020-05-28 22:15:00,ih0vzX44oOqAx2f,0,0,8315,6.28717e+06
2020-06-13 00:30:00,zBIq5rxdHJRwDNY,0,0,0,6.54939e+06
2020-06-06 20:45:00,McdE0feGgRqW7Ca,0,0,0,7.33116e+06
2020-06-14 06:30:00,wCURE6d3bPkepu2,662.875,64.175,16.125,7.00239e+06
2020-06-15 23:15:00,1BY6WEcLGh8j5v7,0,0,6275,6.47395e+06
2020-05-16 11:45:00,sjndEbLyjtCKgGv,8922,872.812,2817,7.026e+06
2020-06-16 17:30:00,wCURE6d3bPkepu2,1457,142.114,6204.86,7.02265e+06
2020-06-04 16:45:00,wCURE6d3bPkepu2,3766.57,369.943,7848.43,6.93862e+06
2020-06-05 18:30:00,ih0vzX44oOqAx2f,108.5,10.45,7456.5,6.34448e+06
2020-06-07 12:30:00,YxYtjZvoooNbGkE,13120.8,1279.26,4246,7.35306e+06
2020-05-27 22:45:00,iCRJl6heRkivqQ3,0,0,0,7.27469e+06
2020-05-27 06:15:00,iCRJl6heRkivqQ3,366.429,35.4,6,7.268e+06
2020-06-15 11:45:00,rGa61gmuvPhdLxV,9095,888.871,3543.57,7.34152e+06
2020-06-16 23:45:00,wCURE6d3bPkepu2,0,0,6274,7.02272e+06
2020-06-11 16:15:00,uHbuxQJl8lW7ozc,4463.38,438.05,5290.12,7.2458e+06
2020-06-03 16:45:00,ZoEaEvLYb1n2sOq,4751.14,465.686,7400.14,7.24313e+06
2020-06-01 07:30:00,wCURE6d3bPkepu2,4031.29,396.071,242,6.90965e+06
2020-06-11 13:45:00,3PZuoBAID5Wc2HD,6376.12,624.65,3566,7.19404e+06
2020-06-15 21:45:00,ih0vzX44oOqAx2f,0,0,6564,6.41425e+06
2020-06-13 03:45:00,7JYdWkrLSPkdwr4,0,0,0,7.81242e+06
2020-06-13 21:45:00,ih0vzX44oOqAx2f,0,0,8255,6.40052e+06
2020-05-18 00:00:00,WRmjgnKYAwPKWDb,0,0,0,7.0491e+06
2020-05-30 21:30:00,1IF53ai7Xc0U56Y,0,0,7332,6.30554e+06
2020-06-16 06:15:00,pkci93gMrogZuBj,173.5,16.75,1.125,7.40322e+06
2020-05-18 23:30:00,WRmjgnKYAwPKWDb,0,0,5348,7.05445e+06
2020-06-15 14:30:00,ih0vzX44oOqAx2f,9630.43,941,5200.29,6.41288e+06
2020-06-09 17:00:00,uHbuxQJl8lW7ozc,3310.71,325.457,8076.14,7.23363e+06
2020-05-20 19:00:00,7JYdWkrLSPkdwr4,0,0,8772,7.64398e+06
2020-06-10 04:15:00,zVJPv84UY57bAof,0,0,0,7.31046e+06
2020-06-09 08:15:00,z9Y9gH1T5YWrNuG,5421.5,531.4,452.875,7.19188e+06
2020-05-25 17:00:00,1IF53ai7Xc0U56Y,1163.71,113.157,8961.57,6.26644e+06
2020-06-12 17:30:00,sjndEbLyjtCKgGv,2179.12,213.65,5746.25,7.227e+06
2020-05-27 16:45:00,rGa61gmuvPhdLxV,3432.12,336.575,6486.88,7.20636e+06
2020-06-12 03:15:00,1BY6WEcLGh8j5v7,0,0,0,6.45024e+06
2020-05-19 09:15:00,uHbuxQJl8lW7ozc,5845.62,572.8,831.875,7.06503e+06
2020-05-18 14:45:00,ZnxXDlPa8U1GXgE,6377.14,624.686,4017.71,6.54676e+06
2020-05-30 00:15:00,VHMLBKoKgIrUVDU,0,0,0,7.32106e+06
2020-05-31 19:15:00,iCRJl6heRkivqQ3,0,0,5969,7.30457e+06
2020-05-22 04:45:00,McdE0feGgRqW7Ca,0,0,0,7.20906e+06
2020-06-15 16:30:00,z9Y9gH1T5YWrNuG,3486.57,342.757,6365.29,7.23883e+06
2020-06-04 22:15:00,VHMLBKoKgIrUVDU,0,0,8160,7.36382e+06
2020-05-18 16:30:00,z9Y9gH1T5YWrNuG,3616.25,355.462,5072.25,7.0333e+06
2020-05-20 06:00:00,adLQvlD726eNBSB,128.25,12.375,0.25,6.30451e+06
2020-06-09 23:30:00,ZoEaEvLYb1n2sOq,0,0,7955,7.28968e+06
2020-06-17 06:45:00,1BY6WEcLGh8j5v7,355.5,34.45,0,6.4798e+06
2020-05-30 14:15:00,ZoEaEvLYb1n2sOq,11402.2,1113.09,5014.5,7.21461e+06
2020-05-27 17:30:00,uHbuxQJl8lW7ozc,955.857,92.8286,6689.86,7.13523e+06
2020-06-13 09:45:00,3PZuoBAID5Wc2HD,11053,1079.01,1847.14,7.20393e+06
2020-05-23 19:45:00,ih0vzX44oOqAx2f,0,0,8395,6.24894e+06
2020-06-16 14:00:00,1IF53ai7Xc0U56Y,6387.14,625.7,4706.71,6.42592e+06
2020-05-24 00:15:00,pkci93gMrogZuBj,0,0,0,7.23368e+06
2020-06-12 20:30:00,pkci93gMrogZuBj,0,0,5851,7.38081e+06
2020-05-24 17:30:00,uHbuxQJl8lW7ozc,1830,179.229,8029,7.11178e+06
2020-06-12 07:15:00,ZoEaEvLYb1n2sOq,1036.25,100.7,63.25,7.3017e+06
2020-05-17 10:00:00,bvBOhCH3iADSZry,9087.62,888.938,1652.75,6.3303e+06
2020-05-15 01:45:00,z9Y9gH1T5YWrNuG,0,0,0,7.00787e+06
2020-05-24 00:00:00,McdE0feGgRqW7Ca,0,0,0,7.22464e+06
2020-06-07 07:15:00,7JYdWkrLSPkdwr4,1846.5,181,132.625,7.77059e+06
2020-06-14 18:15:00,bvBOhCH3iADSZry,226.143,21.8429,3955.14,6.5216e+06
2020-05-26 22:00:00,McdE0feGgRqW7Ca,0,0,0,7.24956e+06
2020-06-10 12:00:00,pkci93gMrogZuBj,12897.4,1258.21,3038.71,7.36575e+06
2020-05-31 08:45:00,uHbuxQJl8lW7ozc,6531.86,639.729,557.571,7.15983e+06
2020-05-22 02:45:00,7JYdWkrLSPkdwr4,0,0,0,7.65164e+06
2020-06-04 21:45:00,1IF53ai7Xc0U56Y,0,0,8196,6.34086e+06
2020-05-26 10:45:00,ZoEaEvLYb1n2sOq,11786.1,1149.96,2746.57,7.18166e+06
2020-06-04 03:15:00,sjndEbLyjtCKgGv,0,0,0,7.16329e+06
2020-06-10 04:30:00,ZoEaEvLYb1n2sOq,0,0,0,7.28968e+06
2020-05-31 01:45:00,rGa61gmuvPhdLxV,0,0,0,7.23044e+06
2020-06-11 10:45:00,WRmjgnKYAwPKWDb,6004.14,588.329,1347.86,7.22871e+06
2020-05-27 14:15:00,pkci93gMrogZuBj,4088.71,401.614,5018.14,7.26331e+06
2020-05-27 07:15:00,VHMLBKoKgIrUVDU,2070.43,202.986,145.286,7.29776e+06
2020-06-15 09:30:00,YxYtjZvoooNbGkE,8965.43,876.829,1498.57,7.4082e+06
2020-06-10 04:15:00,ih0vzX44oOqAx2f,0,0,0,6.37476e+06
2020-05-31 13:45:00,3PZuoBAID5Wc2HD,5540.43,541.9,4424.14,7.11391e+06
2020-06-11 14:00:00,ZnxXDlPa8U1GXgE,6801.57,666.1,3700,6.72791e+06
2020-05-21 13:45:00,wCURE6d3bPkepu2,11084,1081.76,5698.88,6.82994e+06
2020-05-24 20:45:00,ih0vzX44oOqAx2f,0,0,7556,6.25649e+06
2020-06-06 19:30:00,McdE0feGgRqW7Ca,0,0,0,7.33116e+06
2020-06-12 18:45:00,pkci93gMrogZuBj,0,0,5851,7.38081e+06
2020-05-23 01:00:00,uHbuxQJl8lW7ozc,0,0,0,7.09525e+06
2020-06-10 21:30:00,rGa61gmuvPhdLxV,0,0,6565,7.31077e+06
2020-05-23 10:00:00,McdE0feGgRqW7Ca,9268.5,906.562,1933.75,7.21789e+06
2020-05-30 04:00:00,zVJPv84UY57bAof,0,0,0,7.22869e+06
2020-06-12 19:15:00,WRmjgnKYAwPKWDb,0,0,5794,7.23878e+06
2020-06-10 13:00:00,wCURE6d3bPkepu2,10212.3,997.314,4084,6.98006e+06
2020-06-01 18:15:00,wCURE6d3bPkepu2,268,25.8857,5936,6.91534e+06
2020-06-12 03:45:00,VHMLBKoKgIrUVDU,0,0,0,7.41501e+06
2020-05-21 16:15:00,adLQvlD726eNBSB,3410.29,335.143,7664.14,6.32128e+06
2020-05-24 16:45:00,zVJPv84UY57bAof,4087,400.975,7636.25,7.18847e+06
2020-06-16 10:30:00,bvBOhCH3iADSZry,7981,781.171,1969.29,6.52976e+06
2020-05-17 01:45:00,McdE0feGgRqW7Ca,0,0,0,7.17202e+06
2020-05-25 15:45:00,1BY6WEcLGh8j5v7,7651.5,749.075,7739.12,6.33568e+06
2020-05-27 02:30:00,ZoEaEvLYb1n2sOq,0,0,0,7.18669e+06
2020-06-10 08:45:00,1BY6WEcLGh8j5v7,5896.14,577.857,650.714,6.43972e+06
2020-06-02 04:15:00,pkci93gMrogZuBj,0,0,0,7.3003e+06
2020-05-28 06:15:00,WRmjgnKYAwPKWDb,460.429,44.5429,9,7.12455e+06
2020-06-09 07:15:00,z9Y9gH1T5YWrNuG,2322.71,227.743,138.143,7.19156e+06
2020-06-10 08:45:00,VHMLBKoKgIrUVDU,6796.14,665.657,734.143,7.40355e+06
2020-06-15 10:00:00,1IF53ai7Xc0U56Y,9302.29,909.457,2027.43,6.4164e+06
2020-06-03 09:15:00,ih0vzX44oOqAx2f,6228.29,610.186,941.286,6.32225e+06
2020-06-13 10:45:00,zVJPv84UY57bAof,11171.4,1089.92,2562,7.33111e+06
2020-05-22 23:15:00,pkci93gMrogZuBj,0,0,0,7.2252e+06
2020-05-30 21:30:00,McdE0feGgRqW7Ca,0,0,7352,7.28056e+06
2020-06-17 01:45:00,VHMLBKoKgIrUVDU,0,0,0,7.4502e+06
2020-05-20 11:00:00,YxYtjZvoooNbGkE,11477.4,1120.24,2968.75,7.21544e+06
2020-06-08 17:15:00,ih0vzX44oOqAx2f,2499.43,245.1,8075,6.36677e+06
2020-06-01 20:45:00,3PZuoBAID5Wc2HD,0,0,5965,7.12127e+06
2020-05-19 20:30:00,1BY6WEcLGh8j5v7,0,0,6449,6.2901e+06
2020-05-16 10:30:00,adLQvlD726eNBSB,9907,968.629,2016.86,6.27975e+06
2020-06-07 21:30:00,pkci93gMrogZuBj,0,0,8214,7.34613e+06
2020-05-26 08:30:00,7JYdWkrLSPkdwr4,6808,666.814,716.714,7.68474e+06
2020-06-03 15:00:00,7JYdWkrLSPkdwr4,11444.6,1117.06,6364.14,7.74724e+06
2020-05-26 20:45:00,rGa61gmuvPhdLxV,0,0,0,7.19987e+06
2020-05-31 21:30:00,iCRJl6heRkivqQ3,0,0,5969,7.30457e+06
2020-06-14 14:00:00,ih0vzX44oOqAx2f,14126.4,1377.31,5091.29,6.40561e+06
2020-06-05 22:00:00,YxYtjZvoooNbGkE,0,0,7603,7.34249e+06
2020-05-15 05:15:00,1BY6WEcLGh8j5v7,0,0,0,6.25956e+06
2020-06-10 13:15:00,bvBOhCH3iADSZry,6828,668.525,3911,6.49726e+06
2020-06-12 15:30:00,ih0vzX44oOqAx2f,5707.57,559.357,5050.71,6.3916e+06
2020-05-28 19:00:00,uHbuxQJl8lW7ozc,0,0,8374,7.14363e+06
2020-05-24 19:30:00,1BY6WEcLGh8j5v7,0,0,7537,6.32794e+06
2020-05-16 19:45:00,VHMLBKoKgIrUVDU,0,0,6714,7.21938e+06
2020-06-15 05:15:00,rGa61gmuvPhdLxV,0,0,0,7.33797e+06
2020-05-28 03:15:00,ih0vzX44oOqAx2f,0,0,0,6.27886e+06
2020-05-25 16:45:00,WRmjgnKYAwPKWDb,1330.38,129.438,8765.5,7.10988e+06
2020-05-16 20:30:00,McdE0feGgRqW7Ca,0,0,6586,7.17202e+06
2020-05-24 04:00:00,7JYdWkrLSPkdwr4,0,0,0,7.66722e+06
2020-05-30 06:45:00,WRmjgnKYAwPKWDb,1217.62,118.412,40.25,7.14094e+06
2020-06-01 08:15:00,ih0vzX44oOqAx2f,5762.57,564.786,629.571,6.30886e+06
2020-06-16 06:30:00,wCURE6d3bPkepu2,697.5,67.6,12.625,7.01646e+06
2020-06-16 09:00:00,sjndEbLyjtCKgGv,5835.43,571.829,876.571,7.25042e+06
2020-05-24 14:45:00,zBIq5rxdHJRwDNY,9210,900.914,6163.29,6.41064e+06
2020-05-24 18:00:00,McdE0feGgRqW7Ca,637.143,61.7429,8035,7.23267e+06
2020-06-09 10:45:00,zVJPv84UY57bAof,12466.4,1216.15,2722.75,7.30489e+06
2020-06-02 07:00:00,VHMLBKoKgIrUVDU,1724,168.729,61,7.34038e+06
2020-05-28 21:00:00,zBIq5rxdHJRwDNY,0,0,7911,6.44199e+06
2020-05-25 23:45:00,wCURE6d3bPkepu2,0,0,4429.5,6.86465e+06
2020-05-15 13:45:00,YxYtjZvoooNbGkE,7773.88,761.025,4126,7.18409e+06
2020-06-08 14:15:00,ih0vzX44oOqAx2f,10461.6,1020.86,6065.57,6.36476e+06
2020-05-29 21:15:00,adLQvlD726eNBSB,0,0,8343,6.38735e+06
2020-06-12 18:00:00,ZoEaEvLYb1n2sOq,823.714,79.9143,5733.43,7.30737e+06
2020-05-17 02:00:00,ZnxXDlPa8U1GXgE,0,0,0,6.53515e+06
2020-06-02 06:45:00,zBIq5rxdHJRwDNY,803.625,77.9625,30.625,6.46906e+06
2020-05-26 13:30:00,rGa61gmuvPhdLxV,8270.62,808.175,5460.38,7.19756e+06
2020-05-31 15:00:00,sjndEbLyjtCKgGv,2067.14,202.671,5364.71,7.14162e+06
2020-05-18 03:30:00,YxYtjZvoooNbGkE,0,0,0,7.20023e+06
2020-06-09 09:00:00,iCRJl6heRkivqQ3,8606.29,842.143,1057.43,7.36601e+06
2020-06-02 03:15:00,adLQvlD726eNBSB,0,0,0,6.40683e+06
2020-05-27 14:45:00,McdE0feGgRqW7Ca,4642.5,455.6,5560.38,7.25512e+06
2020-05-19 23:45:00,ZnxXDlPa8U1GXgE,0,0,6974,6.55514e+06
2020-06-13 15:45:00,wCURE6d3bPkepu2,5165.38,506.562,7835.62,7.00174e+06
2020-05-28 07:30:00,1IF53ai7Xc0U56Y,3752.57,368.786,241.571,6.2817e+06
2020-05-21 19:45:00,zVJPv84UY57bAof,0,0,7944,7.16512e+06
2020-05-18 08:30:00,zVJPv84UY57bAof,1839.86,180.371,378.571,7.13639e+06
2020-06-17 15:30:00,uHbuxQJl8lW7ozc,850.75,82.5625,5528.5,7.28656e+06
2020-05-24 17:30:00,3PZuoBAID5Wc2HD,1607.62,157.213,8230.5,7.0615e+06
2020-05-24 04:30:00,YxYtjZvoooNbGkE,0,0,0,7.24468e+06
2020-05-19 04:45:00,sjndEbLyjtCKgGv,0,0,0,7.0424e+06
2020-06-02 23:45:00,VHMLBKoKgIrUVDU,0,0,0,7.34774e+06
2020-06-13 19:15:00,rGa61gmuvPhdLxV,0,0,8389,7.33067e+06
2020-06-02 02:45:00,1IF53ai7Xc0U56Y,0,0,0,6.31744e+06
2020-06-06 00:30:00,rGa61gmuvPhdLxV,0,0,0,7.27309e+06
2020-05-24 07:00:00,sjndEbLyjtCKgGv,1729.5,169.363,77.625,7.08153e+06
2020-05-28 14:00:00,iCRJl6heRkivqQ3,9490.62,927.138,6305.5,7.281e+06
2020-05-21 10:00:00,bvBOhCH3iADSZry,6167.43,603.243,1236.71,6.35676e+06
2020-05-30 16:15:00,3PZuoBAID5Wc2HD,5450.5,534.25,6813.12,7.109e+06
2020-06-04 18:30:00,McdE0feGgRqW7Ca,48.2857,4.65714,8391.71,7.31676e+06
2020-06-09 15:45:00,z9Y9gH1T5YWrNuG,7610,745.057,6747.29,7.19817e+06
2020-06-08 21:15:00,YxYtjZvoooNbGkE,0,0,8343,7.36531e+06
2020-06-14 14:15:00,VHMLBKoKgIrUVDU,12494.7,1219.01,5686.14,7.43525e+06
2020-06-08 07:15:00,1IF53ai7Xc0U56Y,2046.62,200.613,127.625,6.36347e+06
2020-06-15 00:15:00,3PZuoBAID5Wc2HD,0,0,0,7.21822e+06
2020-05-26 15:15:00,McdE0feGgRqW7Ca,5137.25,503.462,6751.75,7.2484e+06
2020-05-17 18:45:00,7JYdWkrLSPkdwr4,0,0,7526,7.62306e+06
2020-05-24 19:30:00,VHMLBKoKgIrUVDU,0,0,8180,7.28051e+06
2020-06-02 04:30:00,McdE0feGgRqW7Ca,0,0,0,7.29275e+06
2020-06-15 22:15:00,7JYdWkrLSPkdwr4,0,0,6641,7.8348e+06
2020-06-17 16:00:00,zBIq5rxdHJRwDNY,3226.88,317.05,5467.62,6.58302e+06
2020-05-30 22:30:00,uHbuxQJl8lW7ozc,0,0,7340,7.15927e+06
2020-05-27 02:45:00,wCURE6d3bPkepu2,0,0,0,6.87248e+06
2020-06-07 01:00:00,iCRJl6heRkivqQ3,0,0,0,7.34823e+06
2020-06-01 16:30:00,sjndEbLyjtCKgGv,1735,170.043,5596.14,7.14784e+06
2020-06-03 12:15:00,pkci93gMrogZuBj,10122.6,989.388,3493.5,7.31114e+06
2020-06-07 17:30:00,z9Y9gH1T5YWrNuG,2170.86,212.8,6265.43,7.18355e+06
2020-06-10 17:30:00,adLQvlD726eNBSB,1549.6,151.28,6598.8,6.47688e+06
2020-05-23 18:45:00,wCURE6d3bPkepu2,0,0,8605,6.84783e+06
2020-06-07 04:00:00,1BY6WEcLGh8j5v7,0,0,0,6.41848e+06
2020-06-05 20:30:00,zBIq5rxdHJRwDNY,0,0,7723,6.5003e+06
2020-06-13 22:15:00,zBIq5rxdHJRwDNY,0,0,8435,6.55782e+06
2020-06-05 08:45:00,wCURE6d3bPkepu2,7632,747.157,672.857,6.93969e+06
2020-06-05 10:00:00,ZnxXDlPa8U1GXgE,10445.3,1020.31,1644.29,6.68071e+06
2020-06-06 13:15:00,1IF53ai7Xc0U56Y,4407.5,431.4,4733.12,6.35329e+06
2020-05-25 22:15:00,1IF53ai7Xc0U56Y,0,0,9048,6.26653e+06
2020-06-12 23:45:00,YxYtjZvoooNbGkE,0,0,5780,7.39106e+06
2020-06-07 15:30:00,iCRJl6heRkivqQ3,7866,769.771,7144.71,7.35538e+06
2020-05-29 11:45:00,ih0vzX44oOqAx2f,12661,1235.16,3398.43,6.29057e+06
2020-05-17 06:30:00,ZnxXDlPa8U1GXgE,451.875,43.7125,8,6.53516e+06
2020-06-16 01:00:00,ZoEaEvLYb1n2sOq,0,0,0,7.32969e+06
2020-06-16 20:15:00,wCURE6d3bPkepu2,0,0,6274,7.02272e+06
2020-05-28 01:45:00,zBIq5rxdHJRwDNY,0,0,0,6.43408e+06
2020-05-15 15:45:00,WRmjgnKYAwPKWDb,5468.43,536.014,5511.14,7.03418e+06
2020-06-06 22:00:00,ih0vzX44oOqAx2f,0,0,6197,6.35067e+06
2020-05-31 17:15:00,ZoEaEvLYb1n2sOq,1778.57,174.343,5690.86,7.22254e+06
2020-06-02 15:30:00,bvBOhCH3iADSZry,5543.43,543.286,6030.43,6.44468e+06
2020-05-24 16:30:00,uHbuxQJl8lW7ozc,3372.57,330.614,7697.71,7.11144e+06
2020-05-31 14:00:00,z9Y9gH1T5YWrNuG,10396.1,1014.91,5258.57,7.13286e+06
2020-06-17 01:45:00,3PZuoBAID5Wc2HD,0,0,0,7.23137e+06
2020-06-12 02:30:00,3PZuoBAID5Wc2HD,0,0,0,7.19619e+06
2020-05-23 20:30:00,1BY6WEcLGh8j5v7,0,0,7966,6.3204e+06
2020-06-16 17:45:00,bvBOhCH3iADSZry,949.857,92.2571,5722.14,6.53351e+06
2020-06-12 17:15:00,WRmjgnKYAwPKWDb,1778.5,174.325,5653.25,7.23864e+06
2020-05-27 01:00:00,z9Y9gH1T5YWrNuG,0,0,0,7.09718e+06
2020-06-05 10:15:00,zBIq5rxdHJRwDNY,6450.75,631.888,1885.88,6.49446e+06
2020-05-21 08:30:00,iCRJl6heRkivqQ3,6320.43,619.186,623,7.22023e+06
2020-06-10 09:00:00,YxYtjZvoooNbGkE,6823.14,668.229,866.143,7.37413e+06
2020-05-25 17:15:00,YxYtjZvoooNbGkE,980.375,95.2375,8755.88,7.26141e+06
2020-06-16 23:30:00,uHbuxQJl8lW7ozc,0,0,6292,7.28104e+06
2020-05-28 13:45:00,ih0vzX44oOqAx2f,9644.43,941.629,6042.14,6.2849e+06
2020-06-09 02:00:00,7JYdWkrLSPkdwr4,0,0,0,7.78679e+06
2020-05-18 01:45:00,iCRJl6heRkivqQ3,0,0,0,7.19837e+06
2020-06-04 01:15:00,ZnxXDlPa8U1GXgE,0,0,0,6.67088e+06
2020-06-14 18:45:00,uHbuxQJl8lW7ozc,0,0,7306,7.26784e+06
2020-05-30 22:45:00,McdE0feGgRqW7Ca,0,0,7352,7.28056e+06
2020-05-27 22:45:00,WRmjgnKYAwPKWDb,0,0,6658,7.12454e+06
2020-06-10 18:45:00,uHbuxQJl8lW7ozc,0,0,6645,7.24051e+06
2020-06-16 12:00:00,ZoEaEvLYb1n2sOq,3356.25,329.7,3312.25,7.333e+06
2020-05-24 13:15:00,1BY6WEcLGh8j5v7,11276.5,1101.85,5051.12,6.32545e+06
2020-05-15 17:00:00,pkci93gMrogZuBj,2315.43,227.029,6240.29,7.17534e+06
2020-06-05 05:30:00,rGa61gmuvPhdLxV,0,0,0,7.26535e+06
2020-06-17 01:00:00,zBIq5rxdHJRwDNY,0,0,0,6.57755e+06
2020-06-05 23:45:00,YxYtjZvoooNbGkE,0,0,7603,7.34249e+06
2020-05-31 06:00:00,z9Y9gH1T5YWrNuG,101.375,9.775,0.75,7.1276e+06
2020-06-16 17:15:00,3PZuoBAID5Wc2HD,1746.88,171.225,6220.62,7.23126e+06
2020-06-13 22:15:00,1IF53ai7Xc0U56Y,0,0,8654,6.40688e+06
2020-06-05 09:15:00,ZnxXDlPa8U1GXgE,7904.75,773.362,1041.5,6.6801e+06
2020-06-11 23:30:00,ZnxXDlPa8U1GXgE,0,0,5692,6.7299e+06
2020-05-31 03:15:00,McdE0feGgRqW7Ca,0,0,0,7.28056e+06
2020-05-17 01:45:00,bvBOhCH3iADSZry,0,0,0,6.32865e+06
2020-06-14 21:45:00,3PZuoBAID5Wc2HD,0,0,7504,7.21822e+06
2020-06-07 21:30:00,ZnxXDlPa8U1GXgE,0,0,8209,6.70126e+06
2020-05-26 21:45:00,iCRJl6heRkivqQ3,0,0,0,7.268e+06
2020-06-10 18:45:00,adLQvlD726eNBSB,0,0,6667,6.47694e+06
2020-06-14 06:45:00,1IF53ai7Xc0U56Y,1122.62,109.138,39.5,6.40692e+06
2020-06-12 02:45:00,1IF53ai7Xc0U56Y,0,0,0,6.39232e+06
2020-06-11 17:30:00,adLQvlD726eNBSB,1468,143.275,5721.62,6.48267e+06
2020-06-08 10:30:00,McdE0feGgRqW7Ca,11222.2,1095.26,2514.88,7.34072e+06
2020-05-24 15:30:00,adLQvlD726eNBSB,4255.29,417.643,7585.43,6.34532e+06
2020-05-29 22:00:00,1IF53ai7Xc0U56Y,0,0,8253,6.29821e+06
2020-06-04 09:30:00,ZnxXDlPa8U1GXgE,6684.86,654.271,1269.43,6.67215e+06
2020-06-07 12:00:00,McdE0feGgRqW7Ca,13255.8,1292.44,3737.12,7.3349e+06
2020-05-17 20:15:00,ih0vzX44oOqAx2f,0,0,7391,6.2052e+06
2020-05-25 20:15:00,McdE0feGgRqW7Ca,0,0,8958,7.24165e+06
2020-06-16 06:30:00,rGa61gmuvPhdLxV,703.286,68.1429,11.4286,7.34472e+06
2020-05-29 22:00:00,7JYdWkrLSPkdwr4,0,0,8007,7.71484e+06
2020-06-15 08:00:00,1IF53ai7Xc0U56Y,6617.29,648.243,395.714,6.41476e+06
2020-05-31 03:45:00,ZnxXDlPa8U1GXgE,0,0,0,6.64338e+06
2020-05-28 16:30:00,1BY6WEcLGh8j5v7,3550.62,348.238,7659.75,6.35749e+06
2020-06-12 03:30:00,ih0vzX44oOqAx2f,0,0,0,6.38655e+06
2020-06-08 03:00:00,zVJPv84UY57bAof,0,0,0,7.29379e+06
2020-05-31 07:00:00,zBIq5rxdHJRwDNY,1220,118.657,73.1429,6.45737e+06
2020-05-16 02:45:00,3PZuoBAID5Wc2HD,0,0,0,6.99403e+06
2020-05-20 06:30:00,ZnxXDlPa8U1GXgE,714.429,69.2143,9.57143,6.55515e+06
2020-05-16 22:30:00,3PZuoBAID5Wc2HD,0,0,6656,7.00069e+06
2020-05-29 21:30:00,iCRJl6heRkivqQ3,0,0,0,7.29125e+06
2020-06-17 19:30:00,iCRJl6heRkivqQ3,0,0,5957,7.42626e+06
2020-06-15 20:30:00,wCURE6d3bPkepu2,0,0,6746,7.01644e+06
2020-05-22 15:15:00,rGa61gmuvPhdLxV,5471.71,536.343,6170.14,7.16657e+06
2020-05-17 21:30:00,VHMLBKoKgIrUVDU,0,0,7717,7.2271e+06
2020-05-30 00:15:00,sjndEbLyjtCKgGv,0,0,0,7.12903e+06
2020-05-31 21:15:00,YxYtjZvoooNbGkE,0,0,5970,7.30574e+06
2020-05-17 10:15:00,VHMLBKoKgIrUVDU,10075.7,985.114,2100.43,7.22148e+06
2020-05-23 03:00:00,ZoEaEvLYb1n2sOq,0,0,0,7.15371e+06
2020-05-26 12:00:00,wCURE6d3bPkepu2,9704.88,948.038,3994.88,6.86864e+06
2020-05-18 18:45:00,7JYdWkrLSPkdwr4,0,0,5309,7.62837e+06
2020-06-04 12:30:00,VHMLBKoKgIrUVDU,7708.5,754.075,4168.38,7.35983e+06
2020-05-24 22:15:00,McdE0feGgRqW7Ca,0,0,8055,7.23269e+06
2020-05-25 18:30:00,wCURE6d3bPkepu2,37.1429,3.58571,8859,6.86465e+06
2020-06-03 11:15:00,ZnxXDlPa8U1GXgE,9527.29,931.814,2471.71,6.66544e+06
2020-05-24 01:00:00,ZnxXDlPa8U1GXgE,0,0,0,6.58773e+06
2020-06-12 06:15:00,sjndEbLyjtCKgGv,167.375,16.15,0.875,7.22125e+06
2020-06-07 10:30:00,ih0vzX44oOqAx2f,9182.14,898.114,1853,6.35253e+06
2020-06-15 17:45:00,uHbuxQJl8lW7ozc,1261.14,122.857,6874,7.27471e+06
2020-05-19 22:30:00,uHbuxQJl8lW7ozc,0,0,6997,7.0712e+06
2020-06-01 13:15:00,McdE0feGgRqW7Ca,10404.7,1016.14,4615.57,7.29138e+06
2020-06-01 06:30:00,ZnxXDlPa8U1GXgE,977.286,94.9286,24.2857,6.64955e+06
2020-05-19 04:00:00,pkci93gMrogZuBj,0,0,0,7.19441e+06
2020-06-15 21:45:00,zBIq5rxdHJRwDNY,0,0,6696,6.57183e+06
2020-06-06 20:30:00,zVJPv84UY57bAof,0,0,0,7.28553e+06
2020-06-02 08:00:00,VHMLBKoKgIrUVDU,4001.86,392.971,283.571,7.3406e+06
2020-06-11 13:00:00,pkci93gMrogZuBj,7219.14,706.9,3039.29,7.37233e+06
2020-06-10 23:30:00,z9Y9gH1T5YWrNuG,0,0,6412,7.20546e+06
2020-05-23 14:45:00,zBIq5rxdHJRwDNY,7218.25,706.837,7002.25,6.40281e+06
2020-05-18 05:45:00,sjndEbLyjtCKgGv,0,0,0,7.03705e+06
2020-05-23 03:45:00,WRmjgnKYAwPKWDb,0,0,0,7.0846e+06
2020-05-20 09:30:00,bvBOhCH3iADSZry,8066.5,789.55,1354.12,6.34826e+06
2020-05-18 07:45:00,VHMLBKoKgIrUVDU,1813,177.543,276.857,7.22737e+06
2020-05-29 21:15:00,1IF53ai7Xc0U56Y,0,0,8253,6.29821e+06
2020-05-19 02:45:00,1IF53ai7Xc0U56Y,0,0,0,6.20981e+06
2020-05-17 06:30:00,VHMLBKoKgIrUVDU,448.625,43.3875,6.5,7.21939e+06
2020-05-31 05:15:00,rGa61gmuvPhdLxV,0,0,0,7.23044e+06
2020-06-09 17:30:00,YxYtjZvoooNbGkE,2110.38,206.887,7864.88,7.37317e+06
2020-05-27 07:45:00,rGa61gmuvPhdLxV,3920.86,385.229,283,7.20015e+06
2020-06-04 04:00:00,zBIq5rxdHJRwDNY,0,0,0,6.48434e+06
2020-05-29 21:00:00,YxYtjZvoooNbGkE,0,0,0,7.2925e+06
2020-06-13 20:15:00,wCURE6d3bPkepu2,0,0,8461,7.00237e+06
2020-06-14 03:45:00,7JYdWkrLSPkdwr4,0,0,0,7.82085e+06
2020-06-11 18:15:00,zBIq5rxdHJRwDNY,292.286,28.2429,5643.29,6.54355e+06
2020-06-14 20:30:00,3PZuoBAID5Wc2HD,0,0,7504,7.21822e+06
2020-06-11 23:00:00,adLQvlD726eNBSB,0,0,5790,6.48273e+06
2020-05-18 19:00:00,ZnxXDlPa8U1GXgE,0,0,5424,6.54816e+06
2020-06-08 16:00:00,1BY6WEcLGh8j5v7,4161.43,407.214,7255.71,6.43101e+06
2020-06-16 01:45:00,7JYdWkrLSPkdwr4,0,0,0,7.8348e+06
2020-06-06 22:45:00,McdE0feGgRqW7Ca,0,0,0,7.33116e+06
2020-06-09 11:30:00,3PZuoBAID5Wc2HD,8646.75,844.862,3543.12,7.17928e+06
2020-06-08 01:15:00,bvBOhCH3iADSZry,0,0,0,6.47829e+06
2020-06-01 18:45:00,ZnxXDlPa8U1GXgE,0,0,5918,6.65544e+06
2020-05-26 11:00:00,7JYdWkrLSPkdwr4,13241.4,1291.03,3102.14,7.68712e+06
2020-06-12 16:15:00,McdE0feGgRqW7Ca,2801,274.729,5564.71,7.37294e+06
2020-06-06 09:15:00,iCRJl6heRkivqQ3,5168.88,506.8,1149.12,7.34295e+06
2020-06-16 20:15:00,bvBOhCH3iADSZry,0,0,5757,6.53355e+06
2020-05-22 12:00:00,z9Y9gH1T5YWrNuG,13012.7,1268.73,3250.29,7.0604e+06
2020-05-20 11:45:00,pkci93gMrogZuBj,12143.9,1184.56,3849.86,7.2052e+06
2020-05-22 16:00:00,McdE0feGgRqW7Ca,3233.25,317.938,6570.25,7.21563e+06
2020-05-16 02:00:00,rGa61gmuvPhdLxV,0,0,0,7.11787e+06
2020-06-06 02:15:00,ZoEaEvLYb1n2sOq,0,0,0,7.25908e+06
2020-06-05 10:00:00,iCRJl6heRkivqQ3,11072.4,1081.2,1688.14,7.33569e+06
2020-06-05 05:30:00,ih0vzX44oOqAx2f,0,0,0,6.33702e+06
2020-06-13 15:15:00,bvBOhCH3iADSZry,9038,884.029,6927,6.51671e+06
2020-06-16 10:45:00,z9Y9gH1T5YWrNuG,9662.62,944.388,2337.25,7.24152e+06
2020-05-29 08:45:00,rGa61gmuvPhdLxV,5489.57,538.057,659,7.21547e+06
2020-05-26 02:30:00,ih0vzX44oOqAx2f,0,0,0,6.26458e+06
2020-05-22 23:30:00,zVJPv84UY57bAof,0,0,0,7.17229e+06
2020-06-01 01:30:00,1BY6WEcLGh8j5v7,0,0,0,6.37793e+06
2020-06-15 23:00:00,uHbuxQJl8lW7ozc,0,0,6906,7.27474e+06
2020-05-28 10:00:00,iCRJl6heRkivqQ3,9859.14,963.914,1962.14,7.27665e+06
2020-06-05 07:45:00,uHbuxQJl8lW7ozc,2245.88,220.213,212.25,7.19475e+06
2020-06-03 07:45:00,bvBOhCH3iADSZry,3052.5,299.812,224.875,6.44571e+06
2020-05-27 23:45:00,WRmjgnKYAwPKWDb,0,0,6658,7.12454e+06
2020-05-17 19:00:00,ZnxXDlPa8U1GXgE,0,0,7586,6.54274e+06
2020-06-13 16:45:00,adLQvlD726eNBSB,2104.14,206.171,8583.86,6.49731e+06
2020-05-31 10:45:00,rGa61gmuvPhdLxV,10712.5,1046.2,2149.62,7.23259e+06
2020-06-13 19:45:00,adLQvlD726eNBSB,0,0,8774,6.4975e+06
2020-05-24 00:15:00,adLQvlD726eNBSB,0,0,0,6.33773e+06
2020-05-24 21:15:00,McdE0feGgRqW7Ca,0,0,8055,7.23269e+06
2020-05-22 21:15:00,zBIq5rxdHJRwDNY,0,0,0,6.39581e+06
2020-05-26 19:45:00,1IF53ai7Xc0U56Y,0,0,0,6.27464e+06
2020-06-11 03:45:00,bvBOhCH3iADSZry,0,0,0,6.49921e+06
2020-06-08 08:30:00,zVJPv84UY57bAof,5475.86,536.843,530,7.29432e+06
2020-06-11 00:30:00,ZnxXDlPa8U1GXgE,0,0,0,6.72421e+06
2020-06-02 13:45:00,YxYtjZvoooNbGkE,12709,1239.51,5234.14,7.31675e+06
2020-06-04 19:00:00,ZnxXDlPa8U1GXgE,0,0,8178,6.67906e+06
2020-06-17 22:15:00,sjndEbLyjtCKgGv,0,0,5887,7.26168e+06
2020-05-26 16:30:00,1IF53ai7Xc0U56Y,5446,533.775,7733.25,6.27426e+06
2020-05-22 17:00:00,WRmjgnKYAwPKWDb,1613,158.014,7145.71,7.0845e+06
2020-06-08 05:45:00,1IF53ai7Xc0U56Y,0,0,0,6.36334e+06
2020-05-26 15:30:00,bvBOhCH3iADSZry,8494.29,831.186,6414,6.39875e+06
2020-06-06 22:45:00,zVJPv84UY57bAof,0,0,0,7.28553e+06
2020-05-19 13:45:00,YxYtjZvoooNbGkE,10106.8,988.188,4521.12,7.21012e+06
2020-05-25 19:15:00,sjndEbLyjtCKgGv,0,0,8760,7.09811e+06
2020-06-15 06:15:00,McdE0feGgRqW7Ca,463.75,44.85,7,7.38936e+06
2020-05-23 23:45:00,bvBOhCH3iADSZry,0,0,4493.71,6.37677e+06
2020-06-01 13:30:00,WRmjgnKYAwPKWDb,10759.4,1050.31,4714.86,7.15858e+06
2020-06-01 19:15:00,1IF53ai7Xc0U56Y,0,0,6012,6.31744e+06
2020-05-18 12:15:00,ih0vzX44oOqAx2f,8459.29,827.829,1810.29,6.20701e+06
2020-06-11 07:15:00,7JYdWkrLSPkdwr4,1195.86,116.286,57.5714,7.80115e+06
2020-06-04 02:30:00,VHMLBKoKgIrUVDU,0,0,0,7.35566e+06
2020-05-22 20:30:00,zVJPv84UY57bAof,0,0,0,7.17229e+06
2020-06-07 11:45:00,adLQvlD726eNBSB,11421,1115.36,3435.71,6.44847e+06
2020-06-08 07:00:00,bvBOhCH3iADSZry,1396.14,136.171,69.7143,6.47836e+06
2020-05-30 07:30:00,zBIq5rxdHJRwDNY,2031.75,199.188,175.5,6.45008e+06
2020-05-20 09:30:00,ZoEaEvLYb1n2sOq,8577.12,839.275,1415.5,7.13175e+06
2020-05-24 14:15:00,z9Y9gH1T5YWrNuG,11651.3,1137,6197.71,7.07896e+06
2020-05-30 11:30:00,ZnxXDlPa8U1GXgE,7755.14,759.171,2126.86,6.63819e+06
2020-06-09 23:45:00,WRmjgnKYAwPKWDb,0,0,7977,7.22098e+06
2020-05-22 12:45:00,1BY6WEcLGh8j5v7,9144.5,893.362,3821,6.30941e+06
2020-05-22 02:45:00,iCRJl6heRkivqQ3,0,0,0,7.22744e+06
2020-05-20 18:30:00,rGa61gmuvPhdLxV,52.75,5.1,8820.75,7.15263e+06
2020-05-21 17:30:00,1IF53ai7Xc0U56Y,607.125,58.75,7794,6.23322e+06
2020-06-11 12:00:00,zVJPv84UY57bAof,9306.14,910.243,2295.71,7.31931e+06
2020-06-14 13:30:00,WRmjgnKYAwPKWDb,10108.4,988.288,4740,7.25192e+06
2020-05-19 18:30:00,ZoEaEvLYb1n2sOq,0,0,6805,7.13033e+06
2020-06-05 09:15:00,1IF53ai7Xc0U56Y,8781.29,858.429,1129.43,6.34198e+06
2020-06-06 14:15:00,bvBOhCH3iADSZry,10003.6,976.725,5019.5,6.47227e+06
2020-05-23 16:00:00,WRmjgnKYAwPKWDb,6697.43,656.014,7735.57,7.09233e+06
2020-06-10 02:30:00,zVJPv84UY57bAof,0,0,0,7.31046e+06
2020-06-12 18:15:00,uHbuxQJl8lW7ozc,377.5,36.5,5882.5,7.25209e+06
2020-05-29 13:30:00,bvBOhCH3iADSZry,10453.9,1021.62,5027.38,6.41861e+06
2020-06-16 14:30:00,1BY6WEcLGh8j5v7,8899,869.812,4620.75,6.47857e+06
2020-05-30 21:45:00,VHMLBKoKgIrUVDU,0,0,7270,7.32833e+06
2020-06-04 21:15:00,3PZuoBAID5Wc2HD,0,0,8215,7.1447e+06
2020-06-12 20:30:00,VHMLBKoKgIrUVDU,0,0,5903,7.42091e+06
2020-06-12 00:00:00,adLQvlD726eNBSB,0,0,0,6.48273e+06
2020-05-27 12:15:00,zBIq5rxdHJRwDNY,7372.71,721.343,3676.86,6.43138e+06
2020-05-30 13:30:00,iCRJl6heRkivqQ3,11102.9,1084.07,4198.29,7.29545e+06
2020-05-27 06:45:00,rGa61gmuvPhdLxV,1457.29,142.114,46.2857,7.19992e+06
2020-05-30 18:00:00,7JYdWkrLSPkdwr4,641,62.0714,7128.43,7.72196e+06
2020-06-04 06:45:00,z9Y9gH1T5YWrNuG,1173.86,114.143,40.2857,7.15515e+06
2020-06-14 12:30:00,VHMLBKoKgIrUVDU,6989.14,684.471,3875.29,7.43344e+06
2020-06-17 03:30:00,uHbuxQJl8lW7ozc,0,0,0,7.28104e+06
2020-05-15 17:00:00,ZnxXDlPa8U1GXgE,2388.38,234.275,6171.75,6.52834e+06
2020-06-01 13:00:00,sjndEbLyjtCKgGv,7642.29,747.257,4223.71,7.14647e+06
2020-05-20 10:45:00,pkci93gMrogZuBj,11047.4,1079.57,2671.14,7.20402e+06
2020-06-16 09:15:00,McdE0feGgRqW7Ca,6644.25,650.8,1049.88,7.39728e+06
2020-05-23 08:00:00,ZnxXDlPa8U1GXgE,4406.5,432.575,318.5,6.57946e+06
2020-06-17 10:30:00,3PZuoBAID5Wc2HD,7344.14,719.071,1638.71,7.23301e+06
2020-06-08 08:00:00,iCRJl6heRkivqQ3,4001.57,393.071,346.286,7.35686e+06
2020-06-13 22:00:00,McdE0feGgRqW7Ca,0,0,8595,7.38192e+06
2020-05-17 18:15:00,ZoEaEvLYb1n2sOq,138.857,13.4,7462.86,7.11821e+06
2020-06-12 23:15:00,WRmjgnKYAwPKWDb,0,0,5794,7.23878e+06
2020-06-05 22:00:00,VHMLBKoKgIrUVDU,0,0,0,7.37155e+06
2020-05-27 14:15:00,3PZuoBAID5Wc2HD,4489.14,440.786,5016.71,7.08373e+06
2020-06-07 04:15:00,bvBOhCH3iADSZry,0,0,0,6.47312e+06
2020-06-08 10:45:00,ZnxXDlPa8U1GXgE,11371.6,1109.79,2755.62,6.70402e+06
2020-06-05 22:45:00,WRmjgnKYAwPKWDb,0,0,0,7.19027e+06
2020-06-14 08:30:00,7JYdWkrLSPkdwr4,4792.5,484.929,615.714,7.82147e+06
2020-06-10 03:15:00,adLQvlD726eNBSB,0,0,0,6.47028e+06
2020-06-02 12:45:00,WRmjgnKYAwPKWDb,11324.7,1105.67,3971.57,7.16367e+06
2020-05-15 16:00:00,pkci93gMrogZuBj,5073.25,497.65,5833,7.17494e+06
2020-06-09 22:15:00,1IF53ai7Xc0U56Y,0,0,8189,6.38002e+06
2020-06-10 04:45:00,3PZuoBAID5Wc2HD,0,0,0,7.18392e+06
2020-06-06 15:00:00,zVJPv84UY57bAof,4117.75,404.238,5838.12,7.28493e+06
2020-06-11 10:30:00,uHbuxQJl8lW7ozc,5814.88,569.837,1224.62,7.24173e+06
2020-06-08 23:30:00,zVJPv84UY57bAof,0,0,8377,7.30217e+06
2020-06-16 09:45:00,ih0vzX44oOqAx2f,8737.88,854.85,1375.25,6.41562e+06
2020-06-15 12:15:00,7JYdWkrLSPkdwr4,5716,560.2,3986,7.83214e+06
2020-06-04 10:30:00,7JYdWkrLSPkdwr4,9207.14,898.957,2036.14,7.75066e+06
2020-05-21 19:45:00,pkci93gMrogZuBj,0,0,7778,7.21798e+06
2020-05-26 03:15:00,ZoEaEvLYb1n2sOq,0,0,0,7.17891e+06
2020-06-04 14:15:00,ZoEaEvLYb1n2sOq,6783.25,663.925,5691.38,7.24919e+06
2020-06-10 23:30:00,3PZuoBAID5Wc2HD,0,0,6550,7.19047e+06
2020-05-25 13:15:00,1IF53ai7Xc0U56Y,12165,1186.12,5939.17,6.26342e+06
2020-05-26 23:15:00,z9Y9gH1T5YWrNuG,0,0,0,7.09718e+06
2020-05-21 12:00:00,rGa61gmuvPhdLxV,9364.71,915.129,3811.29,7.15644e+06
2020-06-07 08:00:00,adLQvlD726eNBSB,3524.71,346.486,321.857,6.44535e+06
2020-05-15 02:30:00,zBIq5rxdHJRwDNY,0,0,0,6.33938e+06
2020-06-14 04:45:00,bvBOhCH3iADSZry,0,0,0,6.51764e+06
2020-06-15 13:30:00,zVJPv84UY57bAof,3864.88,379.5,4903.25,7.34918e+06
2020-05-17 05:00:00,uHbuxQJl8lW7ozc,0,0,0,7.05134e+06
2020-05-22 07:30:00,3PZuoBAID5Wc2HD,4935,483.857,259.286,7.03756e+06
2020-06-06 15:00:00,rGa61gmuvPhdLxV,4186.12,410.95,5803.62,7.27889e+06
2020-05-21 21:15:00,1BY6WEcLGh8j5v7,0,0,7243,6.30559e+06
2020-05-21 23:30:00,1IF53ai7Xc0U56Y,0,0,0,6.23325e+06
2020-06-09 21:00:00,bvBOhCH3iADSZry,0,0,7361,6.49335e+06
2020-06-10 11:00:00,ih0vzX44oOqAx2f,4599.12,451.25,2124,6.37688e+06
2020-05-22 21:00:00,rGa61gmuvPhdLxV,0,0,0,7.16714e+06
2020-06-16 15:30:00,sjndEbLyjtCKgGv,6647,651.075,5534.75,7.25507e+06
2020-06-08 03:00:00,wCURE6d3bPkepu2,0,0,0,6.95953e+06
2020-06-13 20:15:00,zBIq5rxdHJRwDNY,0,0,8435,6.55782e+06
2020-05-31 00:00:00,ZoEaEvLYb1n2sOq,0,0,0,7.21685e+06
2020-06-10 01:45:00,3PZuoBAID5Wc2HD,0,0,0,7.18392e+06
2020-06-15 21:30:00,zVJPv84UY57bAof,0,0,6820,7.3511e+06
2020-06-07 22:15:00,z9Y9gH1T5YWrNuG,0,0,6342,7.18363e+06
2020-05-22 10:15:00,adLQvlD726eNBSB,10512.2,1026.4,1722.38,6.3233e+06
2020-05-31 12:15:00,7JYdWkrLSPkdwr4,8152.12,797.013,3310.12,7.72529e+06
2020-06-13 11:15:00,ih0vzX44oOqAx2f,12529.5,1221.61,3140.38,6.3954e+06
2020-06-11 08:15:00,ZoEaEvLYb1n2sOq,2849,279.557,253.143,7.29632e+06
2020-05-17 18:45:00,sjndEbLyjtCKgGv,0,0,7441,7.03705e+06
2020-06-05 04:00:00,sjndEbLyjtCKgGv,0,0,0,7.17152e+06
2020-06-12 15:00:00,zVJPv84UY57bAof,5941.14,582.143,4918.43,7.32761e+06
2020-06-08 08:15:00,uHbuxQJl8lW7ozc,3260.75,320.475,434.125,7.21758e+06
2020-06-17 17:45:00,McdE0feGgRqW7Ca,969.286,94.1857,5955.86,7.40855e+06
2020-06-10 08:15:00,zVJPv84UY57bAof,2915.88,286.35,491.875,7.31095e+06
2020-06-07 07:15:00,ZnxXDlPa8U1GXgE,1867.14,183.043,134,6.69319e+06
2020-06-13 20:00:00,uHbuxQJl8lW7ozc,0,0,8437,7.26053e+06
2020-05-24 18:00:00,1IF53ai7Xc0U56Y,613.143,59.3714,8253,6.25746e+06
2020-05-16 06:15:00,wCURE6d3bPkepu2,339.5,32.825,4.25,6.78893e+06
2020-06-16 22:00:00,ZnxXDlPa8U1GXgE,0,0,6304,6.76481e+06
2020-05-16 13:30:00,1IF53ai7Xc0U56Y,8074.75,790.163,4620.75,6.19462e+06
2020-05-28 01:15:00,zBIq5rxdHJRwDNY,0,0,0,6.43408e+06
2020-06-03 01:30:00,3PZuoBAID5Wc2HD,0,0,0,7.12861e+06
2020-06-11 16:15:00,ih0vzX44oOqAx2f,4399.14,431.829,5116.71,6.38615e+06
2020-06-04 19:15:00,ih0vzX44oOqAx2f,0,0,8009,6.33702e+06
2020-05-19 23:45:00,1BY6WEcLGh8j5v7,0,0,6449,6.2901e+06
2020-05-22 15:15:00,3PZuoBAID5Wc2HD,6707.88,656.875,6655.88,7.04396e+06
2020-05-31 14:30:00,adLQvlD726eNBSB,2170,212.75,5159.25,6.39993e+06
2020-06-12 04:00:00,1BY6WEcLGh8j5v7,0,0,0,6.45024e+06
2020-05-16 21:00:00,pkci93gMrogZuBj,0,0,6173,7.18165e+06
2020-06-06 06:30:00,rGa61gmuvPhdLxV,695.625,67.4125,20.125,7.27311e+06
2020-05-23 09:30:00,zBIq5rxdHJRwDNY,8485.38,830.3,1454.38,6.39726e+06
2020-06-01 01:15:00,wCURE6d3bPkepu2,0,0,0,6.9094e+06
2020-06-13 10:30:00,wCURE6d3bPkepu2,11705.5,1141.85,2311,6.99622e+06
2020-05-23 12:00:00,7JYdWkrLSPkdwr4,12653.3,1233.69,3979,7.66275e+06
2020-06-07 13:45:00,ZoEaEvLYb1n2sOq,6497.43,636,5649,7.27102e+06
2020-05-28 10:00:00,YxYtjZvoooNbGkE,10503.4,1026.66,1978.38,7.27801e+06
2020-06-11 22:15:00,uHbuxQJl8lW7ozc,0,0,5698,7.24621e+06
2020-06-05 04:15:00,McdE0feGgRqW7Ca,0,0,0,7.31676e+06
2020-05-31 04:15:00,zBIq5rxdHJRwDNY,0,0,0,6.4573e+06
2020-06-10 22:00:00,bvBOhCH3iADSZry,0,0,5863,6.49921e+06
2020-05-19 01:45:00,rGa61gmuvPhdLxV,0,0,0,7.1369e+06
2020-05-28 20:45:00,McdE0feGgRqW7Ca,0,0,8567,7.26496e+06
2020-05-20 21:00:00,ZoEaEvLYb1n2sOq,0,0,8736,7.13907e+06
2020-06-07 19:15:00,3PZuoBAID5Wc2HD,0,0,8242,7.16722e+06
2020-05-15 18:00:00,ZnxXDlPa8U1GXgE,309,29.8625,6297.88,6.52847e+06
2020-06-03 13:30:00,1BY6WEcLGh8j5v7,9493.5,928.125,4588,6.39506e+06
2020-05-23 09:30:00,ih0vzX44oOqAx2f,7675.25,751.288,1446.62,6.24199e+06
2020-06-13 03:45:00,YxYtjZvoooNbGkE,0,0,0,7.39106e+06
2020-06-17 08:45:00,sjndEbLyjtCKgGv,3928.75,386.038,578.125,7.25637e+06
2020-05-26 06:45:00,rGa61gmuvPhdLxV,1134.25,110.275,42.5,7.19214e+06
2020-05-27 10:30:00,iCRJl6heRkivqQ3,8262.38,808.462,2146.25,7.27014e+06
2020-06-07 17:45:00,7JYdWkrLSPkdwr4,1161.57,112.929,8014.43,7.77847e+06
2020-05-17 04:30:00,zVJPv84UY57bAof,0,0,0,7.12854e+06
2020-06-03 07:30:00,VHMLBKoKgIrUVDU,2859.43,280.514,173.429,7.34792e+06
2020-06-08 17:45:00,YxYtjZvoooNbGkE,1345.12,131.162,8293.12,7.36526e+06
2020-05-24 15:30:00,z9Y9gH1T5YWrNuG,3627.25,355.762,7179.38,7.07994e+06
2020-06-02 15:15:00,1BY6WEcLGh8j5v7,5121.75,502.1,6068.12,6.38951e+06
2020-06-08 20:45:00,iCRJl6heRkivqQ3,0,0,8444,7.36496e+06
2020-05-16 15:30:00,adLQvlD726eNBSB,5271,516.671,6110.86,6.28385e+06
2020-05-30 04:30:00,wCURE6d3bPkepu2,0,0,0,6.89588e+06
2020-05-19 22:15:00,ih0vzX44oOqAx2f,0,0,6790,6.21728e+06
2020-06-03 10:45:00,7JYdWkrLSPkdwr4,10927.6,1067.8,1963,7.74284e+06
2020-05-30 00:30:00,1BY6WEcLGh8j5v7,0,0,0,6.36537e+06
2020-05-26 13:30:00,zVJPv84UY57bAof,11262.6,1099.55,5466,7.20308e+06
2020-05-24 13:45:00,ZnxXDlPa8U1GXgE,11966.6,1166.75,5822.5,6.59355e+06
2020-05-26 07:30:00,VHMLBKoKgIrUVDU,3511.86,345.229,217,7.28974e+06
2020-05-17 03:15:00,z9Y9gH1T5YWrNuG,0,0,0,7.02074e+06
2020-06-17 04:30:00,ZnxXDlPa8U1GXgE,0,0,0,6.76481e+06
2020-06-09 02:45:00,7JYdWkrLSPkdwr4,0,0,0,7.78679e+06
2020-05-31 11:45:00,ZnxXDlPa8U1GXgE,9075.25,886.688,3217.62,6.6466e+06
2020-06-02 12:30:00,bvBOhCH3iADSZry,8255.71,807.429,3535.86,6.44218e+06
2020-05-31 17:30:00,7JYdWkrLSPkdwr4,1407,137.386,5777.86,7.72776e+06
2020-06-14 21:45:00,iCRJl6heRkivqQ3,0,0,7369,7.40722e+06
2020-05-22 01:15:00,1BY6WEcLGh8j5v7,0,0,0,6.30559e+06
2020-06-14 05:15:00,McdE0feGgRqW7Ca,0,0,0,7.38192e+06
2020-05-30 02:15:00,YxYtjZvoooNbGkE,0,0,0,7.2925e+06
2020-05-21 23:45:00,iCRJl6heRkivqQ3,0,0,7837,7.22744e+06
2020-06-02 05:30:00,adLQvlD726eNBSB,0,0,0,6.40683e+06
2020-05-31 09:00:00,ZoEaEvLYb1n2sOq,7005.88,686.038,727,7.21758e+06
2020-06-17 17:30:00,sjndEbLyjtCKgGv,1349.4,131.34,5817.2,7.26161e+06
2020-05-20 21:45:00,7JYdWkrLSPkdwr4,0,0,8772,7.64398e+06
2020-06-13 21:30:00,3PZuoBAID5Wc2HD,0,0,8633,7.21072e+06
2020-06-01 18:00:00,1BY6WEcLGh8j5v7,502.375,48.6125,5495.75,6.38343e+06
2020-06-04 23:15:00,1BY6WEcLGh8j5v7,0,0,7571,6.40538e+06
2020-05-19 10:30:00,z9Y9gH1T5YWrNuG,6218,609.138,1722.62,7.0353e+06
2020-05-24 17:15:00,WRmjgnKYAwPKWDb,2345.14,229.929,7974.57,7.101e+06
2020-06-17 01:15:00,rGa61gmuvPhdLxV,0,0,0,7.35095e+06
2020-05-22 09:15:00,zBIq5rxdHJRwDNY,5569,545.829,997.286,6.3896e+06
2020-06-04 18:30:00,zVJPv84UY57bAof,44.625,4.3,8219.88,7.27127e+06
2020-06-10 05:15:00,pkci93gMrogZuBj,0,0,0,7.36272e+06
2020-06-15 11:45:00,YxYtjZvoooNbGkE,9556.88,933.975,3548.12,7.41025e+06
2020-05-27 08:30:00,1IF53ai7Xc0U56Y,5898.75,578.038,710,6.27535e+06
2020-06-08 08:30:00,1IF53ai7Xc0U56Y,5788,567.243,574.714,6.36391e+06
2020-06-11 04:30:00,wCURE6d3bPkepu2,0,0,0,6.9824e+06
2020-05-31 18:00:00,pkci93gMrogZuBj,660.143,63.9429,5900.86,7.29478e+06
2020-06-09 20:45:00,7JYdWkrLSPkdwr4,0,0,7936,7.79473e+06
2020-06-02 22:15:00,pkci93gMrogZuBj,0,0,7350,7.30765e+06
2020-06-13 11:15:00,adLQvlD726eNBSB,13344.8,1301.11,3461.75,6.49218e+06
2020-06-05 14:00:00,zVJPv84UY57bAof,10696.9,1044.7,5224,7.2765e+06
2020-05-22 11:30:00,1BY6WEcLGh8j5v7,13335.1,1300.17,2586,6.30818e+06
2020-05-21 08:00:00,sjndEbLyjtCKgGv,3865.8,379.08,295.6,7.05842e+06
2020-05-23 18:30:00,McdE0feGgRqW7Ca,34.4286,3.31429,8684,7.22464e+06
2020-06-01 09:00:00,adLQvlD726eNBSB,7610.75,745.038,1208.5,6.40191e+06
2020-05-15 03:00:00,iCRJl6heRkivqQ3,0,0,0,7.17799e+06
2020-05-16 15:30:00,pkci93gMrogZuBj,5084.14,498.414,5600.86,7.18108e+06
2020-05-15 07:30:00,YxYtjZvoooNbGkE,1970.29,193.129,175,7.18014e+06
2020-05-29 07:15:00,ih0vzX44oOqAx2f,1972,193.275,140.25,6.28731e+06
2020-06-12 15:45:00,VHMLBKoKgIrUVDU,4637.5,455.038,5364.75,7.42038e+06
2020-05-28 07:30:00,ih0vzX44oOqAx2f,3356,329.943,211,6.27907e+06
2020-06-12 20:45:00,YxYtjZvoooNbGkE,0,0,5780,7.39106e+06
2020-06-02 03:15:00,McdE0feGgRqW7Ca,0,0,0,7.29275e+06
2020-06-16 20:15:00,rGa61gmuvPhdLxV,0,0,6243,7.35095e+06
2020-06-14 07:15:00,pkci93gMrogZuBj,3192.75,313.675,138.125,7.3893e+06
2020-06-15 07:45:00,ZoEaEvLYb1n2sOq,3665,359.929,262.143,7.32331e+06
2020-06-17 17:15:00,adLQvlD726eNBSB,1613.12,158.037,6005,6.5244e+06
2020-05-28 10:45:00,ih0vzX44oOqAx2f,8894.38,868.625,2726,6.28158e+06
2020-06-03 13:15:00,7JYdWkrLSPkdwr4,9461.62,925.225,4567.88,7.74544e+06
2020-05-18 06:00:00,zVJPv84UY57bAof,63.4286,6.11429,0,7.13602e+06
2020-06-15 14:00:00,1IF53ai7Xc0U56Y,4262.12,418.387,5113.25,6.41948e+06
2020-06-03 18:30:00,adLQvlD726eNBSB,91,8.78571,7990.43,6.42227e+06
2020-06-15 06:45:00,7JYdWkrLSPkdwr4,1479.38,144.4,53.125,7.82821e+06
2020-06-13 10:15:00,YxYtjZvoooNbGkE,10477.9,1023.39,2079.14,7.39314e+06
2020-05-30 15:45:00,1IF53ai7Xc0U56Y,7423.25,726.812,6505.88,6.30472e+06
2020-06-03 17:45:00,3PZuoBAID5Wc2HD,1007.12,97.8375,7836.88,7.13645e+06
2020-05-18 22:15:00,wCURE6d3bPkepu2,0,0,5393,6.80839e+06
2020-06-15 07:15:00,ZnxXDlPa8U1GXgE,2159.25,211.5,154.25,6.7519e+06
2020-05-22 22:00:00,McdE0feGgRqW7Ca,0,0,0,7.21595e+06
2020-05-20 06:15:00,McdE0feGgRqW7Ca,444.25,42.9875,7.375,7.19211e+06
2020-05-17 23:00:00,z9Y9gH1T5YWrNuG,0,0,7486,7.02823e+06
2020-06-17 07:00:00,zBIq5rxdHJRwDNY,1344.75,131.213,17.25,6.57757e+06
2020-06-05 11:15:00,z9Y9gH1T5YWrNuG,12828,1251.16,2812.86,7.16607e+06
2020-05-18 13:00:00,ZoEaEvLYb1n2sOq,8066.88,789.513,2425.88,7.12063e+06
2020-05-17 21:45:00,ih0vzX44oOqAx2f,0,0,7391,6.2052e+06
2020-05-19 04:00:00,McdE0feGgRqW7Ca,0,0,0,7.18509e+06
2020-05-19 01:15:00,VHMLBKoKgIrUVDU,0,0,0,7.23255e+06
2020-06-14 13:30:00,1BY6WEcLGh8j5v7,0,0,2402,6.46606e+06
2020-06-09 18:45:00,bvBOhCH3iADSZry,0,0,7361,6.49335e+06
2020-05-27 03:15:00,zVJPv84UY57bAof,0,0,0,7.20538e+06
2020-05-22 14:15:00,7JYdWkrLSPkdwr4,7924.29,774.671,5554,7.65719e+06
2020-05-17 02:00:00,ih0vzX44oOqAx2f,0,0,0,6.19781e+06
2020-05-21 21:30:00,adLQvlD726eNBSB,0,0,0,6.32157e+06
2020-06-17 22:45:00,McdE0feGgRqW7Ca,0,0,5992,7.40859e+06
2020-05-23 21:15:00,z9Y9gH1T5YWrNuG,0,0,8543,7.07276e+06
2020-06-01 09:00:00,z9Y9gH1T5YWrNuG,6111.71,598.857,1099.71,7.135e+06
2020-06-14 23:45:00,ZnxXDlPa8U1GXgE,0,0,7404,6.75175e+06
2020-05-19 05:30:00,ZnxXDlPa8U1GXgE,0,0,0,6.54816e+06
2020-06-05 06:30:00,1BY6WEcLGh8j5v7,557.5,53.975,14.875,6.40539e+06
2020-05-15 23:00:00,iCRJl6heRkivqQ3,0,0,6418,7.18441e+06
2020-05-24 16:45:00,VHMLBKoKgIrUVDU,4097.88,402.3,7876.75,7.28021e+06
2020-06-01 17:15:00,z9Y9gH1T5YWrNuG,974.143,94.6571,5865.57,7.13976e+06
2020-05-16 15:30:00,bvBOhCH3iADSZry,4673,458.586,5606.71,6.32812e+06
2020-06-12 02:00:00,WRmjgnKYAwPKWDb,0,0,0,7.23299e+06
2020-06-07 21:45:00,rGa61gmuvPhdLxV,0,0,8172,7.28767e+06
2020-06-06 12:30:00,zBIq5rxdHJRwDNY,10512.3,1026.26,3863.29,6.50417e+06
2020-05-29 20:15:00,7JYdWkrLSPkdwr4,0,0,8007,7.71484e+06
2020-06-14 23:30:00,1BY6WEcLGh8j5v7,0,0,4012,6.46768e+06
2020-05-29 07:15:00,adLQvlD726eNBSB,2063,202.243,143.571,6.37915e+06
2020-06-08 02:15:00,YxYtjZvoooNbGkE,0,0,0,7.35697e+06
2020-06-01 08:30:00,YxYtjZvoooNbGkE,5678.57,556.657,787.143,7.30653e+06
2020-06-01 18:00:00,ZnxXDlPa8U1GXgE,554.5,53.6375,5904.5,6.65543e+06
2020-05-23 18:30:00,1BY6WEcLGh8j5v7,21,2.01429,7965.86,6.3204e+06
2020-05-29 20:45:00,sjndEbLyjtCKgGv,0,0,0,7.12903e+06
2020-05-25 14:30:00,ih0vzX44oOqAx2f,9704.71,948.914,6433.14,6.26293e+06
2020-06-10 10:00:00,iCRJl6heRkivqQ3,4696.38,460.887,1537,7.37476e+06
2020-05-23 22:15:00,1BY6WEcLGh8j5v7,0,0,7966,6.3204e+06
2020-05-26 08:15:00,ZoEaEvLYb1n2sOq,5748.25,563.325,528.125,7.17944e+06
2020-05-16 18:45:00,z9Y9gH1T5YWrNuG,0,0,6488,7.02074e+06
2020-05-18 21:30:00,1BY6WEcLGh8j5v7,0,0,4998,6.28365e+06
2020-06-14 01:30:00,WRmjgnKYAwPKWDb,0,0,0,7.24718e+06
2020-06-05 20:30:00,ih0vzX44oOqAx2f,0,0,0,6.34448e+06
2020-06-10 08:15:00,sjndEbLyjtCKgGv,2951.71,289.814,491.143,7.20959e+06
2020-05-20 20:15:00,pkci93gMrogZuBj,0,0,8849,7.2102e+06
2020-05-18 13:00:00,wCURE6d3bPkepu2,8123.86,795.071,2446.29,6.80545e+06
2020-06-01 05:45:00,1IF53ai7Xc0U56Y,0,0,0,6.31143e+06
2020-05-28 01:45:00,YxYtjZvoooNbGkE,0,0,0,7.27603e+06
2020-06-03 15:15:00,adLQvlD726eNBSB,11614.2,1133.4,6862.75,6.42114e+06
2020-05-29 11:45:00,ZnxXDlPa8U1GXgE,12996.4,1267.49,3464.14,6.63138e+06
2020-06-01 10:45:00,ih0vzX44oOqAx2f,11021.7,1075.86,2475.29,6.31071e+06
2020-05-26 06:00:00,sjndEbLyjtCKgGv,137,13.225,1,7.09811e+06
2020-05-15 12:00:00,7JYdWkrLSPkdwr4,6910.71,676.543,2612.86,7.60557e+06
2020-06-04 03:45:00,bvBOhCH3iADSZry,0,0,0,6.45272e+06
2020-06-14 09:30:00,rGa61gmuvPhdLxV,7881.75,771.525,1243,7.33191e+06
2020-05-30 18:15:00,WRmjgnKYAwPKWDb,286.571,27.6571,7127.14,7.14803e+06
2020-05-31 11:15:00,uHbuxQJl8lW7ozc,12387.7,1208.16,2729.71,7.162e+06
2020-06-08 16:15:00,ZnxXDlPa8U1GXgE,3156.14,309.7,7870.43,6.70913e+06
2020-05-22 01:45:00,1IF53ai7Xc0U56Y,0,0,0,6.23325e+06
2020-06-15 20:45:00,YxYtjZvoooNbGkE,0,0,6633,7.41334e+06
2020-05-24 04:15:00,pkci93gMrogZuBj,0,0,0,7.23368e+06
2020-05-24 02:45:00,1BY6WEcLGh8j5v7,0,0,0,6.3204e+06
2020-05-22 11:30:00,pkci93gMrogZuBj,10988.7,1073.03,2637.71,7.22061e+06
2020-06-10 06:15:00,pkci93gMrogZuBj,415.143,40.1429,5.71429,7.36272e+06
2020-05-30 06:15:00,zBIq5rxdHJRwDNY,312.857,30.2143,3.85714,6.44991e+06
2020-06-16 10:00:00,rGa61gmuvPhdLxV,10948.6,1068.84,1646.88,7.34635e+06
2020-06-08 12:45:00,rGa61gmuvPhdLxV,8532.43,834.343,4746.71,7.29242e+06
2020-06-16 16:45:00,WRmjgnKYAwPKWDb,2142.38,210.037,6060,7.26738e+06
2020-06-01 04:30:00,wCURE6d3bPkepu2,0,0,0,6.9094e+06
2020-06-06 21:30:00,zVJPv84UY57bAof,0,0,0,7.28553e+06
2020-05-25 23:15:00,ih0vzX44oOqAx2f,0,0,8085,6.26458e+06
2020-05-17 05:00:00,z9Y9gH1T5YWrNuG,0,0,0,7.02074e+06
2020-05-27 13:15:00,adLQvlD726eNBSB,5021.86,492.443,4672.86,6.36819e+06
2020-05-25 05:15:00,pkci93gMrogZuBj,0,0,0,7.24171e+06
2020-05-22 12:45:00,z9Y9gH1T5YWrNuG,11367.2,1109.03,4003.25,7.06115e+06
2020-05-28 10:00:00,WRmjgnKYAwPKWDb,10823.3,1057.79,2055.43,7.12659e+06
2020-05-16 13:45:00,rGa61gmuvPhdLxV,6821.88,668.075,4454,7.12232e+06
2020-06-09 00:30:00,ih0vzX44oOqAx2f,0,0,0,6.36691e+06
2020-06-09 04:45:00,WRmjgnKYAwPKWDb,0,0,0,7.213e+06
2020-05-27 23:30:00,YxYtjZvoooNbGkE,0,0,0,7.27603e+06
2020-05-26 03:45:00,1IF53ai7Xc0U56Y,0,0,0,6.26653e+06
2020-06-16 00:00:00,1BY6WEcLGh8j5v7,0,0,896.429,6.47395e+06
2020-05-23 12:15:00,sjndEbLyjtCKgGv,12820.4,1250,4302.38,7.07726e+06
2020-05-27 08:15:00,uHbuxQJl8lW7ozc,5600.25,548.888,520.75,7.12906e+06
2020-05-28 06:30:00,adLQvlD726eNBSB,902.714,87.6429,25.4286,6.3704e+06
2020-06-16 19:30:00,zBIq5rxdHJRwDNY,0,0,5719,6.57755e+06
2020-06-03 17:45:00,1BY6WEcLGh8j5v7,1040.12,101.088,7303.25,6.39777e+06
2020-06-07 21:15:00,ih0vzX44oOqAx2f,0,0,8019,6.35869e+06
2020-06-13 07:00:00,rGa61gmuvPhdLxV,1674.38,163.688,67.375,7.32235e+06
2020-06-11 04:45:00,sjndEbLyjtCKgGv,0,0,0,7.2156e+06
2020-05-31 10:00:00,pkci93gMrogZuBj,5349.12,524.388,1412.12,7.29029e+06
2020-06-04 07:15:00,ih0vzX44oOqAx2f,2443.25,239.675,127.875,6.32914e+06
2020-06-10 14:00:00,adLQvlD726eNBSB,6756.57,661.7,5213.71,6.47549e+06
2020-06-15 17:30:00,iCRJl6heRkivqQ3,1445.86,140.9,6709.86,7.41393e+06
2020-06-14 08:15:00,1IF53ai7Xc0U56Y,3726.29,366.114,524.571,6.40741e+06
2020-05-21 23:45:00,ZoEaEvLYb1n2sOq,0,0,7617,7.14668e+06
2020-05-31 09:15:00,zBIq5rxdHJRwDNY,5069.29,497.171,891.571,6.45819e+06
2020-06-08 23:30:00,iCRJl6heRkivqQ3,0,0,8444,7.36496e+06
2020-06-11 11:30:00,VHMLBKoKgIrUVDU,7378.29,722.443,1903.43,7.4112e+06
2020-05-26 06:00:00,1BY6WEcLGh8j5v7,130.875,12.65,1.375,6.33621e+06
2020-05-19 06:15:00,ih0vzX44oOqAx2f,110.143,10.6286,1.28571,6.21049e+06
2020-06-11 05:00:00,uHbuxQJl8lW7ozc,0,0,0,7.24051e+06
2020-06-10 19:30:00,uHbuxQJl8lW7ozc,0,0,6645,7.24051e+06
2020-06-16 23:45:00,uHbuxQJl8lW7ozc,0,0,5505.5,7.28104e+06
2020-06-12 17:00:00,rGa61gmuvPhdLxV,1963.57,192.471,5653.43,7.32209e+06
2020-05-23 14:15:00,rGa61gmuvPhdLxV,7937.75,776.975,6125.25,7.17327e+06
2020-06-07 17:45:00,bvBOhCH3iADSZry,1060.12,103.025,5134.62,6.47826e+06
2020-05-30 07:30:00,pkci93gMrogZuBj,2015.38,197.575,172.25,7.28171e+06
2020-06-03 04:30:00,ZoEaEvLYb1n2sOq,0,0,0,7.23573e+06
2020-05-18 14:00:00,VHMLBKoKgIrUVDU,9362,914.886,3590.71,7.23069e+06
2020-06-03 03:45:00,7JYdWkrLSPkdwr4,0,0,0,7.74087e+06
2020-05-15 09:45:00,pkci93gMrogZuBj,7194.75,704.388,1180.38,7.17028e+06
2020-06-13 11:45:00,wCURE6d3bPkepu2,13522.4,1318.44,3777,6.99768e+06
2020-05-19 16:45:00,bvBOhCH3iADSZry,3426.43,336.843,6184.71,6.34672e+06
2020-05-22 03:30:00,ZnxXDlPa8U1GXgE,0,0,0,6.57186e+06
2020-06-05 14:00:00,ZnxXDlPa8U1GXgE,12721,1240.69,5068.12,6.68413e+06
2020-05-30 21:15:00,uHbuxQJl8lW7ozc,0,0,7340,7.15927e+06
2020-06-11 05:45:00,zVJPv84UY57bAof,0,0,0,7.31702e+06
2020-05-31 04:45:00,wCURE6d3bPkepu2,0,0,0,6.90316e+06
2020-06-08 12:15:00,ZoEaEvLYb1n2sOq,8276,809.729,4226.57,7.27768e+06
2020-05-26 07:15:00,3PZuoBAID5Wc2HD,2836.43,278.414,149.286,7.07079e+06
2020-05-25 03:30:00,zBIq5rxdHJRwDNY,0,0,0,6.41176e+06
2020-05-19 16:00:00,ZnxXDlPa8U1GXgE,6634.14,649.871,6400.86,6.55456e+06
2020-05-31 18:15:00,WRmjgnKYAwPKWDb,260.25,25.15,5834.12,7.15386e+06
2020-06-14 23:45:00,iCRJl6heRkivqQ3,0,0,7369,7.40722e+06
2020-06-09 14:45:00,YxYtjZvoooNbGkE,7838.12,767.087,6272,7.37158e+06
2020-06-08 18:45:00,iCRJl6heRkivqQ3,0,0,8444,7.36496e+06
2020-06-14 19:00:00,zVJPv84UY57bAof,0,0,7320,7.34428e+06
2020-06-07 09:00:00,bvBOhCH3iADSZry,8777.57,858.8,707.429,6.47383e+06
2020-06-15 08:15:00,ih0vzX44oOqAx2f,7241.38,709.075,553.875,6.40824e+06
2020-05-16 06:30:00,7JYdWkrLSPkdwr4,717.571,69.5714,16.4286,7.60909e+06
2020-06-08 22:15:00,1BY6WEcLGh8j5v7,0,0,7864,6.43161e+06
2020-06-09 20:00:00,zVJPv84UY57bAof,0,0,8289,7.31046e+06
2020-05-27 08:15:00,rGa61gmuvPhdLxV,5674.14,556.129,515.429,7.20038e+06
2020-06-02 05:15:00,bvBOhCH3iADSZry,0,0,0,6.43864e+06
2020-05-27 08:15:00,VHMLBKoKgIrUVDU,6113.88,599.05,551.125,7.29817e+06
2020-06-05 16:30:00,iCRJl6heRkivqQ3,6566.29,643.171,7198.29,7.3412e+06
2020-06-14 05:45:00,WRmjgnKYAwPKWDb,0,0,0,7.24718e+06
2020-05-27 04:30:00,uHbuxQJl8lW7ozc,0,0,0,7.12854e+06
2020-06-10 03:15:00,1BY6WEcLGh8j5v7,0,0,0,6.43907e+06
2020-05-30 03:30:00,McdE0feGgRqW7Ca,0,0,0,7.27321e+06
2020-05-31 09:30:00,uHbuxQJl8lW7ozc,10216.2,997.888,1083.88,7.16036e+06
2020-06-10 07:15:00,ZoEaEvLYb1n2sOq,2465.75,241.8,139.5,7.28982e+06
2020-06-14 20:30:00,WRmjgnKYAwPKWDb,0,0,7405,7.25458e+06
2020-06-03 06:45:00,1BY6WEcLGh8j5v7,857.75,83.2375,32.75,6.3905e+06
2020-05-30 07:30:00,iCRJl6heRkivqQ3,2024.88,198.5,173.75,7.29143e+06
2020-06-15 09:45:00,z9Y9gH1T5YWrNuG,9227.57,902.257,1789.14,7.23426e+06
2020-06-05 20:15:00,YxYtjZvoooNbGkE,0,0,7603,7.34249e+06
2020-05-23 13:15:00,wCURE6d3bPkepu2,12265.1,1196.2,5398.57,6.84462e+06
2020-06-15 14:45:00,z9Y9gH1T5YWrNuG,6726,658.587,5552.75,7.23802e+06
2020-05-20 20:00:00,pkci93gMrogZuBj,0,0,8849,7.2102e+06
2020-05-28 02:30:00,bvBOhCH3iADSZry,0,0,0,6.40583e+06
2020-06-15 17:30:00,McdE0feGgRqW7Ca,1445,140.814,6804.57,7.39616e+06
2020-06-10 23:15:00,ih0vzX44oOqAx2f,0,0,6277,6.38103e+06
2020-05-19 10:45:00,1IF53ai7Xc0U56Y,9152.14,894.014,1963.86,6.21177e+06
2020-06-08 09:45:00,ih0vzX44oOqAx2f,11116,1085.7,1577,6.36027e+06
2020-05-23 14:45:00,WRmjgnKYAwPKWDb,7032.25,688.675,6824.5,7.09142e+06
2020-06-01 17:30:00,z9Y9gH1T5YWrNuG,690.875,66.925,5885.62,7.13978e+06
2020-06-10 14:00:00,ZoEaEvLYb1n2sOq,7176,702.529,4968.29,7.29465e+06
2020-05-25 00:15:00,adLQvlD726eNBSB,0,0,0,6.34613e+06
2020-05-24 12:45:00,uHbuxQJl8lW7ozc,11985.6,1169.36,4524.29,7.10827e+06
2020-06-12 12:30:00,z9Y9gH1T5YWrNuG,7061.14,691.514,3004.86,7.21407e+06
2020-05-22 06:15:00,wCURE6d3bPkepu2,558.143,53.9857,11.5714,6.83207e+06
2020-06-04 06:30:00,adLQvlD726eNBSB,790,76.625,20.375,6.42229e+06
2020-05-23 07:15:00,VHMLBKoKgIrUVDU,2120.57,207.8,80.2857,7.2638e+06
2020-06-10 12:15:00,ih0vzX44oOqAx2f,9854.14,962.029,3213.43,6.37797e+06
2020-05-31 05:45:00,VHMLBKoKgIrUVDU,0,0,0,7.32833e+06
2020-05-26 23:15:00,YxYtjZvoooNbGkE,0,0,0,7.26933e+06
2020-06-13 23:45:00,ZoEaEvLYb1n2sOq,0,0,8378,7.31576e+06
2020-06-08 17:45:00,7JYdWkrLSPkdwr4,1220.29,118.829,8236.29,7.78675e+06
2020-06-15 04:15:00,zVJPv84UY57bAof,0,0,0,7.34428e+06
2020-06-14 04:15:00,uHbuxQJl8lW7ozc,0,0,0,7.26053e+06
2020-05-19 19:00:00,ih0vzX44oOqAx2f,0,0,6790,6.21728e+06
2020-06-08 12:30:00,uHbuxQJl8lW7ozc,11605.6,1132.95,4555.62,7.2217e+06
2020-05-23 06:45:00,1BY6WEcLGh8j5v7,611.5,59.2,23.1667,6.31246e+06
2020-05-17 09:45:00,7JYdWkrLSPkdwr4,10323.3,1009.2,1550,7.61709e+06
2020-05-28 06:00:00,adLQvlD726eNBSB,168.143,16.2143,1.28571,6.37037e+06
2020-05-25 11:45:00,rGa61gmuvPhdLxV,12486,1217.37,3871.71,7.18717e+06
2020-05-28 12:45:00,z9Y9gH1T5YWrNuG,13101.4,1277.4,5075.14,7.10896e+06
2020-05-28 03:00:00,ZoEaEvLYb1n2sOq,0,0,0,7.19329e+06
2020-06-09 10:30:00,bvBOhCH3iADSZry,11336.6,1106.24,2095,6.48808e+06
2020-06-09 16:15:00,3PZuoBAID5Wc2HD,5507.12,539.75,7630.62,7.18336e+06
2020-06-03 23:45:00,VHMLBKoKgIrUVDU,0,0,7917,7.35566e+06
2020-06-15 01:45:00,z9Y9gH1T5YWrNuG,0,0,0,7.23247e+06
2020-06-01 02:30:00,ZoEaEvLYb1n2sOq,0,0,0,7.22264e+06
2020-05-21 17:15:00,iCRJl6heRkivqQ3,759.429,73.6571,7791.86,7.2274e+06
2020-06-06 18:15:00,3PZuoBAID5Wc2HD,103.375,9.95,6495.12,7.15898e+06
2020-05-27 23:45:00,sjndEbLyjtCKgGv,0,0,0,7.11256e+06
2020-06-11 21:45:00,iCRJl6heRkivqQ3,0,0,5692,7.38547e+06
2020-06-03 01:15:00,zBIq5rxdHJRwDNY,0,0,0,6.47645e+06
2020-06-12 19:30:00,ih0vzX44oOqAx2f,0,0,5710,6.39226e+06
2020-06-12 00:45:00,1BY6WEcLGh8j5v7,0,0,0,6.45024e+06
2020-06-11 20:45:00,zVJPv84UY57bAof,0,0,5671,7.32269e+06
2020-06-01 04:15:00,zVJPv84UY57bAof,0,0,0,7.24202e+06
2020-06-13 09:15:00,bvBOhCH3iADSZry,8524.12,834.038,1206.5,6.51099e+06
2020-06-10 07:15:00,WRmjgnKYAwPKWDb,2798.29,274.629,155,7.22113e+06
2020-06-15 07:30:00,McdE0feGgRqW7Ca,1960.71,192.1,200.429,7.38956e+06
2020-05-19 23:00:00,WRmjgnKYAwPKWDb,0,0,0,7.06093e+06
2020-06-10 15:30:00,wCURE6d3bPkepu2,4636.38,454.95,5681.62,6.98166e+06
2020-05-20 06:30:00,1BY6WEcLGh8j5v7,674.286,65.2857,20,6.29012e+06
2020-06-03 18:45:00,bvBOhCH3iADSZry,0,0,7237,6.45272e+06
2020-06-10 21:15:00,7JYdWkrLSPkdwr4,0,0,6362,7.80109e+06
2020-06-08 23:15:00,VHMLBKoKgIrUVDU,0,0,8488,7.3947e+06
2020-06-07 11:15:00,zVJPv84UY57bAof,13868.9,1352.19,2753.14,7.28828e+06
2020-06-08 05:45:00,7JYdWkrLSPkdwr4,0,0,0,7.77851e+06
2020-06-05 21:00:00,YxYtjZvoooNbGkE,0,0,7603,7.34249e+06
2020-05-22 06:00:00,WRmjgnKYAwPKWDb,223.625,21.6375,1,7.07736e+06
2020-05-30 22:45:00,z9Y9gH1T5YWrNuG,0,0,7142,7.1276e+06
2020-05-30 15:30:00,sjndEbLyjtCKgGv,8266,808.971,6170.14,7.1352e+06
2020-06-16 02:15:00,adLQvlD726eNBSB,0,0,0,6.512e+06
2020-05-17 05:15:00,ih0vzX44oOqAx2f,0,0,0,6.19781e+06
2020-05-28 08:15:00,ih0vzX44oOqAx2f,5771.5,565.6,549.5,6.2794e+06
2020-05-26 16:45:00,ZnxXDlPa8U1GXgE,6009,588.788,7738.12,6.6124e+06
2020-06-06 23:15:00,VHMLBKoKgIrUVDU,0,0,6435,7.37799e+06
2020-06-07 14:15:00,zBIq5rxdHJRwDNY,8551.57,836.186,6205,6.51293e+06
2020-05-18 03:30:00,7JYdWkrLSPkdwr4,0,0,0,7.62306e+06
2020-06-07 20:15:00,sjndEbLyjtCKgGv,0,0,6898,7.19255e+06
2020-06-04 12:45:00,ZnxXDlPa8U1GXgE,7983.43,780.443,4297.71,6.67518e+06
2020-05-31 16:45:00,ZoEaEvLYb1n2sOq,1800.75,176.537,5601.5,7.22245e+06
2020-06-13 09:00:00,rGa61gmuvPhdLxV,6679.88,654.275,1037.12,7.32332e+06
2020-06-07 01:30:00,7JYdWkrLSPkdwr4,0,0,0,7.77046e+06
2020-05-19 02:45:00,7JYdWkrLSPkdwr4,0,0,0,7.62837e+06
2020-06-11 07:45:00,bvBOhCH3iADSZry,1864.43,182.757,120.857,6.49933e+06
2020-05-30 20:30:00,z9Y9gH1T5YWrNuG,0,0,7142,7.1276e+06
2020-06-05 04:00:00,YxYtjZvoooNbGkE,0,0,0,7.33489e+06
2020-05-29 12:30:00,zVJPv84UY57bAof,12231.9,1192.99,4386.71,7.22486e+06
2020-06-17 04:00:00,ih0vzX44oOqAx2f,0,0,0,6.42037e+06
2020-05-17 14:00:00,VHMLBKoKgIrUVDU,8569.43,837.629,5795.43,7.22518e+06
2020-05-25 20:30:00,bvBOhCH3iADSZry,0,0,8124,6.39234e+06
2020-06-11 13:45:00,uHbuxQJl8lW7ozc,6726.12,658.8,3535.25,7.24404e+06
2020-06-03 13:00:00,z9Y9gH1T5YWrNuG,11741.2,1146.06,4360.12,7.15163e+06
2020-05-28 07:15:00,ZnxXDlPa8U1GXgE,2743.57,269.171,148,6.61952e+06
2020-05-18 04:00:00,zVJPv84UY57bAof,0,0,0,7.13602e+06
2020-05-21 10:30:00,z9Y9gH1T5YWrNuG,9810,957.743,2218.43,7.05148e+06
2020-05-29 10:00:00,ZoEaEvLYb1n2sOq,7667,750.517,1540,7.20308e+06
2020-05-24 04:45:00,ih0vzX44oOqAx2f,0,0,0,6.24894e+06
2020-06-08 06:15:00,bvBOhCH3iADSZry,423.857,40.9714,6.57143,6.4783e+06
2020-05-28 07:45:00,wCURE6d3bPkepu2,4144.14,407.129,298,6.87949e+06
2020-06-06 04:30:00,1IF53ai7Xc0U56Y,0,0,0,6.34856e+06
2020-06-16 16:00:00,WRmjgnKYAwPKWDb,5104.29,500.5,5824.86,7.26714e+06
2020-05-25 19:00:00,adLQvlD726eNBSB,0,0,9163,6.35529e+06
2020-05-25 11:00:00,McdE0feGgRqW7Ca,12196,1189.1,3066.5,7.23576e+06
2020-05-30 17:00:00,1BY6WEcLGh8j5v7,3089,303.488,6571.25,6.37195e+06
2020-06-01 07:30:00,VHMLBKoKgIrUVDU,4402.12,432.125,260.25,7.33467e+06
2020-06-02 19:15:00,zVJPv84UY57bAof,0,0,7451,7.25522e+06
2020-06-02 00:00:00,3PZuoBAID5Wc2HD,0,0,0,7.12127e+06
2020-05-30 08:00:00,zBIq5rxdHJRwDNY,3167,311.025,293.75,6.4502e+06
2020-05-26 21:45:00,ih0vzX44oOqAx2f,0,0,0,6.27229e+06
2020-05-25 14:45:00,pkci93gMrogZuBj,10702.3,1046.09,7310.86,7.24902e+06
2020-05-18 18:30:00,YxYtjZvoooNbGkE,0,0,5369,7.2056e+06
2020-06-08 17:45:00,1IF53ai7Xc0U56Y,1194.5,116.287,8449,6.37179e+06
2020-05-26 04:30:00,ZnxXDlPa8U1GXgE,0,0,0,6.60467e+06
2020-05-27 12:15:00,ZnxXDlPa8U1GXgE,8220.86,804,3952.43,6.6166e+06
2020-05-23 07:15:00,zVJPv84UY57bAof,2138,209.488,80.375,7.17237e+06
2020-05-26 22:45:00,1BY6WEcLGh8j5v7,0,0,0,6.34367e+06
2020-05-22 03:45:00,VHMLBKoKgIrUVDU,0,0,0,7.25636e+06
2020-06-11 19:15:00,rGa61gmuvPhdLxV,0,0,5663,7.31643e+06
2020-05-30 09:00:00,rGa61gmuvPhdLxV,3837.29,377.086,657.571,7.22373e+06
2020-05-25 19:45:00,wCURE6d3bPkepu2,0,0,8859,6.86465e+06
2020-06-02 10:00:00,uHbuxQJl8lW7ozc,9773,955.629,1946.29,7.17289e+06
2020-06-11 22:45:00,sjndEbLyjtCKgGv,0,0,5654,7.22125e+06
2020-05-28 18:45:00,adLQvlD726eNBSB,0,0,8636,6.37901e+06
2020-06-09 09:15:00,adLQvlD726eNBSB,7438.62,728.05,1373.5,6.46338e+06
2020-05-25 05:15:00,ZoEaEvLYb1n2sOq,0,0,0,7.17017e+06
2020-05-30 06:45:00,iCRJl6heRkivqQ3,1205.86,117.257,39,7.29129e+06
2020-06-16 12:30:00,1BY6WEcLGh8j5v7,6979.29,683.429,3423.86,6.47737e+06
2020-06-01 05:00:00,ih0vzX44oOqAx2f,0,0,0,6.30823e+06
2020-06-03 21:45:00,3PZuoBAID5Wc2HD,0,0,7874,7.13649e+06
2020-06-09 01:45:00,zBIq5rxdHJRwDNY,0,0,0,6.52327e+06
2020-06-02 11:45:00,wCURE6d3bPkepu2,6220.43,609.457,3262.14,6.91861e+06
2020-05-31 17:30:00,z9Y9gH1T5YWrNuG,1392.12,135.85,6236,7.13383e+06
2020-05-29 13:15:00,zBIq5rxdHJRwDNY,11179.2,1091.1,5035.75,6.44703e+06
2020-06-13 03:15:00,7JYdWkrLSPkdwr4,0,0,0,7.81242e+06
2020-05-20 20:45:00,rGa61gmuvPhdLxV,0,0,8821,7.15263e+06
2020-06-16 14:30:00,sjndEbLyjtCKgGv,9997.38,976.212,4918.88,7.25446e+06
2020-05-15 16:00:00,1BY6WEcLGh8j5v7,4551.14,446.571,5275.29,6.26483e+06
2020-05-17 04:15:00,7JYdWkrLSPkdwr4,0,0,0,7.61554e+06
2020-06-13 14:00:00,adLQvlD726eNBSB,12059.5,1177.09,6473,6.4952e+06
2020-06-07 01:30:00,adLQvlD726eNBSB,0,0,0,6.44503e+06
2020-06-12 21:15:00,7JYdWkrLSPkdwr4,0,0,5753,7.81242e+06
2020-06-08 02:15:00,z9Y9gH1T5YWrNuG,0,0,0,7.18363e+06
2020-05-21 14:15:00,sjndEbLyjtCKgGv,7306,714.5,6211.29,7.06427e+06
2020-06-04 18:00:00,rGa61gmuvPhdLxV,930.75,90.3875,8193.88,7.26533e+06
2020-06-03 21:45:00,ih0vzX44oOqAx2f,0,0,7699,6.32901e+06
2020-06-13 22:15:00,rGa61gmuvPhdLxV,0,0,8389,7.33067e+06
2020-05-28 15:15:00,pkci93gMrogZuBj,8832.57,864.143,7196.29,7.27218e+06
2020-05-23 15:15:00,McdE0feGgRqW7Ca,8122.57,794.857,7314.71,7.22327e+06
2020-05-19 17:00:00,bvBOhCH3iADSZry,2459.5,241.175,6257.75,6.3468e+06
2020-06-17 09:15:00,rGa61gmuvPhdLxV,5461.25,535.275,811.625,7.35176e+06
2020-06-08 21:15:00,VHMLBKoKgIrUVDU,0,0,8488,7.3947e+06
2020-06-11 06:15:00,wCURE6d3bPkepu2,148.429,14.3,1.28571,6.9824e+06
2020-06-04 16:30:00,1IF53ai7Xc0U56Y,5757.25,564.2,7705.5,6.34036e+06
2020-05-17 06:30:00,1IF53ai7Xc0U56Y,475.25,45.975,8.25,6.1966e+06
2020-06-13 14:15:00,YxYtjZvoooNbGkE,11478.1,1120.25,6392.25,7.39745e+06
2020-06-13 12:00:00,sjndEbLyjtCKgGv,12266.9,1196.71,4096.12,7.2312e+06
2020-06-05 05:30:00,adLQvlD726eNBSB,0,0,0,6.43058e+06
2020-05-30 23:00:00,VHMLBKoKgIrUVDU,0,0,7270,7.32833e+06
2020-06-09 14:30:00,pkci93gMrogZuBj,9720.25,949.513,6283.5,7.36076e+06
2020-05-20 10:30:00,3PZuoBAID5Wc2HD,11242.3,1098.04,2563.71,7.02308e+06
2020-06-05 06:15:00,iCRJl6heRkivqQ3,301.714,29.1714,4.57143,7.334e+06
2020-05-19 10:30:00,ih0vzX44oOqAx2f,7039.71,688.886,1684.43,6.21217e+06
2020-06-04 21:45:00,wCURE6d3bPkepu2,0,0,0,6.93902e+06
2020-06-08 05:15:00,1IF53ai7Xc0U56Y,0,0,0,6.36334e+06
2020-06-14 10:45:00,wCURE6d3bPkepu2,11289.6,1102.42,2293,7.00466e+06
2020-06-10 07:00:00,WRmjgnKYAwPKWDb,2140.38,209.825,95.25,7.22107e+06
2020-06-01 16:00:00,wCURE6d3bPkepu2,1685.86,164.986,5678.71,6.91508e+06
2020-06-14 16:45:00,YxYtjZvoooNbGkE,2170.38,212.775,7098.62,7.40654e+06
2020-06-07 15:00:00,pkci93gMrogZuBj,10063.7,982.629,6713.71,7.34463e+06
2020-05-24 18:30:00,ZoEaEvLYb1n2sOq,142.714,13.7857,7984,7.17017e+06
2020-06-11 15:00:00,7JYdWkrLSPkdwr4,7548.38,738.888,4421.38,7.80551e+06
2020-05-31 15:00:00,iCRJl6heRkivqQ3,2116.57,207.486,5344.57,7.30394e+06
2020-06-11 18:30:00,rGa61gmuvPhdLxV,48.625,4.6875,5662.75,7.31643e+06
2020-05-26 11:15:00,VHMLBKoKgIrUVDU,7590.29,742.1,3418.57,7.29294e+06
2020-06-04 00:00:00,1BY6WEcLGh8j5v7,0,0,1048.71,6.39781e+06
2020-06-07 16:15:00,zBIq5rxdHJRwDNY,6561.38,642.712,7602.25,6.51433e+06
2020-05-16 13:15:00,rGa61gmuvPhdLxV,10191.4,996.138,4065.12,7.12193e+06
2020-05-21 13:00:00,zVJPv84UY57bAof,11985.7,1169.39,4983.14,7.16216e+06
2020-06-11 04:15:00,ZoEaEvLYb1n2sOq,0,0,0,7.29607e+06
2020-06-11 04:45:00,3PZuoBAID5Wc2HD,0,0,0,7.19047e+06
2020-06-16 06:30:00,z9Y9gH1T5YWrNuG,697.25,67.5875,12.25,7.2392e+06
2020-06-01 04:00:00,z9Y9gH1T5YWrNuG,0,0,0,7.1339e+06
2020-06-04 04:00:00,z9Y9gH1T5YWrNuG,0,0,0,7.15511e+06
2020-06-02 06:30:00,YxYtjZvoooNbGkE,477.571,46.1714,18.2857,7.31153e+06
2020-06-05 04:30:00,ih0vzX44oOqAx2f,0,0,0,6.33702e+06
2020-06-12 20:00:00,rGa61gmuvPhdLxV,0,0,5849,7.32228e+06
2020-05-24 04:45:00,ZoEaEvLYb1n2sOq,0,0,0,7.16218e+06
2020-05-27 06:45:00,adLQvlD726eNBSB,1651.14,161.571,51.8571,6.36357e+06
2020-06-08 21:00:00,ZnxXDlPa8U1GXgE,0,0,8435,6.7097e+06
2020-05-16 22:45:00,1BY6WEcLGh8j5v7,0,0,6292,6.2716e+06
2020-05-31 13:15:00,pkci93gMrogZuBj,7690.43,751.9,4419,7.2933e+06
2020-05-17 08:15:00,McdE0feGgRqW7Ca,5240,513.657,490.429,7.17251e+06
2020-05-28 10:30:00,ZnxXDlPa8U1GXgE,10974.9,1071.61,2556.86,6.62193e+06
2020-06-15 09:30:00,zBIq5rxdHJRwDNY,8531.43,834.657,1510,6.56665e+06
2020-05-23 04:45:00,pkci93gMrogZuBj,0,0,0,7.2252e+06
2020-05-24 10:45:00,zBIq5rxdHJRwDNY,10781.9,1052.42,2185.75,6.40667e+06
2020-06-09 15:00:00,YxYtjZvoooNbGkE,8245.14,806.914,6481,7.37179e+06
2020-05-16 07:15:00,7JYdWkrLSPkdwr4,1965.29,192.643,112.286,7.60919e+06
2020-05-21 15:45:00,zBIq5rxdHJRwDNY,5311.86,520.843,7237.86,6.3881e+06
2020-05-27 07:45:00,pkci93gMrogZuBj,3939.38,386.962,281.75,7.25858e+06
2020-05-27 11:15:00,pkci93gMrogZuBj,10730.4,1047.28,2658.12,7.26095e+06
2020-06-02 23:00:00,WRmjgnKYAwPKWDb,0,0,0,7.16692e+06
2020-06-12 22:30:00,3PZuoBAID5Wc2HD,0,0,5900,7.20209e+06
2020-05-30 21:30:00,ih0vzX44oOqAx2f,0,0,7146,6.30227e+06
2020-05-25 19:15:00,YxYtjZvoooNbGkE,0,0,8813,7.26146e+06
2020-06-04 15:30:00,z9Y9gH1T5YWrNuG,8867.5,867.462,6884.5,7.162e+06
2020-05-22 05:00:00,bvBOhCH3iADSZry,0,0,0,6.36215e+06
2020-05-15 13:45:00,McdE0feGgRqW7Ca,7763.14,759.957,4254.86,7.16322e+06
2020-06-11 07:45:00,zVJPv84UY57bAof,2032,199.186,132.143,7.31715e+06
2020-06-03 14:30:00,ih0vzX44oOqAx2f,9881.43,965.857,5790.86,6.3271e+06
2020-05-19 10:45:00,YxYtjZvoooNbGkE,8150.12,797.05,1894.62,7.20749e+06
2020-05-21 21:00:00,zVJPv84UY57bAof,0,0,7944,7.16512e+06
2020-05-29 19:45:00,1BY6WEcLGh8j5v7,0,0,7564,6.36537e+06
2020-05-16 18:15:00,bvBOhCH3iADSZry,120.714,11.6429,6137.29,6.32865e+06
2020-06-06 19:15:00,1IF53ai7Xc0U56Y,0,0,6542,6.3551e+06
2020-06-01 12:00:00,WRmjgnKYAwPKWDb,5464.14,535.514,3723.57,7.15759e+06
2020-06-02 10:30:00,1IF53ai7Xc0U56Y,7200.71,705,2212.29,6.31966e+06
2020-06-02 13:00:00,McdE0feGgRqW7Ca,12320,1201.56,4517.5,7.29727e+06
2020-05-25 18:45:00,WRmjgnKYAwPKWDb,0,0,8879,7.11e+06
2020-06-10 14:30:00,1IF53ai7Xc0U56Y,5842.71,572.229,5580,6.3856e+06
2020-05-30 02:15:00,pkci93gMrogZuBj,0,0,0,7.28154e+06
2020-05-31 00:15:00,ZoEaEvLYb1n2sOq,0,0,0,7.21685e+06
2020-06-17 14:00:00,VHMLBKoKgIrUVDU,6125.5,600.138,4764.25,7.45497e+06
2020-06-04 07:45:00,wCURE6d3bPkepu2,3460,339.5,255.571,6.93103e+06
2020-06-09 06:00:00,ZnxXDlPa8U1GXgE,174.143,16.8,1,6.7097e+06
2020-05-20 22:30:00,pkci93gMrogZuBj,0,0,8849,7.2102e+06
2020-06-14 21:45:00,bvBOhCH3iADSZry,0,0,3958,6.5216e+06
2020-06-07 18:30:00,zBIq5rxdHJRwDNY,66,6.375,8182.88,6.51491e+06
2020-06-08 15:00:00,1IF53ai7Xc0U56Y,10248,1001.91,7103.86,6.37044e+06
2020-06-17 05:45:00,ZoEaEvLYb1n2sOq,0,0,0,7.33588e+06
2020-06-13 09:00:00,bvBOhCH3iADSZry,8345.86,816.729,1004,6.51078e+06
2020-06-01 15:45:00,adLQvlD726eNBSB,1509.62,147.525,5816.25,6.40652e+06
2020-06-10 04:30:00,rGa61gmuvPhdLxV,0,0,0,7.3042e+06
2020-05-23 14:15:00,ZnxXDlPa8U1GXgE,8185.12,801.1,6522,6.58566e+06
2020-05-30 13:30:00,1BY6WEcLGh8j5v7,9501.57,929.257,3913.57,6.36929e+06
2020-06-11 22:45:00,iCRJl6heRkivqQ3,0,0,5692,7.38547e+06
2020-05-30 19:45:00,rGa61gmuvPhdLxV,0,0,7364,7.23044e+06
2020-05-26 04:00:00,McdE0feGgRqW7Ca,0,0,0,7.24165e+06
2020-06-09 04:45:00,ih0vzX44oOqAx2f,0,0,0,6.36691e+06
2020-05-29 12:45:00,zBIq5rxdHJRwDNY,11860.9,1156.45,4451.88,6.44645e+06
2020-05-15 14:30:00,VHMLBKoKgIrUVDU,6612.14,647.257,4800,7.21121e+06
2020-06-06 15:00:00,7JYdWkrLSPkdwr4,4010,393.812,5721.88,7.76986e+06
2020-06-10 18:45:00,ZnxXDlPa8U1GXgE,0,0,6438,6.72421e+06
2020-05-27 19:30:00,uHbuxQJl8lW7ozc,0,0,0,7.13526e+06
2020-06-06 02:30:00,1IF53ai7Xc0U56Y,0,0,0,6.34856e+06
2020-05-20 12:45:00,rGa61gmuvPhdLxV,12802.4,1248.26,5083.14,7.1489e+06
2020-06-08 22:30:00,sjndEbLyjtCKgGv,0,0,8371,7.20092e+06
2020-05-25 12:00:00,uHbuxQJl8lW7ozc,12545.4,1223.15,4204.75,7.11606e+06
2020-06-17 01:45:00,ZoEaEvLYb1n2sOq,0,0,0,7.33588e+06
2020-05-27 11:30:00,YxYtjZvoooNbGkE,12828.9,1250.81,3115.86,7.27245e+06
2020-05-26 02:15:00,WRmjgnKYAwPKWDb,0,0,0,7.11e+06
2020-06-13 08:30:00,bvBOhCH3iADSZry,6447.14,631.557,656.714,6.51044e+06
2020-06-16 14:00:00,sjndEbLyjtCKgGv,6738.88,659.975,4623.62,7.25416e+06
2020-06-07 22:30:00,iCRJl6heRkivqQ3,0,0,8277,7.35651e+06
2020-06-13 04:30:00,adLQvlD726eNBSB,0,0,0,6.48872e+06
2020-06-10 12:45:00,zBIq5rxdHJRwDNY,11431.8,1115.33,3878.25,6.53528e+06
2020-06-15 19:15:00,ZnxXDlPa8U1GXgE,0,0,6757,6.7585e+06
2020-06-17 14:15:00,sjndEbLyjtCKgGv,6164.57,603.957,4800.86,7.26059e+06
2020-06-07 02:45:00,iCRJl6heRkivqQ3,0,0,0,7.34823e+06
2020-05-18 19:45:00,pkci93gMrogZuBj,0,0,5364,7.19441e+06
2020-05-30 10:30:00,1BY6WEcLGh8j5v7,5001.75,490.363,1306.25,6.36668e+06
2020-06-11 23:00:00,bvBOhCH3iADSZry,0,0,5197,6.50441e+06
2020-05-28 13:15:00,z9Y9gH1T5YWrNuG,11709.1,1142.44,5716.29,7.1096e+06
2020-05-23 16:30:00,YxYtjZvoooNbGkE,5492,538.312,8093.75,7.24421e+06
2020-06-10 19:00:00,ZnxXDlPa8U1GXgE,0,0,6438,6.72421e+06
2020-05-22 16:00:00,iCRJl6heRkivqQ3,3202.75,314.95,6828.12,7.23427e+06
2020-06-04 12:00:00,VHMLBKoKgIrUVDU,11685.8,1140.5,3621.88,7.35928e+06
2020-06-06 02:15:00,ih0vzX44oOqAx2f,0,0,0,6.34448e+06
2020-05-15 19:15:00,1BY6WEcLGh8j5v7,0,0,5754,6.26531e+06
2020-05-15 13:30:00,1IF53ai7Xc0U56Y,8212,803.725,3935.88,6.18758e+06
2020-05-16 11:15:00,iCRJl6heRkivqQ3,7477.29,732.071,2467.29,7.18688e+06
2020-05-19 01:30:00,ih0vzX44oOqAx2f,0,0,0,6.21049e+06
2020-06-03 13:30:00,adLQvlD726eNBSB,10372.2,1013.7,5006.5,6.41928e+06
2020-06-10 22:15:00,1IF53ai7Xc0U56Y,0,0,6598,6.38662e+06
2020-05-18 20:30:00,McdE0feGgRqW7Ca,0,0,5464,7.18509e+06
2020-06-17 12:15:00,1IF53ai7Xc0U56Y,13797.1,1345.24,3182.57,6.43071e+06
2020-05-16 13:45:00,adLQvlD726eNBSB,6833.29,669.229,4902.43,6.28264e+06
2020-05-28 00:15:00,ZoEaEvLYb1n2sOq,0,0,0,7.19329e+06
2020-05-17 14:15:00,uHbuxQJl8lW7ozc,6028,590.525,5716.12,7.05706e+06
2020-05-26 11:45:00,VHMLBKoKgIrUVDU,12073.7,1177.99,3924.14,7.29345e+06
2020-05-17 21:15:00,pkci93gMrogZuBj,0,0,7397,7.18905e+06
2020-05-16 09:45:00,1IF53ai7Xc0U56Y,8083,791.075,1397.88,6.1914e+06
2020-05-23 12:15:00,ih0vzX44oOqAx2f,13004.2,1267.95,4239.12,6.24478e+06
2020-06-17 05:45:00,iCRJl6heRkivqQ3,0,0,0,7.42031e+06
2020-05-24 09:00:00,ih0vzX44oOqAx2f,7957.12,778.8,949.5,6.24989e+06
2020-06-02 21:15:00,sjndEbLyjtCKgGv,0,0,7439,7.15545e+06
2020-06-05 23:45:00,rGa61gmuvPhdLxV,0,0,7741,7.27309e+06
2020-06-08 00:45:00,sjndEbLyjtCKgGv,0,0,0,7.19255e+06
2020-05-26 19:30:00,1IF53ai7Xc0U56Y,0,0,0,6.27464e+06
2020-05-28 11:30:00,sjndEbLyjtCKgGv,12926.7,1260.33,3508.43,7.11607e+06
2020-05-29 14:00:00,adLQvlD726eNBSB,6827.71,668.7,6133.43,6.38514e+06
2020-06-14 20:30:00,zBIq5rxdHJRwDNY,0,0,7315,6.56514e+06
2020-06-08 19:15:00,uHbuxQJl8lW7ozc,0,0,8405,7.22555e+06
2020-05-25 00:00:00,1IF53ai7Xc0U56Y,0,0,0,6.25748e+06
2020-05-18 16:45:00,ih0vzX44oOqAx2f,2910.25,285.65,5097,6.2103e+06
2020-06-12 22:30:00,ih0vzX44oOqAx2f,0,0,5710,6.39226e+06
2020-05-25 04:30:00,sjndEbLyjtCKgGv,0,0,0,7.08935e+06
2020-05-18 04:00:00,ZoEaEvLYb1n2sOq,0,0,0,7.11821e+06
2020-05-29 09:45:00,wCURE6d3bPkepu2,8460.71,827.743,1372.14,6.88908e+06
2020-05-23 11:15:00,3PZuoBAID5Wc2HD,12275,1197.41,3161,7.04778e+06
2020-05-17 11:00:00,zVJPv84UY57bAof,9471.88,924.925,2772.12,7.13131e+06
2020-05-27 10:45:00,1IF53ai7Xc0U56Y,9012.29,881.029,2436,6.27707e+06
2020-05-18 22:30:00,1IF53ai7Xc0U56Y,0,0,5453,6.20981e+06
2020-06-11 00:15:00,rGa61gmuvPhdLxV,0,0,0,7.31077e+06
2020-06-05 21:30:00,3PZuoBAID5Wc2HD,0,0,0,7.15249e+06
2020-05-31 22:15:00,ih0vzX44oOqAx2f,0,0,5965,6.30823e+06
2020-06-11 21:15:00,1IF53ai7Xc0U56Y,0,0,5704,6.39232e+06
2020-05-20 12:00:00,adLQvlD726eNBSB,12996.6,1267.51,4377,6.30889e+06
2020-06-12 18:00:00,rGa61gmuvPhdLxV,828.143,80.3571,5829.29,7.32226e+06
2020-06-07 19:45:00,1IF53ai7Xc0U56Y,0,0,8239,6.36334e+06
2020-05-29 14:15:00,ZoEaEvLYb1n2sOq,9511.12,929.862,6082.38,7.20762e+06
2020-06-13 10:15:00,zVJPv84UY57bAof,10050,981.163,2009.62,7.33056e+06
2020-06-17 09:45:00,adLQvlD726eNBSB,5954.75,583.475,1170,6.51957e+06
2020-06-03 03:45:00,1BY6WEcLGh8j5v7,0,0,0,6.39047e+06
2020-06-07 07:00:00,sjndEbLyjtCKgGv,1759.43,172.429,88,7.18574e+06
2020-06-15 14:30:00,1BY6WEcLGh8j5v7,8455.57,827.271,4988.71,6.47266e+06
2020-06-01 02:15:00,1BY6WEcLGh8j5v7,0,0,0,6.37793e+06
2020-05-19 16:15:00,ZoEaEvLYb1n2sOq,5311.57,520.743,6380.29,7.12991e+06
2020-06-01 20:00:00,3PZuoBAID5Wc2HD,0,0,5965,7.12127e+06
2020-05-27 22:00:00,z9Y9gH1T5YWrNuG,0,0,0,7.10388e+06
2020-06-06 18:00:00,McdE0feGgRqW7Ca,276,26.6,6479,7.33116e+06
2020-06-14 20:15:00,1BY6WEcLGh8j5v7,0,0,4012,6.46768e+06
2020-05-23 12:30:00,pkci93gMrogZuBj,12225.4,1193.04,4606.29,7.22981e+06
2020-05-31 17:45:00,McdE0feGgRqW7Ca,1061,103.125,6158.62,7.28672e+06
2020-05-22 13:00:00,adLQvlD726eNBSB,11439.5,1093.77,4435,6.32601e+06
2020-05-15 13:00:00,pkci93gMrogZuBj,5131.86,503.129,3674.14,7.17278e+06
2020-05-26 10:00:00,zVJPv84UY57bAof,10542.7,1030.51,1974.86,7.19958e+06
2020-05-29 10:45:00,pkci93gMrogZuBj,11443.4,1117.09,2457.88,7.27572e+06
2020-06-06 03:45:00,zVJPv84UY57bAof,0,0,0,7.27909e+06
2020-06-04 17:15:00,1BY6WEcLGh8j5v7,3499.12,343.975,7390.75,6.4052e+06
2020-06-04 06:15:00,WRmjgnKYAwPKWDb,394,38.0714,5.42857,7.17463e+06
2020-05-15 03:45:00,WRmjgnKYAwPKWDb,0,0,0,7.02867e+06
2020-06-10 09:00:00,z9Y9gH1T5YWrNuG,7211,706.1,865.375,7.19992e+06
2020-06-09 09:30:00,sjndEbLyjtCKgGv,8967.43,876.329,1485.57,7.20241e+06
2020-06-16 21:00:00,pkci93gMrogZuBj,0,0,6261,7.40948e+06
2020-05-18 09:45:00,ih0vzX44oOqAx2f,1537.5,150.238,583.875,6.20578e+06
2020-06-05 01:15:00,pkci93gMrogZuBj,0,0,0,7.32369e+06
2020-05-19 07:00:00,ih0vzX44oOqAx2f,2423.75,237.7,52.5,6.21054e+06
2020-06-05 12:30:00,z9Y9gH1T5YWrNuG,3578.14,351.7,3881.14,7.16714e+06
2020-06-04 02:00:00,YxYtjZvoooNbGkE,0,0,0,7.32676e+06
2020-05-22 22:45:00,YxYtjZvoooNbGkE,0,0,0,7.23612e+06
2020-05-30 00:30:00,zVJPv84UY57bAof,0,0,0,7.22869e+06
2020-05-18 13:45:00,VHMLBKoKgIrUVDU,13382.8,1304.83,3285.88,7.23038e+06
2020-06-02 22:00:00,ZnxXDlPa8U1GXgE,0,0,0,6.66297e+06
2020-06-10 15:45:00,ih0vzX44oOqAx2f,3712.88,364.913,5650.25,6.38041e+06
2020-06-14 05:30:00,uHbuxQJl8lW7ozc,0,0,0,7.26053e+06
2020-06-13 22:30:00,uHbuxQJl8lW7ozc,0,0,8437,7.26053e+06
2020-05-19 22:15:00,7JYdWkrLSPkdwr4,0,0,6836,7.63521e+06
2020-06-10 06:30:00,VHMLBKoKgIrUVDU,935.25,90.8125,22.75,7.40284e+06
2020-05-20 07:45:00,z9Y9gH1T5YWrNuG,4241.86,416.671,279.857,7.04074e+06
2020-06-04 09:15:00,uHbuxQJl8lW7ozc,7413.57,725.729,1077.14,7.18733e+06
2020-06-09 10:45:00,McdE0feGgRqW7Ca,12434.8,1212.72,2752.12,7.34953e+06
2020-06-03 05:45:00,rGa61gmuvPhdLxV,0,0,0,7.24933e+06
2020-05-31 19:45:00,wCURE6d3bPkepu2,0,0,6247,6.9094e+06
2020-05-30 13:00:00,iCRJl6heRkivqQ3,9011.57,881.129,3662.57,7.29492e+06
2020-06-11 22:15:00,rGa61gmuvPhdLxV,0,0,5663,7.31643e+06
2020-06-10 03:15:00,z9Y9gH1T5YWrNuG,0,0,0,7.19905e+06
2020-06-05 20:30:00,WRmjgnKYAwPKWDb,0,0,0,7.19027e+06
2020-05-17 22:15:00,iCRJl6heRkivqQ3,0,0,7519,7.19837e+06
2020-05-15 11:00:00,ZoEaEvLYb1n2sOq,7970.88,779.337,1983.38,7.10008e+06
2020-05-31 21:00:00,uHbuxQJl8lW7ozc,0,0,6081,7.16535e+06
2020-06-03 17:00:00,uHbuxQJl8lW7ozc,5765.25,565,7601.12,7.18601e+06
2020-05-15 14:45:00,7JYdWkrLSPkdwr4,6871.71,672.271,4843.29,7.6078e+06
2020-06-16 02:45:00,rGa61gmuvPhdLxV,0,0,0,7.3447e+06
2020-06-06 08:15:00,adLQvlD726eNBSB,5444.14,533.686,670.714,6.4391e+06
2020-05-17 10:00:00,uHbuxQJl8lW7ozc,9375.38,916.938,1811.75,7.05315e+06
2020-06-13 15:45:00,YxYtjZvoooNbGkE,6113.71,599.071,7763,7.39882e+06
2020-06-05 15:30:00,YxYtjZvoooNbGkE,3612,354.029,6312.29,7.3412e+06
2020-06-06 07:00:00,uHbuxQJl8lW7ozc,2634.62,258.475,92.875,7.20247e+06
2020-05-16 20:15:00,iCRJl6heRkivqQ3,0,0,6438,7.19085e+06
2020-06-12 14:30:00,rGa61gmuvPhdLxV,6369,623.925,4613.38,7.32105e+06
2020-05-15 19:45:00,bvBOhCH3iADSZry,0,0,5707,6.32251e+06
2020-06-06 11:15:00,adLQvlD726eNBSB,11898.6,1160.94,3069.14,6.4415e+06
2020-05-29 10:15:00,bvBOhCH3iADSZry,11125.4,1085.49,1676,6.41526e+06
2020-05-26 06:00:00,ZoEaEvLYb1n2sOq,121.125,11.675,0.75,7.17891e+06
2020-06-07 11:30:00,sjndEbLyjtCKgGv,11601.9,1132.42,3078,7.18873e+06
2020-06-05 12:30:00,McdE0feGgRqW7Ca,3674.29,361.157,3961,7.32072e+06
2020-06-06 12:45:00,zBIq5rxdHJRwDNY,10009.6,977.612,4115.62,6.50442e+06
2020-06-08 22:30:00,wCURE6d3bPkepu2,0,0,8443,6.96797e+06
2020-06-06 14:45:00,z9Y9gH1T5YWrNuG,2411.86,236.5,5630,7.17663e+06
2020-06-03 23:00:00,WRmjgnKYAwPKWDb,0,0,7710,7.17463e+06
2020-05-26 06:45:00,iCRJl6heRkivqQ3,1164.71,113.257,42.7143,7.26017e+06
2020-06-06 22:30:00,McdE0feGgRqW7Ca,0,0,0,7.33116e+06
2020-06-16 10:30:00,ih0vzX44oOqAx2f,8404.57,822.457,2099.29,6.41635e+06
2020-06-04 06:30:00,WRmjgnKYAwPKWDb,766.25,74.3375,19.25,7.17465e+06
2020-05-21 19:45:00,bvBOhCH3iADSZry,0,0,7110,6.36215e+06
2020-05-18 04:30:00,z9Y9gH1T5YWrNuG,0,0,0,7.02823e+06
2020-05-24 21:15:00,wCURE6d3bPkepu2,0,0,7961,6.85579e+06
2020-05-17 03:45:00,1IF53ai7Xc0U56Y,0,0,0,6.19659e+06
2020-06-08 17:00:00,zBIq5rxdHJRwDNY,3351.29,328.886,8146.86,6.52306e+06
2020-06-09 13:00:00,ZoEaEvLYb1n2sOq,10233,999.314,4843,7.28657e+06
2020-06-02 00:45:00,z9Y9gH1T5YWrNuG,0,0,0,7.13983e+06
2020-06-10 14:15:00,zBIq5rxdHJRwDNY,9813.38,959.612,5262.38,6.53667e+06
2020-05-18 19:45:00,z9Y9gH1T5YWrNuG,0,0,5347,7.03357e+06
2020-05-30 12:15:00,zVJPv84UY57bAof,9276.71,906.6,2866.29,7.23155e+06
2020-06-12 05:45:00,7JYdWkrLSPkdwr4,0,0,0,7.80666e+06
2020-05-29 11:45:00,iCRJl6heRkivqQ3,12758.6,1244.49,3538.5,7.28658e+06
2020-06-17 19:00:00,pkci93gMrogZuBj,0,0,5952,7.41543e+06
2020-05-21 09:30:00,z9Y9gH1T5YWrNuG,9803.62,958.675,1428.25,7.05069e+06
2020-05-24 17:00:00,VHMLBKoKgIrUVDU,3949.43,388.071,7977.57,7.28031e+06
2020-05-28 21:00:00,bvBOhCH3iADSZry,0,0,7752,6.41358e+06
2020-06-14 14:45:00,sjndEbLyjtCKgGv,6511.86,637.871,5944,7.24145e+06
2020-05-20 20:15:00,rGa61gmuvPhdLxV,0,0,8821,7.15263e+06
2020-05-22 09:00:00,uHbuxQJl8lW7ozc,4876.5,478.312,860.875,7.08884e+06
2020-06-11 13:45:00,bvBOhCH3iADSZry,5750.62,563.575,3238.5,6.50245e+06
2020-05-27 07:15:00,7JYdWkrLSPkdwr4,2063.71,202.186,141.714,7.69205e+06
2020-06-10 00:15:00,WRmjgnKYAwPKWDb,0,0,0,7.22098e+06
2020-05-30 16:00:00,1IF53ai7Xc0U56Y,6679,654.214,6679.57,6.30489e+06
2020-06-16 22:30:00,1BY6WEcLGh8j5v7,0,0,5848,6.4798e+06
2020-06-06 02:15:00,iCRJl6heRkivqQ3,0,0,0,7.3418e+06
2020-05-15 05:30:00,VHMLBKoKgIrUVDU,0,0,0,7.20641e+06
2020-05-29 14:00:00,zVJPv84UY57bAof,6599.14,646.414,6010.43,7.22648e+06
2020-05-22 23:45:00,uHbuxQJl8lW7ozc,0,0,0,7.09525e+06
2020-06-03 05:45:00,ih0vzX44oOqAx2f,0,0,0,6.32131e+06
2020-05-28 14:15:00,ZoEaEvLYb1n2sOq,5491.14,538.314,6386.86,7.19968e+06
2020-05-18 11:00:00,WRmjgnKYAwPKWDb,6419.57,628.886,1007,7.05011e+06
2020-06-15 02:45:00,pkci93gMrogZuBj,0,0,0,7.39642e+06
2020-05-19 04:00:00,adLQvlD726eNBSB,0,0,0,6.29782e+06
2020-05-16 22:45:00,3PZuoBAID5Wc2HD,0,0,6656,7.00069e+06
2020-05-30 08:15:00,sjndEbLyjtCKgGv,4170,409.571,377.429,7.12941e+06
2020-05-26 22:30:00,adLQvlD726eNBSB,0,0,0,6.36352e+06
2020-06-09 20:45:00,VHMLBKoKgIrUVDU,0,0,8120,7.40282e+06
2020-06-14 10:00:00,adLQvlD726eNBSB,8624.88,843.862,1744.62,6.49924e+06
2020-05-26 17:00:00,z9Y9gH1T5YWrNuG,4339,425.486,7636.14,7.09708e+06
2020-06-03 08:15:00,sjndEbLyjtCKgGv,4480.25,439.875,440.25,7.15589e+06
2020-05-17 09:00:00,ZoEaEvLYb1n2sOq,7602.25,744.25,953,7.1117e+06
2020-06-02 11:45:00,uHbuxQJl8lW7ozc,6346.71,621.8,3269.86,7.17421e+06
2020-06-07 07:45:00,bvBOhCH3iADSZry,2289.88,224.512,216,6.47334e+06
2020-05-19 00:45:00,3PZuoBAID5Wc2HD,0,0,0,7.01392e+06
2020-06-02 03:00:00,ih0vzX44oOqAx2f,0,0,0,6.31398e+06
2020-05-31 14:30:00,zBIq5rxdHJRwDNY,2301.14,225.614,5182,6.46248e+06
2020-05-19 02:45:00,zVJPv84UY57bAof,0,0,0,7.1414e+06
2020-06-11 23:30:00,1IF53ai7Xc0U56Y,0,0,5704,6.39232e+06
2020-06-16 16:15:00,z9Y9gH1T5YWrNuG,3479.25,341.8,5860.25,7.24504e+06
2020-05-15 06:15:00,bvBOhCH3iADSZry,279.625,27.0125,3,6.31681e+06
2020-06-10 00:30:00,WRmjgnKYAwPKWDb,0,0,0,7.22098e+06
2020-06-04 15:45:00,z9Y9gH1T5YWrNuG,8456.57,827.443,7100.57,7.16221e+06
2020-05-31 06:15:00,zVJPv84UY57bAof,458.571,44.3571,6.71429,7.23598e+06
2020-05-20 09:15:00,ZoEaEvLYb1n2sOq,8286.29,810.886,1212.71,7.13154e+06
2020-05-17 14:45:00,rGa61gmuvPhdLxV,8505.38,831.438,5964.38,7.13006e+06
2020-05-19 09:15:00,ZoEaEvLYb1n2sOq,6607.5,647.225,795.625,7.12432e+06
2020-05-19 01:15:00,uHbuxQJl8lW7ozc,0,0,0,7.0642e+06
2020-06-04 15:45:00,VHMLBKoKgIrUVDU,7417.62,726.237,7146.5,7.36281e+06
2020-05-15 10:30:00,ZoEaEvLYb1n2sOq,6197.88,606.788,1692.62,7.09979e+06
2020-05-29 10:45:00,ZoEaEvLYb1n2sOq,11282.5,1101.89,2395.75,7.20393e+06
2020-06-14 02:30:00,adLQvlD726eNBSB,0,0,0,6.4975e+06
2020-05-16 09:30:00,adLQvlD726eNBSB,6174.43,604.943,1242,6.27898e+06
2020-06-16 04:30:00,WRmjgnKYAwPKWDb,0,0,0,7.26132e+06
2020-06-03 02:00:00,ZoEaEvLYb1n2sOq,0,0,0,7.23573e+06
2020-06-13 01:15:00,sjndEbLyjtCKgGv,0,0,0,7.2271e+06
2020-05-30 22:45:00,wCURE6d3bPkepu2,0,0,7278,6.90316e+06
2020-05-23 15:15:00,z9Y9gH1T5YWrNuG,8575.29,839.1,7210.29,7.07143e+06
2020-06-04 02:30:00,3PZuoBAID5Wc2HD,0,0,0,7.13649e+06
2020-05-20 22:30:00,z9Y9gH1T5YWrNuG,0,0,8796,7.04926e+06
2020-05-27 18:00:00,1IF53ai7Xc0U56Y,307.875,29.7375,6816.38,6.28145e+06
2020-05-29 15:30:00,wCURE6d3bPkepu2,6817.71,667.771,7183.86,6.89489e+06
2020-05-30 19:45:00,wCURE6d3bPkepu2,0,0,7278,6.90316e+06
2020-06-03 23:45:00,ZnxXDlPa8U1GXgE,0,0,7916,6.67088e+06
2020-06-12 11:15:00,wCURE6d3bPkepu2,8174.38,800.038,1907.12,6.98996e+06
2020-05-18 16:15:00,bvBOhCH3iADSZry,3827.71,376.157,4629.29,6.34021e+06
2020-06-10 07:00:00,iCRJl6heRkivqQ3,1982.29,194.343,88.1429,7.37331e+06
2020-06-16 04:30:00,1BY6WEcLGh8j5v7,0,0,0,6.47395e+06
2020-05-27 11:00:00,McdE0feGgRqW7Ca,8128.62,795.413,2616.5,7.25218e+06
2020-06-14 01:30:00,7JYdWkrLSPkdwr4,0,0,0,7.82085e+06
2020-06-12 22:15:00,WRmjgnKYAwPKWDb,0,0,5794,7.23878e+06
2020-06-02 11:45:00,zBIq5rxdHJRwDNY,6241.43,611.514,3214.43,6.47225e+06
2020-05-24 16:30:00,bvBOhCH3iADSZry,3356,329.129,7068.86,6.38384e+06
2020-05-18 03:30:00,VHMLBKoKgIrUVDU,0,0,0,7.2271e+06
2020-05-16 12:00:00,McdE0feGgRqW7Ca,8935.86,874.086,3107.86,7.16854e+06
2020-06-08 13:00:00,VHMLBKoKgIrUVDU,8871.43,866.971,5106.71,7.39131e+06
2020-06-01 10:00:00,7JYdWkrLSPkdwr4,8032.62,785.837,1795.88,7.72962e+06
2020-05-27 22:30:00,McdE0feGgRqW7Ca,0,0,0,7.25639e+06
2020-05-23 04:15:00,zBIq5rxdHJRwDNY,0,0,0,6.39581e+06
2020-05-21 08:00:00,7JYdWkrLSPkdwr4,5006.8,490.86,316.8,7.64437e+06
2020-06-08 00:00:00,ZoEaEvLYb1n2sOq,0,0,0,7.27345e+06
2020-05-16 14:45:00,WRmjgnKYAwPKWDb,7123.43,697.543,5576,7.04039e+06
2020-06-12 10:00:00,sjndEbLyjtCKgGv,5867.12,574.913,1056.88,7.22231e+06
2020-05-26 17:15:00,pkci93gMrogZuBj,1071.5,104.287,7727.12,7.25825e+06
2020-05-30 01:00:00,pkci93gMrogZuBj,0,0,0,7.28154e+06
2020-06-02 12:30:00,zBIq5rxdHJRwDNY,8787.38,859.3,3825.12,6.47286e+06
2020-06-03 21:00:00,pkci93gMrogZuBj,0,0,7786,7.31544e+06
2020-06-02 00:15:00,WRmjgnKYAwPKWDb,0,0,0,7.1597e+06
2020-06-13 05:45:00,zVJPv84UY57bAof,0,0,0,7.32855e+06
2020-06-01 10:45:00,ZnxXDlPa8U1GXgE,11202.1,1093.5,2525.57,6.65205e+06
2020-06-15 00:45:00,McdE0feGgRqW7Ca,0,0,0,7.38936e+06
2020-06-04 23:00:00,zVJPv84UY57bAof,0,0,0,7.27127e+06
2020-06-14 08:15:00,wCURE6d3bPkepu2,3557.71,349.529,512.143,7.00288e+06
2020-06-08 06:00:00,zVJPv84UY57bAof,96.75,9.3375,0.25,7.29379e+06
2020-05-24 19:30:00,sjndEbLyjtCKgGv,0,0,7902,7.08935e+06
2020-06-01 12:00:00,YxYtjZvoooNbGkE,4894.88,480.087,3640.62,7.30938e+06
2020-06-13 22:45:00,iCRJl6heRkivqQ3,0,0,8496,7.39986e+06
2020-06-07 13:15:00,sjndEbLyjtCKgGv,0,0,4526,7.19018e+06
2020-05-29 06:45:00,uHbuxQJl8lW7ozc,1541.29,150.6,48.8571,7.14368e+06
2020-05-31 22:15:00,1BY6WEcLGh8j5v7,0,0,5803,6.37793e+06
2020-05-18 10:00:00,YxYtjZvoooNbGkE,1750,171.537,625.125,7.20085e+06
2020-05-30 21:30:00,pkci93gMrogZuBj,0,0,7341,7.28888e+06
2020-05-26 01:45:00,1BY6WEcLGh8j5v7,0,0,0,6.33621e+06
2020-05-27 02:45:00,7JYdWkrLSPkdwr4,0,0,0,7.69191e+06
2020-05-29 17:15:00,3PZuoBAID5Wc2HD,2335.29,228.971,8116.43,7.1021e+06
2020-05-28 11:15:00,3PZuoBAID5Wc2HD,12856,1253.47,3427.88,7.08888e+06
2020-05-21 15:00:00,3PZuoBAID5Wc2HD,9430.86,922.029,6821.71,7.03632e+06
2020-06-16 14:45:00,3PZuoBAID5Wc2HD,7340.75,718.45,5251.5,7.23029e+06
2020-06-03 07:30:00,YxYtjZvoooNbGkE,2788.38,273.5,168.75,7.3191e+06
2020-06-12 00:00:00,sjndEbLyjtCKgGv,0,0,0,7.22125e+06
2020-06-05 04:00:00,ZnxXDlPa8U1GXgE,0,0,0,6.67906e+06
2020-06-11 09:30:00,YxYtjZvoooNbGkE,4421.75,434.25,695.5,7.38038e+06
2020-05-31 14:30:00,1BY6WEcLGh8j5v7,1868.14,182.857,5109,6.37724e+06
2020-06-11 16:45:00,iCRJl6heRkivqQ3,3187.57,313.329,5460.86,7.38524e+06
2020-05-30 01:15:00,ih0vzX44oOqAx2f,0,0,0,6.29512e+06
2020-06-07 12:15:00,iCRJl6heRkivqQ3,13305.1,1297.24,3980.71,7.35221e+06
2020-05-17 21:00:00,7JYdWkrLSPkdwr4,0,0,7526,7.62306e+06
2020-06-13 22:30:00,sjndEbLyjtCKgGv,0,0,8403,7.2355e+06
2020-06-11 01:45:00,3PZuoBAID5Wc2HD,0,0,0,7.19047e+06
2020-06-11 05:30:00,sjndEbLyjtCKgGv,0,0,0,7.2156e+06
2020-06-04 10:45:00,7JYdWkrLSPkdwr4,11254.6,1098.11,2319.25,7.75094e+06
2020-05-15 19:00:00,uHbuxQJl8lW7ozc,0,0,6387,7.04507e+06
2020-06-03 14:15:00,3PZuoBAID5Wc2HD,9945.25,972.087,5726.12,7.13434e+06
2020-06-04 19:45:00,7JYdWkrLSPkdwr4,0,0,7999,7.75662e+06
2020-05-24 20:00:00,VHMLBKoKgIrUVDU,0,0,8180,7.28051e+06
2020-06-02 09:45:00,1IF53ai7Xc0U56Y,10530.5,1028.42,1597.88,6.31904e+06
2020-05-23 01:00:00,sjndEbLyjtCKgGv,0,0,0,7.07296e+06
2020-06-16 21:45:00,uHbuxQJl8lW7ozc,0,0,6292,7.28104e+06
2020-06-08 01:30:00,rGa61gmuvPhdLxV,0,0,0,7.28767e+06
2020-05-28 06:15:00,sjndEbLyjtCKgGv,410,39.6429,6.57143,7.11257e+06
2020-06-03 01:30:00,YxYtjZvoooNbGkE,0,0,0,7.31893e+06
2020-06-13 06:00:00,McdE0feGgRqW7Ca,84.1429,8.12857,0.285714,7.37333e+06
2020-06-07 01:45:00,wCURE6d3bPkepu2,0,0,0,6.95309e+06
2020-06-16 14:30:00,zBIq5rxdHJRwDNY,9366.38,915.55,4409.5,6.57624e+06
2020-05-22 10:15:00,1BY6WEcLGh8j5v7,11312.3,1103.53,1563.86,6.30715e+06
2020-06-04 14:45:00,iCRJl6heRkivqQ3,11287.4,1101.56,6279.25,7.33198e+06
2020-06-07 15:45:00,McdE0feGgRqW7Ca,6425.75,629.2,6134.12,7.33729e+06
2020-05-30 22:45:00,pkci93gMrogZuBj,0,0,7341,7.28888e+06
2020-06-06 11:00:00,VHMLBKoKgIrUVDU,9878.86,964.814,2708,7.37426e+06
2020-05-15 07:45:00,3PZuoBAID5Wc2HD,2122.86,208.114,231.286,6.98799e+06
2020-06-15 14:45:00,1BY6WEcLGh8j5v7,6677.75,653.9,5179.75,6.47285e+06
2020-05-25 23:15:00,zVJPv84UY57bAof,0,0,8813,7.19761e+06
2020-06-05 14:30:00,7JYdWkrLSPkdwr4,10992.8,1073.58,5494,7.76212e+06
2020-06-12 20:15:00,iCRJl6heRkivqQ3,0,0,5888,7.39136e+06
2020-05-29 10:45:00,zBIq5rxdHJRwDNY,10876.4,1062.99,2309.5,6.4443e+06
2020-06-02 14:00:00,rGa61gmuvPhdLxV,6812.5,667.212,5420.12,7.24739e+06
2020-05-16 08:15:00,iCRJl6heRkivqQ3,4719.57,462.857,436.143,7.18485e+06
2020-06-03 10:00:00,ZoEaEvLYb1n2sOq,5817.57,570.086,1381,7.23711e+06
2020-06-03 08:15:00,iCRJl6heRkivqQ3,4457.86,437.714,446.571,7.31826e+06
2020-05-29 17:30:00,VHMLBKoKgIrUVDU,1262.25,122.9,8121,7.32101e+06
2020-05-22 09:30:00,pkci93gMrogZuBj,6679.5,654.237,1129,7.2191e+06
2020-06-04 07:45:00,z9Y9gH1T5YWrNuG,3430.43,336.443,256.429,7.15537e+06
2020-05-31 05:00:00,McdE0feGgRqW7Ca,0,0,0,7.28056e+06
2020-05-19 15:45:00,z9Y9gH1T5YWrNuG,5458.29,535.086,6163.14,7.03974e+06
2020-05-20 19:30:00,uHbuxQJl8lW7ozc,0,0,8913,7.08011e+06
2020-06-05 01:15:00,bvBOhCH3iADSZry,0,0,0,6.46019e+06
2020-06-02 17:15:00,adLQvlD726eNBSB,1594.75,155.863,7382,6.41421e+06
2020-06-08 01:45:00,WRmjgnKYAwPKWDb,0,0,0,7.20468e+06
2020-06-06 00:45:00,ZoEaEvLYb1n2sOq,0,0,0,7.25908e+06
2020-05-19 23:00:00,zBIq5rxdHJRwDNY,0,0,6924,6.37197e+06
2020-06-05 11:30:00,z9Y9gH1T5YWrNuG,11552.4,1127.41,3110.38,7.16637e+06
2020-06-05 08:15:00,sjndEbLyjtCKgGv,3954.71,387.5,375.429,7.17189e+06
2020-06-08 12:15:00,z9Y9gH1T5YWrNuG,7321,716.743,4180.57,7.18781e+06
2020-06-12 16:15:00,rGa61gmuvPhdLxV,2729.5,267.725,5459.38,7.32189e+06
2020-06-15 03:00:00,WRmjgnKYAwPKWDb,0,0,0,7.25458e+06
2020-05-23 11:30:00,1BY6WEcLGh8j5v7,12360,1205.1,3119.43,6.31556e+06
2020-06-11 19:30:00,bvBOhCH3iADSZry,0,0,5197,6.50441e+06
2020-06-02 17:30:00,zVJPv84UY57bAof,944.286,91.7143,7407,7.25517e+06
2020-05-23 23:45:00,ZoEaEvLYb1n2sOq,0,0,8471,7.16218e+06
2020-05-17 21:00:00,rGa61gmuvPhdLxV,0,0,7438,7.13154e+06
2020-05-27 09:15:00,z9Y9gH1T5YWrNuG,9430.25,922.337,1236.75,7.09842e+06
2020-05-20 12:15:00,1IF53ai7Xc0U56Y,13076.9,1274.99,4638.14,6.22107e+06
2020-06-10 02:30:00,ih0vzX44oOqAx2f,0,0,0,6.37476e+06
2020-06-17 04:15:00,3PZuoBAID5Wc2HD,0,0,0,7.23137e+06
2020-05-23 08:15:00,3PZuoBAID5Wc2HD,6992.75,684.7,483.375,7.0451e+06
2020-05-25 17:30:00,YxYtjZvoooNbGkE,704.571,68.2857,8776.43,7.26143e+06
2020-06-04 01:45:00,3PZuoBAID5Wc2HD,0,0,0,7.13649e+06
2020-05-16 20:45:00,wCURE6d3bPkepu2,0,0,6543,6.79547e+06
2020-05-30 06:45:00,3PZuoBAID5Wc2HD,1228,119.45,41,7.10223e+06
2020-06-01 06:00:00,YxYtjZvoooNbGkE,87.75,8.475,0.125,7.30574e+06
2020-05-30 02:30:00,ih0vzX44oOqAx2f,0,0,0,6.29512e+06
2020-06-01 09:45:00,WRmjgnKYAwPKWDb,8453.71,826.314,1634.86,7.1555e+06
2020-06-15 15:45:00,pkci93gMrogZuBj,5901.14,578,6226.86,7.40265e+06
2020-06-13 22:30:00,bvBOhCH3iADSZry,0,0,7863,6.51764e+06
2020-05-28 18:00:00,rGa61gmuvPhdLxV,488,47.1875,8250.75,7.2148e+06
2020-06-12 08:30:00,YxYtjZvoooNbGkE,3137.71,308.457,280.143,7.38556e+06
2020-05-15 03:15:00,wCURE6d3bPkepu2,0,0,0,6.7826e+06
2020-06-15 09:00:00,uHbuxQJl8lW7ozc,7090,694.114,1100.29,7.26894e+06
2020-06-07 02:30:00,7JYdWkrLSPkdwr4,0,0,0,7.77046e+06
2020-05-29 21:30:00,McdE0feGgRqW7Ca,0,0,0,7.27321e+06
2020-05-27 23:15:00,WRmjgnKYAwPKWDb,0,0,6658,7.12454e+06
2020-05-22 15:45:00,rGa61gmuvPhdLxV,3850.71,377.914,6380.86,7.16678e+06
2020-05-29 11:00:00,sjndEbLyjtCKgGv,11704.7,1141.63,2691.14,7.12359e+06
2020-06-17 08:00:00,1IF53ai7Xc0U56Y,3535.86,347.586,311.429,6.42784e+06
2020-06-12 00:30:00,WRmjgnKYAwPKWDb,0,0,0,7.23299e+06
2020-05-25 00:45:00,rGa61gmuvPhdLxV,0,0,0,7.1833e+06
2020-05-18 11:00:00,wCURE6d3bPkepu2,6426,629.525,1003.75,6.804e+06
2020-05-24 01:45:00,uHbuxQJl8lW7ozc,0,0,0,7.10375e+06
2020-05-15 16:30:00,WRmjgnKYAwPKWDb,4358.88,428.038,5862.62,7.03454e+06
2020-06-01 14:15:00,wCURE6d3bPkepu2,3200.38,313.738,5231.38,6.91464e+06
2020-06-14 06:45:00,pkci93gMrogZuBj,1060.88,103.1,37.75,7.3892e+06
2020-06-08 00:30:00,3PZuoBAID5Wc2HD,0,0,0,7.16722e+06
2020-06-10 08:45:00,pkci93gMrogZuBj,6544.86,641.171,681.571,7.3634e+06
2020-06-01 11:00:00,z9Y9gH1T5YWrNuG,9428.25,920.725,2748.12,7.13665e+06
2020-05-31 15:15:00,uHbuxQJl8lW7ozc,2150,210.775,5500.12,7.16477e+06
2020-05-19 20:45:00,zBIq5rxdHJRwDNY,0,0,6924,6.37197e+06
2020-05-31 05:15:00,1IF53ai7Xc0U56Y,0,0,0,6.30554e+06
2020-06-06 04:45:00,VHMLBKoKgIrUVDU,0,0,0,7.37155e+06
2020-06-09 16:45:00,1IF53ai7Xc0U56Y,4098,402.629,7878.14,6.37971e+06
2020-05-21 16:45:00,McdE0feGgRqW7Ca,2442.57,239.614,7887.14,7.20895e+06
2020-06-01 00:15:00,7JYdWkrLSPkdwr4,0,0,0,7.72782e+06
2020-05-18 10:00:00,7JYdWkrLSPkdwr4,1747.62,171.287,626.75,7.62369e+06
2020-06-10 05:30:00,ZoEaEvLYb1n2sOq,0,0,0,7.28968e+06
2020-06-07 23:00:00,zVJPv84UY57bAof,0,0,8260,7.29379e+06
2020-06-03 07:45:00,pkci93gMrogZuBj,3303,324.757,242,7.30789e+06
2020-06-16 18:30:00,pkci93gMrogZuBj,65.125,6.2875,6260.5,7.40948e+06
2020-06-06 16:00:00,7JYdWkrLSPkdwr4,2647.88,259.75,6118.5,7.77026e+06
2020-06-03 12:00:00,YxYtjZvoooNbGkE,9355.71,915.057,3261.14,7.32219e+06
2020-05-27 03:00:00,wCURE6d3bPkepu2,0,0,0,6.87248e+06
2020-05-21 17:45:00,pkci93gMrogZuBj,438.857,42.4286,7762.43,7.21796e+06
2020-05-31 21:30:00,adLQvlD726eNBSB,0,0,5933,6.4007e+06
2020-06-04 13:45:00,ZnxXDlPa8U1GXgE,11179.3,1091.19,5387.57,6.67627e+06
2020-06-17 08:15:00,sjndEbLyjtCKgGv,3788.88,372.363,384.5,7.25618e+06
2020-06-14 11:15:00,3PZuoBAID5Wc2HD,9893,966.971,2941.29,7.21366e+06
2020-06-05 15:15:00,YxYtjZvoooNbGkE,8163,797.987,6195.5,7.34108e+06
2020-06-12 11:30:00,3PZuoBAID5Wc2HD,9749.57,953.057,2208.14,7.19839e+06
2020-06-06 09:00:00,3PZuoBAID5Wc2HD,3819.29,375.186,1104.29,7.15359e+06
2020-06-14 11:00:00,YxYtjZvoooNbGkE,9039.62,883.663,2561.88,7.402e+06
2020-05-21 12:00:00,zVJPv84UY57bAof,11076.4,1081.2,3893.29,7.16107e+06
2020-06-11 17:30:00,rGa61gmuvPhdLxV,1445.25,140.938,5596.62,7.31637e+06
2020-06-07 03:30:00,zVJPv84UY57bAof,0,0,0,7.28553e+06
2020-06-17 21:45:00,1BY6WEcLGh8j5v7,0,0,5521,6.48532e+06
2020-05-15 12:30:00,sjndEbLyjtCKgGv,8004.71,782.557,3254.29,7.02009e+06
2020-05-16 10:45:00,zBIq5rxdHJRwDNY,8408.14,822.686,2075.29,6.34785e+06
2020-06-02 00:15:00,pkci93gMrogZuBj,0,0,0,7.3003e+06
2020-05-28 01:15:00,ZoEaEvLYb1n2sOq,0,0,0,7.19329e+06
2020-05-27 03:30:00,adLQvlD726eNBSB,0,0,0,6.36352e+06
2020-05-25 23:00:00,1BY6WEcLGh8j5v7,0,0,8268,6.33621e+06
2020-06-01 15:30:00,rGa61gmuvPhdLxV,1796.86,176.114,5292.71,7.24162e+06
2020-06-11 01:00:00,uHbuxQJl8lW7ozc,0,0,0,7.24051e+06
2020-06-14 01:45:00,ih0vzX44oOqAx2f,0,0,0,6.40052e+06
2020-06-15 07:45:00,pkci93gMrogZuBj,3723,365.657,267.714,7.39669e+06
2020-05-22 01:30:00,VHMLBKoKgIrUVDU,0,0,0,7.25636e+06
2020-06-09 19:45:00,bvBOhCH3iADSZry,0,0,7361,6.49335e+06
2020-05-21 14:30:00,7JYdWkrLSPkdwr4,6727.88,658.725,6290.38,7.65027e+06
2020-06-16 10:45:00,wCURE6d3bPkepu2,9721.75,950.138,2348.62,7.01879e+06
2020-06-09 17:45:00,WRmjgnKYAwPKWDb,1373,133.863,7928.12,7.22093e+06
2020-06-14 11:30:00,zVJPv84UY57bAof,9458.75,924.663,3055,7.34002e+06
2020-06-17 08:45:00,pkci93gMrogZuBj,3929.25,386.087,572.75,7.41005e+06
2020-05-22 11:00:00,7JYdWkrLSPkdwr4,7267.62,711.075,2200.62,7.65384e+06
2020-05-29 12:00:00,YxYtjZvoooNbGkE,12069.4,1177.56,3753,7.28816e+06
2020-05-19 07:00:00,bvBOhCH3iADSZry,2285.25,224.075,45.875,6.34058e+06
2020-06-07 20:00:00,1IF53ai7Xc0U56Y,0,0,8239,6.36334e+06
2020-05-30 06:00:00,wCURE6d3bPkepu2,81.625,7.8875,0,6.89588e+06
2020-05-28 00:45:00,3PZuoBAID5Wc2HD,0,0,0,7.08545e+06
2020-06-16 09:00:00,rGa61gmuvPhdLxV,5834.62,571.763,875.625,7.34558e+06
2020-06-11 22:00:00,WRmjgnKYAwPKWDb,0,0,5619,7.23299e+06
2020-06-05 14:45:00,adLQvlD726eNBSB,10955.2,1070.61,6059.25,6.43664e+06
2020-06-16 12:15:00,rGa61gmuvPhdLxV,6401.38,627.112,3417.25,7.34812e+06
2020-06-06 20:30:00,wCURE6d3bPkepu2,0,0,0,6.95309e+06
2020-06-10 22:15:00,McdE0feGgRqW7Ca,0,0,6606,7.36162e+06
2020-06-09 14:15:00,pkci93gMrogZuBj,6983.29,683.843,6060.86,7.36054e+06
2020-06-05 06:00:00,iCRJl6heRkivqQ3,95,9.1625,0.125,7.334e+06
2020-06-10 02:00:00,1IF53ai7Xc0U56Y,0,0,0,6.38002e+06
2020-05-30 21:45:00,ZoEaEvLYb1n2sOq,0,0,7248,7.21685e+06
2020-05-29 07:45:00,iCRJl6heRkivqQ3,2719.86,266.786,253.286,7.28329e+06
2020-06-05 19:45:00,3PZuoBAID5Wc2HD,0,0,0,7.15249e+06
2020-06-07 01:45:00,3PZuoBAID5Wc2HD,0,0,0,7.15898e+06
2020-06-02 00:00:00,ZnxXDlPa8U1GXgE,0,0,0,6.65544e+06
2020-06-11 07:00:00,zBIq5rxdHJRwDNY,786,76.25,33,6.53794e+06
2020-06-14 22:00:00,1BY6WEcLGh8j5v7,0,0,4012,6.46768e+06
2020-05-15 09:15:00,wCURE6d3bPkepu2,5680,556.675,909.625,6.78351e+06
2020-05-24 06:45:00,zBIq5rxdHJRwDNY,1138.29,110.657,42.4286,6.40452e+06
2020-06-10 23:00:00,ZoEaEvLYb1n2sOq,0,0,6392,7.29607e+06
2020-06-11 01:00:00,bvBOhCH3iADSZry,0,0,0,6.49921e+06
2020-06-11 11:15:00,zVJPv84UY57bAof,7905.29,773.843,1711.86,7.31873e+06
2020-05-26 01:30:00,McdE0feGgRqW7Ca,0,0,0,7.24165e+06
2020-06-03 07:30:00,zBIq5rxdHJRwDNY,2788.25,273.475,168.875,6.47662e+06
2020-06-12 00:45:00,pkci93gMrogZuBj,0,0,0,7.37496e+06
2020-05-18 22:00:00,VHMLBKoKgIrUVDU,0,0,5457,7.23255e+06
2020-05-20 03:45:00,ZoEaEvLYb1n2sOq,0,0,0,7.13033e+06
2020-06-15 04:45:00,bvBOhCH3iADSZry,0,0,0,6.5216e+06
2020-06-06 22:30:00,iCRJl6heRkivqQ3,0,0,0,7.34823e+06
2020-05-28 10:15:00,ZoEaEvLYb1n2sOq,10847.4,1059.63,2204.86,7.1955e+06
2020-06-13 12:30:00,adLQvlD726eNBSB,13579.1,1324.31,5002.71,6.49372e+06
2020-05-17 10:45:00,3PZuoBAID5Wc2HD,11162.1,1088.99,2691.88,7.00338e+06
2020-06-11 01:00:00,sjndEbLyjtCKgGv,0,0,0,7.2156e+06
2020-05-29 20:15:00,rGa61gmuvPhdLxV,0,0,0,7.22307e+06
2020-06-14 06:45:00,3PZuoBAID5Wc2HD,1106.86,107.614,38.7143,7.21076e+06
2020-05-24 19:45:00,VHMLBKoKgIrUVDU,0,0,8180,7.28051e+06
2020-05-15 14:30:00,sjndEbLyjtCKgGv,6043.12,591.788,4907.75,7.02174e+06
2020-06-15 05:00:00,adLQvlD726eNBSB,0,0,0,6.50509e+06
2020-05-25 13:00:00,z9Y9gH1T5YWrNuG,12353,1204.42,5460.5,7.0861e+06
2020-05-19 23:45:00,iCRJl6heRkivqQ3,0,0,6951,7.21072e+06
2020-06-05 20:30:00,pkci93gMrogZuBj,0,0,7796,7.33149e+06
2020-05-23 16:45:00,3PZuoBAID5Wc2HD,3866.25,379.938,8331.75,7.05295e+06
2020-05-15 17:00:00,ih0vzX44oOqAx2f,2350.12,230.525,6047,6.19123e+06
2020-06-12 11:30:00,McdE0feGgRqW7Ca,10813.1,1056.27,2180,7.36955e+06
2020-06-16 14:30:00,ZnxXDlPa8U1GXgE,9586.5,936.425,4973.5,6.76348e+06
2020-06-07 21:45:00,zVJPv84UY57bAof,0,0,8260,7.29379e+06
2020-06-12 21:30:00,7JYdWkrLSPkdwr4,0,0,5753,7.81242e+06
2020-06-12 06:45:00,zBIq5rxdHJRwDNY,696.5,67.5,20.625,6.54357e+06
2020-06-09 02:30:00,1BY6WEcLGh8j5v7,0,0,0,6.43161e+06
2020-06-07 17:15:00,ih0vzX44oOqAx2f,3350,329.15,7870.88,6.35854e+06
2020-06-03 19:30:00,1BY6WEcLGh8j5v7,0,0,7341,6.39781e+06
2020-05-25 07:45:00,zBIq5rxdHJRwDNY,3552.62,348.75,251.25,6.41201e+06
2020-06-16 03:45:00,1BY6WEcLGh8j5v7,0,0,0,6.47395e+06
2020-05-26 18:15:00,VHMLBKoKgIrUVDU,305,29.5,8090,7.29762e+06
2020-06-11 05:30:00,pkci93gMrogZuBj,0,0,0,7.36929e+06
2020-05-25 11:15:00,zBIq5rxdHJRwDNY,11520.5,1124.42,3152.88,6.41491e+06
2020-06-05 01:45:00,1IF53ai7Xc0U56Y,0,0,0,6.34086e+06
2020-06-12 06:15:00,wCURE6d3bPkepu2,168.5,16.2625,1.5,6.98806e+06
2020-05-21 20:30:00,ih0vzX44oOqAx2f,0,0,0,6.23354e+06
2020-06-16 10:45:00,McdE0feGgRqW7Ca,9733.38,951.25,2393.75,7.39862e+06
2020-06-03 08:00:00,McdE0feGgRqW7Ca,4398.29,431.671,337,7.3007e+06
2020-05-17 17:00:00,bvBOhCH3iADSZry,1873.86,183.7,6807.14,6.33546e+06
2020-05-16 03:15:00,YxYtjZvoooNbGkE,0,0,0,7.18626e+06
2020-06-17 00:00:00,7JYdWkrLSPkdwr4,0,0,770.75,7.84096e+06
2020-05-21 15:45:00,7JYdWkrLSPkdwr4,5273.29,517,7173.71,7.65115e+06
2020-06-04 15:30:00,WRmjgnKYAwPKWDb,8118.12,794.362,6890.38,7.18152e+06
2020-06-06 07:00:00,1IF53ai7Xc0U56Y,2951,289.814,111.143,6.34867e+06
2020-06-15 07:00:00,uHbuxQJl8lW7ozc,2091.25,205.012,96,7.26793e+06
2020-05-30 08:45:00,z9Y9gH1T5YWrNuG,3384.5,332.762,561.375,7.12102e+06
2020-06-10 12:45:00,iCRJl6heRkivqQ3,11520.2,1123.97,3913.62,7.37713e+06
2020-05-23 02:00:00,wCURE6d3bPkepu2,0,0,0,6.83922e+06
2020-06-12 04:30:00,WRmjgnKYAwPKWDb,0,0,0,7.23299e+06
2020-06-14 08:15:00,WRmjgnKYAwPKWDb,3470.25,340.95,520.875,7.2477e+06
2020-05-31 15:45:00,wCURE6d3bPkepu2,3060.71,300.714,5816.43,6.90897e+06
2020-05-17 23:45:00,7JYdWkrLSPkdwr4,0,0,7526,7.62306e+06
2020-06-06 07:15:00,YxYtjZvoooNbGkE,3406.57,334.643,169.286,7.34266e+06
2020-06-06 19:00:00,3PZuoBAID5Wc2HD,0,0,6496,7.15898e+06
2020-05-24 19:45:00,ZoEaEvLYb1n2sOq,0,0,7985,7.17017e+06
2020-06-13 23:45:00,z9Y9gH1T5YWrNuG,0,0,8363,7.22523e+06
2020-05-25 02:30:00,ZoEaEvLYb1n2sOq,0,0,0,7.17017e+06
2020-06-03 23:00:00,bvBOhCH3iADSZry,0,0,7237,6.45272e+06
2020-06-01 09:30:00,YxYtjZvoooNbGkE,6267.86,614.071,1400.43,7.30714e+06
2020-06-09 22:15:00,uHbuxQJl8lW7ozc,0,0,8309,7.23386e+06
2020-06-17 06:45:00,YxYtjZvoooNbGkE,462.5,44.95,0,7.41956e+06
2020-06-12 08:30:00,1BY6WEcLGh8j5v7,3008,295.243,263.714,6.4505e+06
2020-05-18 10:45:00,ZnxXDlPa8U1GXgE,5742.25,562.812,862.125,6.5436e+06
2020-05-31 15:15:00,sjndEbLyjtCKgGv,2030.12,198.863,5409.88,7.14166e+06
2020-06-08 08:00:00,wCURE6d3bPkepu2,4072.71,400.043,347.714,6.95987e+06
2020-06-12 10:00:00,McdE0feGgRqW7Ca,5961.38,584.112,1073,7.36845e+06
2020-05-23 22:45:00,ZnxXDlPa8U1GXgE,0,0,8589,6.58773e+06
2020-05-17 15:45:00,adLQvlD726eNBSB,4160.43,408.5,7161.29,6.2916e+06
2020-06-17 04:00:00,1BY6WEcLGh8j5v7,0,0,0,6.4798e+06
2020-06-08 13:30:00,WRmjgnKYAwPKWDb,8676,847.514,5455.71,7.21014e+06
2020-05-23 20:15:00,zBIq5rxdHJRwDNY,0,0,8674,6.40448e+06
2020-05-23 20:30:00,bvBOhCH3iADSZry,0,0,7864,6.37677e+06
2020-05-30 20:30:00,3PZuoBAID5Wc2HD,0,0,7299,7.10949e+06
2020-05-18 20:15:00,YxYtjZvoooNbGkE,0,0,5369,7.2056e+06
2020-06-16 05:00:00,YxYtjZvoooNbGkE,0,0,0,7.41334e+06
2020-06-14 12:15:00,1IF53ai7Xc0U56Y,7192.88,704.35,3720.5,6.4106e+06
2020-06-13 01:45:00,1IF53ai7Xc0U56Y,0,0,0,6.39823e+06
2020-05-26 10:30:00,7JYdWkrLSPkdwr4,12040.7,1174.39,2518.14,7.68654e+06
2020-05-21 18:00:00,3PZuoBAID5Wc2HD,282.75,27.3125,7804.5,7.0373e+06
2020-06-08 13:00:00,sjndEbLyjtCKgGv,9457.5,923.525,4987.38,7.19754e+06
2020-06-17 16:45:00,YxYtjZvoooNbGkE,1134.25,110.275,5722.38,7.42528e+06
2020-05-31 04:45:00,1BY6WEcLGh8j5v7,0,0,0,6.37213e+06
2020-06-06 23:45:00,1IF53ai7Xc0U56Y,0,0,5724.25,6.3551e+06
2020-06-04 02:45:00,bvBOhCH3iADSZry,0,0,0,6.45272e+06
2020-05-24 07:00:00,3PZuoBAID5Wc2HD,1942.5,190.425,86.75,7.05335e+06
2020-06-07 17:00:00,wCURE6d3bPkepu2,3283.86,322.286,6202,6.9593e+06
2020-06-13 00:15:00,uHbuxQJl8lW7ozc,0,0,0,7.25209e+06
2020-06-16 00:30:00,1IF53ai7Xc0U56Y,0,0,0,6.42121e+06
2020-06-03 09:00:00,zBIq5rxdHJRwDNY,6370.14,624.029,809.286,6.47726e+06
2020-05-26 14:30:00,pkci93gMrogZuBj,5738.38,562.375,6222.62,7.25674e+06
2020-06-16 08:15:00,z9Y9gH1T5YWrNuG,4753.38,466.45,468.75,7.23965e+06
2020-06-09 06:00:00,uHbuxQJl8lW7ozc,171.75,16.5875,0.875,7.22555e+06
2020-05-20 20:45:00,wCURE6d3bPkepu2,0,0,8895,6.82424e+06
2020-06-06 08:45:00,1IF53ai7Xc0U56Y,6217.14,609.086,987.286,6.34954e+06
2020-06-06 14:00:00,adLQvlD726eNBSB,8882.57,867.743,5375.57,6.4438e+06
2020-05-19 14:00:00,WRmjgnKYAwPKWDb,8160,798.6,4758.71,7.05921e+06
2020-06-06 16:00:00,ZoEaEvLYb1n2sOq,2638.5,258.837,6102.5,7.26518e+06
2020-06-16 13:45:00,1IF53ai7Xc0U56Y,6151.88,602.625,4529,6.42574e+06
2020-06-10 02:00:00,wCURE6d3bPkepu2,0,0,0,6.97598e+06
2020-05-21 09:15:00,ih0vzX44oOqAx2f,8703.75,851.55,1167.38,6.22711e+06
2020-05-24 08:15:00,WRmjgnKYAwPKWDb,6082.43,596.014,538.857,7.09356e+06
2020-05-19 21:30:00,adLQvlD726eNBSB,0,0,0,6.30451e+06
2020-06-06 08:00:00,WRmjgnKYAwPKWDb,5545.5,543.5,512.25,7.19078e+06
2020-05-26 09:45:00,iCRJl6heRkivqQ3,10201.1,997.343,1729.86,7.26186e+06
2020-05-27 05:30:00,ZnxXDlPa8U1GXgE,0,0,0,6.61265e+06
2020-06-06 03:00:00,uHbuxQJl8lW7ozc,0,0,0,7.20237e+06
2020-06-10 06:30:00,adLQvlD726eNBSB,991.714,96.3571,26.2857,6.4703e+06
2020-06-13 01:45:00,wCURE6d3bPkepu2,0,0,0,6.99391e+06
2020-06-05 19:30:00,zVJPv84UY57bAof,0,0,7817,7.27909e+06
2020-06-11 01:15:00,ZoEaEvLYb1n2sOq,0,0,0,7.29607e+06
2020-05-26 12:30:00,ZnxXDlPa8U1GXgE,8254.88,806.763,4575.62,6.60924e+06
2020-05-21 22:30:00,ZoEaEvLYb1n2sOq,0,0,7617,7.14668e+06
2020-06-07 17:00:00,WRmjgnKYAwPKWDb,3297.12,323.413,7855.25,7.20447e+06
2020-06-06 13:00:00,bvBOhCH3iADSZry,12267.9,1196.54,4010.71,6.47126e+06
2020-05-22 15:45:00,sjndEbLyjtCKgGv,4638.14,455.171,6668.43,7.07255e+06
2020-06-09 16:00:00,adLQvlD726eNBSB,6413,628.237,7566.38,6.46957e+06
2020-06-02 23:00:00,ih0vzX44oOqAx2f,0,0,0,6.32131e+06
2020-06-14 12:00:00,ZoEaEvLYb1n2sOq,7185.5,703.625,3404.38,7.31917e+06
2020-06-02 13:00:00,bvBOhCH3iADSZry,11663.6,1138.33,4042.43,6.44269e+06
2020-06-16 03:15:00,wCURE6d3bPkepu2,0,0,0,7.01644e+06
2020-05-31 19:30:00,rGa61gmuvPhdLxV,0,0,5894,7.23633e+06
2020-06-09 07:15:00,ih0vzX44oOqAx2f,2614.57,256.429,152.857,6.36706e+06
2020-06-16 18:45:00,McdE0feGgRqW7Ca,0,0,6365,7.4026e+06
2020-05-30 08:15:00,1BY6WEcLGh8j5v7,4076.86,400.443,360,6.36573e+06
2020-05-23 14:00:00,1IF53ai7Xc0U56Y,10630.9,1038.14,6445.29,6.24698e+06
2020-06-02 00:45:00,7JYdWkrLSPkdwr4,0,0,0,7.73362e+06
2020-06-17 05:30:00,uHbuxQJl8lW7ozc,0,0,0,7.28104e+06
2020-06-01 16:15:00,iCRJl6heRkivqQ3,1966.25,192.725,5563.75,7.31013e+06
2020-06-09 03:45:00,1IF53ai7Xc0U56Y,0,0,0,6.37183e+06
2020-06-12 03:15:00,7JYdWkrLSPkdwr4,0,0,0,7.80666e+06
2020-05-18 06:45:00,YxYtjZvoooNbGkE,1139.62,110.8,41.75,7.20027e+06
2020-06-07 10:45:00,zVJPv84UY57bAof,13080.7,1275.37,2141.86,7.28767e+06
2020-06-09 15:30:00,pkci93gMrogZuBj,8679.57,849.257,7116.29,7.36159e+06
2020-05-17 14:45:00,1BY6WEcLGh8j5v7,9126.62,892.575,5698.38,6.2773e+06
2020-05-28 11:00:00,McdE0feGgRqW7Ca,9225.57,900.529,2996.71,7.25939e+06
2020-05-29 11:30:00,adLQvlD726eNBSB,9583.5,936.413,3343.5,6.38235e+06
2020-05-21 13:45:00,zBIq5rxdHJRwDNY,11344,1107.11,5650,6.38651e+06
2020-06-14 00:30:00,wCURE6d3bPkepu2,0,0,0,7.00237e+06
2020-06-17 15:15:00,iCRJl6heRkivqQ3,1587,155.214,5493.14,7.4258e+06
2020-05-27 16:30:00,McdE0feGgRqW7Ca,5048.57,494.986,6540.14,7.2561e+06
2020-06-12 22:00:00,adLQvlD726eNBSB,0,0,5988,6.48872e+06
2020-06-10 06:45:00,1IF53ai7Xc0U56Y,1358.12,132.412,54,6.38008e+06
2020-06-11 15:15:00,YxYtjZvoooNbGkE,6284.88,615.788,4613.38,7.3843e+06
2020-06-02 06:15:00,McdE0feGgRqW7Ca,415.5,40.15,6.25,7.29276e+06
2020-05-22 06:45:00,zVJPv84UY57bAof,1171.12,113.85,54.25,7.16518e+06
2020-06-03 17:15:00,ZoEaEvLYb1n2sOq,2967.25,291.325,7630,7.24336e+06
2020-05-26 07:15:00,rGa61gmuvPhdLxV,2434.5,238.725,126.875,7.19223e+06
2020-06-11 14:30:00,WRmjgnKYAwPKWDb,11141,1087.76,4119.29,7.23149e+06
2020-05-28 13:00:00,wCURE6d3bPkepu2,12926.1,1260.33,5428.62,6.88462e+06
2020-06-02 09:15:00,zBIq5rxdHJRwDNY,8364,818.125,1170.5,6.4702e+06
2020-05-28 14:30:00,ih0vzX44oOqAx2f,7861.43,769.314,6624.43,6.28548e+06
2020-05-17 11:45:00,uHbuxQJl8lW7ozc,8649.57,845.714,3640.57,7.05498e+06
2020-06-08 10:30:00,1BY6WEcLGh8j5v7,10967.9,1070.31,2297,6.42605e+06
2020-05-16 09:15:00,7JYdWkrLSPkdwr4,5668,555.486,1033.86,7.61011e+06
2020-05-31 05:15:00,1BY6WEcLGh8j5v7,0,0,0,6.37213e+06
2020-06-10 11:00:00,ZoEaEvLYb1n2sOq,4771.88,468.113,2116.88,7.2918e+06
2020-06-07 19:00:00,bvBOhCH3iADSZry,0,0,5169,6.47829e+06
2020-06-16 20:00:00,VHMLBKoKgIrUVDU,0,0,6332,7.4502e+06
2020-05-16 14:00:00,rGa61gmuvPhdLxV,6230.71,610.414,4611.86,7.12248e+06
2020-06-07 00:30:00,z9Y9gH1T5YWrNuG,0,0,0,7.17729e+06
2020-05-24 16:15:00,wCURE6d3bPkepu2,3984.86,390.614,7470.29,6.8553e+06
2020-05-30 11:00:00,YxYtjZvoooNbGkE,6267.14,613.986,1650.14,7.29415e+06
2020-05-19 16:00:00,ZoEaEvLYb1n2sOq,6496.88,636.425,6229.12,7.12976e+06
2020-05-24 08:00:00,pkci93gMrogZuBj,4940.14,484.414,377.143,7.23405e+06
2020-06-16 08:15:00,3PZuoBAID5Wc2HD,4671.38,458.475,490.375,7.22553e+06
2020-05-28 02:15:00,zVJPv84UY57bAof,0,0,0,7.21208e+06
2020-06-07 01:15:00,z9Y9gH1T5YWrNuG,0,0,0,7.17729e+06
2020-06-15 02:45:00,zVJPv84UY57bAof,0,0,0,7.34428e+06
2020-05-31 01:15:00,McdE0feGgRqW7Ca,0,0,0,7.28056e+06
2020-05-24 16:00:00,pkci93gMrogZuBj,4118.14,403.8,7442.29,7.24112e+06
2020-06-17 12:30:00,1IF53ai7Xc0U56Y,10214.4,998.05,3491.75,6.43102e+06
2020-06-17 10:15:00,pkci93gMrogZuBj,6713.12,657.538,1426.75,7.4109e+06
2020-05-16 14:00:00,uHbuxQJl8lW7ozc,6783.14,664.343,4635.71,7.0497e+06
2020-06-04 05:00:00,ZoEaEvLYb1n2sOq,0,0,0,7.2435e+06
2020-05-15 02:15:00,7JYdWkrLSPkdwr4,0,0,0,7.60296e+06
2020-05-16 19:30:00,sjndEbLyjtCKgGv,0,0,6431,7.02961e+06
2020-05-23 12:45:00,McdE0feGgRqW7Ca,9047.5,885.075,4962.62,7.22091e+06
2020-05-16 08:30:00,ZnxXDlPa8U1GXgE,5857.43,573.971,575.857,6.52905e+06
2020-05-16 10:30:00,WRmjgnKYAwPKWDb,10567.1,1032.91,1979.29,7.03679e+06
2020-06-15 23:15:00,YxYtjZvoooNbGkE,0,0,6633,7.41334e+06
2020-05-27 00:00:00,ZoEaEvLYb1n2sOq,0,0,0,7.18669e+06
2020-06-04 14:15:00,wCURE6d3bPkepu2,8073.43,789.186,5834.71,6.93661e+06
2020-06-01 12:15:00,z9Y9gH1T5YWrNuG,7442.71,728.171,3859,7.13776e+06
2020-06-12 20:15:00,uHbuxQJl8lW7ozc,0,0,5888,7.25209e+06
2020-06-17 21:45:00,ZoEaEvLYb1n2sOq,0,0,5871,7.34175e+06
2020-05-28 20:45:00,uHbuxQJl8lW7ozc,0,0,8374,7.14363e+06
2020-06-02 19:45:00,wCURE6d3bPkepu2,0,0,7525,6.92287e+06
2020-05-15 22:15:00,bvBOhCH3iADSZry,0,0,5707,6.32251e+06
2020-06-04 18:45:00,1BY6WEcLGh8j5v7,0,0,7571,6.40538e+06
2020-06-06 12:45:00,VHMLBKoKgIrUVDU,7388.75,722.538,4181.75,7.37574e+06
2020-05-31 18:00:00,rGa61gmuvPhdLxV,685.857,66.4571,5878.71,7.23632e+06
2020-06-05 02:45:00,WRmjgnKYAwPKWDb,0,0,0,7.18266e+06
2020-05-26 05:45:00,3PZuoBAID5Wc2HD,0,0,0,7.07064e+06
2020-06-01 09:00:00,7JYdWkrLSPkdwr4,7068.38,692.163,1127,7.72895e+06
2020-06-11 12:45:00,iCRJl6heRkivqQ3,5790,567.337,2906.88,7.38269e+06
2020-05-17 07:45:00,7JYdWkrLSPkdwr4,4335.29,425.557,249.143,7.61579e+06
2020-06-17 15:30:00,1IF53ai7Xc0U56Y,952.571,92.4857,5579,6.43311e+06
2020-05-31 20:30:00,WRmjgnKYAwPKWDb,0,0,5837,7.15387e+06
2020-05-19 21:45:00,zBIq5rxdHJRwDNY,0,0,6924,6.37197e+06
2020-06-15 02:15:00,ZnxXDlPa8U1GXgE,0,0,0,6.75175e+06
2020-06-16 05:30:00,YxYtjZvoooNbGkE,0,0,0,7.41334e+06
2020-06-17 00:45:00,bvBOhCH3iADSZry,0,0,0,6.53355e+06
2020-06-01 09:30:00,uHbuxQJl8lW7ozc,6088.43,596.557,1409.43,7.16676e+06
2020-05-22 21:00:00,zBIq5rxdHJRwDNY,0,0,0,6.39581e+06
2020-06-03 04:00:00,sjndEbLyjtCKgGv,0,0,0,7.15545e+06
2020-06-05 01:15:00,zBIq5rxdHJRwDNY,0,0,0,6.49258e+06
2020-05-25 02:00:00,iCRJl6heRkivqQ3,0,0,0,7.25126e+06
2020-06-10 05:30:00,McdE0feGgRqW7Ca,0,0,0,7.35502e+06
2020-06-13 14:45:00,YxYtjZvoooNbGkE,10878.4,1063.17,6868.14,7.39793e+06
2020-06-14 15:45:00,1BY6WEcLGh8j5v7,5337.29,523.171,3470.14,6.46713e+06
2020-05-31 11:00:00,McdE0feGgRqW7Ca,5413.88,530.55,2435.38,7.283e+06
2020-06-16 20:45:00,uHbuxQJl8lW7ozc,0,0,6292,7.28104e+06
2020-06-06 15:45:00,ih0vzX44oOqAx2f,3208.5,315.175,5925.75,6.3504e+06
2020-05-22 01:00:00,uHbuxQJl8lW7ozc,0,0,0,7.08798e+06
2020-06-14 14:45:00,McdE0feGgRqW7Ca,6618.71,648.314,6043.29,7.38797e+06
2020-06-12 15:15:00,wCURE6d3bPkepu2,4967,487.025,5056.62,6.99311e+06
2020-06-09 11:45:00,McdE0feGgRqW7Ca,12892.1,1257.4,3820.14,7.3506e+06
2020-05-27 09:15:00,sjndEbLyjtCKgGv,8525.25,834.112,1204.25,7.10709e+06
2020-05-26 18:15:00,3PZuoBAID5Wc2HD,153,14.8,8074.5,7.07871e+06
2020-06-12 00:00:00,uHbuxQJl8lW7ozc,0,0,0,7.24621e+06
2020-05-25 03:15:00,adLQvlD726eNBSB,0,0,0,6.34613e+06
2020-06-10 11:00:00,YxYtjZvoooNbGkE,4609,452.238,2137.25,7.37541e+06
2020-05-20 21:30:00,sjndEbLyjtCKgGv,0,0,8777,7.05806e+06
2020-05-17 11:45:00,wCURE6d3bPkepu2,11546.6,1126.61,3739,6.79921e+06
2020-05-23 03:30:00,VHMLBKoKgIrUVDU,0,0,0,7.26372e+06
2020-06-10 14:00:00,1BY6WEcLGh8j5v7,6583.29,644.714,4626.86,6.4437e+06
2020-05-17 18:30:00,WRmjgnKYAwPKWDb,0,0,7674,7.0491e+06
2020-06-13 10:00:00,YxYtjZvoooNbGkE,7574,740.688,1865.38,7.39292e+06
2020-05-24 22:45:00,3PZuoBAID5Wc2HD,0,0,8300,7.06157e+06
2020-06-03 05:15:00,iCRJl6heRkivqQ3,0,0,0,7.31781e+06
2020-05-22 00:30:00,uHbuxQJl8lW7ozc,0,0,0,7.08798e+06
2020-05-22 22:45:00,pkci93gMrogZuBj,0,0,0,7.2252e+06
2020-05-29 22:15:00,McdE0feGgRqW7Ca,0,0,0,7.27321e+06
2020-06-06 08:15:00,WRmjgnKYAwPKWDb,5625.14,551.329,647.857,7.19092e+06
2020-06-15 06:45:00,1BY6WEcLGh8j5v7,1375.12,134.088,48.875,6.46772e+06
2020-06-07 22:00:00,ZoEaEvLYb1n2sOq,0,0,8085,7.27345e+06
2020-06-11 16:15:00,VHMLBKoKgIrUVDU,4508.57,442.514,5302.29,7.4146e+06
2020-05-26 01:15:00,zBIq5rxdHJRwDNY,0,0,0,6.4202e+06
2020-06-16 17:15:00,zVJPv84UY57bAof,1749.43,171.486,6152.57,7.35725e+06
2020-05-20 08:45:00,bvBOhCH3iADSZry,6509.71,637.686,802.857,6.34771e+06
2020-06-14 04:15:00,bvBOhCH3iADSZry,0,0,0,6.51764e+06
2020-05-18 04:30:00,McdE0feGgRqW7Ca,0,0,0,7.17963e+06
2020-06-10 23:30:00,ih0vzX44oOqAx2f,0,0,6277,6.38103e+06
2020-05-17 09:30:00,zVJPv84UY57bAof,8334.12,815.562,1317.5,7.12985e+06
2020-06-16 06:45:00,zVJPv84UY57bAof,994.429,96.5857,30.1429,7.35113e+06
2020-05-21 12:00:00,pkci93gMrogZuBj,10327.7,1008.21,3798.57,7.214e+06
2020-05-24 23:30:00,rGa61gmuvPhdLxV,0,0,8002,7.1833e+06
2020-06-07 01:15:00,sjndEbLyjtCKgGv,0,0,0,7.18566e+06
2020-05-16 03:15:00,7JYdWkrLSPkdwr4,0,0,0,7.60908e+06
2020-06-09 03:45:00,uHbuxQJl8lW7ozc,0,0,0,7.22555e+06
2020-06-16 09:00:00,WRmjgnKYAwPKWDb,5982.14,586.143,909.857,7.26222e+06
2020-06-04 23:30:00,z9Y9gH1T5YWrNuG,0,0,0,7.16326e+06
2020-06-10 18:45:00,zVJPv84UY57bAof,0,0,6560,7.31702e+06
2020-05-18 04:45:00,1BY6WEcLGh8j5v7,0,0,0,6.27865e+06
2020-05-29 07:30:00,zBIq5rxdHJRwDNY,2110.12,206.875,182.125,6.44218e+06
2020-05-15 22:00:00,3PZuoBAID5Wc2HD,0,0,0,6.99403e+06
2020-06-17 04:30:00,zVJPv84UY57bAof,0,0,0,7.35736e+06
2020-05-26 20:15:00,sjndEbLyjtCKgGv,0,0,0,7.10589e+06
2020-05-25 05:00:00,3PZuoBAID5Wc2HD,0,0,0,7.06157e+06
2020-05-28 16:45:00,adLQvlD726eNBSB,4158.43,408.529,8375.43,6.37875e+06
2020-05-19 23:15:00,ih0vzX44oOqAx2f,0,0,6790,6.21728e+06
2020-06-14 02:00:00,zBIq5rxdHJRwDNY,0,0,0,6.55782e+06
2020-06-16 16:00:00,adLQvlD726eNBSB,5095.38,499.6,5940.12,6.51794e+06
2020-05-18 08:00:00,7JYdWkrLSPkdwr4,1264.75,123.037,306.125,7.62337e+06
2020-05-24 21:15:00,zBIq5rxdHJRwDNY,0,0,7277,6.41176e+06
2020-05-28 06:30:00,VHMLBKoKgIrUVDU,861.571,83.6,24.1429,7.3044e+06
2020-05-21 09:30:00,VHMLBKoKgIrUVDU,10063.4,983.962,1491.12,7.25002e+06
2020-05-23 22:15:00,ih0vzX44oOqAx2f,0,0,8395,6.24894e+06
2020-05-19 10:15:00,bvBOhCH3iADSZry,6982.43,683.643,1368.43,6.34191e+06
2020-06-02 15:45:00,adLQvlD726eNBSB,5968.86,584.786,6748.29,6.41358e+06
2020-06-17 22:45:00,pkci93gMrogZuBj,0,0,5952,7.41543e+06
2020-06-11 23:45:00,ih0vzX44oOqAx2f,0,0,5521,6.38655e+06
2020-05-31 12:30:00,VHMLBKoKgIrUVDU,7738.57,756.486,3694.43,7.33202e+06
2020-05-28 05:15:00,ZoEaEvLYb1n2sOq,0,0,0,7.19329e+06
2020-05-18 10:45:00,adLQvlD726eNBSB,5857.5,574.05,880.875,6.29319e+06
2020-05-15 21:15:00,rGa61gmuvPhdLxV,0,0,6373,7.11787e+06
2020-05-22 16:30:00,zVJPv84UY57bAof,2250.88,220.7,6985.5,7.17211e+06
2020-06-13 19:30:00,WRmjgnKYAwPKWDb,0,0,8399,7.24718e+06
2020-06-12 23:45:00,ZnxXDlPa8U1GXgE,0,0,5883,6.73578e+06
2020-05-21 17:30:00,ZnxXDlPa8U1GXgE,593.571,57.4429,7794.71,6.57184e+06
2020-05-19 15:30:00,zBIq5rxdHJRwDNY,6591.57,645.686,6045.57,6.37109e+06
2020-06-04 23:00:00,sjndEbLyjtCKgGv,0,0,0,7.17152e+06
2020-05-19 02:00:00,ZnxXDlPa8U1GXgE,0,0,0,6.54816e+06
2020-06-13 00:45:00,ZnxXDlPa8U1GXgE,0,0,0,6.73578e+06
2020-05-25 10:00:00,YxYtjZvoooNbGkE,10624.7,1038.56,1918.14,7.25457e+06
2020-06-08 21:15:00,1BY6WEcLGh8j5v7,0,0,7864,6.43161e+06
2020-06-08 00:00:00,bvBOhCH3iADSZry,0,0,0,6.47829e+06
2020-06-15 05:30:00,ZoEaEvLYb1n2sOq,0,0,0,7.32305e+06
2020-06-14 23:15:00,bvBOhCH3iADSZry,0,0,3958,6.5216e+06
2020-05-22 04:30:00,z9Y9gH1T5YWrNuG,0,0,0,7.05715e+06
2020-06-03 04:30:00,bvBOhCH3iADSZry,0,0,0,6.44549e+06
2020-05-31 08:15:00,1BY6WEcLGh8j5v7,3402.38,334.212,312.375,6.37244e+06
2020-06-11 23:30:00,3PZuoBAID5Wc2HD,0,0,5717,7.19619e+06
2020-05-23 01:00:00,ZoEaEvLYb1n2sOq,0,0,0,7.15371e+06
2020-05-30 06:15:00,sjndEbLyjtCKgGv,315.125,30.425,3.625,7.12903e+06
2020-06-10 21:00:00,McdE0feGgRqW7Ca,0,0,6606,7.36162e+06
2020-05-17 19:15:00,1BY6WEcLGh8j5v7,0,0,7045,6.27865e+06
2020-05-26 11:00:00,bvBOhCH3iADSZry,11895.1,1160.1,2815.12,6.39515e+06
2020-05-31 14:30:00,rGa61gmuvPhdLxV,2417.62,237.125,5138.5,7.23558e+06
2020-05-23 03:30:00,iCRJl6heRkivqQ3,0,0,0,7.23459e+06
2020-06-02 14:30:00,WRmjgnKYAwPKWDb,8317.75,813.413,5719.88,7.16542e+06
2020-05-16 07:30:00,McdE0feGgRqW7Ca,2504.88,245.625,169.5,7.1656e+06
2020-05-23 21:00:00,1BY6WEcLGh8j5v7,0,0,7966,6.3204e+06
2020-06-15 09:45:00,adLQvlD726eNBSB,8821.12,862.675,1844.25,6.50693e+06
2020-05-27 22:45:00,1IF53ai7Xc0U56Y,0,0,6824,6.28146e+06
2020-06-01 11:00:00,ZoEaEvLYb1n2sOq,13059.9,1273.33,2809.71,7.22545e+06
2020-05-31 11:30:00,bvBOhCH3iADSZry,12579.5,1226.49,2639,6.43032e+06
2020-06-11 14:45:00,wCURE6d3bPkepu2,6005.43,588.5,4316.57,6.98672e+06
2020-05-17 22:00:00,7JYdWkrLSPkdwr4,0,0,7526,7.62306e+06
2020-06-08 11:15:00,adLQvlD726eNBSB,11218,1094.64,3442.29,6.45683e+06
2020-05-29 21:00:00,zBIq5rxdHJRwDNY,0,0,0,6.4499e+06
2020-05-26 05:15:00,zVJPv84UY57bAof,0,0,0,7.19761e+06
2020-05-31 09:00:00,1BY6WEcLGh8j5v7,5717.57,560.329,686.857,6.37281e+06
2020-05-18 19:00:00,rGa61gmuvPhdLxV,0,0,5365,7.1369e+06
2020-06-04 09:00:00,ZnxXDlPa8U1GXgE,7724,755.957,946.714,6.67183e+06
2020-06-12 08:00:00,wCURE6d3bPkepu2,1818.25,178.012,151.75,6.98821e+06
2020-05-20 09:00:00,zVJPv84UY57bAof,7908.57,774.129,1032.57,7.14937e+06
2020-06-03 16:30:00,YxYtjZvoooNbGkE,2602.75,255.238,7374.25,7.3263e+06
2020-05-25 12:30:00,3PZuoBAID5Wc2HD,12819.5,1249.91,5025.75,7.06659e+06
2020-05-26 22:45:00,zBIq5rxdHJRwDNY,0,0,0,6.4277e+06
2020-06-09 10:30:00,z9Y9gH1T5YWrNuG,12449.1,1214.13,1982.14,7.19341e+06
2020-06-09 13:30:00,zBIq5rxdHJRwDNY,9273.62,905.987,5458.25,6.52873e+06
2020-06-17 08:15:00,VHMLBKoKgIrUVDU,3922.75,385.438,397.125,7.4506e+06
2020-06-03 16:00:00,VHMLBKoKgIrUVDU,5757,564.114,7305,7.35505e+06
2020-05-20 21:00:00,iCRJl6heRkivqQ3,0,0,8887,7.2196e+06
2020-06-01 09:30:00,z9Y9gH1T5YWrNuG,6027.38,590.562,1372.88,7.13527e+06
2020-05-19 01:45:00,adLQvlD726eNBSB,0,0,0,6.29782e+06
2020-05-28 20:45:00,3PZuoBAID5Wc2HD,0,0,8528,7.09398e+06
2020-06-11 18:00:00,zBIq5rxdHJRwDNY,627.625,60.775,5632,6.54354e+06
2020-05-27 10:00:00,rGa61gmuvPhdLxV,6072.6,595.04,1760,7.20163e+06
2020-05-28 19:45:00,zVJPv84UY57bAof,0,0,8391,7.22047e+06
2020-06-12 02:00:00,ih0vzX44oOqAx2f,0,0,0,6.38655e+06
2020-06-04 05:00:00,adLQvlD726eNBSB,0,0,0,6.42227e+06
2020-05-29 17:15:00,7JYdWkrLSPkdwr4,2327.43,228.2,7914.71,7.71474e+06
2020-06-15 02:15:00,rGa61gmuvPhdLxV,0,0,0,7.33797e+06
2020-05-21 09:30:00,zBIq5rxdHJRwDNY,9872.12,965.35,1414.5,6.38228e+06
2020-06-05 17:30:00,z9Y9gH1T5YWrNuG,3745.62,368.125,7591.5,7.17085e+06
2020-05-28 02:30:00,sjndEbLyjtCKgGv,0,0,0,7.11256e+06
2020-06-07 14:00:00,ZoEaEvLYb1n2sOq,8678,848.55,5854.88,7.27122e+06
2020-06-09 22:15:00,ih0vzX44oOqAx2f,0,0,7846,6.37476e+06
2020-06-15 01:30:00,7JYdWkrLSPkdwr4,0,0,0,7.82816e+06
2020-06-09 01:00:00,7JYdWkrLSPkdwr4,0,0,0,7.78679e+06
2020-06-12 04:30:00,YxYtjZvoooNbGkE,0,0,0,7.38528e+06
2020-06-10 21:15:00,z9Y9gH1T5YWrNuG,0,0,6412,7.20546e+06
2020-05-22 09:15:00,ih0vzX44oOqAx2f,5108.14,500.743,984.429,6.23453e+06
2020-06-17 14:15:00,3PZuoBAID5Wc2HD,6049.14,592.714,4940.29,7.23631e+06
2020-05-24 03:45:00,uHbuxQJl8lW7ozc,0,0,0,7.10375e+06
2020-05-15 11:45:00,wCURE6d3bPkepu2,8761.43,855.9,2567.14,6.78517e+06
2020-05-16 19:00:00,z9Y9gH1T5YWrNuG,0,0,6488,7.02074e+06
2020-05-18 03:30:00,ZoEaEvLYb1n2sOq,0,0,0,7.11821e+06
2020-06-05 02:30:00,zBIq5rxdHJRwDNY,0,0,0,6.49258e+06
2020-05-17 00:30:00,zVJPv84UY57bAof,0,0,0,7.12854e+06
2020-05-26 03:45:00,3PZuoBAID5Wc2HD,0,0,0,7.07064e+06
2020-05-24 03:30:00,1BY6WEcLGh8j5v7,0,0,0,6.3204e+06
2020-06-01 08:15:00,ZoEaEvLYb1n2sOq,5704.12,559.087,626,7.22327e+06
2020-06-05 01:30:00,VHMLBKoKgIrUVDU,0,0,0,7.36382e+06
2020-05-27 22:30:00,z9Y9gH1T5YWrNuG,0,0,0,7.10388e+06
2020-05-24 09:30:00,7JYdWkrLSPkdwr4,8625.62,843.825,1362.75,7.66858e+06
2020-06-01 08:30:00,rGa61gmuvPhdLxV,5529.88,542.163,771.875,7.2371e+06
2020-05-19 08:15:00,sjndEbLyjtCKgGv,2819.38,276.613,370.875,7.04278e+06
2020-05-29 08:15:00,1BY6WEcLGh8j5v7,4160.57,408.643,397.714,6.35821e+06
2020-05-27 16:45:00,VHMLBKoKgIrUVDU,2892.29,283.8,6570.29,7.30419e+06
2020-05-19 04:30:00,adLQvlD726eNBSB,0,0,0,6.29782e+06
2020-05-31 18:00:00,3PZuoBAID5Wc2HD,674.286,65.3429,5801.71,7.11529e+06
2020-06-05 19:15:00,rGa61gmuvPhdLxV,0,0,7741,7.27309e+06
2020-06-17 09:30:00,zVJPv84UY57bAof,7105.86,695.814,969.571,7.35833e+06
2020-05-24 20:45:00,ZoEaEvLYb1n2sOq,0,0,7985,7.17017e+06
2020-05-24 13:15:00,sjndEbLyjtCKgGv,12059.1,1175.76,5126.14,7.08658e+06
2020-05-20 07:15:00,wCURE6d3bPkepu2,2439.12,239.175,118.75,6.81547e+06
2020-06-11 17:45:00,VHMLBKoKgIrUVDU,993.143,96.4714,5680.86,7.41498e+06
2020-05-28 20:30:00,7JYdWkrLSPkdwr4,0,0,8278,7.70683e+06
2020-06-05 02:30:00,z9Y9gH1T5YWrNuG,0,0,0,7.16326e+06
2020-06-17 16:00:00,VHMLBKoKgIrUVDU,3239.86,318.3,5639.86,7.45584e+06
2020-05-31 04:15:00,sjndEbLyjtCKgGv,0,0,0,7.13626e+06
2020-06-16 08:45:00,3PZuoBAID5Wc2HD,6075,595.237,774.375,7.22582e+06
2020-06-07 03:30:00,bvBOhCH3iADSZry,0,0,0,6.47312e+06
2020-06-05 17:00:00,7JYdWkrLSPkdwr4,4102.14,402.729,7196.14,7.76382e+06
2020-05-17 21:00:00,bvBOhCH3iADSZry,0,0,6928,6.33558e+06
2020-06-08 16:15:00,rGa61gmuvPhdLxV,3431.5,336.7,7716,7.29539e+06
2020-05-25 03:45:00,uHbuxQJl8lW7ozc,0,0,0,7.11185e+06
2020-06-07 22:45:00,iCRJl6heRkivqQ3,0,0,8277,7.35651e+06
2020-06-07 01:45:00,YxYtjZvoooNbGkE,0,0,0,7.34881e+06
2020-06-11 10:00:00,VHMLBKoKgIrUVDU,5214.14,511.129,945.714,7.41024e+06
2020-05-24 08:45:00,McdE0feGgRqW7Ca,4980.62,488.475,826.625,7.22546e+06
2020-06-09 16:15:00,wCURE6d3bPkepu2,5691.29,557.771,7439.43,6.97541e+06
2020-05-27 05:30:00,pkci93gMrogZuBj,0,0,0,7.25829e+06
2020-05-22 09:15:00,ZnxXDlPa8U1GXgE,5327.71,522.229,1019.86,6.57288e+06
2020-05-24 00:15:00,ih0vzX44oOqAx2f,0,0,0,6.24894e+06
2020-05-17 08:00:00,zVJPv84UY57bAof,4855.57,476.2,361.429,7.1289e+06
2020-05-30 17:30:00,wCURE6d3bPkepu2,1864,182.7,7205.43,6.90309e+06
2020-05-30 00:45:00,WRmjgnKYAwPKWDb,0,0,0,7.1409e+06
2020-06-03 00:45:00,zVJPv84UY57bAof,0,0,0,7.25522e+06
2020-06-06 10:00:00,ZnxXDlPa8U1GXgE,9947.38,971.487,1755.25,6.68845e+06
2020-06-08 10:00:00,7JYdWkrLSPkdwr4,12046.8,1174.88,1882.62,7.78039e+06
2020-06-07 17:00:00,uHbuxQJl8lW7ozc,3510.14,344.814,8053.43,7.21691e+06
2020-06-10 18:45:00,WRmjgnKYAwPKWDb,0,0,6389,7.22737e+06
2020-05-17 08:30:00,uHbuxQJl8lW7ozc,5774.29,565.871,608.286,7.05195e+06
2020-05-17 04:00:00,McdE0feGgRqW7Ca,0,0,0,7.17202e+06
2020-06-13 11:45:00,3PZuoBAID5Wc2HD,11505.7,1122.84,4026.43,7.20611e+06
2020-05-31 13:30:00,7JYdWkrLSPkdwr4,5272,515.938,4362.75,7.72634e+06
2020-06-10 03:00:00,zVJPv84UY57bAof,0,0,0,7.31046e+06
2020-06-02 19:00:00,1BY6WEcLGh8j5v7,0,0,7029,6.39047e+06
2020-06-14 15:15:00,ZoEaEvLYb1n2sOq,9886.75,965.688,6362.5,7.32213e+06
2020-05-24 16:15:00,rGa61gmuvPhdLxV,3143.5,308.587,7503.88,7.1828e+06
2020-05-20 10:45:00,McdE0feGgRqW7Ca,11256.7,1099.27,2750.71,7.19485e+06
2020-05-26 18:15:00,iCRJl6heRkivqQ3,0,0,7866,7.268e+06
2020-06-07 02:45:00,uHbuxQJl8lW7ozc,0,0,0,7.20886e+06
2020-05-31 19:15:00,pkci93gMrogZuBj,0,0,5915,7.29479e+06
2020-06-16 23:00:00,1IF53ai7Xc0U56Y,0,0,6318,6.42753e+06
2020-06-06 19:30:00,bvBOhCH3iADSZry,0,0,5873,6.47312e+06
2020-05-23 13:45:00,1BY6WEcLGh8j5v7,12066.9,1176.53,5567.86,6.318e+06
2020-06-17 07:30:00,z9Y9gH1T5YWrNuG,3185.57,313.014,119,7.2455e+06
2020-05-21 13:00:00,iCRJl6heRkivqQ3,10816,1055.8,4907.29,7.22451e+06
2020-05-20 00:00:00,7JYdWkrLSPkdwr4,0,0,1709,7.63521e+06
2020-05-31 21:00:00,7JYdWkrLSPkdwr4,0,0,5843,7.72782e+06
2020-06-08 05:00:00,adLQvlD726eNBSB,0,0,0,6.45338e+06
2020-05-19 06:45:00,uHbuxQJl8lW7ozc,674.857,65.5286,11,7.06421e+06
2020-05-23 21:30:00,7JYdWkrLSPkdwr4,0,0,8450,7.66722e+06
2020-05-25 10:45:00,1IF53ai7Xc0U56Y,12007.5,1170.74,2875.62,6.26036e+06
2020-06-16 04:15:00,zBIq5rxdHJRwDNY,0,0,0,6.57183e+06
2020-06-14 20:45:00,7JYdWkrLSPkdwr4,0,0,7306,7.82816e+06
2020-06-15 15:30:00,uHbuxQJl8lW7ozc,5846.25,572.8,6164.25,7.274e+06
2020-06-10 04:00:00,zVJPv84UY57bAof,0,0,0,7.31046e+06
2020-05-15 06:15:00,ih0vzX44oOqAx2f,300,28.9571,3.14286,6.18519e+06
2020-06-03 04:00:00,pkci93gMrogZuBj,0,0,0,7.30765e+06
2020-05-27 00:15:00,zVJPv84UY57bAof,0,0,0,7.20538e+06
2020-05-17 17:15:00,zBIq5rxdHJRwDNY,1697.43,166.343,7420,6.35957e+06
2020-05-26 13:15:00,WRmjgnKYAwPKWDb,9619.71,939.129,5247.29,7.11524e+06
2020-06-04 03:15:00,rGa61gmuvPhdLxV,0,0,0,7.25714e+06
2020-06-11 06:15:00,adLQvlD726eNBSB,172.286,16.6286,2,6.47695e+06
2020-05-31 04:00:00,VHMLBKoKgIrUVDU,0,0,0,7.32833e+06
2020-06-11 00:45:00,McdE0feGgRqW7Ca,0,0,0,7.36162e+06
2020-06-03 01:30:00,ZoEaEvLYb1n2sOq,0,0,0,7.23573e+06
2020-06-02 11:00:00,uHbuxQJl8lW7ozc,9293.5,908.712,2739.12,7.17368e+06
2020-05-29 11:30:00,wCURE6d3bPkepu2,7886.88,771.513,3227.75,6.89094e+06
2020-06-03 15:00:00,1IF53ai7Xc0U56Y,11352.7,1108.09,6468.71,6.33125e+06
2020-06-01 03:15:00,zVJPv84UY57bAof,0,0,0,7.24202e+06
2020-06-12 12:45:00,uHbuxQJl8lW7ozc,8174.14,800.043,3224.29,7.24943e+06
2020-06-17 00:00:00,1IF53ai7Xc0U56Y,0,0,0,6.42753e+06
2020-05-29 16:15:00,sjndEbLyjtCKgGv,6464.86,633.314,7647.43,7.12855e+06
2020-06-09 17:45:00,iCRJl6heRkivqQ3,1443.43,140.843,8215.86,7.37317e+06
2020-05-18 04:45:00,sjndEbLyjtCKgGv,0,0,0,7.03705e+06
2020-06-11 02:45:00,z9Y9gH1T5YWrNuG,0,0,0,7.20546e+06
2020-05-20 00:45:00,7JYdWkrLSPkdwr4,0,0,0,7.63521e+06
2020-06-14 15:00:00,ZoEaEvLYb1n2sOq,8571.14,838.243,6113.86,7.32188e+06
2020-05-27 00:00:00,sjndEbLyjtCKgGv,0,0,0,7.10589e+06
2020-05-16 17:45:00,adLQvlD726eNBSB,777.5,75.4125,6683,6.28442e+06
2020-05-18 07:30:00,3PZuoBAID5Wc2HD,3508.75,344.688,212.375,7.0087e+06
2020-06-12 21:30:00,z9Y9gH1T5YWrNuG,0,0,5803,7.21687e+06
2020-05-21 12:30:00,bvBOhCH3iADSZry,6214.86,608.886,4037.43,6.35908e+06
2020-06-04 17:00:00,7JYdWkrLSPkdwr4,3909.86,384.186,7713.57,7.75634e+06
2020-06-05 02:00:00,zBIq5rxdHJRwDNY,0,0,0,6.49258e+06
2020-06-17 11:00:00,1BY6WEcLGh8j5v7,6260.57,613.086,1787.86,6.48159e+06
2020-06-16 09:45:00,adLQvlD726eNBSB,9107.71,890.9,1475.71,6.51348e+06
2020-06-01 14:45:00,1BY6WEcLGh8j5v7,2753.5,270.262,5030.75,6.38296e+06
2020-05-24 08:00:00,7JYdWkrLSPkdwr4,4748.57,465.529,410.714,7.66763e+06
2020-06-17 07:15:00,pkci93gMrogZuBj,2108.43,206.829,57.8571,7.40954e+06
2020-06-02 14:30:00,McdE0feGgRqW7Ca,8948.71,874.629,5938.14,7.29869e+06
2020-05-29 23:45:00,VHMLBKoKgIrUVDU,0,0,8172,7.32106e+06
2020-06-03 13:15:00,iCRJl6heRkivqQ3,10422.5,1018.15,4613.75,7.32243e+06
2020-06-04 10:45:00,rGa61gmuvPhdLxV,13270.1,1293.84,2306.86,7.25944e+06
2020-05-24 15:15:00,7JYdWkrLSPkdwr4,6725.62,658.562,7117.38,7.67434e+06
2020-05-20 02:30:00,ZoEaEvLYb1n2sOq,0,0,0,7.13033e+06
2020-06-15 11:00:00,adLQvlD726eNBSB,12283,1198.29,3082.25,6.50817e+06
2020-05-22 18:15:00,zVJPv84UY57bAof,107.857,10.4,7170.43,7.17229e+06
2020-05-20 07:45:00,ZnxXDlPa8U1GXgE,4365.88,428.587,281.5,6.55542e+06
2020-06-15 23:45:00,McdE0feGgRqW7Ca,0,0,6872,7.39623e+06
2020-06-01 06:30:00,zBIq5rxdHJRwDNY,976.375,94.825,23.125,6.46326e+06
2020-06-16 14:30:00,WRmjgnKYAwPKWDb,9260.29,904.657,4953.57,7.26627e+06
2020-05-23 22:30:00,zVJPv84UY57bAof,0,0,8544,7.18084e+06
2020-05-19 12:45:00,rGa61gmuvPhdLxV,11380.5,1110.95,3726.75,7.14063e+06
2020-05-22 16:30:00,VHMLBKoKgIrUVDU,2272.43,222.814,7169.86,7.26353e+06
2020-06-12 08:45:00,pkci93gMrogZuBj,4149.5,407.562,371.75,7.37533e+06
2020-05-24 06:30:00,7JYdWkrLSPkdwr4,774.714,75.1429,21.5714,7.66724e+06
2020-06-02 14:00:00,1IF53ai7Xc0U56Y,6817.62,667.737,5449.62,6.32289e+06
2020-06-13 22:00:00,uHbuxQJl8lW7ozc,0,0,8437,7.26053e+06
2020-05-15 14:45:00,1BY6WEcLGh8j5v7,6742.25,659.875,4528.5,6.26409e+06
2020-05-25 21:00:00,adLQvlD726eNBSB,0,0,9163,6.35529e+06
2020-05-21 11:15:00,ZnxXDlPa8U1GXgE,13596.3,1325.61,3070,6.56712e+06
2020-06-14 23:30:00,ih0vzX44oOqAx2f,0,0,7165,6.40768e+06
2020-06-12 07:00:00,WRmjgnKYAwPKWDb,913.125,88.6875,41.125,7.23303e+06
2020-06-14 14:45:00,adLQvlD726eNBSB,6492.88,636.025,6220.88,6.50372e+06
2020-06-14 23:45:00,1IF53ai7Xc0U56Y,0,0,7487,6.41437e+06
2020-05-21 18:15:00,VHMLBKoKgIrUVDU,0,0,7837,7.25636e+06
2020-06-03 14:45:00,zBIq5rxdHJRwDNY,9913.14,968.657,6138.71,6.48259e+06
2020-05-31 17:45:00,1IF53ai7Xc0U56Y,1062.88,103.325,5852.25,6.3114e+06
2020-05-30 01:15:00,1IF53ai7Xc0U56Y,0,0,0,6.29821e+06
2020-05-23 08:45:00,pkci93gMrogZuBj,7537.43,737.986,812.857,7.22601e+06
2020-06-13 08:00:00,z9Y9gH1T5YWrNuG,5110.43,501,399.857,7.21727e+06
2020-05-20 04:00:00,WRmjgnKYAwPKWDb,0,0,0,7.06093e+06
2020-06-11 02:15:00,rGa61gmuvPhdLxV,0,0,0,7.31077e+06
2020-06-03 03:15:00,zBIq5rxdHJRwDNY,0,0,0,6.47645e+06
2020-06-12 20:30:00,1BY6WEcLGh8j5v7,0,0,5441,6.45568e+06
2020-05-20 04:00:00,1BY6WEcLGh8j5v7,0,0,0,6.2901e+06
2020-06-05 06:15:00,z9Y9gH1T5YWrNuG,303.25,29.2875,4.75,7.16327e+06
2020-06-06 12:15:00,7JYdWkrLSPkdwr4,7898.88,771.862,3705.25,7.76785e+06
2020-06-10 09:45:00,3PZuoBAID5Wc2HD,5948,582.825,1504.88,7.18542e+06
2020-06-05 23:45:00,zBIq5rxdHJRwDNY,0,0,7723,6.5003e+06
2020-06-11 19:45:00,7JYdWkrLSPkdwr4,0,0,5573,7.80666e+06
2020-06-14 17:15:00,iCRJl6heRkivqQ3,1687.57,165.329,7290.71,7.40715e+06
2020-06-09 15:15:00,z9Y9gH1T5YWrNuG,8089.29,791.743,6345,7.19777e+06
2020-05-23 02:00:00,uHbuxQJl8lW7ozc,0,0,0,7.09525e+06
2020-05-27 09:15:00,pkci93gMrogZuBj,8905.5,871.237,1198.12,7.25949e+06
2020-06-08 17:15:00,McdE0feGgRqW7Ca,2337.62,229.037,8434.62,7.34664e+06
2020-06-16 22:30:00,McdE0feGgRqW7Ca,0,0,6365,7.4026e+06
2020-06-10 02:45:00,bvBOhCH3iADSZry,0,0,0,6.49335e+06
2020-05-17 16:45:00,ZoEaEvLYb1n2sOq,3618.62,355.425,7267.5,7.11801e+06
2020-06-11 21:00:00,3PZuoBAID5Wc2HD,0,0,5717,7.19619e+06
2020-06-08 07:00:00,ih0vzX44oOqAx2f,1546.38,151.012,77.5,6.35877e+06
2020-06-15 19:45:00,bvBOhCH3iADSZry,0,0,6192,6.52779e+06
2020-05-16 06:30:00,pkci93gMrogZuBj,692,67.0571,16.5714,7.17549e+06
2020-05-22 16:45:00,7JYdWkrLSPkdwr4,1933.62,189.537,7000,7.65864e+06
2020-06-13 01:15:00,VHMLBKoKgIrUVDU,0,0,0,7.42091e+06
2020-05-30 22:30:00,McdE0feGgRqW7Ca,0,0,7352,7.28056e+06
2020-05-16 17:30:00,wCURE6d3bPkepu2,1180.25,114.775,6498.75,6.79543e+06
2020-06-16 02:15:00,uHbuxQJl8lW7ozc,0,0,0,7.27474e+06
2020-06-12 03:45:00,3PZuoBAID5Wc2HD,0,0,0,7.19619e+06
2020-05-28 04:30:00,pkci93gMrogZuBj,0,0,0,7.26498e+06
2020-06-17 10:00:00,zVJPv84UY57bAof,6358.14,622.871,1272,7.35863e+06
2020-06-05 07:45:00,WRmjgnKYAwPKWDb,2467.86,241.986,226.714,7.18289e+06
2020-06-07 07:45:00,3PZuoBAID5Wc2HD,2508.29,245.971,237.429,7.15922e+06
2020-06-15 06:15:00,z9Y9gH1T5YWrNuG,463.375,44.825,6.75,7.23247e+06
2020-06-14 20:00:00,WRmjgnKYAwPKWDb,0,0,7405,7.25458e+06
2020-05-15 00:15:00,zVJPv84UY57bAof,0,0,0,7.11615e+06
2020-06-09 15:15:00,1BY6WEcLGh8j5v7,7637,747.643,6272.14,6.43789e+06
2020-05-31 20:30:00,ZoEaEvLYb1n2sOq,0,0,5796,7.22264e+06
2020-05-24 18:00:00,uHbuxQJl8lW7ozc,629.571,60.9571,8086.29,7.11183e+06
2020-05-25 00:15:00,ZnxXDlPa8U1GXgE,0,0,0,6.59576e+06
2020-05-30 04:45:00,3PZuoBAID5Wc2HD,0,0,0,7.10219e+06
2020-05-27 11:45:00,sjndEbLyjtCKgGv,11029.7,1076.19,3345.86,7.10923e+06
2020-06-11 11:45:00,3PZuoBAID5Wc2HD,8476.86,829.529,2107,7.19258e+06
2020-06-11 00:15:00,bvBOhCH3iADSZry,0,0,0,6.49921e+06
2020-05-16 06:30:00,WRmjgnKYAwPKWDb,720.875,69.875,15.75,7.03483e+06
2020-05-31 06:45:00,adLQvlD726eNBSB,1076.43,104.6,48,6.39482e+06
2020-06-15 02:45:00,WRmjgnKYAwPKWDb,0,0,0,7.25458e+06
2020-06-08 11:30:00,adLQvlD726eNBSB,10991,1072.39,3719,6.4571e+06
2020-06-03 17:15:00,1IF53ai7Xc0U56Y,2745.25,269.5,7747,6.33253e+06
2020-06-11 12:30:00,1BY6WEcLGh8j5v7,7434.86,727.943,2538.71,6.44752e+06
2020-06-05 05:45:00,3PZuoBAID5Wc2HD,0,0,0,7.1447e+06
2020-06-16 02:30:00,uHbuxQJl8lW7ozc,0,0,0,7.27474e+06
2020-05-23 09:30:00,1IF53ai7Xc0U56Y,9079.75,888.175,1527.38,6.24206e+06
2020-05-23 00:15:00,ZnxXDlPa8U1GXgE,0,0,0,6.57914e+06
2020-06-06 20:45:00,uHbuxQJl8lW7ozc,0,0,0,7.20886e+06
2020-06-14 16:15:00,McdE0feGgRqW7Ca,4331.86,425.3,7115.14,7.38904e+06
2020-06-02 15:15:00,adLQvlD726eNBSB,5436.86,532.914,6461.86,6.41329e+06
2020-06-11 21:45:00,adLQvlD726eNBSB,0,0,5790,6.48273e+06
2020-06-06 03:15:00,1IF53ai7Xc0U56Y,0,0,0,6.34856e+06
2020-05-16 23:15:00,iCRJl6heRkivqQ3,0,0,6438,7.19085e+06
2020-06-11 15:45:00,7JYdWkrLSPkdwr4,6119.29,599.514,4923.14,7.80601e+06
2020-05-27 22:45:00,rGa61gmuvPhdLxV,0,0,0,7.20655e+06
2020-05-28 14:15:00,WRmjgnKYAwPKWDb,4649.43,456.257,6560.86,7.1311e+06
2020-05-17 23:15:00,zVJPv84UY57bAof,0,0,7480,7.13602e+06
2020-05-30 04:30:00,ZnxXDlPa8U1GXgE,0,0,0,6.63607e+06
2020-05-20 13:15:00,3PZuoBAID5Wc2HD,12424.2,1211.38,5837.6,7.02635e+06
2020-05-26 07:30:00,ZnxXDlPa8U1GXgE,3370.71,331.286,193,6.60486e+06
2020-05-26 18:15:00,adLQvlD726eNBSB,164.5,15.9,8222,6.36352e+06
2020-05-26 21:45:00,ZnxXDlPa8U1GXgE,0,0,0,6.61265e+06
2020-05-27 10:15:00,zBIq5rxdHJRwDNY,5369.29,526.243,1857,6.42956e+06
2020-06-11 17:45:00,pkci93gMrogZuBj,1003.71,97.5429,5625.43,7.37492e+06
2020-05-16 08:00:00,adLQvlD726eNBSB,4440.14,436,348.143,6.27809e+06
2020-06-01 12:00:00,iCRJl6heRkivqQ3,5567.62,545.65,3572.25,7.30814e+06
2020-05-24 13:00:00,uHbuxQJl8lW7ozc,12129.4,1182.94,4819.25,7.10857e+06
2020-06-14 01:30:00,iCRJl6heRkivqQ3,0,0,0,7.39986e+06
2020-06-16 18:00:00,YxYtjZvoooNbGkE,694.875,67.35,6202.62,7.41954e+06
2020-06-08 04:30:00,wCURE6d3bPkepu2,0,0,0,6.95953e+06
2020-06-03 06:30:00,ih0vzX44oOqAx2f,602.714,58.3429,15.4286,6.32133e+06
2020-06-14 13:00:00,rGa61gmuvPhdLxV,8760.71,857.143,4118.43,7.33479e+06
2020-06-10 04:15:00,7JYdWkrLSPkdwr4,0,0,0,7.79473e+06
2020-05-17 04:15:00,YxYtjZvoooNbGkE,0,0,0,7.19273e+06
2020-05-18 16:45:00,adLQvlD726eNBSB,2916.71,286.2,5309.86,6.29762e+06
2020-05-15 15:15:00,McdE0feGgRqW7Ca,5285.29,518.086,5483,7.16445e+06
2020-06-01 11:30:00,uHbuxQJl8lW7ozc,8479.43,828.7,3097.14,7.16845e+06
2020-05-24 14:45:00,WRmjgnKYAwPKWDb,8671.43,848.129,6775.14,7.0998e+06
2020-05-26 21:00:00,WRmjgnKYAwPKWDb,0,0,0,7.11788e+06
2020-05-28 02:15:00,adLQvlD726eNBSB,0,0,0,6.37037e+06
2020-06-11 23:15:00,adLQvlD726eNBSB,0,0,5790,6.48273e+06
2020-06-15 00:15:00,zBIq5rxdHJRwDNY,0,0,0,6.56514e+06
2020-05-15 15:00:00,3PZuoBAID5Wc2HD,5306,520.2,5119.5,6.99288e+06
2020-05-25 08:15:00,7JYdWkrLSPkdwr4,6099,597.575,485,7.67573e+06
2020-06-01 18:15:00,1BY6WEcLGh8j5v7,240.714,23.2571,5505.14,6.38344e+06
2020-06-05 17:00:00,3PZuoBAID5Wc2HD,4363.86,428.543,7461.86,7.15216e+06
2020-05-27 20:45:00,7JYdWkrLSPkdwr4,0,0,6638,7.69855e+06
2020-06-09 20:30:00,bvBOhCH3iADSZry,0,0,7361,6.49335e+06
2020-05-18 13:00:00,1BY6WEcLGh8j5v7,7234,708.325,2270.38,6.28092e+06
2020-06-13 18:00:00,VHMLBKoKgIrUVDU,591.429,57.2429,8636.86,7.42955e+06
2020-06-12 17:15:00,z9Y9gH1T5YWrNuG,1794.71,175.871,5660,7.21672e+06
2020-05-27 02:30:00,WRmjgnKYAwPKWDb,0,0,0,7.11788e+06
2020-06-07 01:30:00,zVJPv84UY57bAof,0,0,0,7.28553e+06
2020-05-16 23:15:00,pkci93gMrogZuBj,0,0,6173,7.18165e+06
2020-06-14 08:45:00,ih0vzX44oOqAx2f,5102.29,500.3,713.714,6.40123e+06
2020-06-08 23:00:00,ih0vzX44oOqAx2f,0,0,8217,6.36691e+06
2020-06-14 06:00:00,uHbuxQJl8lW7ozc,40,3.87143,0.285714,7.26053e+06
2020-06-09 16:30:00,z9Y9gH1T5YWrNuG,5196.86,509.429,7189.86,7.19861e+06
2020-06-07 00:45:00,7JYdWkrLSPkdwr4,0,0,0,7.77046e+06
2020-05-15 01:30:00,zVJPv84UY57bAof,0,0,0,7.11615e+06
2020-05-27 20:00:00,ih0vzX44oOqAx2f,0,0,6564,6.27886e+06
2020-06-02 11:45:00,sjndEbLyjtCKgGv,6209.14,608.329,3252.57,7.15126e+06
2020-05-29 22:45:00,1BY6WEcLGh8j5v7,0,0,7564,6.36537e+06
2020-05-31 19:45:00,pkci93gMrogZuBj,0,0,5915,7.29479e+06
2020-05-27 19:45:00,YxYtjZvoooNbGkE,0,0,0,7.27603e+06
2020-06-03 03:15:00,ZoEaEvLYb1n2sOq,0,0,0,7.23573e+06
2020-06-06 06:00:00,bvBOhCH3iADSZry,134.286,12.9571,0.714286,6.46725e+06
2020-05-23 17:15:00,zVJPv84UY57bAof,2921.57,286.729,8371.71,7.18067e+06
2020-06-16 14:15:00,zBIq5rxdHJRwDNY,4099.14,402.614,4255.86,6.57609e+06
2020-06-15 02:30:00,bvBOhCH3iADSZry,0,0,0,6.5216e+06
2020-06-09 18:30:00,bvBOhCH3iADSZry,82.4286,7.94286,7360,6.49335e+06
2020-06-16 06:45:00,adLQvlD726eNBSB,1043.86,101.443,34.8571,6.51204e+06
2020-06-08 18:45:00,wCURE6d3bPkepu2,0,0,8443,6.96797e+06
2020-06-04 20:45:00,ZoEaEvLYb1n2sOq,0,0,0,7.25154e+06
2020-06-01 17:15:00,YxYtjZvoooNbGkE,988.286,96.0143,5711,7.31145e+06
2020-05-21 12:00:00,iCRJl6heRkivqQ3,10861,1060.53,3870.71,7.22348e+06
2020-05-28 10:30:00,pkci93gMrogZuBj,8602.86,840.443,2422,7.26741e+06
2020-06-13 11:45:00,uHbuxQJl8lW7ozc,13295.4,1296.29,3796.25,7.25589e+06
2020-06-05 09:30:00,7JYdWkrLSPkdwr4,9656,943.643,1292.71,7.75791e+06
2020-06-15 16:45:00,1IF53ai7Xc0U56Y,3999.25,392.962,6579.88,6.42095e+06
2020-05-23 19:00:00,zVJPv84UY57bAof,0,0,8544,7.18084e+06
2020-05-18 12:15:00,1IF53ai7Xc0U56Y,8893.5,870.062,1881.38,6.20623e+06
2020-06-05 02:30:00,YxYtjZvoooNbGkE,0,0,0,7.33489e+06
2020-05-31 22:00:00,adLQvlD726eNBSB,0,0,5933,6.4007e+06
2020-05-22 13:15:00,ih0vzX44oOqAx2f,11148.1,1088.05,4505,6.23805e+06
2020-06-07 19:45:00,ZnxXDlPa8U1GXgE,0,0,8209,6.70126e+06
2020-06-16 10:00:00,zBIq5rxdHJRwDNY,11644.3,1136.41,1635.86,6.57347e+06
2020-05-23 12:45:00,iCRJl6heRkivqQ3,9029.75,883.375,4952.25,7.23955e+06
2020-06-09 11:00:00,1IF53ai7Xc0U56Y,11558,1127.63,3060.71,6.37489e+06
2020-05-25 17:30:00,rGa61gmuvPhdLxV,686.429,66.5143,8771.43,7.19207e+06
2020-05-31 23:45:00,rGa61gmuvPhdLxV,0,0,5894,7.23633e+06
2020-06-01 00:15:00,1BY6WEcLGh8j5v7,0,0,0,6.37793e+06
2020-06-03 20:00:00,YxYtjZvoooNbGkE,0,0,7827,7.32676e+06
2020-06-15 19:00:00,pkci93gMrogZuBj,0,0,6795,7.40322e+06
2020-06-03 10:15:00,rGa61gmuvPhdLxV,6084.88,596.163,1530.38,7.25086e+06
2020-05-30 18:15:00,zBIq5rxdHJRwDNY,274.857,26.5571,7392.71,6.4573e+06
2020-06-08 19:00:00,YxYtjZvoooNbGkE,0,0,8343,7.36531e+06
2020-06-08 18:00:00,zVJPv84UY57bAof,841.143,81.6143,8353.29,7.30214e+06
2020-06-11 19:45:00,bvBOhCH3iADSZry,0,0,5197,6.50441e+06
2020-06-01 21:30:00,adLQvlD726eNBSB,0,0,6127,6.40683e+06
2020-05-19 15:30:00,adLQvlD726eNBSB,6836.86,669.614,6195.14,6.30401e+06
2020-06-10 18:00:00,WRmjgnKYAwPKWDb,558.571,54.0714,6380.14,7.22736e+06
2020-06-14 09:45:00,McdE0feGgRqW7Ca,8413.88,823.375,1463,7.38339e+06
2020-05-28 17:30:00,YxYtjZvoooNbGkE,1132.57,110.143,8326.57,7.28436e+06
2020-06-15 17:30:00,WRmjgnKYAwPKWDb,1464.62,142.838,6664,7.26125e+06
2020-06-09 11:30:00,ZnxXDlPa8U1GXgE,8777,858.229,3409,6.71311e+06
2020-06-17 23:30:00,zVJPv84UY57bAof,0,0,5910,7.36327e+06
2020-05-20 19:00:00,ih0vzX44oOqAx2f,0,0,8664,6.22594e+06
2020-06-04 13:15:00,7JYdWkrLSPkdwr4,13412.1,1307.67,4839.71,7.75346e+06
2020-06-06 14:15:00,McdE0feGgRqW7Ca,12369.7,1206.81,5516.43,7.3302e+06
2020-06-08 13:00:00,ih0vzX44oOqAx2f,9358,914.263,4914.5,6.36361e+06
2020-05-31 20:00:00,bvBOhCH3iADSZry,0,0,5586,6.43327e+06
2020-05-31 12:30:00,1BY6WEcLGh8j5v7,6080.62,595.737,3781.75,6.37591e+06
2020-05-18 00:45:00,WRmjgnKYAwPKWDb,0,0,0,7.0491e+06
2020-05-19 16:15:00,McdE0feGgRqW7Ca,5537.86,542.814,6571.14,7.19166e+06
2020-05-29 07:30:00,1BY6WEcLGh8j5v7,2100.75,205.975,180.25,6.35799e+06
2020-06-12 16:00:00,ih0vzX44oOqAx2f,2832.86,278.057,5270.14,6.39182e+06
2020-06-01 05:45:00,ZoEaEvLYb1n2sOq,0,0,0,7.22264e+06
2020-05-25 11:45:00,McdE0feGgRqW7Ca,12837.3,1251.61,3985.71,7.23668e+06
2020-06-08 00:15:00,bvBOhCH3iADSZry,0,0,0,6.47829e+06
2020-06-01 13:15:00,1IF53ai7Xc0U56Y,9464.75,924.663,4653.75,6.31609e+06
2020-06-02 04:15:00,7JYdWkrLSPkdwr4,0,0,0,7.73362e+06
2020-05-27 20:00:00,1IF53ai7Xc0U56Y,0,0,6824,6.28146e+06
2020-05-25 07:00:00,uHbuxQJl8lW7ozc,1670,163.414,71,7.11192e+06
2020-06-05 23:45:00,ZnxXDlPa8U1GXgE,0,0,0,6.6867e+06
2020-06-13 11:15:00,rGa61gmuvPhdLxV,12840.9,1251.99,3137.25,7.32542e+06
2020-06-11 03:30:00,1BY6WEcLGh8j5v7,0,0,0,6.44498e+06
2020-06-17 17:15:00,rGa61gmuvPhdLxV,1579.25,154.55,5847.75,7.35679e+06
2020-05-20 22:30:00,zVJPv84UY57bAof,0,0,8842,7.15718e+06
2020-05-25 09:15:00,pkci93gMrogZuBj,8834.12,864.35,1166,7.24287e+06
2020-06-08 04:15:00,zBIq5rxdHJRwDNY,0,0,0,6.51491e+06
2020-06-13 11:15:00,VHMLBKoKgIrUVDU,13252.1,1292.09,3373.29,7.42429e+06
2020-05-24 00:45:00,sjndEbLyjtCKgGv,0,0,0,7.08145e+06
2020-05-30 12:15:00,1IF53ai7Xc0U56Y,10570.1,1031.89,2943.86,6.30115e+06
2020-06-04 02:30:00,YxYtjZvoooNbGkE,0,0,0,7.32676e+06
2020-05-30 16:30:00,1IF53ai7Xc0U56Y,4266.43,418.686,6954.43,6.30517e+06
2020-06-12 13:15:00,ZnxXDlPa8U1GXgE,8004.12,783.462,3617,6.73352e+06
2020-06-06 01:15:00,McdE0feGgRqW7Ca,0,0,0,7.32468e+06
2020-06-12 09:45:00,WRmjgnKYAwPKWDb,6468.25,633.625,903.375,7.23389e+06
2020-05-31 04:00:00,ZnxXDlPa8U1GXgE,0,0,0,6.64338e+06
2020-06-04 15:00:00,sjndEbLyjtCKgGv,11256.6,1098.17,6486.5,7.16978e+06
2020-05-20 22:15:00,1BY6WEcLGh8j5v7,0,0,8249,6.29835e+06
2020-06-02 17:30:00,z9Y9gH1T5YWrNuG,950.625,92.3,7402.62,7.14723e+06
2020-06-15 15:00:00,sjndEbLyjtCKgGv,6612.29,647.643,5704.86,7.24852e+06
2020-05-31 06:00:00,ZnxXDlPa8U1GXgE,104.125,10.0375,0.75,6.64338e+06
2020-06-13 03:30:00,3PZuoBAID5Wc2HD,0,0,0,7.20209e+06
2020-06-17 21:30:00,iCRJl6heRkivqQ3,0,0,5957,7.42626e+06
2020-05-27 08:45:00,WRmjgnKYAwPKWDb,7581.86,742.3,865.857,7.11875e+06
2020-05-18 20:00:00,iCRJl6heRkivqQ3,0,0,5400,7.20377e+06
2020-06-15 04:15:00,zBIq5rxdHJRwDNY,0,0,0,6.56514e+06
2020-05-17 15:00:00,7JYdWkrLSPkdwr4,9075.88,887.737,6332.5,7.62187e+06
2020-05-18 04:00:00,VHMLBKoKgIrUVDU,0,0,0,7.2271e+06
2020-05-17 16:45:00,bvBOhCH3iADSZry,3442.38,338.2,6741.62,6.33539e+06
2020-05-19 04:00:00,rGa61gmuvPhdLxV,0,0,0,7.1369e+06
2020-05-26 03:30:00,3PZuoBAID5Wc2HD,0,0,0,7.07064e+06
2020-05-22 08:15:00,ZnxXDlPa8U1GXgE,4780.86,468.786,606.714,6.57247e+06
2020-06-14 06:45:00,McdE0feGgRqW7Ca,1095.29,106.443,37.8571,7.38196e+06
2020-06-14 00:00:00,YxYtjZvoooNbGkE,0,0,1047.5,7.39944e+06
2020-06-12 11:15:00,pkci93gMrogZuBj,7939.57,777.157,1909.29,7.37687e+06
2020-05-21 16:30:00,1IF53ai7Xc0U56Y,4351.75,427.262,7619.62,6.23305e+06
2020-06-14 20:00:00,ZnxXDlPa8U1GXgE,0,0,7404,6.75175e+06
2020-06-12 19:00:00,7JYdWkrLSPkdwr4,0,0,5753,7.81242e+06
2020-06-01 07:00:00,YxYtjZvoooNbGkE,2060.29,201.971,95.7143,7.30583e+06
2020-05-30 22:00:00,1BY6WEcLGh8j5v7,0,0,6754,6.37213e+06
2020-05-17 04:00:00,7JYdWkrLSPkdwr4,0,0,0,7.61554e+06
2020-06-12 12:00:00,McdE0feGgRqW7Ca,10693.4,1044.21,2679.43,7.37005e+06
2020-05-15 07:30:00,1BY6WEcLGh8j5v7,1842.29,180.586,162.429,6.25972e+06
2020-06-10 00:45:00,pkci93gMrogZuBj,0,0,0,7.36272e+06
2020-05-31 05:00:00,z9Y9gH1T5YWrNuG,0,0,0,7.1276e+06
2020-06-11 02:30:00,z9Y9gH1T5YWrNuG,0,0,0,7.20546e+06
2020-06-05 08:30:00,1BY6WEcLGh8j5v7,6095.38,597.025,499.25,6.40588e+06
2020-05-19 03:45:00,ih0vzX44oOqAx2f,0,0,0,6.21049e+06
2020-05-19 09:00:00,McdE0feGgRqW7Ca,5265.43,516.157,679.714,7.18577e+06
2020-06-04 18:00:00,ZoEaEvLYb1n2sOq,875.75,85.025,8021,7.25152e+06
2020-05-16 19:30:00,1IF53ai7Xc0U56Y,0,0,6592,6.19659e+06
2020-05-18 17:00:00,zVJPv84UY57bAof,2228.71,218.514,5261.86,7.14128e+06
2020-05-30 08:30:00,1BY6WEcLGh8j5v7,3374.88,331.812,452,6.36583e+06
2020-06-04 01:15:00,z9Y9gH1T5YWrNuG,0,0,0,7.15511e+06
2020-06-17 11:30:00,bvBOhCH3iADSZry,6996.43,685.186,2135.57,6.53568e+06
2020-06-07 11:15:00,pkci93gMrogZuBj,13720,1337.71,2723.86,7.34064e+06
2020-06-04 11:45:00,adLQvlD726eNBSB,10971.9,1071.55,3442.75,6.42571e+06
2020-06-17 13:15:00,ZoEaEvLYb1n2sOq,8219.86,804.443,4034.71,7.33992e+06
2020-06-01 00:45:00,YxYtjZvoooNbGkE,0,0,0,7.30574e+06
2020-06-17 04:15:00,ZnxXDlPa8U1GXgE,0,0,0,6.76481e+06
2020-06-10 05:30:00,pkci93gMrogZuBj,0,0,0,7.36272e+06
2020-05-29 15:15:00,1BY6WEcLGh8j5v7,7373.86,722,6476.71,6.36429e+06
2020-06-01 15:45:00,rGa61gmuvPhdLxV,1476.62,144.088,5332.5,7.24166e+06
2020-05-28 08:00:00,sjndEbLyjtCKgGv,4920.25,482.475,410.875,7.11298e+06
2020-05-16 03:30:00,VHMLBKoKgIrUVDU,0,0,0,7.21267e+06
2020-06-03 15:30:00,iCRJl6heRkivqQ3,7209.12,705.763,6924.5,7.32474e+06
2020-06-11 23:15:00,zVJPv84UY57bAof,0,0,5671,7.32269e+06
2020-06-03 07:45:00,rGa61gmuvPhdLxV,3302.86,324.743,241.286,7.24957e+06
2020-06-17 23:30:00,bvBOhCH3iADSZry,0,0,5460,6.53901e+06
2020-05-15 00:00:00,WRmjgnKYAwPKWDb,0,0,0,7.02867e+06
2020-06-08 16:00:00,McdE0feGgRqW7Ca,5062,495.357,7924.14,7.34613e+06
2020-06-15 05:00:00,z9Y9gH1T5YWrNuG,0,0,0,7.23247e+06
2020-06-07 10:00:00,ih0vzX44oOqAx2f,6484.57,635.243,1475.29,6.35215e+06
2020-05-23 12:45:00,bvBOhCH3iADSZry,8297.88,812.062,4509.88,6.37342e+06
2020-05-23 13:30:00,ZnxXDlPa8U1GXgE,11632.4,1134.59,5697.57,6.58484e+06
2020-06-12 17:45:00,z9Y9gH1T5YWrNuG,1539.14,150.2,5754.71,7.21682e+06
2020-05-16 04:15:00,1BY6WEcLGh8j5v7,0,0,0,6.26531e+06
2020-05-17 13:30:00,pkci93gMrogZuBj,12090.4,1179.4,5047.86,7.1867e+06
2020-06-03 07:00:00,pkci93gMrogZuBj,1433.88,139.838,60.875,7.30771e+06
2020-06-12 20:15:00,sjndEbLyjtCKgGv,0,0,5847,7.2271e+06
2020-06-15 05:45:00,z9Y9gH1T5YWrNuG,0,0,0,7.23247e+06
2020-06-10 04:15:00,VHMLBKoKgIrUVDU,0,0,0,7.40282e+06
2020-06-07 22:00:00,McdE0feGgRqW7Ca,0,0,7042,7.3382e+06
2020-06-09 23:00:00,ZoEaEvLYb1n2sOq,0,0,7955,7.28968e+06
2020-06-03 05:00:00,1BY6WEcLGh8j5v7,0,0,0,6.39047e+06
2020-06-11 11:00:00,ZnxXDlPa8U1GXgE,7253.29,710.229,1509.14,6.72572e+06
2020-06-13 17:30:00,McdE0feGgRqW7Ca,1252.14,122.1,8534.14,7.38186e+06
2020-06-17 08:30:00,VHMLBKoKgIrUVDU,4175.29,410.171,499.286,7.4507e+06
2020-06-11 02:00:00,z9Y9gH1T5YWrNuG,0,0,0,7.20546e+06
2020-05-26 15:15:00,VHMLBKoKgIrUVDU,4107,403.171,6901,7.29643e+06
2020-05-20 08:30:00,McdE0feGgRqW7Ca,6830.38,668.987,696.125,7.19279e+06
2020-05-18 06:15:00,ZnxXDlPa8U1GXgE,402,38.8714,6.28571,6.54274e+06
2020-06-04 23:45:00,iCRJl6heRkivqQ3,0,0,0,7.334e+06
2020-06-13 03:45:00,zVJPv84UY57bAof,0,0,0,7.32855e+06
2020-06-08 16:00:00,iCRJl6heRkivqQ3,5006.86,489.957,7779.14,7.36429e+06
2020-06-04 21:15:00,zVJPv84UY57bAof,0,0,0,7.27127e+06
2020-06-11 16:15:00,zBIq5rxdHJRwDNY,4516.14,443.243,5236.29,6.54314e+06
2020-05-28 13:15:00,1BY6WEcLGh8j5v7,9341.88,911.9,5487.38,6.35532e+06
2020-06-11 04:15:00,VHMLBKoKgIrUVDU,0,0,0,7.4093e+06
2020-05-23 11:45:00,uHbuxQJl8lW7ozc,12081.7,1178.41,3715,7.09897e+06
2020-05-30 02:30:00,3PZuoBAID5Wc2HD,0,0,0,7.10219e+06
2020-05-19 15:00:00,1BY6WEcLGh8j5v7,6554,641.913,5354.75,6.289e+06
2020-06-17 01:00:00,WRmjgnKYAwPKWDb,0,0,0,7.26758e+06
2020-05-30 16:00:00,VHMLBKoKgIrUVDU,6691.43,655.4,6633.57,7.32769e+06
2020-06-11 15:45:00,1BY6WEcLGh8j5v7,5787.43,567.229,4650.14,6.44963e+06
2020-06-03 04:00:00,YxYtjZvoooNbGkE,0,0,0,7.31893e+06
2020-05-16 10:30:00,zVJPv84UY57bAof,8549.12,836.413,1855,7.12397e+06
2020-05-16 22:15:00,WRmjgnKYAwPKWDb,0,0,6615,7.04143e+06
2020-05-18 02:30:00,bvBOhCH3iADSZry,0,0,0,6.33558e+06
2020-06-03 07:00:00,VHMLBKoKgIrUVDU,1477,144.086,63,7.34781e+06
2020-05-22 12:00:00,zBIq5rxdHJRwDNY,12931,1261.14,3250.57,6.39185e+06
2020-06-03 05:15:00,uHbuxQJl8lW7ozc,0,0,0,7.1784e+06
2020-06-01 09:15:00,iCRJl6heRkivqQ3,5820.62,570.5,1250.62,7.30582e+06
2020-05-22 07:30:00,z9Y9gH1T5YWrNuG,4389.38,431.15,248.5,7.0574e+06
2020-06-13 21:45:00,McdE0feGgRqW7Ca,0,0,8595,7.38192e+06
2020-05-22 14:15:00,WRmjgnKYAwPKWDb,9954.14,971.371,5630.86,7.08299e+06
2020-05-15 07:00:00,ZnxXDlPa8U1GXgE,1904.57,186.7,81,6.52225e+06
2020-05-26 21:00:00,z9Y9gH1T5YWrNuG,0,0,0,7.09718e+06
2020-05-26 10:00:00,pkci93gMrogZuBj,10639.3,1039.94,1939.86,7.25246e+06
2020-05-15 13:30:00,ih0vzX44oOqAx2f,7921.5,775.375,3882.5,6.18906e+06
2020-06-01 17:00:00,YxYtjZvoooNbGkE,1311.43,127.586,5684.29,7.31142e+06
2020-06-06 18:30:00,ZnxXDlPa8U1GXgE,0,0,6355,6.69305e+06
2020-06-13 22:30:00,ih0vzX44oOqAx2f,0,0,8255,6.40052e+06
2020-05-25 11:45:00,sjndEbLyjtCKgGv,12518.6,1220.56,3881.57,7.09323e+06
2020-06-01 17:00:00,z9Y9gH1T5YWrNuG,1293.57,125.857,5840,7.13974e+06
2020-05-22 12:00:00,WRmjgnKYAwPKWDb,12776.5,1246.01,3342.38,7.0807e+06
2020-06-05 00:30:00,sjndEbLyjtCKgGv,0,0,0,7.17152e+06
2020-06-15 14:15:00,WRmjgnKYAwPKWDb,6278.62,614.625,5125.75,7.25971e+06
2020-05-17 10:00:00,iCRJl6heRkivqQ3,9923.5,970.275,1795.38,7.19264e+06
2020-05-21 17:15:00,ZoEaEvLYb1n2sOq,752.625,72.9875,7572.25,7.14664e+06
2020-06-10 21:45:00,iCRJl6heRkivqQ3,0,0,6559,7.37978e+06
2020-05-28 18:30:00,1IF53ai7Xc0U56Y,74.5,7.1875,8495.5,6.28996e+06
2020-06-15 08:00:00,zBIq5rxdHJRwDNY,6383,625.329,378.571,6.56552e+06
2020-05-24 09:30:00,VHMLBKoKgIrUVDU,9140.38,893.938,1415,7.27375e+06
2020-06-09 01:45:00,z9Y9gH1T5YWrNuG,0,0,0,7.19142e+06
2020-05-21 17:30:00,zVJPv84UY57bAof,593.143,57.4,7915,7.16509e+06
2020-06-06 21:45:00,1IF53ai7Xc0U56Y,0,0,6542,6.3551e+06
2020-05-23 04:45:00,adLQvlD726eNBSB,0,0,0,6.32895e+06
2020-06-02 12:45:00,uHbuxQJl8lW7ozc,11014.6,1075.83,4156,7.1751e+06
2020-05-25 19:30:00,YxYtjZvoooNbGkE,0,0,8813,7.26146e+06
2020-05-19 07:30:00,iCRJl6heRkivqQ3,2732.86,268.157,177.429,7.20394e+06
2020-06-03 19:15:00,1BY6WEcLGh8j5v7,0,0,7341,6.39781e+06
2020-06-10 03:45:00,YxYtjZvoooNbGkE,0,0,0,7.37327e+06
2020-06-08 08:15:00,ZnxXDlPa8U1GXgE,3355.86,329.929,454.429,6.70172e+06
2020-05-27 16:00:00,ZnxXDlPa8U1GXgE,6815.29,667.514,6163.86,6.61881e+06
2020-05-22 03:45:00,3PZuoBAID5Wc2HD,0,0,0,7.0373e+06
2020-06-08 11:30:00,VHMLBKoKgIrUVDU,10768.1,1051.24,3644.5,7.38985e+06
2020-05-22 13:30:00,ZoEaEvLYb1n2sOq,10354.6,1010.61,4759.25,7.15144e+06
2020-06-09 06:30:00,WRmjgnKYAwPKWDb,895.286,86.9429,24.8571,7.21303e+06
2020-06-07 08:30:00,adLQvlD726eNBSB,3756.57,369.171,500.714,6.44553e+06
2020-06-09 05:45:00,iCRJl6heRkivqQ3,0,0,0,7.36496e+06
2020-06-16 21:30:00,WRmjgnKYAwPKWDb,0,0,6264,7.26758e+06
2020-06-15 18:15:00,WRmjgnKYAwPKWDb,231.143,22.3286,6727.86,7.26131e+06
2020-06-08 15:30:00,uHbuxQJl8lW7ozc,5998.29,587.514,7456.29,7.22461e+06
2020-05-18 02:30:00,z9Y9gH1T5YWrNuG,0,0,0,7.02823e+06
2020-06-08 10:15:00,WRmjgnKYAwPKWDb,10232.6,998.457,2199.57,7.20688e+06
2020-06-10 03:45:00,bvBOhCH3iADSZry,0,0,0,6.49335e+06
2020-05-28 14:15:00,zBIq5rxdHJRwDNY,6235.29,610.414,6122.14,6.44021e+06
2020-06-06 04:45:00,wCURE6d3bPkepu2,0,0,0,6.94677e+06
2020-05-15 01:45:00,McdE0feGgRqW7Ca,0,0,0,7.15896e+06
2020-06-06 10:15:00,zVJPv84UY57bAof,9142.5,892.95,2022.62,7.28111e+06
2020-06-10 16:45:00,z9Y9gH1T5YWrNuG,2812.71,276.014,6178,7.20523e+06
2020-06-12 08:15:00,VHMLBKoKgIrUVDU,2843.57,278.9,210.286,7.41522e+06
2020-05-20 05:30:00,WRmjgnKYAwPKWDb,0,0,0,7.06093e+06
2020-05-23 04:00:00,rGa61gmuvPhdLxV,0,0,0,7.16714e+06
2020-05-20 02:15:00,bvBOhCH3iADSZry,0,0,0,6.34691e+06
2020-06-09 10:15:00,ZoEaEvLYb1n2sOq,10480.7,1023.01,2043.43,7.28377e+06
2020-06-04 05:15:00,ZoEaEvLYb1n2sOq,0,0,0,7.2435e+06
2020-06-04 20:30:00,rGa61gmuvPhdLxV,0,0,0,7.26535e+06
2020-05-28 15:30:00,uHbuxQJl8lW7ozc,8506.75,832.438,7509.62,7.14277e+06
2020-05-16 14:15:00,VHMLBKoKgIrUVDU,8806.29,861.557,5246.57,7.21791e+06
2020-05-21 20:45:00,rGa61gmuvPhdLxV,0,0,7766,7.1604e+06
2020-05-22 00:00:00,ZnxXDlPa8U1GXgE,0,0,0,6.57186e+06
2020-05-15 14:30:00,1BY6WEcLGh8j5v7,5429.86,532.229,4398.14,6.26396e+06
2020-06-03 11:30:00,uHbuxQJl8lW7ozc,10980.9,1072.64,2709.29,7.18111e+06
2020-06-10 17:00:00,WRmjgnKYAwPKWDb,2358.29,231.229,6217.57,7.2272e+06
2020-05-27 12:00:00,bvBOhCH3iADSZry,9487.62,926.825,3386.88,6.40309e+06
2020-05-22 04:15:00,ZnxXDlPa8U1GXgE,0,0,0,6.57186e+06
2020-06-02 13:15:00,z9Y9gH1T5YWrNuG,11597,1131.78,4661.25,7.14449e+06
2020-06-01 01:00:00,WRmjgnKYAwPKWDb,0,0,0,7.15387e+06
2020-06-07 13:30:00,1IF53ai7Xc0U56Y,10051.5,981.15,5576.25,6.36068e+06
2020-05-24 14:00:00,VHMLBKoKgIrUVDU,7146.14,699.586,6230.71,7.27856e+06
2020-06-01 13:45:00,7JYdWkrLSPkdwr4,5884,576.55,4884,7.7327e+06
2020-06-02 14:00:00,McdE0feGgRqW7Ca,6804.57,666.443,5582.86,7.29833e+06
2020-06-14 23:00:00,wCURE6d3bPkepu2,0,0,7329,7.0097e+06
2020-06-11 12:30:00,WRmjgnKYAwPKWDb,8017.88,784.8,2735.88,7.2301e+06
2020-06-01 11:45:00,wCURE6d3bPkepu2,7522.86,735.657,3608.86,6.91301e+06
2020-06-08 23:45:00,VHMLBKoKgIrUVDU,0,0,8488,7.3947e+06
2020-06-08 06:15:00,pkci93gMrogZuBj,446.75,43.225,6.5,7.34614e+06
2020-06-03 19:30:00,zVJPv84UY57bAof,0,0,7836,7.26305e+06
2020-05-26 01:15:00,3PZuoBAID5Wc2HD,0,0,0,7.07064e+06
2020-05-24 11:45:00,pkci93gMrogZuBj,10562.1,1030.63,3304,7.23698e+06
2020-05-28 12:15:00,zVJPv84UY57bAof,13075,1275.25,4448.83,7.21653e+06
2020-06-02 20:45:00,zBIq5rxdHJRwDNY,0,0,7421,6.47645e+06
2020-06-10 23:15:00,z9Y9gH1T5YWrNuG,0,0,6412,7.20546e+06
2020-06-15 09:00:00,pkci93gMrogZuBj,7296.86,714.386,1071.57,7.39749e+06
2020-06-10 17:15:00,iCRJl6heRkivqQ3,2532.86,248.386,6447.86,7.37967e+06
2020-06-07 23:00:00,rGa61gmuvPhdLxV,0,0,8172,7.28767e+06
2020-05-17 08:15:00,zBIq5rxdHJRwDNY,5089.29,498.929,478,6.35263e+06
2020-06-05 14:00:00,pkci93gMrogZuBj,10713.9,1045.72,5207.75,7.3289e+06
2020-05-19 01:15:00,sjndEbLyjtCKgGv,0,0,0,7.0424e+06
2020-06-03 07:30:00,7JYdWkrLSPkdwr4,2803.29,274.957,169.143,7.74104e+06
2020-06-03 00:30:00,adLQvlD726eNBSB,0,0,0,6.41428e+06
2020-06-17 05:45:00,wCURE6d3bPkepu2,0,0,0,7.02272e+06
2020-05-23 08:00:00,uHbuxQJl8lW7ozc,4528.86,444.529,328,7.09558e+06
2020-06-08 19:30:00,uHbuxQJl8lW7ozc,0,0,8405,7.22555e+06
2020-05-18 21:45:00,WRmjgnKYAwPKWDb,0,0,5348,7.05445e+06
2020-05-26 20:00:00,ZnxXDlPa8U1GXgE,0,0,0,6.61265e+06
2020-06-06 08:15:00,ZoEaEvLYb1n2sOq,5377.38,527.163,592,7.25967e+06
2020-06-10 18:30:00,ZnxXDlPa8U1GXgE,0,0,6438,6.72421e+06
2020-05-20 12:15:00,ZoEaEvLYb1n2sOq,12727.4,1240.91,4433,7.13476e+06
2020-06-17 08:30:00,adLQvlD726eNBSB,4253.14,417.786,512.857,6.51891e+06
2020-06-03 20:00:00,1IF53ai7Xc0U56Y,0,0,7875,6.33266e+06
2020-06-08 19:30:00,7JYdWkrLSPkdwr4,0,0,8283,7.78679e+06
2020-06-09 13:00:00,z9Y9gH1T5YWrNuG,10550.6,1029.8,4521.25,7.19595e+06
2020-05-30 19:15:00,3PZuoBAID5Wc2HD,0,0,7299,7.10949e+06
2020-06-09 17:30:00,VHMLBKoKgIrUVDU,2075.57,203.471,8026.71,7.40272e+06
2020-05-23 03:15:00,McdE0feGgRqW7Ca,0,0,0,7.21595e+06
2020-06-17 21:15:00,McdE0feGgRqW7Ca,0,0,5992,7.40859e+06
2020-05-15 00:15:00,pkci93gMrogZuBj,0,0,0,7.1691e+06
2020-06-11 15:00:00,zBIq5rxdHJRwDNY,7452.43,729.529,4468.57,6.54237e+06
2020-06-17 20:15:00,YxYtjZvoooNbGkE,0,0,5886,7.42544e+06
2020-05-28 11:45:00,1BY6WEcLGh8j5v7,12244.2,1194.14,3740.38,6.35357e+06
2020-05-28 07:45:00,zBIq5rxdHJRwDNY,3953.71,388.5,286.429,6.43437e+06
2020-06-11 16:45:00,ih0vzX44oOqAx2f,3077.57,302.243,5297.57,6.38633e+06
2020-06-12 15:30:00,wCURE6d3bPkepu2,5845.14,572.786,5188.14,6.99324e+06
2020-06-10 18:00:00,1BY6WEcLGh8j5v7,517.286,50.0714,5902.57,6.44497e+06
2020-05-26 15:15:00,zVJPv84UY57bAof,5041.75,494.15,6630.25,7.20424e+06
2020-05-15 08:45:00,WRmjgnKYAwPKWDb,5739.71,562.643,627.286,7.0293e+06
2020-06-17 10:00:00,bvBOhCH3iADSZry,5737.14,562.243,1171.29,6.53472e+06
2020-05-26 20:30:00,VHMLBKoKgIrUVDU,0,0,0,7.29762e+06
2020-05-28 12:00:00,bvBOhCH3iADSZry,11920.1,1162.61,3925.29,6.40976e+06
2020-05-31 06:00:00,adLQvlD726eNBSB,128.25,12.375,0.625,6.39477e+06
2020-06-04 11:15:00,McdE0feGgRqW7Ca,9468.5,925.35,2941.5,7.31131e+06
2020-06-01 06:00:00,ZnxXDlPa8U1GXgE,86.7143,8.37143,0.714286,6.64953e+06
2020-05-27 03:30:00,YxYtjZvoooNbGkE,0,0,0,7.26933e+06
2020-05-23 12:45:00,pkci93gMrogZuBj,9082.5,888.487,4861,7.23006e+06
2020-06-04 08:45:00,uHbuxQJl8lW7ozc,4740,464.7,737.571,7.18699e+06
2020-06-11 04:30:00,ZnxXDlPa8U1GXgE,0,0,0,6.72421e+06
2020-06-06 00:15:00,3PZuoBAID5Wc2HD,0,0,0,7.15249e+06
2020-05-21 15:00:00,pkci93gMrogZuBj,8042.43,786.829,6795.86,7.21699e+06
2020-06-01 19:30:00,3PZuoBAID5Wc2HD,0,0,5965,7.12127e+06
2020-06-04 23:15:00,sjndEbLyjtCKgGv,0,0,0,7.17152e+06
2020-06-15 04:45:00,1BY6WEcLGh8j5v7,0,0,0,6.46768e+06
2020-05-19 20:00:00,z9Y9gH1T5YWrNuG,0,0,6892,7.04046e+06
2020-06-09 06:15:00,rGa61gmuvPhdLxV,471.143,45.5429,9.42857,7.29597e+06
2020-06-07 07:30:00,sjndEbLyjtCKgGv,2081.57,204.057,180,7.18584e+06
2020-06-16 08:30:00,zVJPv84UY57bAof,5655.25,554.263,586.875,7.35169e+06
2020-06-12 08:00:00,rGa61gmuvPhdLxV,1844.86,180.614,151.857,7.31658e+06
2020-06-01 11:00:00,1IF53ai7Xc0U56Y,11808,1152.11,2945.86,6.31438e+06
2020-05-20 06:00:00,WRmjgnKYAwPKWDb,123.25,11.9125,0.25,7.06093e+06
2020-06-07 14:30:00,1IF53ai7Xc0U56Y,7881.43,770.443,6468.14,6.36157e+06
2020-06-05 23:00:00,ZnxXDlPa8U1GXgE,0,0,0,6.6867e+06
2020-05-21 15:30:00,ZoEaEvLYb1n2sOq,7732.88,756.95,6965.88,7.14603e+06
2020-06-14 22:15:00,sjndEbLyjtCKgGv,0,0,7307,7.24281e+06
2020-06-10 02:30:00,7JYdWkrLSPkdwr4,0,0,0,7.79473e+06
2020-06-01 20:30:00,3PZuoBAID5Wc2HD,0,0,5965,7.12127e+06
2020-05-19 14:15:00,ih0vzX44oOqAx2f,9786.12,956.913,4924.62,6.21541e+06
2020-06-03 20:45:00,WRmjgnKYAwPKWDb,0,0,7710,7.17463e+06
2020-06-07 00:45:00,VHMLBKoKgIrUVDU,0,0,0,7.37799e+06
2020-05-18 10:00:00,iCRJl6heRkivqQ3,1745.12,171.05,625.875,7.19899e+06
2020-05-15 01:30:00,pkci93gMrogZuBj,0,0,0,7.1691e+06
2020-05-23 15:00:00,1BY6WEcLGh8j5v7,5902.12,578.4,6562,6.319e+06
2020-05-22 00:00:00,ZoEaEvLYb1n2sOq,0,0,0,7.14668e+06
2020-06-02 13:00:00,7JYdWkrLSPkdwr4,12426.4,1211.94,4300.75,7.73792e+06
2020-05-16 06:00:00,ZnxXDlPa8U1GXgE,67.125,6.4875,0,6.52848e+06
2020-05-19 04:45:00,YxYtjZvoooNbGkE,0,0,0,7.2056e+06
2020-06-14 22:30:00,1IF53ai7Xc0U56Y,0,0,7487,6.41437e+06
2020-05-25 20:15:00,3PZuoBAID5Wc2HD,0,0,9068,7.07064e+06
2020-05-17 06:45:00,3PZuoBAID5Wc2HD,942.857,91.5714,24.2857,7.00071e+06
2020-06-09 20:30:00,WRmjgnKYAwPKWDb,0,0,7977,7.22098e+06
2020-05-16 08:00:00,1IF53ai7Xc0U56Y,4387,430.786,342.857,6.19034e+06
2020-06-14 22:00:00,uHbuxQJl8lW7ozc,0,0,7306,7.26784e+06
2020-06-12 13:45:00,uHbuxQJl8lW7ozc,9472.43,926.414,4039.86,7.25025e+06
2020-05-30 12:45:00,3PZuoBAID5Wc2HD,10837,1057.93,3511.14,7.1057e+06
2020-06-12 13:15:00,YxYtjZvoooNbGkE,7790.29,762.614,3563.43,7.38884e+06
2020-05-21 17:00:00,VHMLBKoKgIrUVDU,1078,104.787,7774,7.2563e+06
2020-06-17 09:00:00,pkci93gMrogZuBj,5045.14,494.643,683,7.41016e+06
2020-06-02 11:00:00,WRmjgnKYAwPKWDb,9611.43,939.643,2627.43,7.16233e+06
2020-05-23 21:00:00,wCURE6d3bPkepu2,0,0,8605,6.84783e+06
2020-06-05 16:30:00,zBIq5rxdHJRwDNY,6549.43,641.529,7122.43,6.4997e+06
2020-05-21 10:15:00,bvBOhCH3iADSZry,5717.29,560.014,1846.43,6.35688e+06
2020-06-14 03:15:00,3PZuoBAID5Wc2HD,0,0,0,7.21072e+06
2020-06-04 12:30:00,ih0vzX44oOqAx2f,9128.62,891.462,4025.75,6.33304e+06
2020-06-06 13:00:00,pkci93gMrogZuBj,12199.7,1189.9,4404.43,7.33589e+06
2020-06-06 02:00:00,7JYdWkrLSPkdwr4,0,0,0,7.76414e+06
2020-05-24 16:00:00,wCURE6d3bPkepu2,3072.88,301.5,7367.12,6.8552e+06
2020-06-11 02:15:00,WRmjgnKYAwPKWDb,0,0,0,7.22737e+06
2020-05-31 04:30:00,bvBOhCH3iADSZry,0,0,0,6.42768e+06
2020-06-15 13:45:00,uHbuxQJl8lW7ozc,3809.43,374.386,5040.57,7.27288e+06
2020-05-18 00:30:00,rGa61gmuvPhdLxV,0,0,0,7.13154e+06
2020-05-28 20:30:00,zBIq5rxdHJRwDNY,0,0,7911,6.44199e+06
2020-06-09 03:15:00,VHMLBKoKgIrUVDU,0,0,0,7.3947e+06
2020-05-31 23:15:00,bvBOhCH3iADSZry,0,0,5586,6.43327e+06
2020-06-11 04:00:00,wCURE6d3bPkepu2,0,0,0,6.9824e+06
2020-06-15 23:15:00,VHMLBKoKgIrUVDU,0,0,6814,7.44387e+06
2020-05-21 08:45:00,VHMLBKoKgIrUVDU,7882.57,771.629,846.714,7.24937e+06
2020-05-31 18:15:00,3PZuoBAID5Wc2HD,261.625,25.275,5812.5,7.1153e+06
2020-06-04 15:30:00,iCRJl6heRkivqQ3,8758.29,856.843,6996.14,7.33269e+06
2020-06-01 20:15:00,wCURE6d3bPkepu2,0,0,5939,6.91534e+06
2020-06-14 14:00:00,adLQvlD726eNBSB,14416.1,1405.59,5471.29,6.50297e+06
2020-06-08 04:30:00,ZoEaEvLYb1n2sOq,0,0,0,7.27345e+06
2020-06-10 00:15:00,7JYdWkrLSPkdwr4,0,0,0,7.79473e+06
2020-05-31 01:15:00,WRmjgnKYAwPKWDb,0,0,0,7.14803e+06
2020-06-03 06:30:00,adLQvlD726eNBSB,638.571,61.8143,16,6.41429e+06
2020-05-22 09:30:00,3PZuoBAID5Wc2HD,6131.29,600.786,1211.57,7.03851e+06
2020-05-22 05:45:00,VHMLBKoKgIrUVDU,0,0,0,7.25636e+06
2020-05-29 18:15:00,ZnxXDlPa8U1GXgE,128.714,12.4286,8149.14,6.63607e+06
2020-06-02 20:30:00,VHMLBKoKgIrUVDU,0,0,0,7.34774e+06
2020-06-04 17:30:00,bvBOhCH3iADSZry,2786.43,273.571,7359.57,6.46008e+06
2020-05-27 06:15:00,WRmjgnKYAwPKWDb,387.375,37.4625,7,7.11789e+06
2020-05-17 23:45:00,ZnxXDlPa8U1GXgE,0,0,7586,6.54274e+06
2020-05-18 19:30:00,adLQvlD726eNBSB,0,0,5506,6.29782e+06
2020-05-28 03:45:00,uHbuxQJl8lW7ozc,0,0,0,7.13526e+06
2020-06-16 16:00:00,pkci93gMrogZuBj,5086.57,498.757,5808.29,7.40903e+06
2020-06-10 08:00:00,ZoEaEvLYb1n2sOq,4314.29,423.3,401.571,7.29008e+06
2020-06-08 02:00:00,1BY6WEcLGh8j5v7,0,0,0,6.42375e+06
2020-06-10 05:00:00,rGa61gmuvPhdLxV,0,0,0,7.3042e+06
2020-06-07 19:30:00,1BY6WEcLGh8j5v7,0,0,5268,6.42375e+06
2020-06-09 19:15:00,zBIq5rxdHJRwDNY,0,0,8136,6.5314e+06
2020-06-16 12:45:00,adLQvlD726eNBSB,8103.12,792.175,3936.75,6.51594e+06
2020-05-28 16:00:00,1IF53ai7Xc0U56Y,2989.5,293.4,7939,6.2894e+06
2020-06-11 20:30:00,McdE0feGgRqW7Ca,0,0,5750,7.36737e+06
2020-05-26 14:45:00,rGa61gmuvPhdLxV,4273.25,419.613,6337.75,7.19844e+06
2020-06-01 17:00:00,WRmjgnKYAwPKWDb,1324.71,128.914,5742.57,7.15961e+06
2020-06-13 01:15:00,wCURE6d3bPkepu2,0,0,0,6.99391e+06
2020-06-07 07:15:00,WRmjgnKYAwPKWDb,1860.75,182.412,135.625,7.19675e+06
2020-06-05 11:30:00,ZoEaEvLYb1n2sOq,13248.8,1291.76,3030.12,7.25457e+06
2020-05-31 21:30:00,zBIq5rxdHJRwDNY,0,0,0,6.46324e+06
2020-05-16 21:45:00,YxYtjZvoooNbGkE,0,0,6475,7.19273e+06
2020-05-17 06:00:00,VHMLBKoKgIrUVDU,0,0,0,7.21938e+06
2020-06-04 17:15:00,zVJPv84UY57bAof,3906.38,383.85,8016.12,7.27107e+06
2020-06-11 15:30:00,7JYdWkrLSPkdwr4,7061.5,691.562,4757.38,7.80585e+06
2020-05-21 23:15:00,1IF53ai7Xc0U56Y,0,0,0,6.23325e+06
2020-06-09 07:00:00,ZoEaEvLYb1n2sOq,2152.38,211,92.5,7.28182e+06
2020-06-03 07:00:00,ZnxXDlPa8U1GXgE,1452.86,141.714,61.5714,6.66303e+06
2020-06-01 11:45:00,z9Y9gH1T5YWrNuG,8061,787.714,3585,7.13748e+06
2020-05-19 06:45:00,YxYtjZvoooNbGkE,727.143,70.6286,12.1429,7.20561e+06
2020-06-08 04:00:00,ih0vzX44oOqAx2f,0,0,0,6.35869e+06
2020-05-20 09:15:00,adLQvlD726eNBSB,8803,861.3,1336.75,6.30585e+06
2020-06-05 01:00:00,iCRJl6heRkivqQ3,0,0,0,7.334e+06
2020-06-08 01:45:00,ih0vzX44oOqAx2f,0,0,0,6.35869e+06
2020-05-16 11:45:00,rGa61gmuvPhdLxV,8220.29,804.386,2781,7.12065e+06
2020-06-04 09:00:00,VHMLBKoKgIrUVDU,7704.14,754.043,973.857,7.35663e+06
2020-06-06 01:30:00,zBIq5rxdHJRwDNY,0,0,0,6.5003e+06
2020-05-23 01:00:00,adLQvlD726eNBSB,0,0,0,6.32895e+06
2020-06-13 07:30:00,ZnxXDlPa8U1GXgE,3369.71,331.314,199.571,6.73598e+06
2020-05-23 15:15:00,3PZuoBAID5Wc2HD,7658.88,749.763,7365.88,7.05198e+06
2020-06-12 22:45:00,z9Y9gH1T5YWrNuG,0,0,5803,7.21687e+06
2020-06-13 06:15:00,7JYdWkrLSPkdwr4,379.429,36.6429,6.57143,7.81242e+06
2020-06-11 04:45:00,adLQvlD726eNBSB,0,0,0,6.47694e+06
2020-06-07 07:45:00,ZnxXDlPa8U1GXgE,2481.88,243.363,233.625,6.69329e+06
2020-06-09 02:45:00,ZoEaEvLYb1n2sOq,0,0,0,7.28172e+06
2020-06-06 06:45:00,pkci93gMrogZuBj,1329.29,129.614,43.8571,7.33153e+06
2020-05-22 12:00:00,3PZuoBAID5Wc2HD,13163.5,1283.59,3360.88,7.04066e+06
2020-06-09 20:00:00,bvBOhCH3iADSZry,0,0,7361,6.49335e+06
2020-06-14 14:30:00,ZnxXDlPa8U1GXgE,8068,789.2,5845.86,6.75019e+06
2020-06-16 22:45:00,ZoEaEvLYb1n2sOq,0,0,6191,7.33588e+06
2020-06-04 21:30:00,adLQvlD726eNBSB,0,0,8314,6.43058e+06
2020-05-20 00:15:00,WRmjgnKYAwPKWDb,0,0,0,7.06093e+06
2020-05-20 20:00:00,VHMLBKoKgIrUVDU,0,0,8982,7.24852e+06
2020-05-30 11:45:00,iCRJl6heRkivqQ3,8824.12,862.962,2305.75,7.29356e+06
2020-06-14 04:45:00,adLQvlD726eNBSB,0,0,0,6.4975e+06
2020-06-09 07:00:00,bvBOhCH3iADSZry,2077.12,203.637,90.25,6.48608e+06
2020-06-08 22:00:00,VHMLBKoKgIrUVDU,0,0,8488,7.3947e+06
2020-05-21 22:45:00,1BY6WEcLGh8j5v7,0,0,7243,6.30559e+06
2020-05-26 09:00:00,zBIq5rxdHJRwDNY,7787.25,762.325,1000.75,6.4212e+06
2020-05-23 04:00:00,uHbuxQJl8lW7ozc,0,0,0,7.09525e+06
2020-06-05 07:30:00,sjndEbLyjtCKgGv,2134.5,209.275,162,7.17168e+06
2020-06-16 00:30:00,7JYdWkrLSPkdwr4,0,0,0,7.8348e+06
2020-06-12 01:15:00,zBIq5rxdHJRwDNY,0,0,0,6.54355e+06
2020-05-22 11:15:00,pkci93gMrogZuBj,7581.88,741.625,2411.88,7.22039e+06
2020-05-16 19:30:00,z9Y9gH1T5YWrNuG,0,0,6488,7.02074e+06
2020-06-02 01:15:00,ih0vzX44oOqAx2f,0,0,0,6.31398e+06
2020-05-21 20:15:00,iCRJl6heRkivqQ3,0,0,7837,7.22744e+06
2020-05-17 23:00:00,ZoEaEvLYb1n2sOq,0,0,7464,7.11821e+06
2020-06-17 04:30:00,1BY6WEcLGh8j5v7,0,0,0,6.4798e+06
2020-06-16 23:30:00,adLQvlD726eNBSB,0,0,6396,6.5184e+06
2020-06-04 04:00:00,McdE0feGgRqW7Ca,0,0,0,7.30837e+06
2020-06-08 13:15:00,ih0vzX44oOqAx2f,9809.43,957.586,5168.43,6.36386e+06
2020-06-04 16:00:00,sjndEbLyjtCKgGv,7963.12,779.438,7353.38,7.17065e+06
2020-05-28 04:30:00,ZoEaEvLYb1n2sOq,0,0,0,7.19329e+06
2020-06-10 20:15:00,zBIq5rxdHJRwDNY,0,0,6498,6.5379e+06
2020-06-17 23:30:00,7JYdWkrLSPkdwr4,0,0,5856,7.84682e+06
2020-05-25 07:00:00,McdE0feGgRqW7Ca,1718,168.271,74,7.23276e+06
2020-06-01 09:45:00,iCRJl6heRkivqQ3,7641,747.45,1557.75,7.30612e+06
2020-06-11 13:30:00,pkci93gMrogZuBj,4921.43,482.743,3371.71,7.37267e+06
2020-05-17 22:00:00,ZnxXDlPa8U1GXgE,0,0,7586,6.54274e+06
2020-05-22 18:15:00,wCURE6d3bPkepu2,120.25,11.6125,7168.5,6.83922e+06
2020-05-26 22:15:00,adLQvlD726eNBSB,0,0,0,6.36352e+06
2020-06-09 05:30:00,1IF53ai7Xc0U56Y,0,0,0,6.37183e+06
2020-06-01 11:15:00,ZnxXDlPa8U1GXgE,12631.1,1231.97,3078,6.6526e+06
2020-05-26 20:30:00,ZnxXDlPa8U1GXgE,0,0,0,6.61265e+06
2020-06-08 17:45:00,rGa61gmuvPhdLxV,1304.12,127.2,8242.75,7.29592e+06
2020-05-16 08:15:00,WRmjgnKYAwPKWDb,4961.25,486.4,450,7.03526e+06
2020-05-22 10:45:00,z9Y9gH1T5YWrNuG,8654.5,845.725,1975.88,7.05912e+06
2020-05-19 16:30:00,7JYdWkrLSPkdwr4,4571.5,448.6,6538.5,7.63491e+06
2020-05-22 03:15:00,wCURE6d3bPkepu2,0,0,0,6.83206e+06
2020-05-23 03:30:00,adLQvlD726eNBSB,0,0,0,6.32895e+06
2020-05-15 01:00:00,1IF53ai7Xc0U56Y,0,0,0,6.18364e+06
2020-06-17 09:30:00,z9Y9gH1T5YWrNuG,6939.57,679.557,961.429,7.24635e+06
2020-06-12 14:00:00,bvBOhCH3iADSZry,8093.43,792.143,3898.43,6.50831e+06
2020-06-01 06:00:00,iCRJl6heRkivqQ3,72.625,7,0.625,7.30457e+06
2020-05-28 16:15:00,adLQvlD726eNBSB,4704.14,460.971,8172.86,6.37855e+06
2020-06-02 06:30:00,sjndEbLyjtCKgGv,475.857,46,17.2857,7.14803e+06
2020-05-30 18:30:00,McdE0feGgRqW7Ca,39,3.7625,7351.75,7.28056e+06
2020-05-24 04:00:00,bvBOhCH3iADSZry,0,0,0,6.37677e+06
2020-05-27 22:00:00,VHMLBKoKgIrUVDU,0,0,6763,7.30438e+06
2020-06-08 14:00:00,sjndEbLyjtCKgGv,8236.71,805.214,5927.14,7.19848e+06
2020-06-16 17:15:00,ZoEaEvLYb1n2sOq,1738.57,170.4,6081.43,7.33577e+06
2020-05-17 17:00:00,VHMLBKoKgIrUVDU,2049.88,200.963,7585,7.22696e+06
2020-06-01 21:00:00,sjndEbLyjtCKgGv,0,0,5766,7.14801e+06
2020-06-13 23:15:00,z9Y9gH1T5YWrNuG,0,0,8363,7.22523e+06
2020-05-16 03:30:00,pkci93gMrogZuBj,0,0,0,7.17548e+06
2020-06-06 07:30:00,z9Y9gH1T5YWrNuG,3751.86,368.757,250.571,7.17125e+06
2020-05-30 11:00:00,pkci93gMrogZuBj,6745.57,660.7,1659.86,7.28319e+06
2020-05-30 08:45:00,1BY6WEcLGh8j5v7,3208.86,315.3,533.286,6.36591e+06
2020-06-05 21:00:00,rGa61gmuvPhdLxV,0,0,7741,7.27309e+06
2020-06-06 06:00:00,WRmjgnKYAwPKWDb,144.75,13.975,0.5,7.19027e+06
2020-05-28 13:15:00,ZoEaEvLYb1n2sOq,10912.1,1064.76,5554.14,7.19885e+06
2020-05-25 13:30:00,z9Y9gH1T5YWrNuG,11493.6,1122.11,6045.25,7.08668e+06
2020-06-17 04:30:00,VHMLBKoKgIrUVDU,0,0,0,7.4502e+06
2020-05-20 12:30:00,WRmjgnKYAwPKWDb,12582.6,1227.1,4859.12,7.06579e+06
2020-05-23 13:30:00,7JYdWkrLSPkdwr4,11966.9,1167.16,5674.29,7.66444e+06
2020-06-13 01:00:00,uHbuxQJl8lW7ozc,0,0,0,7.25209e+06
2020-06-08 05:30:00,ZnxXDlPa8U1GXgE,0,0,0,6.70126e+06
2020-06-09 21:15:00,zVJPv84UY57bAof,0,0,8289,7.31046e+06
2020-06-03 14:30:00,McdE0feGgRqW7Ca,9602.75,938.513,6021.62,7.30638e+06
2020-06-10 04:45:00,ih0vzX44oOqAx2f,0,0,0,6.37476e+06
2020-06-17 07:15:00,sjndEbLyjtCKgGv,2074.5,203.488,54.125,7.25585e+06
2020-05-15 20:15:00,uHbuxQJl8lW7ozc,0,0,6387,7.04507e+06
2020-06-09 11:45:00,1IF53ai7Xc0U56Y,12066.6,1177.58,3855.88,6.37569e+06
2020-05-19 13:15:00,zBIq5rxdHJRwDNY,7647.5,748.612,4153.88,6.3692e+06
2020-06-16 02:15:00,YxYtjZvoooNbGkE,0,0,0,7.41334e+06
2020-05-18 11:15:00,uHbuxQJl8lW7ozc,7279.14,712.743,1165,7.05996e+06
2020-05-18 19:00:00,ZoEaEvLYb1n2sOq,0,0,5319,7.12353e+06
2020-05-28 06:00:00,7JYdWkrLSPkdwr4,146.429,14.1571,0.857143,7.69855e+06
2020-05-28 14:15:00,uHbuxQJl8lW7ozc,5081.57,498.357,6455.86,7.14171e+06
2020-06-09 17:45:00,adLQvlD726eNBSB,1459.12,142.45,8221.12,6.47023e+06
2020-05-24 16:30:00,wCURE6d3bPkepu2,3792,371.843,7557.57,6.85539e+06
2020-06-06 14:15:00,pkci93gMrogZuBj,12490.7,1218.61,5442.57,7.33693e+06
2020-05-31 20:45:00,iCRJl6heRkivqQ3,0,0,5969,7.30457e+06
2020-06-04 16:30:00,wCURE6d3bPkepu2,6016,589.462,7724.5,6.9385e+06
2020-06-08 02:30:00,zBIq5rxdHJRwDNY,0,0,0,6.51491e+06
2020-05-15 21:45:00,wCURE6d3bPkepu2,0,0,6329,6.78893e+06
2020-05-27 01:15:00,ZoEaEvLYb1n2sOq,0,0,0,7.18669e+06
2020-06-10 16:15:00,uHbuxQJl8lW7ozc,5291.71,518.7,6211.57,7.24007e+06
2020-05-19 14:45:00,WRmjgnKYAwPKWDb,9803.88,958.675,5469.62,7.05992e+06
2020-05-31 03:45:00,3PZuoBAID5Wc2HD,0,0,0,7.10949e+06
2020-05-29 08:00:00,YxYtjZvoooNbGkE,3329.62,327.15,323.375,7.28473e+06
2020-06-09 19:30:00,YxYtjZvoooNbGkE,0,0,7958,7.37327e+06
2020-05-20 05:45:00,ZoEaEvLYb1n2sOq,0,0,0,7.13033e+06
2020-05-20 10:30:00,rGa61gmuvPhdLxV,10900.4,1065.31,2408,7.14622e+06
2020-06-01 16:00:00,z9Y9gH1T5YWrNuG,1675.86,163.986,5671.71,7.13957e+06
2020-05-30 17:15:00,iCRJl6heRkivqQ3,2722.86,267.057,7217.29,7.29847e+06
2020-05-15 10:15:00,ih0vzX44oOqAx2f,8989,878.55,1529.5,6.1867e+06
2020-06-13 14:45:00,VHMLBKoKgIrUVDU,10534.9,1029.77,7126.29,7.42804e+06
2020-06-07 20:00:00,3PZuoBAID5Wc2HD,0,0,8242,7.16722e+06
2020-05-26 23:45:00,bvBOhCH3iADSZry,0,0,0,6.3997e+06
2020-05-24 02:30:00,1BY6WEcLGh8j5v7,0,0,0,6.3204e+06
2020-06-13 03:15:00,bvBOhCH3iADSZry,0,0,0,6.50978e+06
2020-06-09 17:45:00,sjndEbLyjtCKgGv,1463.88,142.887,8118.88,7.20904e+06
2020-05-23 22:00:00,3PZuoBAID5Wc2HD,0,0,8652,7.05327e+06
2020-05-24 00:30:00,YxYtjZvoooNbGkE,0,0,0,7.24468e+06
2020-06-14 16:30:00,uHbuxQJl8lW7ozc,2884,283.086,7075.86,7.26761e+06
2020-05-30 22:15:00,iCRJl6heRkivqQ3,0,0,7345,7.2986e+06
2020-06-04 17:00:00,zVJPv84UY57bAof,4209.86,413.543,7913.57,7.27097e+06
2020-06-17 23:00:00,ZnxXDlPa8U1GXgE,0,0,5929,6.77074e+06
2020-05-17 15:45:00,1IF53ai7Xc0U56Y,4531.14,444.486,7058.43,6.20365e+06
2020-05-31 01:45:00,3PZuoBAID5Wc2HD,0,0,0,7.10949e+06
2020-06-14 21:15:00,zVJPv84UY57bAof,0,0,7320,7.34428e+06
2020-06-03 00:00:00,McdE0feGgRqW7Ca,0,0,0,7.30036e+06
2020-06-04 10:15:00,pkci93gMrogZuBj,7956.43,778.129,1804.14,7.31724e+06
2020-05-18 08:15:00,ZoEaEvLYb1n2sOq,1364.75,133,334.5,7.11854e+06
2020-05-24 03:30:00,1IF53ai7Xc0U56Y,0,0,0,6.24921e+06
2020-05-19 03:45:00,ZoEaEvLYb1n2sOq,0,0,0,7.12353e+06
2020-06-03 09:30:00,iCRJl6heRkivqQ3,5756.29,564.143,1104.29,7.31892e+06
2020-05-19 09:30:00,iCRJl6heRkivqQ3,8663.29,847.5,1000,7.20477e+06
2020-06-05 00:15:00,YxYtjZvoooNbGkE,0,0,0,7.33489e+06
2020-05-28 16:15:00,McdE0feGgRqW7Ca,4482.43,439.314,8106,7.2645e+06
2020-05-31 15:00:00,VHMLBKoKgIrUVDU,2318.38,227.312,5445.75,7.33377e+06
2020-05-30 10:15:00,zVJPv84UY57bAof,4394.43,431.443,1264.57,7.22995e+06
2020-06-01 22:45:00,adLQvlD726eNBSB,0,0,6127,6.40683e+06
2020-05-31 11:45:00,zVJPv84UY57bAof,7815.5,764.475,3147.62,7.23912e+06
2020-05-21 11:00:00,WRmjgnKYAwPKWDb,12091.1,1179.74,2748.14,7.07247e+06
2020-05-29 22:30:00,1IF53ai7Xc0U56Y,0,0,8253,6.29821e+06
2020-06-08 17:30:00,bvBOhCH3iADSZry,1795.29,175.857,7609.86,6.4859e+06
2020-06-10 02:45:00,iCRJl6heRkivqQ3,0,0,0,7.37322e+06
2020-05-19 19:00:00,bvBOhCH3iADSZry,0,0,6369,6.34691e+06
2020-06-11 07:45:00,VHMLBKoKgIrUVDU,2051.43,201.086,135.286,7.40943e+06
2020-05-22 21:00:00,adLQvlD726eNBSB,0,0,7378,6.32895e+06
2020-06-15 13:30:00,3PZuoBAID5Wc2HD,3279.71,321.971,4911.43,7.22313e+06
2020-05-17 11:00:00,YxYtjZvoooNbGkE,11214.4,1093.8,2765,7.1955e+06
2020-06-17 10:30:00,zBIq5rxdHJRwDNY,7096.71,694.986,1565.71,6.57912e+06
2020-06-05 03:45:00,1BY6WEcLGh8j5v7,0,0,0,6.40538e+06
2020-06-03 04:00:00,z9Y9gH1T5YWrNuG,0,0,0,7.14727e+06
2020-05-30 20:00:00,zVJPv84UY57bAof,0,0,7290,7.23598e+06
2020-06-03 11:45:00,rGa61gmuvPhdLxV,12524.8,1221.85,2998.62,7.25233e+06
2020-06-04 12:00:00,WRmjgnKYAwPKWDb,12342.6,1203.74,3634,7.17826e+06
2020-06-15 23:30:00,WRmjgnKYAwPKWDb,0,0,6731,7.26132e+06
2020-06-13 14:00:00,bvBOhCH3iADSZry,10903.1,1064.46,5741.88,6.51552e+06
2020-05-25 17:30:00,7JYdWkrLSPkdwr4,708,68.6286,8741.86,7.68398e+06
2020-06-05 00:45:00,7JYdWkrLSPkdwr4,0,0,0,7.75662e+06
2020-05-20 04:00:00,zBIq5rxdHJRwDNY,0,0,0,6.37197e+06
2020-05-17 01:30:00,rGa61gmuvPhdLxV,0,0,0,7.1241e+06
2020-06-08 20:30:00,ih0vzX44oOqAx2f,0,0,8217,6.36691e+06
2020-05-27 13:45:00,1BY6WEcLGh8j5v7,4691.14,460.186,4478.86,6.34815e+06
2020-06-06 02:30:00,ZoEaEvLYb1n2sOq,0,0,0,7.25908e+06
2020-05-17 15:45:00,3PZuoBAID5Wc2HD,4026.86,395.371,7101.43,7.00779e+06
2020-06-08 06:45:00,ZoEaEvLYb1n2sOq,1097.57,106.7,46.2857,7.2735e+06
2020-05-16 16:30:00,zBIq5rxdHJRwDNY,2634,258.3,6138,6.35191e+06
2020-05-15 02:15:00,ZnxXDlPa8U1GXgE,0,0,0,6.52217e+06
2020-06-03 01:00:00,pkci93gMrogZuBj,0,0,0,7.30765e+06
2020-06-11 20:15:00,1IF53ai7Xc0U56Y,0,0,5704,6.39232e+06
2020-05-31 17:30:00,iCRJl6heRkivqQ3,1418.62,138.512,5904,7.3045e+06
2020-05-31 21:45:00,zVJPv84UY57bAof,0,0,6047,7.24202e+06
2020-05-22 16:00:00,pkci93gMrogZuBj,3174.62,312.175,6903.75,7.22488e+06
2020-06-08 01:45:00,iCRJl6heRkivqQ3,0,0,0,7.35651e+06
2020-06-03 05:00:00,z9Y9gH1T5YWrNuG,0,0,0,7.14727e+06
2020-05-18 14:15:00,adLQvlD726eNBSB,5077.29,497.729,3777.57,6.29609e+06
2020-05-24 02:45:00,z9Y9gH1T5YWrNuG,0,0,0,7.07276e+06
2020-06-15 15:15:00,ih0vzX44oOqAx2f,6085.25,596.175,5715.88,6.4134e+06
2020-06-11 06:00:00,pkci93gMrogZuBj,0,0,0,7.36929e+06
2020-06-09 13:15:00,uHbuxQJl8lW7ozc,11174,1091.04,5316.71,7.23087e+06
2020-06-10 04:15:00,z9Y9gH1T5YWrNuG,0,0,0,7.19905e+06
2020-05-17 09:15:00,McdE0feGgRqW7Ca,6657.14,652.029,1144.86,7.17317e+06
2020-06-13 11:45:00,zBIq5rxdHJRwDNY,13587.1,1324.74,3782,6.55317e+06
2020-05-21 16:15:00,z9Y9gH1T5YWrNuG,3439.29,338.1,7595.57,7.05686e+06
2020-06-13 19:30:00,sjndEbLyjtCKgGv,0,0,8403,7.2355e+06
2020-06-13 16:00:00,ZoEaEvLYb1n2sOq,7315.75,716.175,7915.12,7.3153e+06
2020-05-25 07:45:00,sjndEbLyjtCKgGv,3616.38,354.95,260.375,7.08961e+06
2020-06-04 03:15:00,1BY6WEcLGh8j5v7,0,0,0,6.39781e+06
2020-05-16 05:00:00,uHbuxQJl8lW7ozc,0,0,0,7.04507e+06
2020-06-14 04:00:00,uHbuxQJl8lW7ozc,0,0,0,7.26053e+06
2020-05-31 12:45:00,VHMLBKoKgIrUVDU,13596.9,1325.7,3934,7.33226e+06
2020-05-26 15:00:00,ZoEaEvLYb1n2sOq,4510.29,442.7,6493.86,7.18541e+06
2020-06-01 22:30:00,iCRJl6heRkivqQ3,0,0,5781,7.31035e+06
2020-06-09 22:15:00,zVJPv84UY57bAof,0,0,8289,7.31046e+06
2020-05-27 08:00:00,zVJPv84UY57bAof,4946.25,485,392.375,7.20578e+06
2020-06-08 15:15:00,VHMLBKoKgIrUVDU,9694.62,948.038,7282.62,7.39349e+06
2020-06-15 21:30:00,ih0vzX44oOqAx2f,0,0,6564,6.41425e+06
2020-06-02 23:30:00,VHMLBKoKgIrUVDU,0,0,0,7.34774e+06
2020-05-27 11:30:00,McdE0feGgRqW7Ca,12292.2,1198.88,3142.38,7.2527e+06
2020-05-17 11:30:00,pkci93gMrogZuBj,12708.1,1239.34,3356.25,7.18501e+06
2020-06-05 05:15:00,WRmjgnKYAwPKWDb,0,0,0,7.18266e+06
2020-05-31 10:00:00,rGa61gmuvPhdLxV,6256.14,612.843,1415.43,7.23185e+06
2020-05-16 11:45:00,McdE0feGgRqW7Ca,9172.88,897.212,2883.25,7.16832e+06
2020-05-28 15:45:00,1BY6WEcLGh8j5v7,7180.57,703.157,7346,6.35718e+06
2020-05-26 12:00:00,3PZuoBAID5Wc2HD,12036.1,1173.97,4218.29,7.07485e+06
2020-06-12 16:00:00,ZoEaEvLYb1n2sOq,2858.57,280.629,5307.29,7.30694e+06
2020-05-25 08:15:00,uHbuxQJl8lW7ozc,5903.88,578.513,457,7.11231e+06
2020-06-06 21:00:00,WRmjgnKYAwPKWDb,0,0,6341,7.19661e+06
2020-06-10 05:45:00,zVJPv84UY57bAof,0,0,0,7.31046e+06
2020-05-19 04:00:00,ih0vzX44oOqAx2f,0,0,0,6.21049e+06
2020-06-07 10:45:00,ZnxXDlPa8U1GXgE,13113.5,1278.56,2178.38,6.69523e+06
2020-05-18 11:45:00,WRmjgnKYAwPKWDb,6227,610.062,1459.75,7.05056e+06
2020-05-25 02:00:00,VHMLBKoKgIrUVDU,0,0,0,7.28051e+06
2020-06-08 01:30:00,zVJPv84UY57bAof,0,0,0,7.29379e+06
2020-06-14 19:15:00,z9Y9gH1T5YWrNuG,0,0,7238,7.23247e+06
2020-06-05 10:30:00,McdE0feGgRqW7Ca,10659.4,1040.81,2143.25,7.3189e+06
2020-06-07 15:00:00,rGa61gmuvPhdLxV,9642.14,941.543,6672.57,7.28617e+06
2020-05-18 19:15:00,3PZuoBAID5Wc2HD,0,0,5435,7.01392e+06
2020-06-04 09:45:00,z9Y9gH1T5YWrNuG,6938,678.612,1463.88,7.15658e+06
2020-06-11 03:30:00,wCURE6d3bPkepu2,0,0,0,6.9824e+06
2020-05-17 23:00:00,bvBOhCH3iADSZry,0,0,6928,6.33558e+06
2020-06-03 14:45:00,uHbuxQJl8lW7ozc,9719,950.071,6109,7.18451e+06
2020-05-17 23:00:00,ZnxXDlPa8U1GXgE,0,0,7586,6.54274e+06
2020-05-22 10:30:00,zVJPv84UY57bAof,5740,562.529,1827.57,7.16695e+06
2020-06-08 21:30:00,3PZuoBAID5Wc2HD,0,0,8509,7.17573e+06
2020-06-01 21:15:00,wCURE6d3bPkepu2,0,0,5939,6.91534e+06
2020-06-14 05:30:00,wCURE6d3bPkepu2,0,0,0,7.00237e+06
2020-05-28 01:00:00,1BY6WEcLGh8j5v7,0,0,0,6.34983e+06
2020-06-05 23:00:00,zBIq5rxdHJRwDNY,0,0,7723,6.5003e+06
2020-05-24 13:00:00,ih0vzX44oOqAx2f,12043.9,1174.27,4826.71,6.25376e+06
2020-05-19 22:30:00,wCURE6d3bPkepu2,0,0,6956,6.81535e+06
2020-05-21 21:00:00,VHMLBKoKgIrUVDU,0,0,0,7.25636e+06
2020-06-11 15:00:00,sjndEbLyjtCKgGv,7524.88,736.575,4468.88,7.22007e+06
2020-05-30 13:00:00,3PZuoBAID5Wc2HD,9342.14,913.714,3723.29,7.10591e+06
2020-05-22 09:15:00,pkci93gMrogZuBj,5902,578.257,971.714,7.21895e+06
2020-06-16 02:45:00,z9Y9gH1T5YWrNuG,0,0,0,7.23918e+06
2020-06-03 14:45:00,1BY6WEcLGh8j5v7,8804,860.987,5742.75,6.39621e+06
2020-05-29 20:30:00,adLQvlD726eNBSB,0,0,8343,6.38735e+06
2020-05-24 23:15:00,z9Y9gH1T5YWrNuG,0,0,7876,7.08064e+06
2020-05-21 09:45:00,adLQvlD726eNBSB,10644.4,1040.1,1781.29,6.3154e+06
2020-05-27 07:15:00,uHbuxQJl8lW7ozc,1904.88,186.463,133.625,7.12867e+06
2020-05-15 04:00:00,7JYdWkrLSPkdwr4,0,0,0,7.60296e+06
2020-06-01 16:00:00,pkci93gMrogZuBj,1675.71,163.986,5244.71,7.30004e+06
2020-06-09 18:30:00,uHbuxQJl8lW7ozc,88.1429,8.51429,8308.43,7.23386e+06
2020-05-17 16:15:00,WRmjgnKYAwPKWDb,4881.14,478.757,7263.29,7.04869e+06
2020-06-16 13:15:00,z9Y9gH1T5YWrNuG,7248.29,709.729,4065.29,7.24325e+06
2020-05-30 03:15:00,3PZuoBAID5Wc2HD,0,0,0,7.10219e+06
2020-06-17 10:15:00,bvBOhCH3iADSZry,6215,608.938,1318.75,6.53487e+06
2020-05-22 03:15:00,7JYdWkrLSPkdwr4,0,0,0,7.65164e+06
2020-06-02 16:15:00,rGa61gmuvPhdLxV,5059.38,496.238,6951.75,7.24892e+06
2020-06-01 11:15:00,pkci93gMrogZuBj,6662.38,651.825,2943.62,7.29773e+06
2020-06-17 23:45:00,bvBOhCH3iADSZry,0,0,5460,6.53901e+06
2020-05-31 06:15:00,YxYtjZvoooNbGkE,459.125,44.4125,7,7.29978e+06
2020-05-16 08:15:00,rGa61gmuvPhdLxV,4699.57,461.029,436.429,7.1183e+06
2020-06-12 11:15:00,iCRJl6heRkivqQ3,8165.14,799.1,1929.57,7.3874e+06
2020-06-14 03:30:00,3PZuoBAID5Wc2HD,0,0,0,7.21072e+06
2020-05-29 16:45:00,YxYtjZvoooNbGkE,3626.43,356.414,7855.29,7.29226e+06
2020-05-22 12:15:00,3PZuoBAID5Wc2HD,9636.14,941.986,3639.43,7.04094e+06
2020-05-15 22:00:00,YxYtjZvoooNbGkE,0,0,6291,7.18626e+06
2020-06-03 08:30:00,zVJPv84UY57bAof,4530.5,444.762,553.5,7.25577e+06
2020-06-15 15:15:00,7JYdWkrLSPkdwr4,5934.75,581.475,5790.88,7.83395e+06
2020-06-12 13:00:00,bvBOhCH3iADSZry,7366.12,721.263,3132.88,6.50754e+06
2020-05-28 17:45:00,wCURE6d3bPkepu2,699.25,67.725,8486.62,6.88768e+06
2020-05-18 15:00:00,rGa61gmuvPhdLxV,7950.71,778.214,4138.43,7.13568e+06
2020-05-20 10:45:00,1BY6WEcLGh8j5v7,10358.3,1012.6,2560.14,6.29266e+06
2020-06-17 13:00:00,3PZuoBAID5Wc2HD,7425,726.987,3932.75,7.23531e+06
2020-06-10 19:00:00,1BY6WEcLGh8j5v7,0,0,5911,6.44498e+06
2020-06-17 00:15:00,iCRJl6heRkivqQ3,0,0,0,7.42031e+06
2020-06-12 10:15:00,ZoEaEvLYb1n2sOq,7609.12,744.9,1197.75,7.30283e+06
2020-06-17 17:00:00,zVJPv84UY57bAof,1322.71,128.843,5770.71,7.36313e+06
2020-05-22 17:00:00,rGa61gmuvPhdLxV,1442,140.562,6662.5,7.16706e+06
2020-06-12 04:15:00,ih0vzX44oOqAx2f,0,0,0,6.38655e+06
2020-06-17 19:30:00,bvBOhCH3iADSZry,0,0,5460,6.53901e+06
2020-05-19 16:30:00,iCRJl6heRkivqQ3,4700.5,461.262,6643.25,7.21041e+06
2020-06-02 06:30:00,rGa61gmuvPhdLxV,497.875,48.1375,16.875,7.24199e+06
2020-05-24 20:30:00,uHbuxQJl8lW7ozc,0,0,8106,7.11185e+06
2020-06-13 18:15:00,ih0vzX44oOqAx2f,291.125,28.125,8250,6.40051e+06
2020-06-13 04:00:00,pkci93gMrogZuBj,0,0,0,7.38081e+06
2020-06-02 01:15:00,pkci93gMrogZuBj,0,0,0,7.3003e+06
2020-05-26 22:45:00,YxYtjZvoooNbGkE,0,0,0,7.26933e+06
2020-05-22 06:30:00,7JYdWkrLSPkdwr4,898.571,87.2429,27.7143,7.65166e+06
2020-05-31 14:30:00,ih0vzX44oOqAx2f,2246.62,220.262,5227.12,6.30749e+06
2020-06-08 06:45:00,iCRJl6heRkivqQ3,1102.5,107.175,45.5,7.35656e+06
2020-05-29 20:30:00,7JYdWkrLSPkdwr4,0,0,8007,7.71484e+06
2020-05-26 11:00:00,YxYtjZvoooNbGkE,11919.8,1162.91,3076.38,7.26454e+06
2020-06-08 00:15:00,rGa61gmuvPhdLxV,0,0,0,7.28767e+06
2020-05-20 22:30:00,sjndEbLyjtCKgGv,0,0,8777,7.05806e+06
2020-06-12 01:00:00,rGa61gmuvPhdLxV,0,0,0,7.31643e+06
2020-06-07 00:30:00,1BY6WEcLGh8j5v7,0,0,0,6.41848e+06
2020-06-16 21:45:00,pkci93gMrogZuBj,0,0,6261,7.40948e+06
2020-06-14 19:00:00,sjndEbLyjtCKgGv,0,0,7307,7.24281e+06
2020-06-05 23:00:00,zVJPv84UY57bAof,0,0,7817,7.27909e+06
2020-05-28 18:15:00,z9Y9gH1T5YWrNuG,264.714,25.5857,8474,7.11236e+06
2020-06-14 19:30:00,rGa61gmuvPhdLxV,0,0,7302,7.33797e+06
2020-05-26 11:00:00,rGa61gmuvPhdLxV,12278.8,1197.88,3009.38,7.19511e+06
2020-06-16 20:30:00,zBIq5rxdHJRwDNY,0,0,5719,6.57755e+06
2020-06-06 01:45:00,7JYdWkrLSPkdwr4,0,0,0,7.76414e+06
2020-06-14 13:45:00,zBIq5rxdHJRwDNY,11909.4,1162.58,4896.62,6.56272e+06
2020-06-09 00:00:00,McdE0feGgRqW7Ca,0,0,0,7.34678e+06
2020-06-17 15:00:00,wCURE6d3bPkepu2,5077.75,497.8,5343.75,7.02806e+06
2020-06-09 07:45:00,bvBOhCH3iADSZry,2368.86,232.4,262,6.48625e+06
2020-05-22 18:30:00,YxYtjZvoooNbGkE,0,0,7087,7.23612e+06
2020-06-02 06:00:00,wCURE6d3bPkepu2,92.7143,8.94286,0.571429,6.91534e+06
2020-06-12 19:30:00,ZoEaEvLYb1n2sOq,0,0,5753,7.30738e+06
2020-06-09 00:30:00,ZnxXDlPa8U1GXgE,0,0,0,6.7097e+06
2020-06-12 19:15:00,1BY6WEcLGh8j5v7,0,0,5441,6.45568e+06
2020-06-03 16:15:00,sjndEbLyjtCKgGv,4077.38,399.925,7303,7.16275e+06
2020-06-09 19:30:00,bvBOhCH3iADSZry,0,0,7361,6.49335e+06
2020-05-25 20:30:00,z9Y9gH1T5YWrNuG,0,0,8802,7.08944e+06
2020-06-07 04:00:00,3PZuoBAID5Wc2HD,0,0,0,7.15898e+06
2020-06-15 00:15:00,zVJPv84UY57bAof,0,0,0,7.34428e+06
2020-05-25 00:45:00,3PZuoBAID5Wc2HD,0,0,0,7.06157e+06
2020-05-26 17:45:00,ZoEaEvLYb1n2sOq,494.75,47.8625,7760.75,7.18667e+06
2020-06-16 15:30:00,adLQvlD726eNBSB,6467.86,633.586,5679.71,6.51768e+06
2020-06-06 23:45:00,zVJPv84UY57bAof,0,0,0,7.28553e+06
2020-06-05 23:45:00,wCURE6d3bPkepu2,0,0,3874,6.94677e+06
2020-06-08 10:45:00,WRmjgnKYAwPKWDb,11490.3,1121.14,2761.14,7.20744e+06
2020-05-15 12:30:00,adLQvlD726eNBSB,10091.7,985.214,3178.14,6.27453e+06
2020-06-04 04:00:00,sjndEbLyjtCKgGv,0,0,0,7.16329e+06
2020-06-04 18:45:00,7JYdWkrLSPkdwr4,0,0,7999,7.75662e+06
2020-06-15 07:15:00,YxYtjZvoooNbGkE,2106.57,206.429,151.286,7.40685e+06
2020-05-17 16:30:00,wCURE6d3bPkepu2,4061.75,398.575,7228.25,6.8027e+06
2020-05-19 01:30:00,zBIq5rxdHJRwDNY,0,0,0,6.36505e+06
2020-05-24 04:45:00,zVJPv84UY57bAof,0,0,0,7.18084e+06
2020-06-07 00:00:00,YxYtjZvoooNbGkE,0,0,0,7.34881e+06
2020-05-29 07:45:00,1IF53ai7Xc0U56Y,2811.86,275.9,256.286,6.29021e+06
2020-06-02 09:45:00,ih0vzX44oOqAx2f,9622.57,941.014,1686.71,6.31567e+06
2020-05-17 04:30:00,1IF53ai7Xc0U56Y,0,0,0,6.19659e+06
2020-06-14 07:00:00,ih0vzX44oOqAx2f,1861.38,182.238,69.25,6.40059e+06
2020-06-13 19:45:00,sjndEbLyjtCKgGv,0,0,8403,7.2355e+06
2020-05-15 17:00:00,YxYtjZvoooNbGkE,2377.62,233.225,6157.25,7.18612e+06
2020-05-27 08:30:00,bvBOhCH3iADSZry,4887,479.414,628.429,6.40033e+06
2020-06-06 02:00:00,bvBOhCH3iADSZry,0,0,0,6.46725e+06
2020-05-27 00:30:00,rGa61gmuvPhdLxV,0,0,0,7.19987e+06
2020-06-12 09:30:00,rGa61gmuvPhdLxV,5379.29,527.257,764.571,7.3172e+06
2020-06-14 18:45:00,3PZuoBAID5Wc2HD,0,0,7504,7.21822e+06
2020-05-27 01:30:00,wCURE6d3bPkepu2,0,0,0,6.87248e+06
2020-06-12 01:45:00,wCURE6d3bPkepu2,0,0,0,6.98805e+06
2020-06-16 10:00:00,ZoEaEvLYb1n2sOq,11288.4,1102.09,1633.25,7.33132e+06
2020-06-05 08:45:00,WRmjgnKYAwPKWDb,7819.86,765.143,773.714,7.18344e+06
2020-05-31 03:00:00,7JYdWkrLSPkdwr4,0,0,0,7.72198e+06
2020-06-13 01:45:00,ZoEaEvLYb1n2sOq,0,0,0,7.30738e+06
2020-06-09 19:45:00,zVJPv84UY57bAof,0,0,8289,7.31046e+06
2020-05-22 04:45:00,z9Y9gH1T5YWrNuG,0,0,0,7.05715e+06
2020-05-22 00:15:00,YxYtjZvoooNbGkE,0,0,0,7.22903e+06
2020-06-05 17:00:00,ZnxXDlPa8U1GXgE,4009.86,393.4,7299,6.68636e+06
2020-05-19 03:15:00,ZnxXDlPa8U1GXgE,0,0,0,6.54816e+06
2020-05-23 10:30:00,zVJPv84UY57bAof,9363.12,915.325,2320.25,7.17461e+06
2020-05-19 22:00:00,sjndEbLyjtCKgGv,0,0,6879,7.04928e+06
2020-05-18 17:15:00,3PZuoBAID5Wc2HD,1668,163.214,5354.14,7.01384e+06
2020-05-31 17:15:00,sjndEbLyjtCKgGv,1790.5,175.5,5881.75,7.14214e+06
2020-05-25 13:15:00,zBIq5rxdHJRwDNY,11526.8,1124.63,5476.33,6.41723e+06
2020-06-17 00:15:00,ZnxXDlPa8U1GXgE,0,0,0,6.76481e+06
2020-06-03 19:45:00,bvBOhCH3iADSZry,0,0,7237,6.45272e+06
2020-06-08 13:15:00,pkci93gMrogZuBj,8984.86,877.686,5249.86,7.35138e+06
2020-06-05 02:30:00,1BY6WEcLGh8j5v7,0,0,0,6.40538e+06
2020-06-15 16:30:00,uHbuxQJl8lW7ozc,3499.88,344.038,6549,7.27439e+06
2020-05-22 09:00:00,rGa61gmuvPhdLxV,4814.6,472.28,838,7.16124e+06
2020-05-31 15:30:00,wCURE6d3bPkepu2,3348.5,328.988,5740,6.9089e+06
2020-05-17 09:30:00,VHMLBKoKgIrUVDU,8633.25,844.7,1373.38,7.22075e+06
2020-06-09 01:45:00,3PZuoBAID5Wc2HD,0,0,0,7.17573e+06
2020-05-22 09:00:00,WRmjgnKYAwPKWDb,4839.29,474.557,903.429,7.07826e+06
2020-05-27 09:00:00,ZoEaEvLYb1n2sOq,7891.43,772.429,993.429,7.18768e+06
2020-05-28 02:00:00,zBIq5rxdHJRwDNY,0,0,0,6.43408e+06
2020-06-08 06:15:00,zVJPv84UY57bAof,454.429,43.9286,6.14286,7.2938e+06
2020-06-13 16:45:00,sjndEbLyjtCKgGv,2123.12,208.025,8217.75,7.23532e+06
2020-06-02 07:15:00,3PZuoBAID5Wc2HD,1727.57,169.043,106.714,7.12138e+06
2020-05-20 08:00:00,ZoEaEvLYb1n2sOq,5110.71,501.1,392.571,7.13072e+06
2020-06-02 12:30:00,ZoEaEvLYb1n2sOq,8711.5,851.913,3752.38,7.23219e+06
2020-05-23 19:15:00,wCURE6d3bPkepu2,0,0,8605,6.84783e+06
2020-05-22 21:45:00,adLQvlD726eNBSB,0,0,7378,6.32895e+06
2020-06-14 14:30:00,1BY6WEcLGh8j5v7,7387.14,723.214,2561.43,6.46622e+06
2020-06-15 21:15:00,7JYdWkrLSPkdwr4,0,0,6641,7.8348e+06
2020-05-30 20:00:00,McdE0feGgRqW7Ca,0,0,7352,7.28056e+06
2020-06-03 10:30:00,rGa61gmuvPhdLxV,9038.14,884.129,1708.71,7.25104e+06
2020-06-01 17:00:00,McdE0feGgRqW7Ca,1345.62,130.963,5895.5,7.29266e+06
2020-05-15 02:00:00,7JYdWkrLSPkdwr4,0,0,0,7.60296e+06
2020-06-03 19:30:00,bvBOhCH3iADSZry,0,0,7237,6.45272e+06
2020-06-07 10:00:00,uHbuxQJl8lW7ozc,6715.38,657.775,1475.25,7.21033e+06
2020-06-12 01:30:00,ZoEaEvLYb1n2sOq,0,0,0,7.30163e+06
2020-06-12 01:45:00,WRmjgnKYAwPKWDb,0,0,0,7.23299e+06
2020-05-30 18:15:00,3PZuoBAID5Wc2HD,290.571,28.0857,7295.57,7.10948e+06
2020-05-20 03:30:00,zBIq5rxdHJRwDNY,0,0,0,6.37197e+06
2020-05-28 14:45:00,YxYtjZvoooNbGkE,7674.86,751.071,6832,7.28286e+06
2020-06-03 00:00:00,ZnxXDlPa8U1GXgE,0,0,0,6.66297e+06
2020-05-20 20:45:00,zVJPv84UY57bAof,0,0,8842,7.15718e+06
2020-06-06 10:15:00,uHbuxQJl8lW7ozc,8708.88,850.362,2036.75,7.20441e+06
2020-06-04 13:15:00,wCURE6d3bPkepu2,12499.3,1219.56,4895.29,6.93567e+06
2020-06-02 03:30:00,bvBOhCH3iADSZry,0,0,0,6.43864e+06
2020-05-27 05:45:00,1BY6WEcLGh8j5v7,0,0,0,6.34367e+06
2020-06-10 20:45:00,z9Y9gH1T5YWrNuG,0,0,6412,7.20546e+06
2020-06-11 03:45:00,YxYtjZvoooNbGkE,0,0,0,7.37969e+06
2020-05-27 06:30:00,1BY6WEcLGh8j5v7,792,76.8286,19,6.34369e+06
2020-06-11 10:30:00,7JYdWkrLSPkdwr4,5683.29,557,1191.86,7.80228e+06
2020-05-16 15:45:00,WRmjgnKYAwPKWDb,3861.75,379.512,6147.25,7.04096e+06
2020-06-14 01:00:00,zVJPv84UY57bAof,0,0,0,7.33696e+06
2020-05-21 09:15:00,McdE0feGgRqW7Ca,9075.43,887.786,1206.43,7.20227e+06
2020-05-30 00:00:00,ZoEaEvLYb1n2sOq,0,0,0,7.2096e+06
2020-05-31 09:45:00,zBIq5rxdHJRwDNY,6155.14,602.986,1264,6.45856e+06
2020-05-25 02:30:00,adLQvlD726eNBSB,0,0,0,6.34613e+06
2020-05-20 07:45:00,YxYtjZvoooNbGkE,4256.75,418.1,286.625,7.21276e+06
2020-06-14 07:15:00,zBIq5rxdHJRwDNY,3147.14,309.243,132.857,6.55795e+06
2020-05-24 11:30:00,1BY6WEcLGh8j5v7,12591.8,1227.71,3125.75,6.32353e+06
2020-05-22 14:45:00,3PZuoBAID5Wc2HD,10507.7,1027.13,6218.43,7.04352e+06
2020-05-31 02:30:00,3PZuoBAID5Wc2HD,0,0,0,7.10949e+06
2020-05-28 18:00:00,zVJPv84UY57bAof,486.125,47,8378,7.22046e+06
2020-05-30 19:15:00,WRmjgnKYAwPKWDb,0,0,7130,7.14803e+06
2020-05-18 15:00:00,ZnxXDlPa8U1GXgE,7872.5,770.612,4203.25,6.54694e+06
2020-06-06 07:15:00,z9Y9gH1T5YWrNuG,3304.62,324.688,162.625,7.17116e+06
2020-06-10 04:45:00,ZoEaEvLYb1n2sOq,0,0,0,7.28968e+06
2020-05-27 06:15:00,z9Y9gH1T5YWrNuG,376.25,36.35,6.5,7.09719e+06
2020-06-06 17:30:00,ZnxXDlPa8U1GXgE,451.429,43.6429,6333.14,6.69303e+06
2020-05-27 15:30:00,ih0vzX44oOqAx2f,8959.43,876.443,5670,6.27796e+06
2020-05-20 03:00:00,pkci93gMrogZuBj,0,0,0,7.20135e+06
2020-05-20 06:00:00,ZoEaEvLYb1n2sOq,96.7143,9.34286,0.428571,7.13033e+06
2020-05-21 21:45:00,zBIq5rxdHJRwDNY,0,0,7737,6.3886e+06
2020-05-17 16:45:00,ZnxXDlPa8U1GXgE,3781.71,371.414,7385.29,6.54254e+06
2020-05-18 18:45:00,1BY6WEcLGh8j5v7,0,0,4998,6.28365e+06
2020-05-18 22:15:00,bvBOhCH3iADSZry,0,0,4962,6.34054e+06
2020-05-22 10:45:00,sjndEbLyjtCKgGv,8294.62,810.6,1959.88,7.06785e+06
2020-05-22 10:15:00,uHbuxQJl8lW7ozc,8372.12,819.2,1676.75,7.08965e+06
2020-06-17 13:30:00,1IF53ai7Xc0U56Y,9940.12,971.35,4385.25,6.43192e+06
2020-05-22 10:30:00,bvBOhCH3iADSZry,6874.57,672.743,1750.14,6.3639e+06
2020-06-01 04:15:00,bvBOhCH3iADSZry,0,0,0,6.43327e+06
2020-05-22 08:45:00,7JYdWkrLSPkdwr4,3877.75,380.812,770.75,7.65241e+06
2020-06-17 20:30:00,iCRJl6heRkivqQ3,0,0,5957,7.42626e+06
2020-05-31 11:00:00,ZnxXDlPa8U1GXgE,7174.71,702,2347.43,6.64573e+06
2020-06-07 11:30:00,wCURE6d3bPkepu2,11830.1,1154.67,3100.38,6.95619e+06
2020-06-06 18:00:00,VHMLBKoKgIrUVDU,236.375,22.8125,6429,7.37798e+06
2020-05-15 07:45:00,wCURE6d3bPkepu2,2043.5,200.325,222.5,6.78282e+06
2020-05-19 13:00:00,rGa61gmuvPhdLxV,9075.71,887.6,3937.71,7.14084e+06
2020-05-20 19:45:00,ih0vzX44oOqAx2f,0,0,8664,6.22594e+06
2020-05-25 10:45:00,3PZuoBAID5Wc2HD,11998.1,1169.8,2885.38,7.06445e+06
2020-05-26 03:45:00,7JYdWkrLSPkdwr4,0,0,0,7.68402e+06
2020-06-15 07:15:00,iCRJl6heRkivqQ3,2143.25,209.975,151.75,7.40738e+06
2020-06-14 04:15:00,WRmjgnKYAwPKWDb,0,0,0,7.24718e+06
2020-06-02 23:30:00,iCRJl6heRkivqQ3,0,0,7465,7.31781e+06
2020-06-09 12:45:00,zBIq5rxdHJRwDNY,9451.38,923.275,4692.75,6.52796e+06
2020-06-13 08:45:00,ZoEaEvLYb1n2sOq,6877.14,673.329,858.714,7.30824e+06
2020-06-02 02:45:00,uHbuxQJl8lW7ozc,0,0,0,7.17094e+06
2020-06-12 23:45:00,adLQvlD726eNBSB,0,0,5132.57,6.48872e+06
2020-06-07 02:00:00,1IF53ai7Xc0U56Y,0,0,0,6.3551e+06
2020-05-25 04:15:00,1BY6WEcLGh8j5v7,0,0,0,6.32794e+06
2020-06-17 03:00:00,zBIq5rxdHJRwDNY,0,0,0,6.57755e+06
2020-05-29 09:15:00,z9Y9gH1T5YWrNuG,8980.86,878.529,1016.43,7.11338e+06
2020-05-24 18:45:00,uHbuxQJl8lW7ozc,0,0,8106,7.11185e+06
2020-06-13 17:45:00,wCURE6d3bPkepu2,926.5,89.9625,8427.12,7.00234e+06
2020-05-22 10:00:00,zBIq5rxdHJRwDNY,7977.57,779.986,1462,6.39006e+06
2020-05-28 04:15:00,uHbuxQJl8lW7ozc,0,0,0,7.13526e+06
2020-06-08 07:45:00,ZnxXDlPa8U1GXgE,4066.29,399.329,261,6.70152e+06
2020-05-23 18:45:00,rGa61gmuvPhdLxV,0,0,8152,7.17529e+06
2020-06-13 16:15:00,bvBOhCH3iADSZry,2711.14,266.086,7539.57,6.51732e+06
2020-06-03 20:30:00,7JYdWkrLSPkdwr4,0,0,7749,7.74862e+06
2020-05-30 20:45:00,YxYtjZvoooNbGkE,0,0,7266,7.29977e+06
2020-06-04 21:30:00,sjndEbLyjtCKgGv,0,0,0,7.17152e+06
2020-06-09 17:00:00,pkci93gMrogZuBj,3330.71,327.471,8006.29,7.36248e+06
2020-05-24 14:00:00,YxYtjZvoooNbGkE,9418,920.312,6014.5,7.25069e+06
2020-05-21 13:15:00,3PZuoBAID5Wc2HD,13309.9,1297.71,5226.5,7.03472e+06
2020-05-31 15:45:00,iCRJl6heRkivqQ3,3089,303.488,5539.12,7.30414e+06
2020-06-02 16:00:00,rGa61gmuvPhdLxV,6818.86,667.8,6793.86,7.24876e+06
2020-06-01 20:00:00,z9Y9gH1T5YWrNuG,0,0,5931,7.13983e+06
2020-06-07 10:30:00,zVJPv84UY57bAof,9446,923.814,1881.14,7.28741e+06
2020-06-12 02:00:00,uHbuxQJl8lW7ozc,0,0,0,7.24621e+06
2020-05-20 06:00:00,sjndEbLyjtCKgGv,99.1429,9.58571,0.428571,7.04928e+06
2020-06-09 11:15:00,sjndEbLyjtCKgGv,12624.7,1231.49,3291.29,7.20422e+06
2020-06-04 00:00:00,ZoEaEvLYb1n2sOq,0,0,0,7.2435e+06
2020-05-27 16:15:00,zBIq5rxdHJRwDNY,4900.5,480.225,5978.12,6.43368e+06
2020-06-03 22:00:00,McdE0feGgRqW7Ca,0,0,8010,7.30837e+06
2020-05-30 07:45:00,rGa61gmuvPhdLxV,2339.75,229.412,227.875,7.2233e+06
2020-05-23 15:45:00,YxYtjZvoooNbGkE,7791.86,762.771,7613.14,7.24373e+06
2020-05-16 08:45:00,adLQvlD726eNBSB,6839.12,669.812,764,6.2785e+06
2020-05-19 13:30:00,1BY6WEcLGh8j5v7,7291.43,713.914,4062.14,6.28771e+06
2020-06-07 04:30:00,z9Y9gH1T5YWrNuG,0,0,0,7.17729e+06
2020-06-06 09:30:00,zBIq5rxdHJRwDNY,8558,836.971,1306.86,6.50161e+06
2020-06-01 09:15:00,zBIq5rxdHJRwDNY,5917.38,579.95,1252.62,6.46449e+06
2020-05-31 23:30:00,zBIq5rxdHJRwDNY,0,0,0,6.46324e+06
2020-05-17 01:45:00,WRmjgnKYAwPKWDb,0,0,0,7.04143e+06
2020-05-28 03:15:00,rGa61gmuvPhdLxV,0,0,0,7.20655e+06
2020-06-02 07:00:00,sjndEbLyjtCKgGv,1711.71,167.486,60.2857,7.14807e+06
2020-05-24 08:00:00,iCRJl6heRkivqQ3,4865.12,477.163,387.625,7.24361e+06
2020-05-27 22:15:00,rGa61gmuvPhdLxV,0,0,0,7.20655e+06
2020-05-16 03:45:00,McdE0feGgRqW7Ca,0,0,0,7.16544e+06
2020-05-15 07:30:00,bvBOhCH3iADSZry,1865.14,182.8,162.857,6.31697e+06
2020-05-23 04:30:00,z9Y9gH1T5YWrNuG,0,0,0,7.06422e+06
2020-06-05 00:15:00,uHbuxQJl8lW7ozc,0,0,0,7.19454e+06
2020-06-13 01:45:00,pkci93gMrogZuBj,0,0,0,7.38081e+06
2020-06-01 07:00:00,uHbuxQJl8lW7ozc,2111.12,207,98.875,7.16545e+06
2020-06-13 23:00:00,pkci93gMrogZuBj,0,0,8354,7.38916e+06
2020-05-20 00:30:00,1IF53ai7Xc0U56Y,0,0,0,6.21643e+06
2020-05-31 09:45:00,adLQvlD726eNBSB,6649.62,651.188,1217.62,6.39599e+06
2020-05-25 14:30:00,sjndEbLyjtCKgGv,10647.9,1040.79,7080.14,7.09643e+06
2020-06-16 19:30:00,McdE0feGgRqW7Ca,0,0,6365,7.4026e+06
2020-06-16 10:30:00,rGa61gmuvPhdLxV,8414.88,823.462,2137,7.34684e+06
2020-06-09 21:00:00,uHbuxQJl8lW7ozc,0,0,8309,7.23386e+06
2020-05-26 00:30:00,YxYtjZvoooNbGkE,0,0,0,7.26146e+06
2020-06-01 00:45:00,ih0vzX44oOqAx2f,0,0,0,6.30823e+06
2020-05-28 21:15:00,3PZuoBAID5Wc2HD,0,0,8528,7.09398e+06
2020-06-02 06:45:00,zVJPv84UY57bAof,820.571,79.6286,31.7143,7.2478e+06
2020-06-14 14:15:00,ZnxXDlPa8U1GXgE,11710.6,1142.88,5602.12,6.74995e+06
2020-06-16 14:15:00,uHbuxQJl8lW7ozc,4756.62,466.625,4774.25,7.27952e+06
2020-06-08 23:45:00,1BY6WEcLGh8j5v7,0,0,7864,6.43161e+06
2020-05-27 20:00:00,adLQvlD726eNBSB,0,0,6857,6.37037e+06
2020-06-07 01:30:00,rGa61gmuvPhdLxV,0,0,0,7.2795e+06
2020-06-06 21:00:00,ih0vzX44oOqAx2f,0,0,6197,6.35067e+06
2020-05-18 02:45:00,zBIq5rxdHJRwDNY,0,0,0,6.35966e+06
2020-05-19 07:30:00,1IF53ai7Xc0U56Y,2711.14,265.929,188.857,6.20999e+06
2020-05-18 23:30:00,YxYtjZvoooNbGkE,0,0,5369,7.2056e+06
2020-05-28 08:15:00,WRmjgnKYAwPKWDb,6104.12,598.112,591,7.12513e+06
2020-05-21 20:30:00,pkci93gMrogZuBj,0,0,7778,7.21798e+06
2020-06-05 05:45:00,7JYdWkrLSPkdwr4,0,0,0,7.75662e+06
2020-06-02 22:00:00,pkci93gMrogZuBj,0,0,7350,7.30765e+06
2020-06-13 11:30:00,pkci93gMrogZuBj,13125.3,1279.7,3415.71,7.38422e+06
2020-05-25 16:45:00,ZnxXDlPa8U1GXgE,1341.12,130.5,8796.25,6.60455e+06
2020-06-15 12:30:00,ZoEaEvLYb1n2sOq,5858.14,574.071,4093.57,7.32715e+06
2020-06-04 04:15:00,1IF53ai7Xc0U56Y,0,0,0,6.33266e+06
2020-05-28 16:45:00,sjndEbLyjtCKgGv,3904.71,383.486,8074.14,7.12064e+06
2020-05-28 03:15:00,ZnxXDlPa8U1GXgE,0,0,0,6.61938e+06
2020-05-17 10:15:00,rGa61gmuvPhdLxV,9486.43,927.8,2014.29,7.12611e+06
2020-06-03 19:45:00,wCURE6d3bPkepu2,0,0,7907,6.93078e+06
2020-06-13 13:15:00,VHMLBKoKgIrUVDU,9266.57,905.529,5696.29,7.42661e+06
2020-05-25 05:00:00,adLQvlD726eNBSB,0,0,0,6.34613e+06
2020-06-03 02:30:00,ZnxXDlPa8U1GXgE,0,0,0,6.66297e+06
2020-05-21 15:00:00,ZoEaEvLYb1n2sOq,10241.6,1000.89,6623.5,7.14569e+06
2020-05-15 19:15:00,bvBOhCH3iADSZry,0,0,5707,6.32251e+06
2020-05-31 08:00:00,sjndEbLyjtCKgGv,2754.57,270.314,253.286,7.13651e+06
2020-05-26 04:00:00,uHbuxQJl8lW7ozc,0,0,0,7.1207e+06
2020-06-09 01:15:00,pkci93gMrogZuBj,0,0,0,7.35448e+06
2020-05-24 23:45:00,WRmjgnKYAwPKWDb,0,0,8091,7.10112e+06
2020-06-01 22:30:00,sjndEbLyjtCKgGv,0,0,5766,7.14801e+06
2020-05-22 09:15:00,7JYdWkrLSPkdwr4,5459,535.05,1018.88,7.65265e+06
2020-05-25 21:30:00,McdE0feGgRqW7Ca,0,0,8958,7.24165e+06
2020-06-05 12:45:00,zVJPv84UY57bAof,5317.29,521.371,4029.29,7.2753e+06
2020-05-24 02:30:00,WRmjgnKYAwPKWDb,0,0,0,7.09303e+06
2020-05-25 21:30:00,zBIq5rxdHJRwDNY,0,0,8443,6.4202e+06
2020-06-02 00:00:00,1IF53ai7Xc0U56Y,0,0,0,6.31744e+06
2020-05-17 21:30:00,McdE0feGgRqW7Ca,0,0,7606,7.17963e+06
2020-06-04 10:00:00,z9Y9gH1T5YWrNuG,10364.7,1011.84,1668.29,7.15678e+06
2020-06-10 07:45:00,VHMLBKoKgIrUVDU,4396.29,431.6,326.429,7.40314e+06
2020-05-24 15:45:00,1BY6WEcLGh8j5v7,3352,328.538,6880.62,6.32728e+06
2020-06-09 01:45:00,YxYtjZvoooNbGkE,0,0,0,7.36531e+06
